Date,Open,High,Low,Close,Volume
2018-01-02,67.421410090709,67.889401936379,67.338780604444,67.599110140216,1047829.8628291
2018-01-03,67.619741592872,69.489739138364,67.599110140216,69.318259627345,1698898.5197901
2018-01-04,69.541369607824,69.820257083423,68.778938940332,68.798637312215,2231535.4454719
2018-01-05,68.730418740117,70.098211478248,68.730418740117,69.900916732499,1632513.2155159
2018-01-08,69.72943722148,70.33065226646,69.546553389898,70.051764790862,1613912.5536767
2018-01-09,70.681905339817,72.331903174074,70.167466806761,71.768840765161,2666294.5793111
2018-01-10,71.450556545797,71.450556545797,70.108579042396,70.789313304397,2957184.8484408
2018-01-11,70.917456397274,71.179963121518,70.299653249656,70.799680868545,1511135.1130737
2018-01-12,70.731462296447,71.859660627103,70.500058264649,71.729547697037,1448155.9455019
2018-01-16,72.020876249614,72.469273399043,71.060114079959,71.231593590978,1702764.4220322
2018-01-17,71.71928380853,72.311168045776,71.589067202823,72.058095804908,1781985.4122434
2018-01-18,72.200649811952,72.499235659433,71.668586419843,72.190385923445,1782819.7657068
2018-01-19,72.478604206777,73.216256395953,72.058095804908,73.069451687609,2150525.72533
2018-01-22,73.171883221397,73.548847853842,72.597416491921,73.478555768914,1836505.8618149
2018-01-23,74.047942391958,74.073653951047,73.251298762776,73.438329620017,1196274.120603
2018-01-24,73.660402844081,73.860911534716,73.048923910594,73.577877033458,1754330.7570211
2018-01-25,74.168828189931,74.490119002898,73.691505536527,73.860911534716,1619958.22854
2018-01-26,74.297904363582,74.826857486446,73.588244597607,74.816593597939,1560252.5916098
2018-01-29,74.479751438749,74.998336997464,74.297904363582,74.531381908209,1321380.6795891
2018-01-30,73.989054627594,74.078837733121,72.929074869036,72.991072902645,1796049.3981165
2018-01-31,73.772061509962,74.388827901165,73.241034874269,73.427962055869,1972536.4500208
2018-02-01,73.182147109904,73.781288642055,72.509603223582,72.829857280133,1978772.806592
2018-02-02,72.321535609925,72.76060195162,71.221226026829,71.250255206445,1955696.4482162
2018-02-05,70.859605389324,71.471291674095,68.18176724537,68.219919881437,2814603.3272418
2018-02-06,66.959535107886,68.828495896963,66.131996137541,68.451427588877,4121239.5679593
2018-02-07,68.192134809519,69.086855595547,67.90484960696,68.058807934567,1988390.133752
2018-02-08,68.089806951372,68.140504340059,65.030649798031,65.050348169913,4030042.4113883
2018-02-09,66.398649887445,67.530891568118,65.34167672249,66.979233479769,4513429.2524731
2018-02-12,67.459562726776,69.051605877442,67.369675945607,68.430796136221,4169422.0285771
2018-02-13,67.968921153399,68.489683900585,67.661108173825,68.341842435825,1571435.0574592
2018-02-14,67.79951515521,69.891585924765,67.696150540648,69.699371285449,3633616.1084184
2018-02-15,74.938412476685,74.989109865372,71.221226026829,72.020876249614,4884559.7394204
2018-02-16,71.970282536569,72.700677430841,71.620999300401,71.970282536569,2705315.6065987
2018-02-20,71.080745532615,71.850433495011,71.080745532615,71.080745532615,2579404.6999003
2018-02-21,71.120038600738,72.700677430841,70.969086866734,71.250255206445,1989162.5398585
2018-02-22,71.71928380853,71.758473201012,70.510425828798,70.681905339817,2303200.7939952
2018-02-23,71.149897185487,71.369067491589,70.060991922954,70.701603711699,4226986.609984
2018-02-26,71.00018955918,71.210858462681,70.011434966324,70.580717913726,5465081.9719923
2018-02-27,70.7490871555,70.917456397274,69.001012164396,69.001012164396,3370531.4911936
2018-02-28,69.419447053436,70.001067402175,68.56816636119,68.588797813846,3289162.6699672
2018-03-01,68.468948772288,68.798637312215,66.788055596868,67.380043509755,2401796.7880069
2018-03-02,67.510260115462,67.681739626481,67.510260115462,67.510260115462,2057260.1077949
2018-03-05,67.249826904048,67.85114562467,66.511241634099,67.551523020774,1890857.8920097
2018-03-06,67.779920458969,68.420428572072,67.450335594683,68.109401647613,2944631.7973198
2018-03-07,67.3594120571,69.856439882301,67.29948753632,69.699371285449,3125788.1312509
2018-03-08,69.719069657332,70.268654232852,69.191153290883,69.851359775868,2453401.8400939
2018-03-09,70.268654232852,71.501150258843,70.001067402175,71.130406164887,2061189.8932487
2018-03-12,71.200490898532,71.532252951289,70.671641451309,70.711971275848,2049402.472742
2018-03-13,71.00018955918,71.52188538714,70.419502291214,70.681905339817,1728145.4156705
2018-03-14,71.070481644108,71.160264749635,69.689107396942,69.919474672325,1866289.9574309
2018-03-15,70.088880670514,70.661273887161,69.871991228524,70.177834370909,2530375.3027622
2018-03-16,69.919474672325,70.341019830609,69.051605877442,69.900916732499,3378130.6896168
2018-03-19,69.790398498674,70.310020813805,69.06197344159,69.338891080001,2639401.6829934
2018-03-20,69.769663370377,70.071359487103,69.448372557411,69.851359775868,2379123.087451
2018-03-21,69.881218360617,70.088880670514,69.358485776242,69.39881560078,1583159.5626816
2018-03-22,68.700352804086,69.201520855031,67.328413040295,67.469930290924,1689995.5230895
2018-03-23,67.578375011919,68.150768228566,65.939781498225,66.059630539784,2594081.3838502
2018-03-26,67.199233191003,68.285028184291,66.656802234746,68.199392104423,2263757.7503387
2018-03-27,68.479316336437,68.630060719158,66.540063462432,66.999864932425,2104525.9411158
2018-03-28,67.2199683193,67.380043509755,65.810705324575,66.398649887445,2267762.0662065
2018-03-29,66.749902960801,67.578375011919,66.111364684886,66.899610587107,2711286.7510482
2018-04-02,66.647616480675,66.972324638052,63.729380791676,64.431346244356,3085753.6686611
2018-04-03,64.938528179883,65.879654276034,64.61899218175,65.417883898674,2286134.0143761
2018-04-04,64.149980781448,65.645665791807,63.647867561981,65.448709967772,5084055.340344
2018-04-05,65.819864115166,66.310598584295,65.499293685184,65.68166402015,2120179.5379057
2018-04-06,65.008559216055,65.560014834716,63.37994971311,63.653039721225,3578586.1461465
2018-04-09,64.919908406602,66.24873955973,64.078811870242,65.192067426054,2639750.9525156
2018-04-10,66.140434545147,66.789850859902,65.899205037978,66.638306594034,2120887.7127814
2018-04-11,65.981649256338,66.600239501994,65.819864115166,66.079609952431,1391380.2815055
2018-04-12,66.561965523584,67.640257282902,66.453763952186,67.199072099336,2180893.4072209
2018-04-13,67.501126199222,67.670152363336,66.879536101203,67.209416417825,2043910.0738876
2018-04-16,67.826868788448,68.369014520469,67.490781880732,68.17112770777,2887820.7310882
2018-04-17,68.599899709148,68.851473534807,68.07006371613,68.439148999826,2682621.7252692
2018-04-18,69.118460395014,70.290471679844,68.648414562863,69.549301260091,2678309.6193474
2018-04-19,69.480304655767,69.589540659014,67.359926251844,67.970137599524,2435090.3536227
2018-04-20,68.042340942578,68.259778517222,67.31968685292,67.551606473449,1917243.7813815
2018-04-23,67.711426194108,68.667965324808,67.532055711504,68.07006371613,2260556.2900273
2018-04-24,66.389836063923,67.904140847562,66.038336121659,66.638306594034,3701594.1818629
2018-04-25,66.688786868262,67.080526209449,64.909667531298,65.800209910036,4451605.7010488
2018-04-26,66.218741036111,66.759955779468,65.895170753768,66.370388745163,1978569.7854181
2018-04-27,66.340390221544,66.561965523584,65.961064062544,66.279565628828,1189195.3843702
2018-04-30,66.491003498748,66.657960799164,65.731213305713,65.740419749169,2277705.7632518
2018-05-01,65.631183745922,66.350734540034,65.488949366695,66.23839524124,3135146.4409898
2018-05-02,66.000269029618,66.859881896074,65.769383840938,65.909445913283,2240480.987453
2018-05-03,65.769383840938,66.461004975129,64.860118245735,66.340390221544,2365851.2229263
2018-05-04,66.029026235018,67.250586805412,65.539429640923,67.001185286637,1331016.6192178
2018-05-07,67.159867132262,67.980481918013,67.070285334145,67.390855764126,1468734.3201963
2018-05-08,67.080526209449,67.434095015411,66.839400145465,67.370167127148,1916102.9407597
2018-05-09,67.380511445637,68.408219487543,67.149626256957,68.129853876997,2108504.3534812
2018-05-10,68.119613001693,68.881472058425,68.119613001693,68.861817853296,1844867.338975
2018-05-11,69.188491431186,69.599884977503,68.912298127523,69.451444007182,1524183.4428666
2018-05-14,69.731775038241,70.450291400503,69.001983368825,69.209180068164,3322635.2542989
2018-05-15,61.840818565096,64.099500507221,60.699736792548,62.498510334642,14451190.163355
2018-05-16,62.508854653131,62.988210371922,61.648207354826,61.94302043177,5872509.1140535
2018-05-17,61.982121955659,63.904613546884,61.76054665362,63.59118069666,5211270.7109045
2018-05-18,63.632454527432,64.60037240847,63.50977091015,64.322110241109,4163533.743021
2018-05-21,64.749847810639,65.990959142978,64.678782342618,65.549773959412,4527293.1035251
2018-05-22,65.621873859282,65.889998594523,64.683954501863,64.84056748379,3415570.1103593
2018-05-23,64.209770942316,65.000387204449,64.209770942316,64.528169065415,3222445.001121
2018-05-24,64.61899218175,65.000387204449,64.069501983602,64.118947825981,1525894.7037992
2018-05-25,63.940611775226,64.108603507491,62.8418382653,63.149995513094,1742001.5429103
2018-05-29,62.630503838564,62.670639794303,61.302707117286,61.851162883585,3559198.6462941
2018-05-30,62.239798929226,63.058241408094,61.995569569695,62.691328431281,1731481.750646
2018-05-31,62.650054600509,62.83149394681,61.851162883585,61.92336622664,2510356.7315838
2018-06-01,62.468615254208,63.231405299604,62.439754605623,62.781013672583,2277948.2888942
2018-06-04,63.170580706887,63.508736478301,62.760325035604,63.37994971311,1958050.1758671
2018-06-05,63.459290635922,63.870477295869,63.089170920377,63.518977353605,1889518.2499438
2018-06-06,63.74996598547,65.192067426054,63.058241408094,65.192067426054,3177629.1727155
2018-06-07,65.408574012034,66.089850827735,64.800431528052,65.230237961279,2977186.579795
2018-06-08,65.347749419317,66.370388745163,65.151828027131,65.731213305713,3853845.9595384
2018-06-11,65.68166402015,66.749611460979,65.591047790184,66.130193669843,3316709.8678042
2018-06-12,65.971304937848,66.551724648279,65.631183745922,66.319701584566,2006948.1958852
2018-06-13,66.600239501994,66.678442549773,65.971304937848,66.258876991849,4357707.533137
2018-06-14,66.45066065664,66.45066065664,65.71062811192,66.310598584295,3487895.1373296
2018-06-15,66.110539464713,66.23839524124,65.192067426054,66.130193669843,4113230.0443795
2018-06-18,65.478605048206,65.539429640923,64.528169065415,64.969457692166,2563129.3412648
2018-06-19,64.220011817621,64.449966017636,63.200579230506,63.518977353605,4621382.3816432
2018-06-20,63.539665990583,63.569561071017,62.630503838564,62.791254547887,4942091.5004185
2018-06-21,62.811943184866,63.2211644243,62.270728441509,63.037656214301,4319385.5713321
2018-06-22,63.580836378171,63.690175824602,62.731464387019,62.791254547887,3621862.4217742
2018-06-25,62.459408810752,62.691328431281,60.800800784188,61.200712136982,2426790.1560377
2018-06-26,61.230710660601,62.320174283887,61.018238358832,61.982121955659,3655623.9313997
2018-06-27,62.260384123019,62.998451247227,61.098717156678,61.139887544265,2025823.481581
2018-06-28,61.129543225776,61.637863036337,60.420440193339,61.292569685166,1564065.3296034
2018-06-29,61.677998992075,62.463546538148,61.566694125131,61.840818565096,1942766.2098838
2018-07-02,61.357711926878,61.478034115568,60.791083163498,61.467714888408,1526468.7477228
2018-07-03,61.929397111566,62.089861093911,61.060518184657,61.251836656212,864377.16523278
2018-07-05,61.478034115568,61.890390432899,60.908309584041,61.801851463863,2247530.3886587
2018-07-06,61.919181076677,62.399334716452,61.650777978234,62.289331754922,2269659.7199579
2018-07-09,62.430292397934,63.314546973311,62.430292397934,63.12023592588,1508551.1466862
2018-07-10,63.369032492719,63.739286363235,63.070910020054,63.669322003087,1924366.8831776
2018-07-11,62.590653188007,63.278636062793,62.590653188007,62.856992441018,1780485.386354
2018-07-12,63.330025814052,63.780356887334,63.288955289954,63.451379925459,1748123.8163514
2018-07-13,63.520312362891,63.828857254988,63.209703625361,63.379351719879,963650.88582026
2018-07-16,63.230342079682,63.230342079682,62.630794981661,62.720262681142,929265.62367349
2018-07-17,62.520688827859,63.257997608472,62.150538149614,63.04108745356,1469832.5966035
2018-07-18,63.030768226399,63.230342079682,62.751117170352,62.990729625017,1202283.1853252
2018-07-19,63.610708792816,64.65037092923,63.3999901742,64.151642680566,1726698.5470955
2018-07-20,63.828857254988,64.329546156812,63.679641230248,63.848257402049,1620195.5485647
2018-07-23,63.700279684569,64.000569194937,63.369032492719,63.720711754346,1417518.0638836
2018-07-24,63.938860216518,65.349601761621,63.689960457408,64.789164534538,2454398.2094521
2018-07-25,65.139915065721,66.039545289568,64.840657478069,65.959468086803,2924516.1897365
2018-07-26,65.99847476547,66.83144278186,65.82160321194,66.750230464108,2583474.9541356
2018-07-27,66.648379692034,66.770765726157,65.358889066066,65.74957500636,2638900.3908294
2018-07-30,65.868865272335,66.069471048334,64.510545401206,64.630867589897,1601217.9646175
2018-07-31,64.93012517755,66.684393794824,64.534176431404,66.039545289568,2539263.942145
2018-08-01,65.840177820829,66.170186705419,64.630867589897,64.981514928809,2679178.7689751
2018-08-02,64.749125933156,65.389743555276,64.500226174046,65.288924705918,2263190.9068184
2018-08-03,65.500778439522,65.790851915002,64.960979666759,65.730174859298,1857306.9184621
2018-08-06,65.699217177817,66.658698919195,65.329066499572,66.50855416401,2873078.8171865
2018-08-07,66.83144278186,67.940037355706,66.629908275417,67.659251184671,2829040.9033226
2018-08-08,67.739431579707,68.149724051606,67.341522180401,67.381560781783,1682000.3319506
2018-08-09,67.480315785709,67.619109391017,66.610404936084,66.689553408404,1727775.0618498
2018-08-10,66.822155477416,66.870449460527,65.929542328038,66.260789519888,2166250.1210959
2018-08-13,66.43972491885,66.989739726501,65.669497803595,65.939861555198,2989304.4846543
2018-08-14,66.048832594013,67.259277939932,66.048832594013,66.750230464108,3110109.4727888
2018-08-15,65.939861555198,66.391327743468,64.219543195282,64.730551324267,6071456.6650577
2018-08-16,65.042191984512,65.669497803595,64.809802988859,65.500778439522,3149532.0849149
2018-08-17,65.480243177473,65.480243177473,64.280220250985,64.660690156391,2449199.4308826
2018-08-20,64.570190534194,65.109989306956,64.459155649947,64.469371684836,1619929.0941449
2018-08-21,64.740870551427,65.399959590164,64.620548362736,64.93012517755,2982789.9658297
2018-08-22,64.740870551427,65.868865272335,64.549552079873,65.64989127199,2565557.353099
2018-08-23,65.690033065644,65.990219383741,65.530601006016,65.690033065644,2287704.7134361
2018-08-24,65.739358971471,66.260789519888,65.590246139003,65.980003348853,1904193.1717255
2018-08-27,66.330650687764,66.351185949814,65.859681160162,66.078758352778,1158772.3455324
2018-08-28,66.411863005517,67.300348464031,66.351185949814,66.689553408404,2284316.6579674
2018-08-29,66.689553408404,67.279813201981,66.401543778356,67.009346258106,1852130.5065045
2018-08-30,67.000058953662,67.64893195751,66.861265348354,67.259277939932,2246704.768942
2018-08-31,67.138955751241,67.550280145856,67.049384859489,67.540992841412,1582404.7266443
2018-09-04,67.341522180401,67.560496180745,66.851049313465,67.269493974821,1727990.9482776
2018-09-05,67.279813201981,67.400135390672,66.760446498997,66.958988429563,1859603.8722557
2018-09-06,67.000058953662,67.550280145856,66.83144278186,67.36205744245,1031540.3600981
2018-09-07,67.14917178613,67.83096312462,67.02884959744,67.400135390672,1585499.0987744
2018-09-10,67.820747089732,68.409974960593,67.718896317658,67.930750051262,2065707.3383998
2018-09-11,67.698361055609,68.061391467113,67.489603090153,67.619109391017,1676777.2418464
2018-09-12,67.599606051683,68.005770832718,67.248958712772,67.910111596941,1125412.0576864
2018-09-13,68.100398145779,69.660355715623,67.990395184249,69.329211716044,2495038.3432334
2018-09-14,69.280917732933,69.409495303353,68.560016523505,68.849986806714,1461063.9122862
2018-09-17,69.639820453574,69.660355715623,68.998170908737,69.079280034219,1816609.4094589
2018-09-18,69.099918488539,69.270598505773,68.409974960593,68.92820654859,1780414.3966728
2018-09-19,69.039241432836,69.639820453574,68.875784874615,69.561600711697,1183396.0402868
2018-09-20,69.732280728931,71.161700075195,69.701529431993,71.130845585985,2865625.8731245
2018-09-21,71.429071250922,71.459925740132,70.558128478581,70.71952119137,3119672.6580584
2018-09-24,70.679482589988,70.679482589988,69.701529431993,69.949294076115,2333573.7720899
2018-09-25,70.170331921892,70.834683766481,69.908223552017,70.382288847767,2090164.7422571
2018-09-26,70.56834451347,70.99091686569,70.050112925473,70.330795904236,1830440.7277517
2018-09-27,70.577528625643,70.850162607221,70.099438831299,70.799804778678,1581664.6835296
2018-09-28,70.689698624876,70.995044556554,70.459270282384,70.539553869692,2248094.4162625
2018-10-01,70.680967951184,71.57477218574,70.645133403531,71.258645572826,2837494.1854484
2018-10-02,71.24021343481,71.731702790977,70.980618910004,71.680422317612,2617454.2244599
2018-10-03,71.680422317612,72.370031414251,71.599382694041,72.118571743653,3203131.4282103
2018-10-04,71.91952524764,72.128869027462,70.478832270028,70.660373383567,2961931.4172952
2018-10-05,70.670670667375,71.178738650474,69.449618753393,70.299247640412,2376803.8505438
2018-10-08,69.959643220416,70.050980127795,68.968426681033,69.499869498377,2179363.3257364
2018-10-09,69.340879436378,69.623025012724,68.70975891177,69.411621776141,2179197.6550097
2018-10-10,69.411621776141,69.411621776141,66.610245716106,66.671823473279,3055653.2964227
2018-10-11,66.641137567531,66.970444703719,64.619677783133,64.891526075671,3624612.3747877
2018-10-12,66.100324221921,67.02996300413,65.300946079887,66.240985118742,3669509.1417071
2018-10-15,65.918680135544,66.347664978996,65.360464380299,65.630356188913,1602859.4075734
2018-10-16,66.251179429712,67.568716892978,65.990555176525,67.459977575963,1868278.529656
2018-10-17,67.170623900951,67.459977575963,66.308638273362,67.201412779538,1991211.0814914
2018-10-18,67.119240454748,67.201412779538,65.254814248426,65.748363061355,2327329.6989006
2018-10-19,65.809940818529,66.240985118742,64.238884227904,64.469749330885,2418302.4184997
2018-10-22,64.690420122896,64.841275330687,63.539080820295,64.279970390299,2227932.1355851
2018-10-23,62.819815546289,63.128631087698,61.377989867458,62.727448910529,4219760.0968997
2018-10-24,62.920317036257,63.758618911087,61.012848183617,61.13085505606,3481245.8006219
2018-10-25,61.490951070834,62.890557886052,61.071336755648,62.610471766467,3318275.5068261
2018-10-26,61.819331451479,63.110198949682,61.13085505606,62.727448910529,3119948.1563643
2018-10-29,63.650909322453,64.170098372065,61.13085505606,62.079955704666,2919874.4415371
2018-10-30,62.34984751328,63.718665449911,61.681759739801,63.640612038645,3076719.7911156
2018-10-31,64.349683001681,65.980257892717,64.189663211301,64.789994857322,3820986.7597426
2018-11-01,65.069051248525,65.33997278552,64.585799719404,65.218876727935,1882438.5041153
2018-11-02,65.79964353472,66.610245716106,65.435325633585,65.928977419352,2272115.5438463
2018-11-05,66.030508637701,66.388648168552,65.229174011743,65.908382851736,2348706.0953056
2018-11-06,66.04080592151,66.419540019977,65.67133937847,65.980257892717,2287253.9501264
2018-11-07,66.508714497757,68.379422047201,66.275789938014,68.259355717997,2700613.1329637
2018-11-08,67.991420393307,68.358827479585,67.380997409154,67.789387684989,2444608.0062891
2018-11-09,67.599505771565,67.759525561945,66.700655867942,67.269065934158,2573532.9657604
2018-11-12,66.160872250714,66.251179429712,64.450287464487,64.50064118231,2999959.6707948
2018-11-13,64.59084538847,65.470336398533,63.940262997465,64.339488690711,2216456.0268973
2018-11-14,64.639139649531,64.841275330687,63.28051602387,63.470294964456,4852555.0298401
2018-11-15,63.321602186265,64.950014647702,62.540656182247,64.719149544721,3846089.7729632
2018-11-16,64.379545124725,65.599567310326,64.379545124725,64.990071081716,2963305.5097925
2018-11-19,64.669928528117,64.959282203129,62.401127986646,62.610471766467,3392055.5031347
2018-11-20,66.251179429712,68.432761977328,64.930552781304,67.518466147994,8187325.4938376
2018-11-21,67.660053800357,68.671864907356,67.191115495729,67.72163155753,3557549.8391775
2018-11-23,67.039230559558,68.611316878563,67.039230559558,68.210134701394,1374271.811624
2018-11-26,68.93959428637,69.299793273983,68.38971933101,69.249542528999,2406264.9784088
2018-11-27,68.868851946608,69.520464065994,68.699461627962,69.361371031156,2533580.0082306
2018-11-28,69.820115024814,71.483435278361,69.431186615376,71.479316364837,2661341.3744806
2018-11-29,71.230019123839,72.180149500827,71.230019123839,71.568593815455,2625819.6216217
2018-11-30,71.630171572628,72.647028348693,71.339788169235,72.349436846634,2279472.2986427
2018-12-03,73.331488803427,74.788554462295,73.190930879445,74.671577318233,4265220.1442898
2018-12-04,74.70236619682,75.114978359016,72.63158242298,72.908785303099,4263802.1977764
2018-12-06,71.910257692212,71.929822531448,69.900124920004,71.910257692212,3505913.1972849
2018-12-07,71.711211196199,72.088812593448,69.647635521026,70.251983107732,2184503.016397
2018-12-10,70.427448823824,70.710830074227,68.571260444549,70.589734016642,2347157.5612784
2018-12-11,71.762491669564,72.439744025633,70.700532790419,71.051464222604,2926014.9782933
2018-12-12,72.169852217018,73.038942970435,71.599382694041,71.752297358594,2842861.9169916
2018-12-13,72.13916631127,72.681936140803,70.899476313595,71.139608972003,2200718.2824003
2018-12-14,70.418284241235,70.609092910202,69.130505928175,69.361371031156,1982723.8676189
2018-12-17,69.11094108894,69.623025012724,67.401489003932,67.850965442162,2241706.1947048
2018-12-18,68.450267359802,69.030004438207,67.391191720124,67.991420393307,2111981.1430771
2018-12-19,68.269653001806,69.090552466999,65.809940818529,66.828857051355,2845468.794602
2018-12-20,66.32810013976,66.460523209534,64.59084538847,65.189117577729,3547813.2731195
2018-12-21,65.218876727935,66.230687834934,63.218938266697,63.29071033484,4683099.2143633
2018-12-24,62.930614320066,63.630520700513,62.219483900268,62.669990066879,1668490.3531987
2018-12-26,62.930614320066,65.580105443929,62.758237789116,65.540049009914,1701767.7549786
2018-12-27,64.50064118231,66.499446942329,64.000811026257,66.479985075932,1655032.0429934
2018-12-28,66.98030147431,67.119493861985,65.708874033532,65.960755756468,1927748.3051459
2018-12-31,66.339400140948,67.480777719884,66.339400140948,67.460335443022,1572137.8184889
2019-01-02,66.501192030681,66.570736862014,65.300439396339,65.689356281754,2113303.663977
2019-01-03,65.530748867311,65.779548839968,61.999063045712,63.27049048649,5383924.6956166
2019-01-04,64.089414261062,65.950483255533,64.089414261062,65.460074060876,3123652.6221194
2019-01-07,65.63922647719,67.424484414757,65.608614424402,66.849224362374,3235054.6101076
2019-01-08,67.589358054771,68.209714386261,66.699759473763,67.830864551763,1578054.8096782
2019-01-09,68.199441885326,69.660191518344,67.994710941683,69.251756881151,2442290.1324941
2019-01-10,69.050107687789,69.950903294816,68.598631271677,69.901800740345,1080881.9939438
2019-01-11,69.289662409603,70.409570461583,68.940602827817,70.378752958777,1210791.0643294
2019-01-14,69.71956657375,70.288765850582,69.670464019279,69.749254101454,2182671.2762207
2019-01-15,70.600022628926,70.749384792527,69.619204239611,70.600022628926,1793059.3374696
2019-01-16,70.821086849056,71.130186402203,69.975454572052,70.031747877178,1480321.3937093
2019-01-17,69.758499352296,71.239793987184,69.758499352296,70.821086849056,1225839.9745607
2019-01-18,71.928667899914,72.310496759684,70.85067165175,71.928667899914,1551657.4288103
2019-01-22,71.43928595535,71.480273234083,70.469972767083,71.31848134435,1972648.860872
2019-01-23,71.949110176775,72.848981258719,70.740139541685,71.651207649648,2050292.6410793
2019-01-24,71.459830957221,72.199964649619,71.390183400879,72.179419647748,1509598.6309461
2019-01-25,72.789606203312,73.729334588885,72.560323982433,73.649414531607,2215269.9217526
2019-01-28,72.758788700506,73.281864448138,72.410756368814,73.271694672212,1729625.3234567
2019-01-29,73.698517086079,74.061958169174,73.201122590785,73.560351948497,1684520.5988089
2019-01-30,73.739504364811,75.591225383431,73.478480116042,75.440835969736,1679473.035085
2019-01-31,75.210526498764,76.310916798967,74.668960249448,76.048865300104,2951319.3989572
2019-02-01,76.159500135179,76.59043154942,75.621015636144,76.038695524178,1343915.0625676
2019-02-04,76.178915161947,76.230072216605,75.317976858549,76.028423023243,2245890.3755793
2019-02-05,75.800168052458,76.509484242049,75.789895551522,76.310916798967,1593536.4798727
2019-02-06,76.108240355511,76.687609408269,75.997708245446,76.300747023041,1504861.7165863
2019-02-07,75.718193494993,76.118512856446,74.87071216782,75.328249359484,1660637.7193974
2019-02-08,75.069176885893,75.810440553393,74.759050082652,75.800168052458,1318052.0376813
2019-02-11,75.997708245446,76.392891356432,75.746956497612,76.078552827808,1018209.9500692
2019-02-12,76.800196018521,77.250747909549,76.432748660061,77.071595493235,2045499.0674016
2019-02-13,77.370422545447,77.488248131176,76.742875463302,77.250747909549,1376358.3834174
2019-02-14,76.999893436706,77.27930546215,76.519756742984,77.020335713568,1618270.2259387
2019-02-15,77.629392294029,78.306041930646,77.467703129305,78.301008405187,1919671.4216798
2019-02-19,77.997969627592,78.321347957039,77.409355323992,77.518860183964,2967968.446479
2019-02-20,77.529132684899,78.794396625116,77.329435266715,78.55987542876,2076523.9515324
2019-02-21,77.669249597658,78.579393180537,76.499314466123,77.892573767995,3570828.4741642
2019-02-22,78.158631542222,78.45961581963,77.832171462494,78.419655790991,2797667.1436855
2019-02-25,78.89876523462,79.84054812038,78.850689930242,79.339969149796,1878041.4762396
2019-02-26,79.210946538047,79.269294343361,78.419655790991,78.550732902927,1992592.9407994
2019-02-27,78.250775875613,79.549836343907,78.250775875613,79.419786482065,1254402.1321292
2019-02-28,79.18023176025,79.749431037082,78.888492733684,79.440331483935,1759103.7989608
2019-03-01,79.999155534823,81.444599141446,79.999155534823,81.239868197803,1625899.6961695
2019-03-04,81.500892446573,81.760992170258,79.53031859213,80.130232646759,3204121.5531472
2019-03-05,80.019700536693,80.029973037629,79.359384176564,79.739261261156,1405645.3895021
2019-03-06,79.821030368602,79.979843233064,78.729885319241,78.750327596103,1750485.7213196
2019-03-07,78.689925290602,79.100414427982,78.008242128528,78.729885319241,1818133.0394435
2019-03-08,78.179176544093,78.240606099687,77.399082823057,77.978451875815,1483483.5697833
2019-03-11,78.28149065341,79.470943536723,78.260945651539,79.298981871064,1210926.8513156
2019-03-12,79.580448396695,80.130232646759,79.159789483389,79.92950797848,1532268.2194451
2019-03-13,80.220219754953,80.741343727407,80.019700536693,80.130232646759,1529132.4192606
2019-03-14,80.059557840323,80.669744395887,80.059557840323,80.611396590574,1268467.3193743
2019-03-15,80.859066588127,81.429293115053,80.824242809956,81.100675810128,1999067.7332053
2019-03-18,81.100675810128,81.289998002368,80.48956472948,80.969598698192,1617695.8176806
2019-03-19,81.269555725507,81.771161946184,81.031028253786,81.199908169165,1172574.3543548
2019-03-20,81.279828226442,81.444599141446,80.251037257759,80.919468893627,1768327.5451733
2019-03-21,80.54996703498,82.26968641658,80.54996703498,81.999519641978,986599.91194754
2019-03-22,81.540852475211,81.674908612419,78.970467291149,78.99090956801,1435825.2682873
2019-03-25,79.090244652056,79.854929621689,78.659210512806,79.520046091194,923005.68882855
2019-03-26,80.389202395341,81.041300754722,80.130232646759,80.65022664411,1428157.6995496
2019-03-27,80.499837230415,80.771031255111,78.883356483217,79.001079343937,1446133.3566197
2019-03-28,79.389071704268,79.790418315815,78.710367567464,79.699198507508,1615614.0761872
2019-03-29,80.160844699546,80.669744395887,79.950052980351,80.379032619415,1585137.2244251
2019-04-01,80.960668062127,81.76883740491,80.960668062127,81.561335850959,1522681.7418812
2019-04-02,81.709580538218,81.758585351849,81.03017698188,81.138438662202,1203035.928399
2019-04-03,81.540934265368,82.020012704899,81.46025060778,81.939431567841,2141023.401777
2019-04-04,81.839269009437,82.050768864081,80.440683930884,80.829851865072,2180111.1481186
2019-04-05,81.188468681138,81.91892746172,81.050578567471,81.470502660841,1502874.0731619
2019-04-08,81.57158790402,81.709580538218,80.585750481694,81.690101637403,783348.46728619
2019-04-09,81.561335850959,81.719730070748,81.269152338727,81.420472641904,1254741.8135752
2019-04-10,81.449998554719,82.240841927828,81.449998554719,81.679849584342,982885.5736194
2019-04-11,81.879149495844,81.91892746172,80.890133937069,81.080207000816,1071478.7880942
2019-04-12,81.430622174434,82.059995711836,80.90038599013,80.980044442412,1249295.5856273
2019-04-15,81.000548548534,81.130237019753,79.904296514744,80.399880759702,1627268.1120787
2019-04-16,80.819702332542,80.960668062127,77.189860425838,77.550527652517,3441595.164804
2019-04-17,78.151195441348,78.319841714198,74.459021052035,75.430710641137,4471969.8101561
2019-04-18,75.730993275287,76.538034892233,75.311171702448,76.171318954248,2874194.9213519
2019-04-22,75.928140255646,76.719906313531,75.12930028115,75.568498234274,2016042.0629378
2019-04-23,74.281250451961,76.798642081038,73.762291526024,75.558246181213,4607107.5223217
2019-04-24,75.837204544997,76.629995808188,75.431735846443,75.791275347285,1942650.1281236
2019-04-25,75.260013957675,77.040693053803,74.939227217402,76.719906313531,1481437.625991
2019-04-26,76.981436187112,77.459489421337,76.302032630773,77.419711455461,1608923.7989997
2019-04-29,77.469741474397,78.439278132357,77.317601006975,77.327853060036,2177699.3031035
2019-04-30,77.440215561582,78.590495915003,77.378908284279,78.499560204354,1726237.9373506
2019-05-01,78.489410671824,78.92050950303,77.277720520569,77.469741474397,1078570.4346584
2019-05-02,77.4094594024,78.340243299789,77.143931228126,78.201327980816,946763.69188653
2019-05-03,78.580243861942,79.560032572962,78.580243861942,79.290301056933,1303198.9513468
2019-05-06,77.622086982881,79.409839995622,77.210364531959,79.349557923624,1624323.7818005
2019-05-07,78.590495915003,78.769291720383,76.029328019356,76.670901499901,1732159.8782358
2019-05-08,76.780188385529,77.29812210616,76.130413262536,76.609594222597,2243578.6930759
2019-05-09,75.67071120329,77.055968612864,74.851367122671,77.001837772703,1717540.0254985
2019-05-10,76.640247861249,77.138805201595,74.088204292826,77.100975125801,2849795.5460719
2019-05-13,75.751394860878,75.908763875361,73.228057041026,73.842975183612,3547281.7435228
2019-05-14,74.431545549832,76.670901499901,74.305855379307,76.009849118541,2557726.4004504
2019-05-15,67.359781869029,69.901573384391,66.239129948954,67.641713328201,14523764.596929
2019-05-16,67.600910157019,69.418394123636,67.600910157019,69.300905595559,4567667.3960267
2019-05-17,68.439733138453,69.870919745739,68.190403208014,69.111857737118,3935713.1027606
2019-05-20,68.658306909709,69.970057098837,68.639853214199,68.92998631582,4029685.0056923
2019-05-21,69.368261584169,70.44103641645,68.251710485318,68.32121940507,3928214.2615836
2019-05-22,68.170924307199,68.639853214199,67.50997444637,67.969779026146,4985409.9155629
2019-05-23,67.178935653037,67.849214882151,66.029577984391,67.700970194892,5358752.5609585
2019-05-24,68.140373189078,69.89132133133,68.085217143611,68.360997370946,3852868.5756938
2019-05-28,68.429481085392,68.859554711292,66.956261060556,67.080926025776,2984703.2324345
2019-05-29,66.589545122572,67.990078091207,66.589545122572,67.299499797032,3722107.2267841
2019-05-30,67.591683309264,67.900270106394,66.729485646852,66.890852962029,2947887.3579598
2019-05-31,66.239129948954,67.561029670612,66.068535786022,67.050272387124,2829317.3766078
2019-06-03,67.040020334063,68.100390182141,66.819396152195,66.98896510982,2560644.302232
2019-06-04,67.661192229016,67.999304938961,66.410749317192,67.949274920025,4402783.9216201
2019-06-05,68.610327301384,69.010772493939,67.890018053333,68.351770523191,2289216.7912196
2019-06-06,68.519289070205,69.674797970686,68.519289070205,69.159837345443,2468974.6149965
2019-06-07,69.700325582808,70.214261002745,69.328483618293,69.520504572121,1547509.8461046
2019-06-10,69.679923997217,70.550323302078,69.358112051638,70.289716113273,1477112.1620618
2019-06-11,72.250318740618,72.598683503624,69.810740194272,70.08857083222,1748246.0231129
2019-06-12,70.079343984465,70.289716113273,68.92998631582,70.289716113273,1546795.2978655
2019-06-13,70.560575355139,70.710665411949,69.89132133133,70.298942961027,1886931.0268103
2019-06-14,70.309195014088,70.450263264205,69.74123127452,69.970057098837,1602711.1446527
2019-06-17,70.248912942091,70.600353321015,69.89132133133,70.289716113273,1149172.6948408
2019-06-18,70.799653232516,72.219665101966,70.570827408199,71.910053099531,2350398.7606453
2019-06-19,71.890676719246,72.729397180149,71.890676719246,72.649841248397,1916667.0007193
2019-06-20,73.217804987965,73.420077994854,72.366782063389,73.317865025838,2077812.3111192
2019-06-21,73.142144836376,73.539616933543,72.549576169463,73.33836913196,3096153.1810594
2019-06-24,73.328117078899,73.680582663129,72.260468273148,73.142144836376,1251577.2458262
2019-06-25,73.189099239395,73.630552644193,72.41076337102,72.508772998281,1340352.523277
2019-06-26,72.639589195336,73.179974912171,72.03984409128,72.139904129153,1583789.3199833
2019-06-27,72.549576169463,73.279112265269,72.200186201151,73.189099239395,1480247.3648147
2019-06-28,73.258608159147,74.700149340025,73.102366870501,74.670520906679,3159735.2495018
2019-07-01,75.601353789793,75.889842196834,74.920439308494,75.778743469867,2756168.7039314
2019-07-02,75.850047164799,76.179353612411,75.250666463788,75.611583875149,1876979.1226136
2019-07-03,75.85925424162,76.930753381813,75.698130397262,76.802263509741,1153149.0637421
2019-07-05,76.337408431162,76.469888036523,75.301612288861,75.749178523188,1493128.4221549
2019-07-08,75.529947794008,75.98569809662,73.500298859367,73.837687074409,2217365.5690988
2019-07-09,73.49006877401,74.081367707591,73.103678450112,73.450273741975,2092179.6107643
2019-07-10,73.581832639654,73.938658016874,73.129253663502,73.369762970223,1785224.4139049
2019-07-11,73.768429396549,73.778557181051,71.478731692156,71.740724178125,6562456.894694
2019-07-12,71.282007150759,72.26982419274,70.830451183143,71.648960312481,2542422.942555
2019-07-15,71.018991656255,71.018991656255,69.483762746872,70.550965251215,3955264.7684208
2019-07-16,69.998540641988,70.360481061886,69.329799962263,69.947594816915,3067220.2858276
2019-07-17,70.310558245348,70.561195336572,69.590769439696,69.590769439696,2402290.475886
2019-07-18,70.008770727344,70.612141161645,69.661152426946,70.130099539667,2712998.7304922
2019-07-19,70.581655507284,70.581655507284,68.599781071255,68.699729005183,2694429.628781
2019-07-22,68.911798674615,69.464325584695,68.460242706998,69.090211363224,3103341.2595364
2019-07-23,69.401103657195,70.169792270849,69.159469041085,69.890510940628,3304217.1522149
2019-07-24,69.248163881122,69.58053935434,68.620241241967,69.58053935434,3190393.3653078
2019-07-25,69.7517909832,70.008770727344,69.545859364983,69.849692900058,1904683.673043
2019-07-26,70.130099539667,70.190252441561,69.350157832122,69.499005574052,2392634.1506221
2019-07-29,69.499005574052,70.500019426142,69.380745787336,70.370608846388,2750044.7260137
2019-07-30,69.248163881122,70.180022356205,68.101371312708,70.149332100137,2871810.163605
2019-07-31,70.190252441561,70.65510752014,68.916913717293,69.411333742551,3846064.1287068
2019-08-01,69.631485179413,70.679455123288,68.38474467707,69.20847114994,2494123.6594037
2019-08-02,68.080911141996,69.129904094406,67.555903161523,68.080911141996,2803508.6325409
2019-08-05,66.840308690867,67.169615138478,65.659756840778,65.861698725706,3273114.6425502
2019-08-06,66.410133601644,67.678254982381,66.040111414316,67.657897112523,2436227.8880307
2019-08-07,66.869873637546,68.269553915961,66.480414288041,67.970835423564,2172855.6382936
2019-08-08,68.42955245093,69.509133358555,68.101371312708,69.488775488696,2014260.9918409
2019-08-09,68.942386629829,68.942386629829,67.820043965416,68.639678404143,1866211.3978654
2019-08-12,68.220654107959,68.379629634392,66.500874458753,66.639492115327,1852190.8922786
2019-08-13,66.910589377263,68.780239776936,66.500874458753,67.637539242664,3170548.0670131
2019-08-14,66.579339213434,67.019744388012,65.348864546807,65.590396862064,3509693.6305789
2019-08-15,71.939494736593,72.649053456889,69.421563827907,69.590769439696,6701002.2083483
2019-08-16,69.900638725131,71.180013199759,68.961721491152,71.080167566684,3367096.073968
2019-08-19,71.929264651237,72.279951977243,71.498066553479,71.750954263481,2050447.6882025
2019-08-20,71.420624807334,72.259696408238,71.099502428007,71.118939590184,2171245.9237713
2019-08-21,71.959954907305,72.328954086098,71.195358327793,72.201589523415,1897423.772263
2019-08-22,72.449157589032,72.771405277748,71.251419195545,71.740724178125,1643997.2236485
2019-08-23,71.498066553479,71.669420483193,69.248163881122,69.549951399125,2990026.5779535
2019-08-26,70.109639368955,70.634647349428,68.790469862292,69.640692256234,1827254.5407415
2019-08-27,70.049486467062,70.330813814353,69.115684275761,69.478647704194,2032339.6259949
2019-08-28,69.258393966478,70.26349985271,68.806837998861,69.938387740095,1673981.4672831
2019-08-29,70.809991012431,71.292134935262,70.479763857137,70.698892285464,1611155.5160262
2019-08-30,71.449166745477,72.449157589032,70.820221097787,71.108709504828,2356395.4646995
2019-09-03,70.698892285464,71.039349526114,69.479670712729,70.410403878423,2227812.5280646
2019-09-04,70.939503893038,71.22083124033,69.957722601418,70.860936837504,1820588.1057056
2019-09-05,71.638730227125,73.712368528798,71.638730227125,73.520656729225,2997855.4210996
2019-09-06,73.692931366621,74.369856114631,73.692931366621,74.280138266059,3117564.8186918
2019-09-09,74.389293276808,74.588984542958,73.672573496763,74.181213340666,2997015.7406418
2019-09-10,73.500298859367,75.028469009854,73.288229189935,74.769443248639,2838039.5104297
2019-09-11,75.171076399718,77.00911583564,75.064069706893,76.988860266635,2805547.0157082
2019-09-12,77.00911583564,78.089822052654,76.710499644097,77.572998140466,4009761.5996234
2019-09-13,77.592230700936,78.05207303769,77.17832144743,77.900156270153,2673363.0662692
2019-09-16,77.320110430464,77.431209157431,76.459657951167,77.147835793068,2874511.6589095
2019-09-17,76.948962933747,76.968400095923,76.280324554875,76.398584341591,2722864.9758704
2019-09-18,76.35776630102,77.572998140466,75.74406348051,77.572998140466,1993421.0253404
2019-09-19,77.583023624115,78.149974954548,77.320110430464,78.071407899013,1779336.8413497
2019-09-20,78.220255640944,78.740148578739,77.910386355509,77.970539257403,4615739.1710739
2019-09-23,77.481131973969,78.390484261269,77.270187613927,78.062200822193,2233637.3207726
2019-09-24,78.289615619658,78.390484261269,75.640023512439,75.970352968586,4317584.9240588
2019-09-25,76.051886748874,76.559605885095,75.155833572537,76.327178345806,1811567.4263958
2019-09-26,76.449530166664,76.959193019103,76.091681780909,76.51981085306,1328608.9276125
2019-09-27,77.019345920996,77.309880345108,75.920430152049,76.388354256235,1639828.2494132
2019-09-30,76.369747619796,77.110385778651,76.335140268197,76.632212224402,1713738.977871
2019-10-01,76.499908012979,76.889572499863,74.589459700806,74.839673915465,2221177.1966599
2019-10-02,74.319849035397,74.539539361773,72.898701715008,73.350332757707,2031174.2844937
2019-10-03,73.380958732573,73.879447516817,72.468304681551,73.869238858528,1917327.8502475
2019-10-04,74.080762258273,75.911991382124,74.061467894107,75.881467493841,1289752.0355494
2019-10-07,75.350413089655,75.690157237508,74.640400905667,75.101219740825,1065441.649445
2019-10-08,73.970917095085,73.970917095085,71.729810340937,72.488721998129,3034917.3319157
2019-10-09,73.04825855894,73.838714970244,72.640320573718,73.472428310841,1520219.8961316
2019-10-10,73.431797850851,74.428673332756,73.431797850851,74.001440983369,1460393.8976973
2019-10-11,75.548767320208,76.207940385918,75.238424108227,75.299471884794,1216971.1590593
2019-10-14,75.181459794975,75.800104487279,74.990353711808,75.181459794975,845356.17159499
2019-10-15,75.800104487279,76.359538961507,75.680050665802,75.750184148246,854689.69971863
2019-10-16,75.299471884794,75.881467493841,74.959727736942,75.269050083093,2401591.9852538
2019-10-17,75.690157237508,76.24867293249,74.898679960374,74.919097276952,1657179.4685316
2019-10-18,74.001440983369,74.819460772053,73.768479401217,74.569144470811,2121895.7846578
2019-10-21,74.878466816963,75.509157726047,74.690219158116,75.479552617009,1739521.9277556
2019-10-22,75.680050665802,76.330035939052,74.635296576522,74.690219158116,1327981.6555869
2019-10-23,75.020775513509,75.891574065547,74.680010499828,74.980145053519,1828338.3855287
2019-10-24,75.030984171798,75.111428399114,74.459299307623,75.000460283514,1582477.8217461
2019-10-25,74.700427816405,75.970997427034,74.130682597305,75.390124770399,835051.44538961
2019-10-28,75.690157237508,76.555851460401,75.690157237508,76.148934341008,1143866.8775397
2019-10-29,75.050380622547,76.682030476851,74.93951459353,76.167309925928,1113262.3420368
2019-10-30,76.040110043649,76.148934341008,75.238424108227,76.120554270965,914844.01815212
2019-10-31,75.99947958366,76.120554270965,75.101219740825,75.750184148246,970472.63216422
2019-11-01,76.510116671267,77.351514287433,76.314825038202,76.968893774768,1106313.5573811
2019-11-04,77.679008045339,77.845817521779,76.730827863472,76.740015655932,1010173.7942345
2019-11-05,76.81841815159,76.909887729858,75.470466911132,75.548767320208,2362670.3374333
2019-11-06,75.699345029968,75.941494404579,74.93951459353,75.790916694819,1355735.5084614
2019-11-07,76.340244597341,76.379854191502,75.684134129118,75.911991382124,860938.59263932
2019-11-08,75.901782723836,76.651608675151,75.649526777518,76.642420882691,1231456.5587885
2019-11-11,76.24867293249,76.848839953291,76.130660842671,76.848839953291,1149170.130223
2019-11-12,76.998498883805,77.548745565574,76.720721291766,77.049338002084,1008788.7556747
2019-11-13,76.81841815159,77.498927313124,76.560955789546,77.160204031101,1104430.1408581
2019-11-14,77.21002228355,77.451150792332,76.479592782984,76.76043297251,1113519.8864674
2019-11-15,76.929284180607,78.309698954424,76.611794907824,78.259880701974,1700367.3103549
2019-11-18,78.138806014668,78.501009210756,77.498927313124,77.940451784116,1641215.6458114
2019-11-19,78.169329902952,79.488696900201,77.840713192634,79.290444756232,1704767.191543
2019-11-20,79.158140544809,79.360680325259,78.210062449525,78.521324440751,2429829.4711811
2019-11-21,78.970913751792,78.970913751792,77.311700520107,78.299592382718,2142169.0531172
2019-11-22,78.609833508115,79.188766519675,78.230377679519,79.120572682306,1869711.6204097
2019-11-25,79.45010817187,80.462398727791,79.300653414521,80.260879813169,2642559.2048553
2019-11-26,78.570121827372,81.03000012865,77.960767014111,80.949657987917,5330601.542547
2019-11-27,81.0798183811,81.340241254048,80.690255980798,81.0798183811,1628006.1723068
2019-11-29,80.959764559623,81.241625614978,80.46944270201,80.770598121531,835778.8609569
2019-12-02,80.78080677982,80.990288447906,80.019751304387,80.349388880533,1775634.178696
2019-12-03,79.519322875068,80.110404189992,79.168349203098,80.100195531703,2110131.3123478
2019-12-04,80.300591493913,81.000497106195,80.180537672436,80.929240671339,1690907.9589979
2019-12-05,80.889631077179,81.735928849323,80.499966590294,81.528488912894,1900032.070644
2019-12-06,82.238603183465,82.419704781509,81.821477405784,82.210018940257,1783441.1171223
2019-12-09,82.338239688365,82.470543899788,81.548906229472,81.619958491162,1941323.7170222
2019-12-10,82.898797115005,83.799098689497,82.701463750281,82.928300137459,3067696.2501685
2019-12-11,82.928300137459,83.470481979179,82.571201270516,83.421684592559,1718396.4034897
2019-12-12,83.490899295757,84.981159232762,83.170347425488,84.808224561349,1920880.3905992
2019-12-13,84.670918107364,84.73900985815,83.590535800656,83.708547890475,1811166.4631704
2019-12-16,84.469501279325,84.970950574473,84.000515517536,84.449083962747,1371247.1539369
2019-12-17,84.79801590306,84.859063679627,83.778783459502,83.949676399257,1653196.3768035
2019-12-18,83.749178350465,84.051354635814,83.360636815992,83.431893250848,2025494.5451047
2019-12-19,83.949676399257,84.670918107364,83.560011912373,84.510131739315,1696005.7659331
2019-12-20,84.940528772772,85.30875507725,84.318923569565,85.189722121603,2287897.9150793
2019-12-23,85.419621106267,85.440038422845,84.758406308899,85.258936824801,816018.71537066
2019-12-24,85.449124128722,85.449124128722,84.981159232762,85.29956728479,271858.78935542
2019-12-26,85.30875507725,85.640434385055,85.092025261778,85.449124128722,649077.82566984
2019-12-27,85.680043979215,85.680043979215,85.111421712527,85.419621106267,767717.33870808
2019-12-30,85.339150319708,85.400069454271,84.638682143698,84.901612388358,742819.45203067
2019-12-31,84.84171196842,85.339150319708,84.669141710979,85.308690752426,1176221.5896469
2020-01-02,85.898526520184,86.351243299444,85.199077058798,85.948239793874,1392522.2275882
2020-01-03,84.669141710979,85.32896317346,84.500544440575,84.568594577512,1118322.1429955
2020-01-06,84.000151816875,84.821439547386,83.599185740555,84.821439547386,1993194.139753
2020-01-07,83.960625689433,85.259996193361,83.940251396937,85.079276218922,1723145.139227
2020-01-08,85.958426940122,86.47104413932,85.199077058798,85.918798941217,1847586.0497386
2020-01-09,86.460856993072,87.6994102339,86.170523325005,87.27093886271,1912700.1474827
2020-01-10,87.719682654933,88.234337283381,87.319735293238,87.590713383434,1417028.7936565
2020-01-13,87.810042642153,88.318686854314,86.737947371016,87.458789839523,1630160.4621048
2020-01-14,87.27093886271,88.209990003848,86.699439958199,87.990660745129,1675253.0165039
2020-01-15,87.629322667714,89.109413146081,87.550168541367,88.620022640329,1630363.3864802
2020-01-16,89.119600292329,89.491125515992,88.859624320081,89.460665948711,1595890.8694147
2020-01-17,89.970328875497,90.279916249973,89.205783549587,90.120487411192,3718337.0005005
2020-01-21,89.799694175843,90.149928263849,89.460665948711,89.609907641244,2697373.244465
2020-01-22,89.939767436753,90.640235612763,89.841359603998,90.13067455744,1665822.9434687
2020-01-23,89.619992916029,89.980414150282,88.660771225321,89.068868304014,1228291.3933209
2020-01-24,89.450478802463,89.460665948711,87.580628108648,88.259805149001,1164487.4383885
2020-01-27,86.540112990881,87.17151231533,86.211068167072,86.560283540452,1867958.2779264
2020-01-28,86.849700365357,87.479062260556,86.190897617501,87.181699461578,1652210.2641336
2020-01-29,87.550168541367,88.359231696381,87.151138022834,87.242516724678,1131525.0333007
2020-01-30,84.901612388358,85.02946107377,83.599185740555,84.380743600699,3026659.4164081
2020-01-31,84.029490798069,84.335105185508,82.340360078693,82.55958746595,2850445.2082273
2020-02-03,83.291533923866,83.690462570937,82.10890811594,82.148434243382,1919772.9485266
2020-02-04,82.849921134017,83.90174398412,82.778916724668,83.517892313496,1676019.4007954
2020-02-05,84.529068450069,85.500514716276,84.389912032322,84.931053241014,2345127.0660135
2020-02-06,85.308690752426,85.389882308023,84.57878172376,84.821439547386,835477.08598487
2020-02-07,84.608222576416,84.790979980105,82.920008700203,83.170714369365,1447644.7625205
2020-02-10,83.039809540079,84.633588570574,82.925102273327,84.430558745852,2066860.6133555
2020-02-11,85.02946107377,85.673186845179,84.84171196842,85.089361493708,1543231.9940102
2020-02-12,85.400069454271,86.059890916752,85.288418331393,85.429510306927,1464198.8602283
2020-02-13,85.099548639956,85.682253405339,84.658954564731,85.470055148994,1596270.1212812
2020-02-14,85.720862689619,85.858898521279,85.114829359328,85.81825180775,1965429.9479115
2020-02-18,85.662999698931,86.079246494623,84.529068450069,84.790979980105,2873640.646414
2020-02-19,84.69960127826,85.838626100246,83.449944048022,85.349235594493,4741298.4780565
2020-02-20,84.901612388358,84.990953660952,83.359584060803,84.340198758632,2543585.1349703
2020-02-21,83.90174398412,85.089361493708,83.403185046744,85.069089072674,1762536.1097207
2020-02-24,81.88051229706,82.590148904694,80.020746878031,80.500867080698,2919379.406591
2020-02-25,80.698803332296,80.880542021359,77.690946531121,77.949801917281,2767994.8673674
2020-02-26,78.659438524915,80.269415117944,78.089875178191,78.109230756062,2526026.2660834
2020-02-27,76.678751679922,80.299874685225,76.370284891534,77.42801628646,2879717.5419072
2020-02-28,74.9712840973,77.070753067544,74.170370659285,77.070753067544,3755580.5188666
2020-03-02,77.309234161209,81.999294422311,77.237211037236,81.968732983567,3407549.4540176
2020-03-03,81.890699443308,85.000122092576,79.279631988491,80.320147106259,3017230.3284427
2020-03-04,81.770898603432,84.430558745852,80.719177624792,84.35038590488,1905295.3779218
2020-03-05,82.138348968596,83.252007796424,79.698934928058,80.460322238631,2322637.9228613
2020-03-06,77.850273498439,78.900058919292,76.497114862321,78.560928820697,2959912.0729633
2020-03-09,72.591872348162,74.190744951781,70.169674584783,70.749323206292,4598184.5847334
2020-03-10,73.049682700546,73.618125461183,69.65807610021,72.908488853549,3537258.5177301
2020-03-11,70.75951035254,71.729937904122,67.564719417715,68.83974264211,4985886.3798943
2020-03-12,64.000542559938,67.141443491112,62.154937274193,63.419875223804,5054973.2640744
2020-03-13,66.531335302321,69.509751250839,63.749836890775,69.199145161739,3261166.1140837
2020-03-16,63.409789949018,66.620676574915,61.13061971896,64.1304286746,4742809.5751041
2020-03-17,66.02065366091,70.530095819036,63.939623425375,70.438615245729,3341895.5380322
2020-03-18,65.190299370238,69.88035963134,65.180214095453,68.869183494767,4123865.6035294
2020-03-19,68.541361128507,68.591074402198,64.171075388129,65.760881431587,3430844.3842525
2020-03-20,65.990295965091,71.00104759008,64.960884836734,66.46022902151,3258445.3513423
2020-03-23,66.79834040548,67.559625844591,62.089026437969,63.370060078651,2989766.582885
2020-03-24,65.530448183458,68.182977323504,64.600565473943,67.000351515577,2868917.2368033
2020-03-25,67.121171070078,71.790857038685,65.109107814642,68.999171480891,2628144.5102362
2020-03-26,70.001179185841,74.446442322605,69.647888953962,73.719691309275,3267456.7697197
2020-03-27,71.549217929683,73.211047097114,70.281325707661,70.91068760286,1829770.0776383
2020-03-30,71.05879381248,73.182197936121,71.05879381248,72.667731980339,1486202.1653542
2020-03-31,72.340741767874,72.798406129882,70.498805291382,71.62071297809,1822121.4339919
2020-04-01,69.468044348174,70.229531188513,68.149617372807,68.920249371357,2173595.0352849
2020-04-02,68.27013023545,72.452109472306,68.139456085907,72.291154687798,1840310.6212201
2020-04-03,71.711961334458,72.325499837523,69.659482993384,70.419852092164,2052648.4948638
2020-04-06,72.97053832998,74.99070377871,72.245530509614,74.359891087914,2312033.5338007
2020-04-07,76.60868549191,77.560594848768,74.02050410543,74.030665392331,2458008.229935
2020-04-08,74.170484700084,77.167759497187,72.748819049806,76.688756432687,2702975.6369712
2020-04-09,76.429440390981,78.71989607127,76.228043684609,78.330109105759,2399963.410772
2020-04-13,77.440081986126,77.989909220323,75.019968284984,76.210769496878,1533377.7156153
2020-04-14,77.299246549682,79.199915264459,77.238482054016,78.829333131191,2650261.7567081
2020-04-15,77.440081986126,78.389857472735,77.00162245636,77.052327277995,2721179.6378495
2020-04-16,78.059717261331,78.92047987469,76.469069409894,78.750379931972,1969280.2345614
2020-04-17,80.090043996962,80.35017294162,78.309888144826,79.549260308106,1313443.4021756
2020-04-20,79.050137895543,79.050137895543,76.981401495428,77.370172332249,1679447.2191105
2020-04-21,75.7602180357,75.798627700185,73.711804209386,73.751230002561,2848142.4953841
2020-04-22,74.750694182115,75.580972934772,73.780596121704,75.167815009389,2347361.1266734
2020-04-23,76.598524205009,77.490685194891,75.050452145686,75.090894067551,2097828.1526617
2020-04-24,75.620500340816,75.909080888796,74.02050410543,75.7500567488,1654283.7653925
2020-04-27,76.350588804632,76.61884677881,75.838155106229,76.251313031612,1295828.9845732
2020-04-28,77.00162245636,77.00162245636,75.339947209487,75.450400398098,1855939.0221263
2020-04-29,76.301916240377,79.381192622768,76.139843714311,78.71989607127,2409375.0164994
2020-04-30,77.95952697249,78.43944455281,75.990066345394,76.658272571985,1795163.5534527
2020-05-01,75.551606815629,76.095337277686,73.569952644253,74.208894364569,1618596.6946095
2020-05-04,74.279820147136,74.620020032572,73.418143017956,74.559255536906,1555395.7376184
2020-05-05,74.909616709242,77.57979968101,74.830561897155,76.370708152695,1476068.6410763
2020-05-06,76.688756432687,78.82425248774,76.648314510822,77.870412486371,2303583.8277563
2020-05-07,78.770600892905,79.331605542693,77.541288403657,78.500209048477,1190564.1741986
2020-05-08,79.740698953315,80.329951980687,79.189753977559,79.710215092613,2255007.8937679
2020-05-11,79.599863516871,81.98959497018,79.49865709934,81.269667793265,1691587.499195
2020-05-12,81.580501559558,82.300428736473,79.78012474649,79.851050529057,2278944.7772536
2020-05-13,80.380555189453,81.928830474514,79.029815321742,80.16086816666,2664854.1896806
2020-05-14,79.291062007959,81.660470887466,78.71989607127,81.640249926534,2285940.7704301
2020-05-15,81.51069351855,82.830035009738,81.220080713189,81.589545104899,4529630.0479084
2020-05-18,83.240042936181,84.388369968831,82.291283578262,83.661329891085,2075974.0683867
2020-05-19,83.23099939084,83.539800899752,81.88828693978,81.969374009248,2087589.9452561
2020-05-20,82.980930120213,82.980930120213,81.476145143087,81.710057967542,2748257.0151667
2020-05-21,81.720219254442,82.191093289421,80.45859387285,80.750222806901,2576480.8907813
2020-05-22,84.998961698694,87.671176927843,84.20008132256,84.978740737762,5063405.3658051
2020-05-26,86.230204832453,86.78927883773,85.638919547701,86.131030672302,3173417.6626022
2020-05-27,86.30113061502,86.479359587259,84.369165136588,86.179601623688,1917594.4216186
2020-05-28,86.87016268146,87.850422028771,86.061121018425,86.689901451841,1908676.6042296
2020-05-29,87.167888387651,88.491396006468,86.464117656907,88.139002576751,2394576.1800016
2020-06-01,88.03881228791,89.978805182994,87.940451030711,89.911029399366,2482239.4112703
2020-06-02,89.999026143926,90.628822706032,89.110015152983,90.290655077977,1682945.2156988
2020-06-03,90.649145279834,91.139325759924,90.260374443012,90.488190495326,1382689.3160038
2020-06-04,89.820898784557,91.738740074197,89.815818141106,91.139325759924,2227462.4051061
2020-06-05,92.130559297088,93.039791248963,90.090274500295,90.380887305655,2844689.9273229
2020-06-08,89.311513472224,90.588380784167,89.059411944218,90.290655077977,1804746.9975218
2020-06-09,90.090274500295,90.508411456259,89.321674759125,89.770193962922,1817259.5940133
2020-06-10,90.321138938679,90.579235625957,89.459360196629,89.810737497656,1410326.6492964
2020-06-11,88.629995959794,88.629995959794,85.019182659627,85.029343946527,2491312.2781975
2020-06-12,86.829720759595,87.299578665884,83.99035236093,86.110708098501,1520000.9895317
2020-06-15,84.398531255731,87.279256092082,83.71091697116,86.961411037828,1551404.9402685
2020-06-16,88.879150714599,89.235608659076,86.509741835092,87.439296360769,1049238.0014808
2020-06-17,87.850422028771,88.749492693746,87.459517321701,87.920331682648,900794.36365508
2020-06-18,87.429135073868,88.501557293369,87.25903513115,88.209928359318,1491514.3402972
2020-06-19,89.409773116554,89.790516536724,87.760291413962,88.729373345683,1784740.6692086
2020-06-22,88.640157246694,89.069573231118,87.768318830613,88.530821799643,1245511.952904
2020-06-23,89.191102222451,89.699369793224,88.659463691806,89.281131224391,1160308.7751366
2020-06-24,89.079734518019,89.079734518019,86.320437060131,86.560446656726,1806598.7037901
2020-06-25,86.428756378493,87.350181874649,84.800511765523,87.25903513115,1350228.6582231
2020-06-26,87.228652883317,87.560825352101,85.521455071129,85.900166233918,2225790.4377927
2020-06-29,86.560872816464,87.360107169728,86.11116406783,87.289431409233,1302473.0184057
2020-06-30,87.329788586675,88.87988952024,87.233864240292,88.37167300431,1920183.1393379
2020-07-01,88.890029514572,88.890029514572,87.299470003622,88.109858350652,1136989.6081784
2020-07-02,88.830406347899,89.490215779096,88.549528504897,88.678712032689,1507699.8010259
2020-07-06,89.021342441174,90.641105135802,89.021342441174,89.309318280209,1412248.015192
2020-07-07,88.839430942855,90.039803471902,88.669687437733,89.20923653615,1441703.9711646
2020-07-08,89.519520362716,90.32879331037,89.131462779622,89.539698951437,1069595.4022323
2020-07-09,89.649819289885,90.399570470809,88.559465699342,89.920658538498,1133845.4887009
2020-07-10,89.849881378059,89.87005996678,88.569605693674,89.419438618657,938090.65053084
2020-07-13,89.970141710839,91.240277400892,88.648494849579,89.258821108435,1646221.1744128
2020-07-14,88.830406347899,90.790568652259,88.06950117321,90.691602307576,1361238.4620844
2020-07-15,91.739469321867,93.060203583637,91.078544491293,92.880320084184,1897109.4391128
2020-07-16,92.981314427733,93.209667100094,92.060805742255,92.860040095519,1226387.7022139
2020-07-17,93.410743187702,94.511135372633,92.690296590398,94.369682451699,3463583.5906715
2020-07-20,94.910245549549,96.219825817554,94.759768033659,95.210389381783,1236925.5001979
2020-07-21,95.570156380689,96.449192489349,95.159892210008,96.020777728813,2169138.6167104
2020-07-22,96.360264739055,96.879635248751,95.810575646306,96.350226144666,1313241.4049443
2020-07-23,96.590645410283,98.090249172074,96.314837564447,96.661422570722,1386267.7115974
2020-07-24,95.980420551371,96.219825817554,93.869476531291,94.809251206,1142915.6350686
2020-07-27,94.95972872189,97.539444679948,94.900105555217,97.270734830144,1177049.6687151
2020-07-28,96.978702993377,97.25045484148,95.20024938745,95.300229731566,1373721.9128517
2020-07-29,95.810575646306,97.658691013295,95.519659208915,97.098963326157,1125312.7225273
2020-07-30,96.119744073495,96.360264739055,94.969868716223,95.929821979653,1663363.8994954
2020-07-31,95.939961973985,96.408835311907,94.72529205293,96.329946156002,1551783.7802895
2020-08-03,96.939258415425,99.360283462183,96.939258415425,99.09157361238,1994324.7820473
2020-08-04,98.710614025318,98.985509271665,96.889775243083,97.529304685616,779234.92936242
2020-08-05,98.090249172074,98.828846359232,97.698135591247,97.890085683956,958343.84697553
2020-08-06,97.718314179968,98.249852682863,95.810575646306,97.451632329031,1075475.9052019
2020-08-07,97.06854334316,97.839588512181,96.869596654362,97.778951346075,897930.63529872
2020-08-10,97.839588512181,97.960862844395,96.949398409757,97.139320503599,900863.9592304
2020-08-11,97.22023765837,97.628473830185,96.199647228833,96.299627572949,1136985.6495766
2020-08-12,96.661422570722,98.280171265916,96.519969649788,97.628473830185,1318189.6571907
2020-08-13,97.54958467428,99.120878196,97.174709083818,98.770237191992,1190774.1411458
2020-08-14,98.448900771604,98.828846359232,96.898799838039,97.371729173693,957365.08268118
2020-08-17,97.667817008194,98.680295442265,97.088823331825,97.509227496838,1989314.1818225
2020-08-18,97.708174185636,98.710614025318,97.109103320489,97.859868500846,2008663.827407
2020-08-19,95.230669370447,99.402770038435,94.526345364132,97.960862844395,2830773.3831839
2020-08-20,97.392009162358,98.169949527525,97.114071917712,97.778951346075,1428344.6797497
2020-08-21,97.869907095235,98.319615843868,97.270734830144,98.300349854637,1269335.5627617
2020-08-24,98.780377186324,99.20879194686,97.139320503599,97.599067846621,1154546.9967991
2020-08-25,97.869907095235,98.660116853544,97.559724668612,98.339794432589,1061265.5144006
2020-08-26,98.180089521857,99.730190455422,98.051717193611,99.330066279073,1072296.1583083
2020-08-27,99.189525957629,99.660427294417,97.559724668612,99.020796451941,1236928.4691493
2020-08-28,99.00061786322,99.933193141953,98.539856520764,99.90500395771,866211.34874858
2020-08-31,99.90500395771,101.04575332008,99.750369044143,100.4335004623,1077020.7495532
2020-09-01,100.9346189822,101.2885047844,100.26071495888,101.12656907491,1159748.5995606
2020-09-02,101.00539614264,103.64291006839,100.47385763975,103.41070419818,1462471.785843
2020-09-03,103.08723837899,103.20790431154,99.041076440605,99.640147305752,1992843.2753247
2020-09-04,100.07474746283,100.11409064084,95.659996730473,96.841204670232,1753873.3709855
2020-09-08,96.109705479106,96.46937107807,94.759768033659,95.140626220777,1225579.1577968
2020-09-09,96.099565484774,98.469079360325,95.860160218591,97.930544261341,954420.87259454
2020-09-10,98.879343531006,100.10395064651,98.239712688531,98.570175103817,1933185.1669407
2020-09-11,98.710614025318,99.620070116974,98.021500010501,98.600493686871,1368561.8754092
2020-09-14,99.730190455422,100.23637897249,98.970299280166,99.419906628857,1207650.6502575
2020-09-15,99.72005046109,101.00539614264,99.72005046109,100.38188789115,1053821.363721
2020-09-16,101.22776621835,101.53074924899,98.080109177742,99.924269946941,1365681.0029513
2020-09-17,99.249149124302,100.46371764541,98.580213698206,99.59979012831,1246411.2997544
2020-09-18,99.141056784721,100.60121596856,98.459040765936,99.380563450848,2162445.6107219
2020-09-21,98.180089521857,98.560035109485,96.499689661123,98.130606349516,927860.63383655
2020-09-22,97.839588512181,98.975369277332,97.491989506473,98.620672275592,845848.30110403
2020-09-23,98.600493686871,98.90966211406,96.570466821562,96.908939832371,1148725.8728564
2020-09-24,96.570466821562,96.968562999045,95.438742054144,96.340086150334,1157569.3892713
2020-09-25,95.960140562706,98.135676346682,95.770117068921,97.688096996858,1028618.9253795
2020-09-28,98.63983686488,99.730190455422,98.120466355184,99.508935779093,1336569.4453349
2020-09-29,99.790827621529,101.32906476173,99.589650133978,100.22623897815,722377.53174991
2020-09-30,100.55071879678,101.89477504552,100.32135212499,100.95479757092,1362186.5472148
2020-10-01,101.77309511353,102.4098867576,100.55071879678,101.21752482407,723579.9570458
2020-10-02,100.21620038377,101.26832619568,99.810904810307,100.01411029672,712247.469751
2020-10-05,100.98494521186,103.44624974108,100.9546811968,103.12336610214,803926.76258693
2020-10-06,103.12336610214,103.3146670669,101.47858267491,101.63040883742,1078012.8935968
2020-10-07,102.46747708008,104.74689386661,102.41686835924,103.86933864728,1322139.8462013
2020-10-08,104.19222228623,104.38453542541,103.1334878463,104.15173530956,765333.17804187
2020-10-09,104.82786781995,106.09915888739,104.54547115768,105.76615350428,708967.13231164
2020-10-12,106.45139558442,106.99594542064,105.32180893533,105.43314812117,1003702.8684517
2020-10-13,105.44326986534,106.00806318989,104.95945049413,105.423026377,915481.02944132
2020-10-14,105.49387858617,106.67407395611,104.91896351746,105.05965576139,906705.83955233
2020-10-15,104.09201701897,105.72566652761,103.86933864728,105.32180893533,722985.02970632
2020-10-16,105.95745446905,107.54049525685,105.71554478344,106.70443918861,1039365.7715696
2020-10-19,106.78440096754,107.62146921019,105.2418471564,105.49387858617,635991.5784795
2020-10-20,105.89672400404,106.93622713005,105.56473079535,105.61432734177,770993.27962091
2020-10-21,105.92708923655,106.69431744444,104.11124833289,104.82786781995,893964.91024906
2020-10-22,105.32180893533,107.08704111815,105.11026448222,106.77427922337,1064683.0519905
2020-10-23,107.22874553649,107.37955952459,105.47363509784,106.16899892215,833938.48703945
2020-10-26,105.3926611445,105.82587179487,103.73876814752,104.62644511102,1101954.0624408
2020-10-27,105.11026448222,106.66395221194,105.11026448222,106.03842842239,1111490.6742973
2020-10-28,104.4138884835,105.37241765616,101.57980011659,101.66077406993,1180759.253212
2020-10-29,102.26605437115,103.06263563713,100.7832188506,102.02414468554,1421851.4237297
2020-10-30,101.77211325577,102.34702832449,100.66216279036,102.0939847203,2310000.5771277
2020-11-02,103.50698020609,105.35217416783,103.27418009023,105.2418471564,1572505.8983394
2020-11-03,106.43115209609,108.11541032557,106.13964586406,107.02631065314,1175149.7148105
2020-11-04,108.07593552331,109.80068072946,107.23886728066,108.49902442952,1357382.3809412
2020-11-05,110.57701850711,111.9292835279,109.66909805528,110.34523056568,1143081.7544716
2020-11-06,110.7693316463,113.34025466485,110.32498707734,112.53456382911,1036557.0366294
2020-11-09,116.16422128759,117.50636456421,112.39285941077,112.49407685244,2178042.5809867
2020-11-10,112.81594831697,112.90704401448,108.99397771931,110.20453832175,2124829.298091
2020-11-11,111.13169008749,111.78757910955,108.8421515568,109.40694488135,1792822.5515005
2020-11-12,109.39682313718,111.00010741332,108.9028820218,109.43731011385,1094279.3652394
2020-11-13,110.46567932127,111.53453550536,109.78043724113,110.17417308924,1356780.5799852
2020-11-16,110.98998566915,111.48493895894,109.46767534635,110.2743783565,1656148.2997611
2020-11-17,110.50616629794,110.77945339046,109.24499697466,109.86039902005,1571458.943134
2020-11-18,109.54864929969,109.88064250839,105.73578827178,105.95745446905,2048055.5573348
2020-11-19,106.74391399087,108.96361248681,105.19123843557,108.69032539428,1886380.2928928
2020-11-20,108.65085059203,112.30176371326,108.32796695309,110.87965865772,2775651.7505451
2020-11-23,111.39485543585,112.42322464327,109.55877104386,112.21066801575,3258707.5628169
2020-11-24,118.94871310808,118.94871310808,111.42420849394,114.68239794147,5560073.7338049
2020-11-25,116.09336907842,116.97193647216,113.40098512986,114.34939255835,2862482.6064559
2020-11-27,113.76435574547,114.98402591766,112.93740924698,114.08723938442,983721.49041278
2020-11-30,113.88480450106,117.08327565801,113.66415047821,116.91120600716,3778433.5760179
2020-12-01,117.58733851755,118.3940415277,115.04475638266,115.36865219603,1753670.7891329
2020-12-02,115.62979319555,115.95368900891,114.12772636109,114.57105875562,1735789.2701139
2020-12-03,114.14796984942,115.41926091686,113.1499658745,113.5730547807,1511353.2051361
2020-12-04,113.59329826904,115.24719126602,113.44147210653,115.15609556851,1118130.3135117
2020-12-07,115.20670428934,116.44763012429,114.11760461692,114.39898910478,2076738.7590836
2020-12-08,114.33927081419,117.34441665753,114.33016124444,117.022545193,1320618.9851359
2020-12-09,116.38689965928,116.97193647216,114.50020654645,116.40714314762,1717585.5347674
2020-12-10,116.95169298383,119.88699879241,116.33629093844,118.80802086416,1630528.6317099
2020-12-11,118.66631644581,119.04891837534,117.29380793669,118.48412505079,1400768.5615685
2020-12-14,118.6055859808,120.22911374528,116.74925810048,116.74925810048,1395241.3122599
2020-12-15,117.30392968086,118.05091440042,116.86059728632,117.39502537837,1973781.2238445
2020-12-16,117.58733851755,117.74928642423,116.40714314762,117.24421139027,1698575.762885
2020-12-17,118.06103614459,119.3728141887,117.0529104255,118.95883485225,2166713.454915
2020-12-18,119.21086628202,119.84651181574,118.45375981829,119.2817184912,3911781.5638234
2020-12-21,117.70879944756,118.45375981829,115.96381075308,117.7897734009,2081967.5865013
2020-12-22,118.01042742375,118.44363807412,116.86059728632,117.37478189003,1670439.8331754
2020-12-23,118.01042742375,118.87887307333,117.22498007635,117.30392968086,1202061.2224759
2020-12-24,117.0529104255,118.38391978354,116.85047554215,117.31405142503,733587.43403043
2020-12-28,118.5144902833,118.77765563165,116.67840589131,117.83936994732,1003080.2473637
2020-12-29,118.55497725997,119.09952709618,116.84035379799,117.2340896461,1007397.946151
2020-12-30,117.86872300541,118.8889948175,117.33429491336,117.39502537837,1127009.6040603
2020-12-31,117.59746026172,118.59546423664,116.60957803097,118.49424679496,1307192.9743488
2021-01-04,118.9247394823,120.0827922107,117.11187159858,118.63371052438,2030667.2488167
2021-01-05,118.47202776998,120.31521117015,118.07994709056,119.59976498193,2343967.9883449
2021-01-06,118.67413121298,123.88941055962,118.22040898344,122.89304058563,2428483.4174814
2021-01-07,124.34313278916,127.47472563846,124.12081900186,126.14589550073,1775882.6146382
2021-01-08,126.47734514725,127.63539787565,125.85284550838,127.05131892537,1577237.6914076
2021-01-11,126.43692445865,129.33710886571,126.21562118856,128.14975113808,1746955.7477273
2021-01-12,128.33063371957,128.38115958032,126.18530567211,126.96138289324,1826381.7404629
2021-01-13,127.45451529416,128.04869941658,126.72896393379,126.97148806539,1530403.9528519
2021-01-14,127.26352754052,128.18916130947,125.82354050914,126.01452826278,924868.27172158
2021-01-15,125.93368688558,127.11194995827,124.75542381288,126.19541084426,2115364.4080725
2021-01-19,127.37367391696,127.7869754579,126.27625222146,127.34335840051,1677238.910053
2021-01-20,127.7061340807,128.91471266984,127.35346357266,128.10933044948,1842978.7649637
2021-01-21,127.7667651136,128.77324025974,126.39751428727,126.99169840969,1612124.9090067
2021-01-22,127.07152926967,127.79708063005,126.28635739361,126.31667291006,1438728.5556277
2021-01-25,126.67944859025,127.47472563846,124.44317399345,125.48097517326,1365447.6228819
2021-01-26,125.50118551756,125.94379205773,123.87930538747,123.92983124822,1476631.6987584
2021-01-27,122.07755319312,123.00318696206,118.12036777916,118.78427758942,1923526.9163595
2021-01-28,118.9853705152,122.67173731554,118.76406724512,121.5642104479,1677876.4550617
2021-01-29,121.21052942264,121.68446199648,119.2683153354,120.1636335879,1821959.6408936
2021-02-01,120.68708150527,122.08765836527,120.17373876005,120.82855391537,1292732.7347698
2021-02-02,122.49994938899,125.85284550838,122.41910801179,123.19518523291,1489175.0492322
2021-02-03,123.50642453514,124.61496192,121.89566009442,122.14828939817,1448494.3151526
2021-02-04,122.51005456114,124.35323796131,121.60362061928,124.08039831326,1251162.2182484
2021-02-05,124.52401537065,125.94379205773,123.11434385571,123.18508006076,1919709.5907937
2021-02-08,123.92983124822,125.74269913194,122.57068559404,123.416488503,2065323.0832586
2021-02-09,123.416488503,123.49631936299,122.35847697889,123.24571109366,1988258.5890129
2021-02-10,124.60485674785,125.74269913194,123.88941055962,125.07777880447,1112596.478005
2021-02-11,125.70227844334,127.25342236837,125.10809432092,126.95127772109,1122165.6114994
2021-02-12,126.92096220464,128.59235767826,126.30656773791,127.97796321153,1277986.7755278
2021-02-16,129.30780386648,131.08934571653,127.83750131865,127.94764769508,2132497.6853843
2021-02-17,132.81227756812,136.9796505628,129.58872765225,130.12329125899,4215194.3666589
2021-02-18,128.99555404704,130.39512038983,127.57577735996,127.67581856425,1941522.1704119
2021-02-19,128.40136992462,128.89450232554,126.47734514725,126.86033117174,1264231.8909255
2021-02-22,125.94379205773,126.14589550073,123.09413351141,123.50642453514,1340078.8926781
2021-02-23,123.51652970729,123.51652970729,120.4061577195,122.41910801179,2125365.522998
2021-02-24,122.2584357746,125.41023896821,122.00681698807,125.02725294372,1898363.7497333
2021-02-25,124.82616001793,125.2485562138,121.92597561087,122.09776353742,1431008.5012707
2021-02-26,122.93245075701,123.51652970729,120.63655564452,122.06744802097,1909665.7742557
2021-03-01,123.05371282281,125.14851500952,122.88293541348,124.4936998542,1404367.660232
2021-03-02,124.58464640355,125.88316102483,123.17497488861,123.64789694524,1267346.1294723
2021-03-03,122.78188369198,122.78188369198,119.23799981895,119.2885256797,1612442.6884502
2021-03-04,118.67413121298,118.81459310587,113.33657928332,114.99786958479,2725018.3121793
2021-03-05,115.88510369957,116.19634300179,112.46046085792,116.14581714104,2441519.3260927
2021-03-08,116.31760506759,118.93484465445,115.27070923284,116.08518610814,2766588.8287009
2021-03-09,117.87784364756,121.39242252134,117.54639400104,119.83218394138,2291211.63541
2021-03-10,120.58602978377,122.20790991385,119.67050118698,119.98275100641,1934557.8352942
2021-03-11,121.4227380378,122.92234558486,120.89929012042,121.82492388937,1818695.4501719
2021-03-12,120.56682995669,122.02702733237,119.2683153354,121.4429483821,1368747.5637911
2021-03-15,120.91950046472,124.29260692841,120.33542151445,124.05109331402,1229988.1766994
2021-03-16,124.76552898503,125.29908207455,122.44942352824,123.00318696206,1345484.1224009
2021-03-17,122.33826663459,123.11434385571,121.503579415,122.52015973329,1452950.1787878
2021-03-18,123.60747625664,123.95004159252,122.12807905387,122.59089593834,2067597.1924016
2021-03-19,122.87283024133,123.50642453514,121.51368458715,122.69194765984,2596983.9813079
2021-03-22,122.16748922525,123.83989521609,121.72488268508,123.61758142879,1772949.1131497
2021-03-23,123.15476454431,124.24208106766,121.47326389855,121.97650147162,1338262.584546
2021-03-24,122.11797388172,122.96276627346,120.73760736602,120.83865908752,1477528.4326258
2021-03-25,120.85886943182,122.32816146244,119.87260462998,121.89566009442,967318.6400775
2021-03-26,122.54037007759,125.71238361549,122.02702733237,125.64164741044,1441949.0516761
2021-03-29,124.89689622298,125.82354050914,123.74894866674,125.42034414036,1539697.0154546
2021-03-30,124.62506709215,125.70227844334,124.42397416636,124.85647553438,1033657.0850424
2021-03-31,125.94379205773,128.47109561246,125.94379205773,127.13216030257,1815532.5516477
2021-04-01,127.99817355583,128.30031820312,126.99169840969,127.6859237364,1126411.9393139
2021-04-05,129.00035791262,130.61876493083,129.00035791262,130.00530391645,1096348.3420157
2021-04-06,130.57840565357,131.86586659823,129.87514524728,131.05161817947,1623165.0777895
2021-04-07,130.25754939934,130.57840565357,128.52815436866,129.34240278742,954554.22697186
2021-04-08,130.26763921865,131.73469894713,129.87514524728,130.69948348535,925108.93370838
2021-04-09,131.46429178947,131.92640551412,130.73984276262,131.91631569481,1552193.4273811
2021-04-12,131.44411215084,132.18773183439,130.85083077509,131.28267504179,1166305.529169
2021-04-13,131.60454027796,133.26330657343,131.47337262685,132.97171079521,1593774.4859761
2021-04-14,133.10287844631,133.22294729616,130.97089962494,131.9768546107,1499287.1794871
2021-04-15,132.00712406864,133.92620770245,132.00712406864,133.28348621206,2121335.1614701
2021-04-16,134.03719571492,134.63047709068,133.1634173622,134.56993817478,4495368.1469119
2021-04-19,134.37015975234,134.64056690999,133.07260898836,133.48427361643,1071635.2214655
2021-04-20,133.00198025315,133.53472271301,131.81541750165,132.46923779329,1261201.6046753
2021-04-21,132.88090242137,133.93629752177,132.02730370728,133.81622867192,1173906.0470072
2021-04-22,134.01701607629,135.45582431068,133.81622867192,134.51948907821,1732745.0116266
2021-04-23,134.55984835547,137.12468042547,134.48921962026,136.68274633945,1495156.7227242
2021-04-26,137.21548879931,137.82894981369,136.68274633945,137.34463848655,1287367.7946526
2021-04-27,136.93297385848,137.4455366797,136.22870447025,136.48094995314,1752898.0203883
2021-04-28,135.99865658986,136.51121941109,134.70110582589,134.79191419972,1603915.1402392
2021-04-29,135.40537521411,135.40537521411,133.5246328937,134.13809390808,2135854.9154508
2021-04-30,133.88685740712,134.65065672931,133.15332754289,133.62553108685,1514161.0010352
2021-05-03,134.2793513785,134.29953101713,132.62058508303,133.19368682015,1032021.4259278
2021-05-04,132.1271929185,132.51968688987,130.35743861056,130.91036070905,1752427.5879181
2021-05-05,132.09692346055,134.07755499219,132.09692346055,133.36319578465,1194086.9037798
2021-05-06,132.31789050356,132.61049526371,130.78020203988,132.4086988774,1150448.0760922
2021-05-07,133.19368682015,134.81209383836,133.19368682015,133.88685740712,1044301.404173
2021-05-10,133.74660891864,133.91712686507,131.76496840507,131.87595641754,1034320.8759726
2021-05-11,130.27772903797,131.8456869596,129.30204351016,131.42393251221,1336638.8825495
2021-05-12,130.34734879124,131.17168702932,128.46761545276,128.6381333992,1256450.5350976
2021-05-13,129.61381892701,130.77011222056,129.2616842329,130.02548355508,805887.62066104
2021-05-14,130.47851644235,131.69433966986,130.45833680371,131.16159721001,775090.70429599
2021-05-17,130.85083077509,131.06170799878,129.90541470522,130.11629192892,886753.27152145
2021-05-18,129.95485481987,129.95485481987,128.67849267646,128.74912141167,1777626.0595158
2021-05-19,127.59282811811,130.28781885728,127.11961559221,130.21719012207,1119358.7556124
2021-05-20,130.61876493083,132.80018386684,130.61876493083,132.15746237645,1035108.576853
2021-05-21,132.68011501699,134.11791426945,132.22708212972,132.30780068425,1445930.3905592
2021-05-24,133.49436343575,134.39942022835,132.5398665285,133.33393530863,1312631.9079905
2021-05-25,133.3934652426,134.79191419972,133.01207007247,133.23303711548,1890575.6026747
2021-05-26,136.29933320546,137.99845877819,133.25321675411,133.29357603137,2498437.0122362
2021-05-27,133.31375567,138.13971624861,133.1634173622,137.54643487286,3699620.1859422
2021-05-28,138.60182997326,139.21529098764,137.99845877819,138.12962642929,1264414.0716497
2021-06-01,139.17493171038,140.33122500394,135.56580334122,137.20539897999,2015768.3249212
2021-06-02,137.12468042547,138.22043480313,135.87757875807,136.57175832698,1395730.3725838
2021-06-03,135.99865658986,136.91279421984,135.73632128766,136.36996194067,1228739.7750858
2021-06-04,137.69778216259,138.41214137013,137.38499776381,137.89856956697,1069659.0072618
2021-06-07,138.08926715203,138.58165033463,137.37490794449,137.65742288533,935961.70139368
2021-06-08,138.60182997326,138.92470419136,137.5767043308,138.75317726299,1143858.0432216
2021-06-09,139.13457243312,140.38167410052,138.87425509478,140.14153640081,961367.04392973
2021-06-10,140.33122500394,143.34808097927,140.02045856902,143.05648520106,1462431.3316028
2021-06-11,143.35817079859,143.59931748023,141.89010208818,143.52969772695,995128.77888629
2021-06-14,143.49942826901,144.42365571831,142.75479960352,144.38329644105,934184.40155372
2021-06-15,144.84641914763,145.15819456448,144.04226054818,144.6153622853,1035798.8096952
2021-06-16,144.65572156256,145.07747600995,142.91623671257,143.58922766092,1680753.7698058
2021-06-17,143.48933844969,147.6917481946,143.48933844969,146.92794887242,2822451.6030373
2021-06-18,146.31448785803,146.83714049858,144.93621853954,145.00684727474,3220680.1483754
2021-06-21,145.41952088475,146.69588302816,143.7294761494,146.41538605119,1266066.0554404
2021-06-22,146.37502677393,147.6917481946,145.83219449475,146.63534411227,1366204.5190029
2021-06-23,146.72615248611,148.07415234666,146.4254758705,147.24880512665,1455655.3138022
2021-06-24,147.93289487624,148.34556848625,146.57581417831,146.67570338953,1426784.8830498
2021-06-25,147.01774826432,147.77246674912,146.21358966488,147.28916440391,8445127.1235363
2021-06-28,147.64129909802,148.05397270803,146.43455670789,147.94298469556,1645036.7066537
2021-06-29,147.58076018213,148.84804148816,147.53132006748,148.8076822109,816709.55661996
2021-06-30,148.67752354173,148.77741275295,146.66561357021,147.82190686377,1259302.9670735
2021-07-01,147.78255656844,148.37482896226,147.01774826432,147.80172722514,1426535.2455234
2021-07-02,148.12060947695,148.88340618006,147.25704702706,148.81287015731,1400683.0163185
2021-07-06,149.22500206164,149.22500206164,148.48235850788,148.97409535216,1973341.3734696
2021-07-07,149.58675109257,149.61698081661,148.10045632759,149.48598534579,2286351.1485491
2021-07-08,148.08030317824,148.9539422028,147.28727675109,148.82294673199,1891737.0496772
2021-07-09,149.48598534579,150.22862889955,148.91363590409,150.02810506346,1596789.5335202
2021-07-12,150.64076080388,150.99243326013,149.16454261357,149.50613849515,1480454.9225988
2021-07-13,149.1040831655,149.53636821918,148.2002144169,149.26530836035,1456503.0347814
2021-07-14,149.85781095141,149.86788752609,148.46220535853,148.63249947058,1218451.0864966
2021-07-15,148.35136303707,149.30561465906,147.84954961811,148.9539422028,1733572.5296463
2021-07-16,149.32576780842,149.8175046527,148.28082701432,148.92371247877,2169756.613187
2021-07-19,147.66817127391,147.97953743146,146.95575744419,147.58856633396,1835097.4227294
2021-07-20,148.45212878385,151.24333996961,147.83947304344,149.29553808438,2245988.1693283
2021-07-21,149.48598534579,149.9081938248,147.60771182585,148.94386562813,2255710.9368125
2021-07-22,149.70666233124,150.49061984118,148.67280576929,150.2991649223,1972884.2649706
2021-07-23,150.58030135581,152.40819200237,150.42008381843,152.30742625559,2132038.6888098
2021-07-26,151.72500023921,152.16736186757,149.76712177931,150.24878204891,1767669.4376788
2021-07-27,149.28546150971,149.99787533943,148.85317645603,149.94749246604,2085729.3155864
2021-07-28,149.99787533943,151.96583037401,149.49606192047,151.45394038038,2179785.1155496
2021-07-29,151.98598352337,153.46220171367,151.41363408167,152.66917528653,1527271.1982752
2021-07-30,152.51802666636,153.60327375916,152.0162132474,153.23144815355,2310070.9965401
2021-08-02,154.05470430473,154.30561101421,152.51802666636,153.0702229587,1438321.2703689
2021-08-03,153.71310842315,153.97509936477,152.75986445863,153.86425704332,1859654.8050289
2021-08-04,153.9650227901,154.71774291853,153.49243143771,154.27538129017,1786734.5468376
2021-08-05,154.46683620905,155.1691734641,153.34229047501,155.04926222543,1667633.3838243
2021-08-06,154.76711813445,155.90174044318,154.47691278373,155.71230083923,1209255.1390472
2021-08-09,156.08311878738,156.78646369989,155.0190325014,156.54462590762,982914.72877451
2021-08-10,156.90738259603,157.59863561893,155.91181701786,156.52447275827,1575879.0604213
2021-08-11,156.69577452779,156.9769109613,155.86244180193,156.52447275827,1402559.2525102
2021-08-12,156.51439618359,158.51358859967,156.12342508609,158.14176299406,1376083.8070974
2021-08-13,158.39266970354,159.26630872811,157.37896629095,159.22701008687,1733181.1491668
2021-08-16,159.38621996678,162.53011126626,158.49343545032,162.07868072069,2154531.6137711
2021-08-17,161.73607718165,161.8469195031,159.29653845214,160.91382868794,2614178.6084996
2021-08-18,163.20322645474,165.35155217606,162.08875729537,163.03192468522,2860937.5276043
2021-08-19,161.74615375633,169.08693840913,161.61515828551,167.6711796669,2179741.2968698
2021-08-20,167.83139720428,170.74352728617,167.04844735181,168.13268678714,2023468.947096
2021-08-23,169.43861086539,170.57323317412,168.13268678714,170.00088373241,2061439.82476
2021-08-24,170.23163729254,171.21611863856,169.22700279716,170.57323317412,1238617.6379206
2021-08-25,170.07141975516,173.53473847193,170.07141975516,173.29390833713,1411985.2480277
2021-08-26,173.38459750923,174.46883694457,172.09882658034,173.58512134532,1273359.8755988
2021-08-27,174.02748297368,175.10164583434,172.98254217959,173.80579833077,1185870.9023069
2021-08-30,173.85618120416,177.11998374231,173.85618120416,176.72800498734,1221481.5465451
2021-08-31,177.09983059295,177.19051976506,174.8305859755,175.47347143995,1733268.786526
2021-09-01,175.04118638627,175.75460787346,174.37915542994,175.4533182906,1428974.9451781
2021-09-02,176.44686855383,178.34529522314,175.70422500007,178.02385249091,1194001.2591378
2021-09-03,177.67218003466,179.57060670396,177.02929457021,179.2783860383,971760.88304857
2021-09-07,179.2783860383,179.35899863573,176.78846443541,177.72256290805,1252068.9766903
2021-09-08,177.42127332518,179.17762029153,176.56778744996,178.73626632064,1174601.5346074
2021-09-09,179.06778562754,179.35899863573,177.01921799553,177.23082606377,1010046.4585029
2021-09-10,177.72256290805,179.30861576234,177.1703666157,177.23082606377,1086308.8868957
2021-09-13,177.66210345998,178.00369934156,170.22156071786,172.07867343099,2274483.2575209
2021-09-14,172.55126478338,173.97710010029,171.75823835623,172.42026931256,1337412.8264381
2021-09-15,172.06859685631,175.13187555837,171.38641275062,173.78665283888,1535318.8971423
2021-09-16,173.9267172269,173.9267172269,171.10527631711,173.27375518778,1141995.4575616
2021-09-17,173.91664065222,177.36081387711,172.80217149285,173.93679380158,2405720.2030355
2021-09-20,170.50269715137,172.58149450741,169.11716813317,171.33602987723,1599479.4029225
2021-09-21,172.3003580739,173.59519792,171.19596548921,171.43679562401,1059767.7134635
2021-09-22,172.17943917776,173.31406148649,170.90374482355,172.44042246192,981018.5750011
2021-09-23,173.49543983069,174.3489257059,172.48072876063,172.77194176882,1654791.5230533
2021-09-24,172.08875000566,173.07323135169,171.20604206388,172.40011616321,1041911.6015112
2021-09-27,171.06497001839,171.1556591905,164.25723616604,166.37533216333,1419754.1007517
2021-09-28,164.1867001433,164.32777218879,158.78364080104,159.89810996041,2541015.355812
2021-09-29,161.39548895754,161.80661320439,159.82858159513,159.99887570719,1268213.1724995
2021-09-30,161.23426376269,162.48980496755,157.44950231369,157.51903067897,1542803.9243276
2021-10-01,157.13712849868,157.48980861241,153.05107746682,156.00250618996,1881933.6159874
2021-10-04,155.24691705185,156.29961592346,151.25551769734,152.3585367827,1758403.7012101
2021-10-05,153.48168395356,155.78836255178,152.3384086972,153.03081483838,1494304.7237826
2021-10-06,152.54975359494,154.26466647948,151.61681683205,153.65277268031,1794777.6113882
2021-10-07,155.06677068663,157.47308330807,154.95707262066,155.32742939385,1002863.5728664
2021-10-08,156.17985381474,156.91150972264,152.09787807548,152.46924125295,904115.87016997
2021-10-11,151.48598427631,152.3585367827,149.88177586201,150.02267246051,1106339.6146638
2021-10-12,151.17500535534,151.17500535534,146.30098945168,147.956524484,1809986.670078
2021-10-13,149.07967165486,150.8750968814,148.73850060565,150.21288286847,1509179.7475506
2021-10-14,151.61681683205,153.48168395356,151.61681683205,152.59000976594,1434113.6251258
2021-10-15,153.14151930862,153.89330330202,152.54975359494,153.27134546009,1397820.4816004
2021-10-18,153.63264459481,155.42806982134,152.38872891095,154.78598389392,1183713.0708465
2021-10-19,155.95945127853,157.45295522257,155.55789597281,155.62834427206,1025510.1434404
2021-10-20,156.92157376539,158.1151692355,156.30967996621,157.58378777832,1053066.5288039
2021-10-21,157.70455629131,158.014528808,154.53538922945,156.93163780814,1405098.4544174
2021-10-22,156.94170185089,158.70693494918,156.89138163714,157.96521499853,772154.12794308
2021-10-25,157.89476669928,158.51672454121,156.74142740017,158.33657817599,1088178.0861136
2021-10-26,159.62980766932,159.92065850479,157.03227823564,158.18561753475,1016357.586585
2021-10-27,158.29632200499,158.49659645571,154.83630410766,155.26704513735,1472593.4509895
2021-10-28,155.97957936402,157.78506863331,154.19421818024,155.76823446628,1752594.4849296
2021-10-29,155.1362125816,157.56365969282,154.4448128447,157.48314735082,1999808.2463437
2021-11-01,157.37344928485,157.9944007225,155.80849063728,157.05240632114,1329077.0918283
2021-11-02,157.54353160732,157.9944007225,155.44819790684,157.84545288981,1714220.3536978
2021-11-03,158.02459285075,158.28625796224,154.57463899617,158.1956815775,1256623.4216272
2021-11-04,157.85551693256,158.92834388967,156.36000017996,157.64417203482,1015752.3352493
2021-11-05,156.56128103495,156.80181165667,152.42898508195,156.41032039371,1775553.1538034
2021-11-08,156.99202206464,161.1545101459,156.54115294946,160.94316524815,1466980.6671854
2021-11-09,160.94316524815,162.23740114576,159.52010960335,159.80995403454,1020954.3059556
2021-11-10,159.23831640636,159.98104276129,156.06009170602,159.27857257736,1093196.5868929
2021-11-11,160.28095123523,161.0337416329,157.92495882753,158.78744729118,935490.22483299
2021-11-12,159.72944169254,161.06393376115,157.70455629131,160.88278099165,1444784.7944759
2021-11-15,161.25515057339,162.33804157325,157.49321139357,157.77500459056,1121447.9643175
2021-11-16,157.04234227839,163.00025558618,156.95176589364,161.39403436334,1276263.6779056
2021-11-17,161.92742862907,161.92742862907,159.90053041929,161.54499500458,872430.41432611
2021-11-18,162.5373096197,162.82916685944,160.40171974822,162.16695284651,1476010.5783829
2021-11-19,163.01031962893,165.06539715841,162.67820621819,164.29247867524,1647656.6664299
2021-11-22,164.99494885916,165.67729095759,162.78891068844,162.78891068844,2112503.6519807
2021-11-23,155.88900297928,159.31882874836,151.76677106902,154.78598389392,3141511.689467
2021-11-24,153.76347715055,154.67527942367,151.08543537487,152.97043058188,2291440.675394
2021-11-26,153.29147354559,159.08836216939,151.5664966183,152.06768594723,1632227.2444037
2021-11-29,153.06100696663,155.38781365035,151.55643257555,153.42230610134,1734578.535778
2021-11-30,153.35185780209,155.71791425253,149.70162949679,150.8952249669,3900524.7838774
2021-12-01,151.11562750312,152.85066847316,148.09641467822,148.21718319122,1800899.9230879
2021-12-02,147.916268313,152.46924125295,147.73612194778,150.98479494737,1514139.4182988
2021-12-03,151.81709128277,153.00062271013,147.72605790504,149.33026631933,1412565.8798765
2021-12-06,149.34033036208,152.03850022326,147.78543575726,151.46686259508,1803457.5337571
2021-12-07,152.84060443041,156.24023807124,152.61013785144,153.80373332155,1422695.6135177
2021-12-08,154.76585580842,156.39019230821,153.95368755852,156.30967996621,1491464.9283882
2021-12-09,156.50089677846,157.9944007225,154.51526114395,154.61489516717,1272364.9419535
2021-12-10,154.53538922945,156.33987209446,154.08351370999,156.26036615674,1463880.6236879
2021-12-13,157.33319311385,157.89476669928,155.14627662435,156.28955188071,1413801.3105273
2021-12-14,154.89668836416,155.74810638078,150.11224244098,151.87747553927,1869108.8569852
2021-12-15,152.76009208841,154.59476708167,150.61343176991,154.31498669323,2055069.5878272
2021-12-16,154.30492265048,155.89906702203,150.45341349019,150.7945845394,2085566.4776212
2021-12-17,150.34270901994,152.59000976594,148.04609446447,151.41654238133,2628689.3122029
2021-12-20,150.75432836841,152.17839041748,148.53822615493,150.41315731919,2027207.0868785
2021-12-21,150.99485899012,154.06338562449,150.60336772716,153.96375160127,1496639.976877
2021-12-22,154.45487688745,157.15304674863,154.25460243673,156.77161952842,1907867.8762162
2021-12-23,157.28387930438,158.85789559042,156.64179337695,157.79513267606,1411034.3048324
2021-12-27,158.81763941943,159.84014616279,157.18323887688,158.73712707743,951771.18662985
2021-12-28,159.6791214788,159.78982594904,158.1151692355,159.17793214986,764278.8807437
2021-12-29,159.83008212004,161.39403436334,159.17793214986,160.65332081696,833052.18409086
2021-12-30,161.1142539749,162.62788600444,160.60300060321,160.88278099165,771020.40344755
2021-12-31,160.35139953447,161.45441861983,159.52010960335,159.64993575482,1315542.1962238
2022-01-03,158.998705509,159.43993583688,153.9310897615,156.47595352046,1606323.1111067
2022-01-04,155.49298481735,155.63369608364,149.70472637033,151.18722006878,2233957.7397401
2022-01-05,150.82639617878,153.09988820989,148.5328025382,148.60315817135,2370529.3256144
2022-01-06,148.85342320926,149.95499140824,145.57786594604,149.12378985663,2298276.760415
2022-01-07,149.12378985663,149.73487878454,145.08738667497,145.14769150338,2058657.9562107
2022-01-10,143.2943231102,145.30749929867,140.86001820333,145.15774230811,2548145.4725088
2022-01-11,144.99692943235,146.94075506814,143.80490399075,146.63923092609,2194208.145653
2022-01-12,147.80110395348,150.38617093138,147.55184399604,149.51476616083,2250847.2236541
2022-01-13,149.46451213716,149.54391349457,144.84717244179,145.16779311285,1741764.4714081
2022-01-14,144.03607249966,145.14769150338,142.36361859172,144.67731384177,2225442.1090769
2022-01-18,142.42392342013,143.24406908652,140.33938651804,140.4700469796,1907368.4770771
2022-01-19,140.6710630743,143.59584725226,140.25898008016,140.42984376066,1472205.6722802
2022-01-20,141.38165496909,143.14456611964,139.04886319004,139.47903763271,1861383.6721219
2022-01-21,139.53934246112,140.49014858907,137.48495797324,137.50505958271,1878662.5447048
2022-01-24,136.38338977425,138.48802828581,131.27557080781,138.11614851061,2155299.2317178
2022-01-25,135.36222801316,136.6246090879,132.64851073464,134.57022460002,1705312.6998182
2022-01-26,135.54314249839,138.04579287746,132.26758523518,133.50885961998,1999574.7154864
2022-01-27,135.28182157527,136.36328816478,131.67659791675,132.08767583042,1715819.2048565
2022-01-28,132.99827873943,137.39450073062,131.2152659794,137.0648343353,2174804.6087421
2022-01-31,137.31610445368,139.46898682797,136.97437709269,139.31822475694,1702950.4085591
2022-02-01,140.53035180801,141.27210119747,138.44782506687,141.03088188383,1655987.1397686
2022-02-02,140.99067866488,144.75671519918,140.78061684592,144.23608351389,1475727.1436543
2022-02-03,142.00178962125,143.77475157654,141.01078027436,141.79273288276,914264.6263875
2022-02-04,141.48115793596,142.34351698225,139.6689978422,141.12133912644,1087397.8114249
2022-02-07,141.50125954543,142.48322316807,139.80870402802,140.36953893225,1444111.7790213
2022-02-08,139.1071578575,141.41180738329,138.29706299584,140.81076926012,1515401.8553052
2022-02-09,142.73348820597,145.0974374797,142.15255169228,144.43609452812,1216887.515684
2022-02-10,141.56156437385,144.03607249966,140.58060583169,141.6620724212,1063718.9866139
2022-02-11,141.12133912644,142.51337558227,136.24267850796,137.19549479686,1321936.5911463
2022-02-14,136.96432628795,137.68597406794,134.09984693841,135.21146594213,2205268.7807203
2022-02-15,137.24574882054,138.0558436822,134.73103747578,135.91301211265,2368247.9073865
2022-02-16,135.55319330312,135.6034473268,132.10777743989,135.15116111372,3187466.7533777
2022-02-17,134.64058023317,134.64058023317,129.71367575195,130.25440904671,2577818.8859589
2022-02-18,130.50467408462,133.4284531821,130.00313892833,132.04747261148,3614195.7989748
2022-02-22,130.86549797461,132.68871395358,129.26239461934,130.49462327988,3054790.0526269
2022-02-23,129.88353435198,134.37121866626,125.94763921766,125.99789324134,3938702.3314746
2022-02-24,123.70429960076,128.63220916244,123.06305825865,128.15077561563,3430242.601099
2022-02-25,128.84227098141,133.75007893362,127.92061218719,133.72997732415,3144478.2443095
2022-02-28,132.02737100201,132.87766908261,129.15284084773,130.3649678988,3096423.6888131
2022-03-01,130.82529475567,132.91787230155,130.08354536621,131.92686295465,2634070.5721561
2022-03-02,132.67866314885,133.96014075259,131.79620249309,133.15909161519,1863109.9618882
2022-03-03,133.72997732415,137.99553885379,133.43850398683,137.16534238266,3592139.4269518
2022-03-04,135.85270728423,137.12513916371,132.13692477362,133.88978511944,3848510.9298196
2022-03-07,133.54906283892,133.54906283892,128.43119306774,130.34486628933,2376503.9456038
2022-03-08,128.64125488671,132.49774866361,127.53968668772,129.32269944775,2375482.5491719
2022-03-09,132.8475166684,133.94003914312,131.18511356519,133.25959966254,1805585.2742728
2022-03-10,131.39618046463,134.52097565682,131.28562161255,134.33101544732,1933127.036754
2022-03-11,135.4325836463,136.44369460267,130.16395180409,130.31471387512,1815769.2856185
2022-03-14,130.9951533557,132.25753443044,126.89844534562,127.57988990667,1737148.7180306
2022-03-15,129.2221914004,131.14491034625,128.86237259088,130.28456146092,1649204.787899
2022-03-16,131.92686295465,135.61249305106,131.29567241728,135.00240920363,1673086.2945044
2022-03-17,133.99933889106,136.85376743586,133.60936766733,136.82361502166,1167918.3960314
2022-03-18,136.21353117423,139.38858039009,136.21353117423,139.11720866224,2766600.5033315
2022-03-21,137.62566923953,139.78860241855,137.01458031163,138.13625012008,1285102.4199146
2022-03-22,138.00558965852,140.19968033222,137.645770849,139.28807234274,1977714.0362304
2022-03-23,137.8467869437,137.95533563484,133.44855479157,134.18025337629,1337390.3291469
2022-03-24,134.89185035155,136.58440586896,133.58926605786,136.41354218846,1346741.6478001
2022-03-25,137.29600284421,137.65582165373,133.69982490995,135.71199601794,1403732.174036
2022-03-28,136.2527293127,137.24574882054,134.4606708284,135.42253284157,1568085.1438014
2022-03-29,138.21665655796,139.31822475694,137.2055456016,138.41767265267,1608646.4634989
2022-03-30,137.92719338159,138.21665655796,134.52097565682,135.46273606051,1439797.5522541
2022-03-31,135.17126272319,136.79446768793,132.28668176417,132.32688498311,3046440.1617559
2022-04-01,134.18025337629,134.60037701422,131.85650732151,133.96918647685,1466879.0349735
2022-04-04,133.8595382484,135.39490089024,132.89015242355,134.81086098334,1388006
2022-04-05,134.09034439717,135.4199885151,132.85001222376,133.25944226159,1797170
2022-04-06,132.01007854323,133.31965256127,129.85956733966,132.70952152451,2249499
2022-04-07,132.9001874735,137.08078928127,132.22482861209,135.93077255739,1956231
2022-04-08,135.71000145856,136.98545630678,134.65030018419,134.87006777803,2070939
2022-04-11,133.2193020618,133.8786048433,130.45966332647,131.26046031221,2308213
2022-04-12,131.68996044993,132.18970593727,125.02969780034,125.38995609342,2657493.0000001
2022-04-13,125.26050394911,128.52992322173,124.91028070597,128.290085528,2735911
2022-04-14,128.42054117731,128.96042686444,125.56958348747,126.43962231784,3360677
2022-04-18,126.43962231784,126.74970536119,123.13006284544,123.83954087666,1597266.0000001
2022-04-19,123.71008873235,126.82998576077,123.70005368241,126.52993776736,1579969
2022-04-20,127.71005964109,130.32017613221,126.84002081071,129.36985690226,2026141
2022-04-21,130.360316332,131.02965416344,124.85007040629,125.28960559396,2177667
2022-04-22,124.76979000672,125.09994314996,121.15014749096,121.31973983506,1947222
2022-04-25,119.53049042957,121.60975277852,118.22994795648,121.45019548437,2236880.9999999
2022-04-26,120.99962174176,121.28060314027,117.24049203174,117.93993501303,2931934
2022-04-27,118.19984280664,120.85009949756,117.52950147021,117.68002721941,2007479
2022-04-28,119.52045537962,121.55957752878,117.92989996308,121.05983204144,3152172
2022-04-29,120.7106123033,123.8897161264,119.05081504212,119.26957913096,2269171
2022-05-02,118.38047370568,120.33931545527,116.48987029574,119.57063062936,1756159
2022-05-03,119.72015287356,123.98003157592,119.08995173691,122.40051471431,3217838
2022-05-04,121.69003317809,126.69049856651,121.44016043442,126.30013512358,2460350.0000001
2022-05-05,124.62026776251,125.21032869938,120.79992424782,122.14963846565,2123645
2022-05-06,120.8802046474,121.88069912708,117.99914180771,121.07990214133,1629034.0000001
2022-05-09,119.1300919367,119.1300919367,112.6404251362,113.1100654737,1861704
2022-05-10,115.44020407132,117.93993501303,113.14017062354,116.64039604493,2141753.0000001
2022-05-11,115.69910835994,117.99914180771,113.84061710982,113.98913584903,1607013
2022-05-12,113.60981096105,116.25003260201,112.77991233046,116.13061550764,1338023
2022-05-13,117.379979226,120.71562982827,117.27059718158,119.37996468037,1328410.9999999
2022-05-16,119.47028012989,121.0297268916,118.83004394329,120.30017876048,2011653
2022-05-17,122.69955920272,123.70005368241,121.45019548437,123.0798875957,2216183.9999999
2022-05-18,121.19028769075,121.90478324695,120.31021381043,120.78988919788,1335997
2022-05-19,120.31021381043,123.57963308305,119.53049042957,122.40051471431,2310072.0000001
2022-05-20,124.03020682565,125.57961853741,122.4406549141,125.1300482998,2594718.0000001
2022-05-23,126.44965736779,126.46972746768,123.76026398209,125.98001703029,2037143
2022-05-24,125.3197107438,126.00008713018,123.79940067688,124.40953171363,2187684
2022-05-25,127.21031415374,127.46018689742,119.17926368144,120.37945565506,3524637
2022-05-26,120.74974899809,124.21986926964,120.71562982827,123.84957592661,1768031
2022-05-27,124.92031575592,130.76974636982,124.48981211321,130.54997877599,2698840.9999999
2022-05-31,128.91025161471,130.07030338854,126.71960021135,127.55953389189,3403072.0000001
2022-06-01,127.85958188529,128.98049696433,122.43061986415,123.08992264565,1757620
2022-06-02,122.96047050134,129.19022950822,122.30016421485,129.0999140587,1444413.0000001
2022-06-03,127.61974419157,128.71958566572,126.41453469298,128.48978302194,1722770
2022-06-06,129.37989195221,130.00005803891,126.97047646002,127.62977924151,1310577.9999999
2022-06-07,126.57007796715,131.20025001253,126.57007796715,128.90021656476,1236306.0000001
2022-06-08,127.87965198519,128.64030877114,126.40048562305,126.84002081071,1049455
2022-06-09,126.0904025797,126.92030121029,124.13055732512,124.14059237506,814426
2022-06-10,121.62982287841,121.92987087182,119.89978026761,120.57012160404,1379592
2022-06-13,116.47983524579,117.7000973193,115.37999377164,116.27913424686,1405809.9999999
2022-06-14,115.99012480839,116.70060634461,113.25055617296,116.01019490829,1314047
2022-06-15,117.24049203174,117.77034266893,113.77037176019,116.46980019584,1886299
2022-06-16,113.80047691003,115.08094928322,113.35993821737,114.96052868387,1601588
2022-06-17,114.76986273488,116.73071149445,112.67053028604,112.71067048583,2681452
2022-06-21,114.41060794679,115.57065972062,113.76033671025,113.88075730961,1588225
2022-06-22,112.66049523609,115.08094928322,112.52000453684,113.80047691003,2585285
2022-06-23,114.59926688579,118.74976354372,114.27011724754,118.59923779452,1801564.0000001
2022-06-24,119.94995551734,121.3498449849,118.44670503533,121.29063819021,3780403
2022-06-27,121.83052387734,122.29514668987,119.84960501787,120.57012160404,1805698
2022-06-28,120.44970100468,121.24046294048,116.72067644451,117.0598611327,1426079.0000001
2022-06-29,117.19031678201,118.54003099984,116.23999755206,117.90079831823,906647.99999999
2022-06-30,116.00015985834,119.94995551734,116.00015985834,118.76983364361,1611981.0000001
2022-07-01,118.79023198815,119.75990728068,116.6996200713,119.2099571406,1119770
2022-07-05,117.75043554843,120.6754891168,116.49025836041,120.56029008928,1484902
2022-07-06,120.79970372039,122.34036549716,120.55528143591,121.18036137655,1642289
2022-07-07,120.99003254847,123.21988502902,120.62039392973,123.14976388183,1221228
2022-07-08,120.95998062825,123.20986772228,120.95998062825,122.50965798108,1267400
2022-07-11,121.61010383574,123.4603003908,121.01006716195,123.11971196161,1304407
2022-07-12,122.42951952715,123.4102138571,118.75016276118,119.24000906082,1196763
2022-07-13,117.40984711924,119.69980344023,116.85989697916,118.64998969377,1378011
2022-07-14,117.10031234094,117.73040093495,113.02026330533,115.88020437989,1347360
2022-07-15,117.78048746866,118.88038774882,116.00041206078,118.83030121511,969438
2022-07-18,118.94950716533,119.39026866193,114.45975028401,115.10987349151,1178166
2022-07-19,116.99012196679,119.34018212823,116.37005067952,119.05969753948,1296959
2022-07-20,119.93020149527,121.21041329677,119.25002636756,119.86008034809,1316597
2022-07-21,122.11998474886,127.34000329159,122.11998474886,127.18974369048,1682559
2022-07-22,127.41012443878,128.54007663916,124.30976800244,125.04002966386,1079466
2022-07-25,125.0500469706,125.4096682826,123.1898331088,124.25968146873,1044007
2022-07-26,124.66037373837,125.6300490309,123.37014463013,125.17025465149,1259957
2022-07-27,125.04002966386,128.3297131976,124.71046027208,127.70964191033,1395945
2022-07-28,128.17043802042,131.82475151954,126.78003584477,131.10951581823,1861392
2022-07-29,131.26979272609,134.50037415006,130.90015410734,134.09968188042,2214917
2022-08-01,133.50966251337,135.2296340808,133.26023157552,133.42952405945,1081837
2022-08-02,132.40976223321,134.67968394072,131.09048293542,131.27981003283,1398687
2022-08-03,133.44955867293,135.25968600103,133.01981621374,134.5604779905,2113206
2022-08-04,134.68970124746,135.00023775643,132.74033335567,133.77011248864,895554
2022-08-05,132.26951993884,133.84023363583,131.74962171898,133.60983558078,675823
2022-08-08,134.19985494783,134.42023569613,132.14029668188,132.51995260736,1257078
2022-08-09,132.49991799388,132.49991799388,128.02017841931,128.87966333768,894724
2022-08-10,131.3699657935,132.77038527589,130.14985783244,132.58005644781,1022142
2022-08-11,132.90962583959,135.13046274407,131.5903465418,131.9499678538,1162499
2022-08-12,132.2595026321,133.62987019427,131.43006963394,133.54973174034,865778
2022-08-15,133.28026618901,134.61958010028,132.67021220848,133.90033747627,1291166
2022-08-16,132.88959122611,133.4195067527,131.66046768899,132.77038527589,1809979
2022-08-17,148.8401487498,149.00042565766,140.02992747109,142.28983187186,4110051
2022-08-18,141.88012402615,141.9632676721,138.75973297633,139.96982363064,1740337
2022-08-19,139.34975234338,139.73040999953,137.2601421572,137.61976346921,1477480
2022-08-22,135.29975522799,136.03001688941,133.55974904708,133.94040670324,1250729
2022-08-23,133.10997197441,134.10469053379,132.04413053717,132.64016028826,1188279
2022-08-24,133.01981621374,134.54044337702,132.650177595,133.66993942123,1020493
2022-08-25,135.29975522799,136.08010342311,133.99049323694,136.00998227593,969054
2022-08-26,135.99996496919,136.05005150289,129.7802192137,129.87037497437,1252797
2022-08-29,128.42988626501,129.35047675451,127.17972638374,128.11033417997,926015
2022-08-30,128.51002471894,129.01890390138,127.15468311688,128.2796266639,1772371
2022-08-31,129.37952694406,130.22999628637,128.00014380582,128.24957474367,1890926
2022-09-01,127.62950345641,129.11006139273,126.21005109121,128.92974987139,1282033
2022-09-02,129.79023652044,130.27006551333,127.11962254329,128.01016111256,1695916
2022-09-06,129.37952694406,130.56958298489,127.71965921708,129.30039022081,1533541
2022-09-07,128.96981909835,131.82475151954,128.61019778635,131.43006963394,1254602
2022-09-08,130.93020602757,135.26970330777,130.70481662589,135.18956485384,1355167
2022-09-09,135.9799303557,137.92028267144,135.42998021562,137.62978077595,2425230
2022-09-12,137.52960770854,139.99987555087,137.23009023698,139.86965056323,1851144
2022-09-13,136.31951705422,137.41040175832,133.43954136619,133.5397144336,1586967
2022-09-14,133.80016440886,135.35985906844,132.09521880154,133.25021426878,1577007
2022-09-15,133.8101817156,135.51011866955,132.65518624837,133.16005850811,1446479
2022-09-16,132.1202620684,132.13027937514,128.2796266639,129.89040958785,2300604
2022-09-19,128.78950757701,130.78996373319,128.35976511783,130.71984258601,1059566
2022-09-20,129.10004408599,129.60491634573,126.82010507173,128.1403861002,1274706
2022-09-21,128.73040546724,130.57459163826,126.32525011873,126.47951664254,1105658
2022-09-22,125.54991057698,126.03975687661,123.76282305438,124.38990645637,1378618
2022-09-23,123.72976594214,124.42997568333,121.43980962114,123.48033500428,1481866
2022-09-26,123.17981580205,124.24966416199,121.63013844922,122.31031357694,1733060
2022-09-27,123.87000823651,124.07035437133,120.60035931625,121.61010383574,1040450
2022-09-28,122.77010795635,124.42997568333,121.600086529,123.71974863539,1361213
2022-09-29,122.81017718331,124.23964685525,122.27525300334,122.74005603612,1312774
2022-09-30,123.0195388942,125.12517677116,121.3797057807,121.54999999529,1624289
2022-10-03,122.73,127.3,121.68,126.38,1343211
2022-10-04,128.79,131.56,128.575,131.41,1647799
2022-10-05,129.99,133.53,129.5,132.64,1567683
2022-10-06,132.3,133.82,131.6,132.18,1218384
2022-10-07,130.45,130.93,126.96,127.44,1154691
2022-10-10,128.05,128.05,124.31,125.95,1246005
2022-10-11,125,127.89,124.16,125.64,1985348
2022-10-12,126.2,127.1,125.27,125.69,1069633
2022-10-13,123,128.83,122.35,127.9,1553552
2022-10-14,129,130.22,125.47,125.7,1217213
2022-10-17,127.38,131.09,127.38,130.56,1197928
2022-10-18,133.92,134.675,131.2,132.3,1038147
2022-10-19,130.11,130.27,127.235,128.96,1033987
2022-10-20,127.83,129.74,125.61,125.94,1897350
2022-10-21,126.37,130.125,124.82,129.88,1067047
2022-10-24,131.13,133.13,129.805,132.3,1045328
2022-10-25,132.3,135.095,132.3,134.5,1205999
2022-10-26,134.41,139.31,134,137.69,1381919
2022-10-27,137.26,137.99,135.33,136.49,930704
2022-10-28,136.38,139.1218,135.02,138.77,901955
2022-10-31,137.69,138.93,137.35,138.35,1307634
2022-11-01,139.5,141.35,138.06,140.89,1182851
2022-11-02,140.61,140.94,135.21,135.27,1806134
2022-11-03,133.77,135.865,130.66,134.46,1199461
2022-11-04,135.65,137.005,133.11,136.08,1272088
2022-11-07,136.85,138.08,135.56,138.03,1213652
2022-11-08,138.5,140.685,136.6,138.75,1028120
2022-11-09,138.31,139.42,136.66,137,971246
2022-11-10,142.87,146.72,142.53,146.3,1591960
2022-11-11,147.12,149.74,146.35,148.31,1227498
2022-11-14,149.01,149.71,146.3,146.38,1206578
2022-11-15,148.27,149.46,146.495,148,1299334
2022-11-16,148.19,148.75,146.35,147.12,1476733
2022-11-17,145.33,145.56,142.16,144.44,1465186
2022-11-18,146.68,147.955,144.15,146.19,1283616
2022-11-21,145.62,147.16,144.43,145.14,1691900
2022-11-22,151.98,157.44,151.98,156.86,3512716
2022-11-23,156.67,157.28,154.35,155.35,1444152
2022-11-25,155.09,156.96,154.71,156.96,642657
2022-11-28,155.87,156.85,151.73,152.3,1386282
2022-11-29,151.88,152.9,150.49,150.94,954556
2022-11-30,151.38,154.98,149.1,154.98,2867702
2022-12-01,156.73,156.99,154.42,156.12,1372400
2022-12-02,153.97,156.73,153.59,155.67,1183218
2022-12-05,153.84,153.89,151.25,152.7,1124725
2022-12-06,152.15,153,149.91,151.35,1172286
2022-12-07,151.23,154.355,151.13,153.73,1011085
2022-12-08,154.42,156.99,153.4832,156.28,1289903
2022-12-09,155.67,156.7,152.68,152.95,1020219
2022-12-12,154.01,155.98,153.43,155.33,1071384
2022-12-13,159.2,160.265,156.76,157.66,1534443
2022-12-14,157.26,158.44,154.16,154.81,1344449
2022-12-15,152.81,153.04,150.24,150.86,1483896
2022-12-16,149.61,149.95,147.905,149.3,2436691
2022-12-19,148.91,149.13,146.24,146.95,1277354
2022-12-20,147.27,149.175,145.88,147.93,1548169
2022-12-21,148.94,150.27,147.89,150.09,1248131
2022-12-22,148.41,149.19,146.61,149.01,1166795
2022-12-23,149.01,150.25,148.22,149.23,779426
2022-12-27,149.23,149.81,147.3,149.55,879543
2022-12-28,149.78,151.37,147.64,148.09,784312
2022-12-29,149.61,151.9,149.02,151.09,854392
2022-12-30,149.76,149.85,147.83,149.65,699759
