Date,Open,High,Low,Close,Volume
2018-01-02,61.39795148979,61.510349259606,60.837593281928,61.31059571014,6468549.0788902
2018-01-03,61.210777172593,61.506971502793,60.697591085743,61.361145587964,7433867.0117151
2018-01-04,60.997704087035,61.819975498912,60.782126878996,61.750315016228,6403212.1347081
2018-01-05,61.868922980931,62.175683677931,61.482318873545,61.891718853171,6113334.1701329
2018-01-08,61.781095229507,62.200909567009,61.209809842449,61.910001836998,4663712.8664614
2018-01-09,61.868922980931,62.099311720172,61.550706490266,61.848441410441,5156299.6163041
2018-01-10,61.519926276987,62.069688657768,61.180071064958,62.010326817873,5085655.8860979
2018-01-11,61.988688096508,62.519010342586,61.799378213334,62.46994714548,6590765.9424053
2018-01-12,62.749399081827,63.219202337135,62.519010342586,62.810959508385,5483674.8393722
2018-01-16,61.750315016228,61.859781489017,59.423747466665,59.919933761927,14464427.3915
2018-01-17,60.331648043303,61.998986739297,60.279113393571,61.848441410441,10605189.205146
2018-01-18,61.810718291911,61.900860345085,61.096871917035,61.829001275738,7904127.4784087
2018-01-19,62.099311720172,62.419726797499,61.558806546392,62.279480111431,7490267.8733879
2018-01-22,62.290935905095,63.426910919223,62.019468309787,63.280762763693,6747873.8876766
2018-01-23,62.990086463857,63.681136966492,62.799619429808,63.430266656761,5889283.5569284
2018-01-24,63.711917179771,64.000510608032,63.139474641838,63.757624639339,6478547.7351398
2018-01-25,64.000510608032,64.259365258801,63.201035068395,63.51925155906,6181949.8129102
2018-01-26,63.928651538685,64.731598530947,63.628718031848,64.250339481975,6727309.8001415
2018-01-29,64.121432874484,64.957358666688,64.079196867542,64.428193571485,6762412.4599453
2018-01-30,63.928651538685,64.610676264495,63.309460105396,63.961746053715,5847899.3500687
2018-01-31,63.961746053715,64.02897651956,61.936269161864,62.600010903846,8886792.3926494
2018-02-01,62.181469432307,62.980944971943,61.94529493869,62.799619429808,7132976.3878968
2018-02-02,62.889645767894,64.288988321205,62.849724062702,63.47921413878,11718759.140005
2018-02-05,65.430633374621,65.891410853103,60.930357906102,60.961138119381,22939283.924835
2018-02-06,59.830833144541,61.205181238948,58.441789234019,60.899461977736,18286289.320687
2018-02-07,60.641764477841,62.768723501442,60.360113954831,62.628476815375,11917909.784854
2018-02-08,62.549906270952,64.765850196852,62.53046613625,62.690037241932,14787500.052954
2018-02-09,63.29904574752,63.319643033098,60.56874825762,62.700451599808,11157814.532817
2018-02-12,62.951206194452,63.588796326656,62.300077397009,63.158799061453,7452029.7009834
2018-02-13,62.799619429808,64.111134231696,62.690037241932,63.870562564753,7357290.9242816
2018-02-14,63.591110628406,65.940474050209,63.269422685116,65.348475662486,10290474.403343
2018-02-15,67.307879239366,69.440624017342,67.181286933625,68.97984653886,15580807.538295
2018-02-16,68.858924272408,70.050789673805,68.520226211254,68.95705066662,10520903.890756
2018-02-20,67.351272397184,68.828144059129,67.351272397184,67.351272397184,8693284.9690238
2018-02-21,67.33981660352,67.751530884896,66.509560850605,66.530158136182,7045248.6734867
2018-02-22,66.99996139149,66.99996139149,65.860630639824,65.940474050209,6187148.4857877
2018-02-23,66.17086278945,68.030982821243,66.17086278945,67.949982259983,5240745.3889735
2018-02-26,67.990019680263,68.864710026784,67.881594643262,68.633164136668,4229350.5513894
2018-02-27,68.539550630868,68.879521557986,67.820034216704,67.839358636319,4398539.3391139
2018-02-28,67.849657279108,67.938642181407,66.17086278945,66.200485851854,8363900.071772
2018-03-01,66.097846569229,66.519743778306,64.829724925159,65.690760891353,7801328.084442
2018-03-02,65.451230660199,66.499377922904,65.130815582872,66.17086278945,5391364.8573862
2018-03-05,65.829850426546,67.13916664177,65.60061883818,66.821991586893,6339604.8946084
2018-03-06,67.221208638818,67.399062728327,65.183118802428,65.469397928939,6543427.2427964
2018-03-07,64.899269692756,66.258574825786,64.698504015918,66.097846569229,5927647.1147642
2018-03-08,66.200485851854,66.961196837173,66.079563585402,66.749091081759,3728443.6452077
2018-03-09,66.950898194384,68.04926580507,66.670289107162,67.919202046704,6260864.5974685
2018-03-12,67.899761912002,68.180370999224,67.179088346963,67.449283076309,5031690.1718814
2018-03-13,67.809619858828,68.220292704416,66.270146334538,66.681860615914,5905826.5424537
2018-03-14,67.079804801875,67.260088908223,66.270146334538,66.628168815307,4859343.074205
2018-03-15,66.758232573673,66.929259473019,66.209627343768,66.24954904896,3422214.7189493
2018-03-16,66.181161432239,67.437942997732,66.181161432239,66.600860054654,9506060.5154033
2018-03-19,66.616828736731,66.983992709413,65.177564478227,66.071694959451,5553650.4318262
2018-03-20,66.379612807326,67.156176759635,65.721541104632,66.433188892845,6307370.3169403
2018-03-21,66.539183913008,66.993134201327,66.088820792403,66.097846569229,4331812.3691951
2018-03-22,65.580021552602,65.891410853103,63.908054253108,63.951447410926,6778659.079906
2018-03-23,64.050730956013,64.050730956013,61.941939201152,62.060547165854,8481498.4539028
2018-03-26,62.779022144231,63.571670493704,61.729833445738,63.399486443482,6676539.2223671
2018-03-27,63.637859523762,63.669796887916,61.80053536421,62.410701020673,6221379.5853217
2018-03-28,62.581727920019,63.36187904004,62.419726797499,62.570272126355,5521238.7362762
2018-03-29,62.869164197404,63.750797449176,62.378763656519,63.248941114626,5732271.1851677
2018-04-02,62.930724623962,63.230658130799,60.729592229265,61.998986739297,6319735.2494614
2018-04-03,62.319517531711,62.858865554616,61.530224919776,62.768723501442,6070445.3380991
2018-04-04,61.868922980931,63.230658130799,61.550706490266,62.980944971943,5259793.4526588
2018-04-05,62.990038360809,63.191713553084,62.159306739265,62.311195524325,3856730.5551786
2018-04-06,62.069852178495,62.129871819526,59.980087857172,60.878772750458,6462047.3687945
2018-04-09,60.910507273301,61.04192959073,58.341505664975,60.478756790409,10349079.539365
2018-04-10,61.36042462072,61.479429081384,60.529692999176,61.209685637212,6847955.9437262
2018-04-11,60.59879607247,60.770001523609,59.940419703617,60.179578426498,7817771.7674493
2018-04-12,59.301245020688,59.310443433107,57.8485857395,58.842359221162,14987227.15337
2018-04-13,59.150506037181,59.280893533213,57.91079000348,58.648617659597,11551328.051795
2018-04-16,58.409343956562,58.668969147073,52.699084507326,54.080456092271,34837339.857528
2018-04-17,54.200610354487,54.230045274226,52.199265772537,52.381739278888,27808170.741209
2018-04-18,52.350004756044,52.850973292386,52.040593158318,52.297803765569,14688399.874147
2018-04-19,52.350004756044,52.539262091555,51.512489305342,51.608842675425,17146122.168689
2018-04-20,51.620225710793,51.848001398306,51.018419578314,51.169158561822,11669062.168317
2018-04-23,51.249644670484,51.529506368316,50.659221573373,50.898380296253,10409579.526345
2018-04-24,51.018419578314,51.974939489681,50.720505996111,51.578257954134,12137774.039265
2018-04-25,51.480754782498,51.869617667489,50.560568600185,51.760731460486,14309570.118013
2018-04-26,51.529506368316,52.759104148356,50.560568600185,52.040593158318,14220724.853371
2018-04-27,52.329653268568,52.869025176757,52.010008437026,52.271818250487,7201826.2895294
2018-04-30,52.669649587586,52.675283615193,51.827534930675,52.130162699243,11437473.960985
2018-05-01,51.979423715735,52.735303256223,51.620225710793,52.690001075062,9821886.6713907
2018-05-02,52.36023798986,52.398756341862,51.273445562617,51.502371051682,8251967.5579629
2018-05-03,51.598724421765,51.848001398306,50.757759566406,51.450170061207,8177466.1227341
2018-05-04,51.15789050661,51.502371051682,50.669454807188,51.331165600543,6149499.2526888
2018-05-07,51.31989754533,51.677945748719,51.037736244393,51.31989754533,6800647.3382222
2018-05-08,51.200893084666,51.200893084666,49.960027249413,50.528834077341,12207232.411739
2018-05-09,50.51078219297,51.212276120034,50.350959777199,51.092121857817,11587310.723709
2018-05-10,51.331165600543,51.701861621007,50.993583864784,51.148692094191,9126070.1979847
2018-05-11,51.381066987913,52.109811211767,51.049119279761,51.858119651966,8987721.7351761
2018-05-14,51.93975556218,52.600431534137,51.697262414798,52.020241670842,8716944.1210125
2018-05-15,51.951138597548,52.339771522229,51.707380668458,52.297803765569,8133050.9910316
2018-05-16,52.448542749077,52.619748200216,52.119929465427,52.209499006352,5417359.4910574
2018-05-17,52.048641769184,53.399313652682,51.961371831364,52.741052263985,8097423.9366666
2018-05-18,52.879258410573,53.150151656297,52.430375884551,52.710352562538,6440124.3852249
2018-05-21,52.070028078057,52.759104148356,51.921588697654,52.241233529196,5440782.5982815
2018-05-22,52.279751881198,52.820388571094,52.199265772537,52.339771522229,3782825.6397088
2018-05-23,52.339771522229,52.625497207978,52.109811211767,52.500743739552,5962153.221626
2018-05-24,52.539262091555,52.750020716093,52.114295437821,52.690001075062,4930384.9382556
2018-05-25,52.808890555571,52.999412672789,52.539262091555,52.770487183724,3735456.146833
2018-05-29,52.371506045073,52.619748200216,51.772114495853,52.271818250487,7711435.9434239
2018-05-30,52.480277271921,53.451514643157,52.480277271921,53.020798981662,6455698.3160339
2018-05-31,53.139803442326,53.18188617914,52.458890963048,52.619748200216,8862307.8679698
2018-06-01,52.910992933416,53.399313652682,52.699084507326,53.128535387113,6115840.8900138
2018-06-04,52.329653268568,52.398756341862,49.971295304626,51.450170061207,15081859.365613
2018-06-05,51.398084050887,52.178914285061,51.267696554855,51.921588697654,8081588.8078565
2018-06-06,52.010008437026,52.964228745288,51.677945748719,52.922260988629,7211825.0548984
2018-06-07,52.949511285419,53.087717432006,52.398756341862,52.619748200216,5723784.4553764
2018-06-08,52.619748200216,53.217989947883,52.590313280477,53.161419711509,4687514.0361914
2018-06-11,53.301925461202,53.499116427423,52.861091546046,53.117267331901,4927202.911257
2018-06-12,53.139803442326,53.35861067773,52.978946205158,53.128535387113,8287311.353685
2018-06-13,53.349527245467,54.298113526123,53.237306613962,53.46059807542,7313274.887939
2018-06-14,53.478764939947,53.85842941252,53.107034098085,53.629388943299,4789143.0016449
2018-06-15,54.138176130197,54.811384939074,53.85842941252,54.801151705258,14496731.722108
2018-06-18,54.278796860044,54.490705286135,53.509349661238,53.649855410931,8520766.7737539
2018-06-19,53.399313652682,53.728041916488,53.041265449293,53.639622177115,5470716.2421655
2018-06-20,53.59995402356,54.303632573574,53.561550651713,54.25166154341,6142043.6381268
2018-06-21,54.180258867011,54.389867689997,53.493482399816,53.939950342578,5844159.6719551
2018-06-22,54.649377900353,55.333854764443,54.240278508042,55.137813599775,10990315.337245
2018-06-25,54.998342671479,55.330405359787,54.25166154341,54.669729387829,7436731.5349889
2018-06-26,54.601776116088,55.240835818862,54.57567562085,54.90888811071,8749722.7052859
2018-06-27,54.649377900353,54.80690071302,54.298113526123,54.471388620056,9406595.0861987
2018-06-28,54.490705286135,55.635217751304,54.480587032474,55.299820638495,10414926.143535
2018-06-29,55.28958740468,55.850575582052,55.149081654987,55.33948879205,7804345.6607429
2018-07-02,55.169548122618,55.240835818862,54.480587032474,55.191049411647,5499339.483916
2018-07-03,55.252333834385,56.020631231638,55.085727589455,55.649935211173,3933214.8009083
2018-07-05,55.42881452984,56.909616366226,54.868662308814,55.949926184411,5349935.811698
2018-07-06,56.21761661814,56.682336343389,56.110768752055,56.561904186637,5157559.0710414
2018-07-09,56.641697625091,56.750828565238,56.297410056594,56.449348635397,4119301.3342015
2018-07-10,56.771147924387,56.771147924387,56.000382121174,56.180402510935,3717675.4913878
2018-07-11,56.000382121174,56.108485677993,55.529041481146,55.749586435502,3898029.2412624
2018-07-12,56.550602970031,56.850941362841,56.189534807181,56.809389414919,4081483.1753497
2018-07-13,56.619209345584,57.070458933869,56.524690079432,56.861215196119,3685663.067421
2018-07-16,56.881306247861,56.930848954999,56.208598475596,56.43131235031,3777391.3676862
2018-07-17,56.630510562189,56.809389414919,56.411107144865,56.630510562189,3900616.579635
2018-07-18,56.579940471724,56.909616366226,56.291930678846,56.881306247861,3730366.8705095
2018-07-19,56.839754299939,56.930848954999,56.078120792973,56.540443290457,3796936.3937303
2018-07-20,56.600145677169,56.881306247861,56.421266824439,56.710418154347,4779149.0572533
2018-07-23,56.010541800748,56.171498522094,55.449133888988,55.880064118125,7593851.4559177
2018-07-24,56.078120792973,58.272040812515,56.040906685768,58.26073959591,9670426.4801542
2018-07-25,58.07855028579,59.208101177792,57.949099986495,59.040409387963,8873772.4629368
2018-07-26,60.110372046956,60.990154636612,56.078120792973,57.921018175537,14646164.368942
2018-07-27,58.559936451689,58.76141773763,56.828567237037,56.919661892097,6386998.9821439
2018-07-30,56.919661892097,59.020204182518,56.818407557463,58.930251064489,8096923.0055331
2018-07-31,59.139494802239,59.420769526634,58.411536637682,58.751372211759,6560957.713265
2018-08-01,58.861530535233,60.189252255786,58.770435880173,59.618826201482,7722990.8380938
2018-08-02,59.499535581761,59.723390993506,58.634250512396,59.269972484862,5852170.9870747
2018-08-03,59.150681865141,59.343030854835,58.890753883222,59.160841544715,4666598.504822
2018-08-06,59.030363862092,59.628871727354,58.721007326739,59.390404641614,5524833.1307
2018-08-07,59.381386499071,59.482640833705,58.828882576152,58.979679617924,5123227.7306149
2018-08-08,59.337551477087,60.438906404427,58.861530535233,60.167791359606,7005811.9274602
2018-08-09,59.770650626582,60.140851085679,59.348738539989,59.532183540843,3998527.4720403
2018-08-10,59.618826201482,59.831494550325,58.979679617924,59.310382895753,3535515.670894
2018-08-13,59.199083035248,59.799873974571,59.121458517152,59.420769526634,4797808.8242733
2018-08-14,59.300337369882,60.140851085679,59.300337369882,59.961972232948,5212831.7647479
2018-08-15,59.869621887155,60.419728582309,59.390404641614,60.260027551697,5214559.6197105
2018-08-16,60.281488447876,61.353620027227,59.929324273867,61.109445256333,7285525.3370183
2018-08-17,61.299739479372,61.589918192608,60.80008872098,60.889014455681,8868258.2591361
2018-08-20,61.109445256333,61.109445256333,60.318588401378,60.318588401378,6186864.6704408
2018-08-21,60.409683056438,60.660592895813,60.05980195649,60.080007161936,5098610.2414679
2018-08-22,60.12053172653,60.738217413909,59.869621887155,60.570525624081,5556199.3866844
2018-08-23,60.53901920203,60.725888813976,59.919164594292,60.09016684151,3416547.8793521
2018-08-24,60.100326521084,60.251123562856,59.634579412508,59.969734684758,4575654.1387529
2018-08-27,60.229662666677,60.630228010793,59.956264547794,60.009231866024,4334352.6159863
2018-08-28,59.929324273867,60.281488447876,59.681839045584,60.167791359606,3061891.4272298
2018-08-29,60.100326521084,61.249055235203,60.05980195649,61.11857755258,4619646.8904163
2018-08-30,61.050998560355,61.228735876055,60.479430969021,60.689816243802,3930193.6524712
2018-08-31,60.470412826478,60.699975923377,60.21162638159,60.550320418635,3352402.1526762
2018-09-04,60.500891865201,60.689816243802,59.879781566729,60.479430969021,4746795.3286025
2018-09-05,60.600890509101,61.310926542274,60.409683056438,61.200654065096,6296634.1229862
2018-09-06,61.028510280848,61.378391380796,60.868695096532,60.93969869985,4979534.0145837
2018-09-07,60.721322665853,61.413322413939,60.641529227398,61.310926542274,3519916.9802584
2018-09-10,61.498709383845,61.768797045338,60.80008872098,60.859676953989,3963890.379501
2018-09-11,60.850772965148,61.008190921699,60.438906404427,60.489590648596,3585842.1131253
2018-09-12,60.528973676159,60.641529227398,59.879781566729,60.32977546428,7025582.7123318
2018-09-13,60.699975923377,60.958648214561,59.522023861268,60.791184732139,6119316.5626964
2018-09-14,60.669611038357,60.721322665853,60.290392436717,60.689816243802,3893810.0398694
2018-09-17,60.850772965148,61.498709383845,60.660592895813,61.299739479372,4430909.8442414
2018-09-18,61.180448859651,61.652931036709,61.129764615482,61.47964571543,3703571.7863734
2018-09-19,61.539348102142,62.241393376099,60.589703446199,60.80008872098,4449378.5161909
2018-09-20,60.830453606,61.94995897213,60.820408080129,61.750874913954,4518208.2941289
2018-09-21,61.871192917003,62.613762755554,61.750874913954,62.252580439001,9010581.423545
2018-09-24,61.991510920052,62.289794546206,61.2748539721,61.589918192608,3938278.3071733
2018-09-25,61.820622826537,62.513649957951,61.736263239959,61.820622826537,5904413.7128965
2018-09-26,61.879069522516,62.381916584594,61.420057482421,61.620283077628,5841988.7306691
2018-09-27,61.658638721863,62.091737871358,61.471769109917,61.94995897213,4708246.5644116
2018-09-28,61.94995897213,62.110915693476,61.685578995791,62.080550808456,3690951.5123943
2018-10-01,62.370729521692,62.644127640574,62.039912090159,62.101783397229,4343982.0299091
2018-10-02,62.230092159494,62.820723419243,61.918452550079,62.800518213797,5330123.2525552
2018-10-03,62.990698283133,63.204508169006,62.319017894195,62.648693788698,4742760.1117657
2018-10-04,62.229646751207,62.600772921224,61.897538735985,62.359291376002,4369000.4827621
2018-10-05,62.481109684864,62.888078113354,62.117809830781,62.409652017655,3798352.2284338
2018-10-08,62.459899234439,63.147367362943,62.210591373285,62.899307175344,7767795.8838242
2018-10-09,62.710341344278,63.689651659657,62.469994047743,63.231301765698,6618852.0763464
2018-10-10,62.930612439074,63.350965002057,60.750586464835,60.769641842758,10428273.163783
2018-10-11,60.769641842758,60.769641842758,57.022424459255,57.497561233766,12540078.892823
2018-10-12,57.808345373693,57.959313873782,56.660258853858,57.508676870887,10713214.434017
2018-10-15,57.699911199324,58.193989926889,57.344324236305,57.609284729324,6356569.1379807
2018-10-16,57.930163682556,58.089979322395,57.119629571634,57.828421575433,6445683.5610914
2018-10-17,57.930163682556,59.276063173207,57.660779619662,58.900400008447,6546150.4078003
2018-10-18,57.497561233766,57.531021569999,55.699890491533,55.978348543914,13606647.63259
2018-10-19,55.84859049425,55.84859049425,54.28911197605,54.300227613172,14981774.905836
2018-10-22,51.250573171478,51.900043969006,50.511723577504,50.878312752776,24632339.516466
2018-10-23,50.522839214625,51.030415501551,49.829699842691,50.650328766917,15370011.51253
2018-10-24,50.699441735015,51.170041514781,48.67163193442,48.82815825307,13583330.929926
2018-10-25,48.82815825307,50.370849890719,46.940995289522,49.208244987704,16207142.502622
2018-10-26,49.208244987704,51.060586516595,48.792315994596,50.428923423435,13671949.785889
2018-10-29,51.180249752954,51.211555016684,49.199284423086,49.727957735569,10028871.089329
2018-10-30,49.720244844505,50.190844624272,49.078600362909,50.019799922443,11263988.11995
2018-10-31,50.402155154449,51.15892587766,50.109292143758,50.540760343862,9516531.5876467
2018-11-01,50.681634030647,52.235554730286,50.641368202298,52.130409877106,8305559.5903378
2018-11-02,52.461383643642,52.491554658686,50.375273460594,50.690594595265,9236502.1571396
2018-11-05,51.311028626435,52.130409877106,51.22153640512,52.030936267355,6803617.2206713
2018-11-06,51.969459988581,52.119294239985,50.500494515514,51.348912532543,10196696.603547
2018-11-07,51.880081192135,53.109720192485,51.880081192135,52.98892270744,9499806.6436698
2018-11-08,53.007978085362,53.669812193566,52.618930786109,52.810051689678,6983387.334394
2018-11-09,52.800070301243,53.6205858006,52.602143905559,53.3902198925,8107392.664408
2018-11-12,53.362317374827,53.530072755467,52.700596691492,52.850430942895,6259781.4748082
2018-11-13,53.019093722484,53.319896473976,52.300433755118,52.592162517123,4586635.8624931
2018-11-14,52.888314849003,52.942078236713,52.273438636394,52.592162517123,6382371.727114
2018-11-15,52.149465255029,53.351201737706,51.706654568066,53.26738075982,7628079.0455748
2018-11-16,53.590414785556,54.808938148784,53.427196399659,54.071109378626,10125939.633521
2018-11-19,53.960406706886,54.129296336212,52.98892270744,53.481980611187,11082723.254054
2018-11-20,53.007978085362,53.810572455483,52.899543910993,53.521112190849,12617946.446348
2018-11-21,53.799456818361,53.879988475058,52.952059625149,53.199098988931,6934601.7006223
2018-11-23,52.98007556769,53.438312036781,52.679272816198,52.930849174723,2328099.3204637
2018-11-26,53.3902198925,53.471885797882,52.350680971902,52.730767706536,6750454.6734438
2018-11-27,50.690594595265,51.250573171478,49.858850033918,51.148944489224,16857891.046219
2018-11-28,51.45190231322,52.331625593979,51.259533736096,52.000765252311,7995040.2568805
2018-11-29,51.989536190321,52.36848867627,51.380217796273,51.819625737178,7466267.4265457
2018-11-30,51.801704607941,53.481980611187,51.749302318654,53.460770160761,13932063.499826
2018-12-03,53.579299148434,53.99057772193,52.952059625149,53.278496396942,9599851.2743243
2018-12-04,53.418349259909,53.830762082091,51.949270361973,52.030936267355,9190039.6061889
2018-12-06,52.159446643464,53.250593879269,51.660944346025,53.250593879269,11399099.940732
2018-12-07,53.232672750033,53.799456818361,52.74970965959,53.080683426126,10462855.521068
2018-12-10,53.250593879269,53.289725458932,51.369102159151,52.580933455133,8036862.9038672
2018-12-11,53.070588612822,53.170062222573,51.920233595615,52.430078379912,8788885.1562073
2018-12-12,52.999130945612,54.248846147702,52.959885941081,53.438312036781,7447179.146098
2018-12-13,53.511017377545,53.934772686585,53.308667411986,53.640775427208,8455634.1397875
2018-12-14,53.210328050921,53.257285946516,51.929194160233,52.119294239985,10708011.87349
2018-12-17,51.929194160233,52.441194017034,50.759897189972,50.91971282981,12517416.088326
2018-12-18,51.359120770716,52.048743971724,51.055028698034,51.561357311406,8410169.879337
2018-12-19,51.850931000908,52.000765252311,49.858850033918,50.391039517327,7811241.2001363
2018-12-20,50.250052405674,50.588739063274,49.749281610863,50.062334248163,10181986.131082
2018-12-21,50.218747141944,51.380217796273,49.629618374504,49.819718454255,14465356.367702
2018-12-24,49.459707921361,49.690073829461,48.75102934243,48.761010730866,5580835.6972147
2018-12-26,48.810237123833,50.098063081767,47.890248014725,50.031028984433,8389848.0481728
2018-12-27,49.640847436494,50.412136542884,48.715187083957,50.412136542884,7919132.6088076
2018-12-28,50.608928689883,51.694404682258,50.500494515514,50.942170953791,7686552.3909192
2018-12-31,51.071815578585,52.006323070872,51.030415501551,51.980575625703,7369837.5735882
2019-01-02,51.341199641479,52.840222704722,51.341199641479,52.430078379912,8441327.992864
2019-01-03,46.920085589435,47.619958738165,44.297952711895,45.121054852081,80351631.889155
2019-01-04,45.876409181439,47.551198086312,45.862004331296,46.891275889149,47515833.1653
2019-01-07,47.040951285163,48.740273450436,46.359984502245,48.413013261256,26804966.957868
2019-01-08,48.780111864112,48.879932974085,46.998862113653,47.990433477773,16415905.076223
2019-01-09,48.000449350138,48.000449350138,46.739237197409,47.179597967787,19719819.810819
2019-01-10,47.079776857814,48.011478063528,46.419854660651,47.720905227056,24947803.722287
2019-01-11,47.500218421354,48.020368556976,47.099808602543,47.990433477773,12470922.153072
2019-01-14,48.299912680058,48.370924089745,47.57888240768,47.9682635131,18296195.534632
2019-01-15,48.29102218661,49.828289787777,48.000449350138,49.719690722248,23116884.457127
2019-01-16,49.651942911421,50.255258549038,49.100619779787,49.129429480072,14961180.94227
2019-01-17,49.16161531711,49.887034567265,48.469619820801,49.599837867545,21202465.747787
2019-01-18,49.780573721679,50.329646095478,48.938677753573,50.122238761001,20409895.85757
2019-01-22,49.780573721679,49.799480087491,49.029720907991,49.719690722248,17123094.835109
2019-01-23,50.028044545615,50.400544967274,49.599837867545,49.95917135587,15683461.277161
2019-01-24,48.750176784909,50.498227857304,48.299912680058,49.020830414543,20224515.641475
2019-01-25,49.567652030507,50.100068796329,48.459603948436,48.9287744191,19652677.656665
2019-01-28,48.670387419665,48.828953309127,48.142359631622,48.318706507978,9723453.7009599
2019-01-29,48.299912680058,48.651481053853,47.879471116517,48.318706507978,10883116.412948
2019-01-30,48.780111864112,49.210456762125,48.181185204272,48.861139146164,10567543.239597
2019-01-31,49.089591066396,49.549871043612,48.664760525078,49.370148030504,12945462.075841
2019-02-01,49.009801701153,50.039073259006,48.579456803139,49.891536082935,18512251.867858
2019-02-04,50.822111909732,50.899763055032,49.57879328179,50.850921610017,26142067.110934
2019-02-05,51.019615909735,51.069470195776,50.089040082938,50.149923082369,15027999.430707
2019-02-06,50.039073259006,51.220270970708,50.001260527381,51.139243688655,13101232.738993
2019-02-07,50.748962280101,50.769894327965,49.776184743901,50.048976593479,10644225.869035
2019-02-08,49.708436933074,50.253120329095,49.57879328179,50.219921651032,9618754.6030468
2019-02-11,50.219921651032,50.319630223113,49.57879328179,50.100068796329,14105576.477313
2019-02-12,50.379612919411,50.448261033372,49.511158008854,49.708436933074,13815505.277488
2019-02-13,49.849446911424,51.18808513367,49.708436933074,50.980677799193,14606515.441546
2019-02-14,51.058328944494,51.361168411166,50.509369108587,50.829877024262,17855334.878037
2019-02-15,51.419913190654,51.86916445448,50.920807640788,51.670647613451,15449625.868846
2019-02-19,51.679538106898,52.020077767303,51.255832944497,51.361168411166,9732722.801922
2019-02-20,51.350027159884,51.890321578127,50.748962280101,51.300172873843,21470561.938679
2019-02-21,51.078360689224,52.800865660194,50.089040082938,50.132254633366,25946990.44694
2019-02-22,50.439483077816,51.040660495491,50.132254633366,50.980677799193,14910251.826011
2019-02-25,51.150497477829,51.150497477829,50.571490024827,50.649141170128,10551463.634921
2019-02-26,50.598048967278,50.859812103465,50.089040082938,50.159938954734,12319460.120745
2019-02-27,50.001260527381,51.139243688655,49.94814264248,50.95974575133,17453643.18276
2019-02-28,51.858135741089,52.620017268168,51.073971711446,51.660631741086,80889791.509367
2019-03-01,51.670647613451,53.278926624305,51.51084380718,53.220181844817,34760679.318962
2019-03-04,53.200150100087,53.264521774163,52.510292823722,53.051600082991,20534600.922835
2019-03-05,53.138029183847,54.379209591846,52.920718514897,53.802452896679,23848425.778799
2019-03-06,53.810218011209,54.000969737708,52.651077726288,52.889658056777,23652809.070892
2019-03-07,52.699919171304,52.822022783841,51.220270970708,51.51084380718,19096903.048164
2019-03-08,51.089501940506,51.408884477264,50.361831932516,51.391103490369,18674902.45606
2019-03-11,51.391103490369,51.549781917722,50.541554945624,50.899763055032,13960604.889284
2019-03-12,50.910904306315,51.089501940506,50.354066817986,50.379612919411,12772707.527472
2019-03-13,50.51927244306,51.030644623126,50.308601509723,50.969649085803,12357715.785761
2019-03-14,51.000709543923,51.240302715437,48.790127736476,49.891536082935,31496054.356843
2019-03-15,49.881632748462,50.089040082938,48.839982022517,49.95917135587,27370739.140591
2019-03-18,50.001260527381,50.111097509719,49.629772946748,49.860475624815,11628247.186891
2019-03-19,50.012514316555,50.111097509719,49.463441942756,49.599837867545,11656535.029687
2019-03-20,49.698533598601,49.698533598601,48.550534564962,49.18941217637,17438165.83073
2019-03-21,49.129429480072,49.22823774902,48.730145040179,48.92100930457,13308381.50316
2019-03-22,48.780111864112,49.060781366111,48.152375503987,48.161265997434,14120027.836065
2019-03-25,48.152375503987,48.196715433332,47.385879923346,47.490090011097,12968790.350075
2019-03-26,47.859439371788,48.437433983764,47.790791257826,48.33761287379,16679919.833396
2019-03-27,48.260974569516,49.095217960983,47.959373019653,47.979292226491,19695775.685387
2019-03-28,48.28325707208,48.511708992312,47.780775385461,47.839632702841,16788369.486702
2019-03-29,46.739237197409,48.299912680058,46.520801149542,47.709876513665,49293132.11039
2019-04-01,48.050303636178,48.099145081194,46.750265910799,47.089792730179,21242529.072315
2019-04-02,47.120740650407,47.439222884031,46.688257532451,46.699398783733,15098109.572447
2019-04-03,47.079776857814,47.470283342151,46.341078136433,46.880134637867,21744032.423008
2019-04-04,46.641702997235,46.735184968753,46.169942546695,46.669145198898,17925868.616784
2019-04-05,46.879200750652,47.100188561605,46.509735011189,46.641702997235,16044746.163167
2019-04-08,46.701049547173,46.890133009851,46.529591563612,46.790069372079,15953399.303944
2019-04-09,46.599870372748,46.669145198898,45.879679909592,45.979743547364,16073367.263462
2019-04-10,45.979743547364,46.318420475205,45.710452999337,45.890723722457,13083661.043515
2019-04-11,46.110595996757,46.329352734404,45.429003101794,46.090850997999,19846094.507701
2019-04-12,46.409671373417,46.418484112976,45.397098753519,45.569672273733,25363463.722972
2019-04-15,45.829146099213,46.710866269719,45.649990912746,46.502037808283,20263678.980466
2019-04-16,46.841718719112,46.890133009851,45.979743547364,46.019345098544,21336617.343794
2019-04-17,46.169942546695,46.199615821664,45.429003101794,45.800476807232,20085450.14639
2019-04-18,46.051249446819,46.129337012527,45.024286404097,45.520254000006,23633791.711576
2019-04-22,45.342102796527,45.649990912746,44.900127174622,45.240923622103,15747902.750699
2019-04-23,45.342102796527,45.543345608723,44.950660985001,45.321130707452,14386255.814137
2019-04-24,45.510325723795,45.547696201669,44.610980074172,44.620796796718,15061949.531379
2019-04-25,45.050724622772,45.750054550518,44.540478157705,45.63995108287,17287972.251294
2019-04-26,46.079807185135,46.149193564949,45.262899694167,45.890723722457,13671837.024207
2019-04-29,45.78084336214,46.780252649533,45.770803532263,46.318420475205,15735810.545015
2019-04-30,46.481177272873,46.580013820326,45.999600099787,46.429416372175,14162582.297327
2019-05-01,46.318420475205,46.863806344841,45.848891097971,46.580013820326,18282329.923055
2019-05-02,46.780252649533,47.069399749983,46.509735011189,46.879200750652,12676392.463708
2019-05-03,47.370594646284,48.798816223079,47.270531008513,48.619549482947,24355119.29386
2019-05-06,47.788474676486,48.200777023422,47.591582457237,48.101717368639,14481214.418283
2019-05-07,47.750992644946,47.918211589226,46.925383968084,47.219885644468,13189739.565427
2019-05-08,47.090148731728,47.679486745491,46.808810387849,47.450913285298,13207568.178875
2019-05-09,47.169351834089,47.380522922495,46.760396097111,47.231041010998,13886262.436663
2019-05-10,46.899949732397,47.320060835904,46.226054040339,47.008937663392,12019898.931645
2019-05-13,46.351440360133,46.588938113549,45.824795506266,45.900651998668,15453983.478228
2019-05-14,46.090850997999,46.43499405544,45.879679909592,45.910468721214,12971103.937092
2019-05-15,45.620317637777,46.749463837911,45.5234890563,46.63065918437,10143295.934218
2019-05-16,46.701049547173,47.836777413559,46.63065918437,47.119933560362,15378051.338969
2019-05-17,46.690117287974,47.231041010998,46.588938113549,46.851646995323,10145345.106043
2019-05-20,46.379998098449,46.580013820326,46.099663737558,46.310723272299,11081098.100783
2019-05-21,46.550340545357,47.460730007844,46.475599589608,47.429941196222,12018925.734197
2019-05-22,47.460730007844,47.819263488108,47.069399749983,47.740060385747,9222162.7299362
2019-05-23,47.510259835235,47.639996747976,46.890133009851,47.300204283482,10834483.500563
2019-05-24,47.400267921253,47.538817573551,46.780252649533,46.808810387849,9468895.5690991
2019-05-28,47.060475456759,47.231041010998,45.859934910835,45.859934910835,16422907.043955
2019-05-29,45.610277807901,45.649990912746,44.860525623441,45.379473274402,15910677.755006
2019-05-30,45.361847795285,45.968811288165,45.361847795285,45.879679909592,8595109.7849934
2019-05-31,45.558740014534,45.760986809717,45.071585158183,45.36954499819,12845479.608477
2019-06-03,45.257322010902,46.502037808283,45.071585158183,46.119408736315,13276991.719122
2019-06-04,46.481177272873,46.841718719112,46.429416372175,46.63065918437,10883076.067755
2019-06-05,46.868156937787,47.018754385938,46.544985969422,46.63065918437,10052656.689589
2019-06-06,46.819742647048,46.868156937787,46.119408736315,46.149193564949,12206221.67609
2019-06-07,46.518436197082,46.945128966842,46.481177272873,46.749463837911,6801691.5216441
2019-06-10,46.729607285489,46.9648739656,45.910468721214,46.009416822333,10445318.212363
2019-06-11,46.199615821664,47.018754385938,46.041321170608,46.868156937787,11030307.198792
2019-06-12,46.991312184275,47.658737763745,46.899949732397,47.630068471764,10651395.045957
2019-06-13,47.52888929734,47.736713775788,46.970451648864,47.329877558451,9327977.4880537
2019-06-14,47.329877558451,48.029207486196,47.199136662723,47.559678108962,10186005.659263
2019-06-17,47.788474676486,48.470067571449,47.647582397216,48.210593745969,9514232.0177236
2019-06-18,48.279868572118,48.680123123203,47.711391093766,47.788474676486,11523656.457235
2019-06-19,48.080856833228,48.670083293326,47.711391093766,48.610848297053,8720818.6999289
2019-06-20,49.000059035274,49.550799480844,48.639406035369,48.889063138304,9441626.0308674
2019-06-21,48.820792295142,49.389158219829,48.189621656893,49.340855482756,14979312.334558
2019-06-24,47.219885644468,47.439869472433,45.569672273733,45.679664187715,36621809.274608
2019-06-25,45.811632173761,46.560380375233,45.649990912746,45.770803532263,24456741.117175
2019-06-26,45.859934910835,45.979743547364,44.540478157705,44.919983727044,21924217.59179
2019-06-27,44.950660985001,45.565210127121,44.950660985001,45.101258433152,10918585.950739
2019-06-28,45.379473274402,45.397098753519,44.919983727044,45.350915536086,15627010.708369
2019-07-01,45.710452999337,46.288747200236,45.417959288929,46.179870822906,14061144.199139
2019-07-02,46.459089647144,46.678961921444,46.179870822906,46.678961921444,10958878.144177
2019-07-03,46.490229344653,46.599255177125,46.232039366131,46.561107193147,6121529.9577235
2019-07-05,46.529483067298,46.670133025619,45.868030197268,45.889813248989,9635571.8630183
2019-07-08,45.719750642151,45.829882213289,45.299127653586,45.771056916256,11884074.965817
2019-07-09,45.850559526344,46.370367273254,45.694760948298,46.040193707572,9456986.8844195
2019-07-10,46.040193707572,46.140373630716,45.743855745071,45.960691097483,8807168.2076733
2019-07-11,45.878866436195,45.889813248989,44.168952163019,44.529644115884,23338394.958475
2019-07-12,44.570003577194,44.650722499816,43.808260210154,44.270348398695,14254873.506808
2019-07-15,44.280078898957,44.570003577194,44.054508211083,44.190845788606,8885443.1973933
2019-07-16,44.150375753429,44.510183115361,44.080714217468,44.450141505795,11590888.538699
2019-07-17,44.469713080184,44.550432002805,44.061032069212,44.130914752907,10815866.581989
2019-07-18,44.050195830285,44.201682027534,43.528176606044,44.050195830285,13178469.211741
2019-07-19,44.109021127319,44.190845788606,43.260145553394,43.332018566687,12023111.828162
2019-07-22,43.398473460516,43.509600196454,42.719549919563,42.770745619801,12396940.626437
2019-07-23,42.80889360378,43.069405633501,42.480820941563,43.050829223911,17663406.35996
2019-07-24,42.960379801028,43.310235514966,42.680296196918,43.230732904877,14490611.477723
2019-07-25,42.900338191462,45.640248032062,42.819840416574,45.400413315396,33799249.754253
2019-07-26,45.980262671872,46.108749504867,44.259401585901,45.369894928213,20318113.578569
2019-07-29,44.998366736421,45.510544886535,44.910018217004,45.389577076469,14301012.669906
2019-07-30,45.050557601459,45.330751779435,44.478558989512,44.560162503066,13906464.696109
2019-07-31,44.370528321839,45.050557601459,44.000105868713,44.41088778315,12863092.712805
2019-08-01,44.550432002805,45.500703812407,44.41088778315,45.201048633908,16077460.831771
2019-08-02,45.25014343068,46.029246894778,45.110599211025,45.990103746,17928959.573136
2019-08-05,45.259873930942,45.900760061783,44.899181978077,45.380841741007,17156701.396615
2019-08-06,45.680607493373,45.700179067762,44.998366736421,45.690337993634,12146768.969474
2019-08-07,45.259873930942,46.453297673207,45.081075988642,46.23955838906,16780735.531918
2019-08-08,46.431404047619,47.368738714828,46.259240537316,47.291337008205,13955743.851175
2019-08-09,47.291337008205,47.838345926299,47.099491349646,47.320749656722,12213586.934148
2019-08-12,46.999200852635,47.209622920784,46.205833359746,46.529483067298,9191341.9122745
2019-08-13,46.440139383081,46.961052868656,46.15032527871,46.490229344653,8554842.0500845
2019-08-14,46.890285594029,46.969788204118,45.541063273718,45.640248032062,14371725.802873
2019-08-15,45.800469564772,46.070712094755,45.319804966641,45.749163290668,8513667.0472862
2019-08-16,45.969315859078,47.060237627001,45.779681677851,46.979518704379,9630196.6225302
2019-08-19,47.079919775257,47.835139284167,47.019988739557,47.46018330251,7788951.0285209
2019-08-20,47.468918637972,47.801303680986,47.239035569301,47.629140170683,9178227.7202214
2019-08-21,47.999673197675,48.010509436602,47.442823205453,47.769679555137,6731348.1464935
2019-08-22,47.949583236103,48.229556266347,47.468918637972,47.859133813221,6380227.8582186
2019-08-23,47.769679555137,48.194725498366,46.285335969834,46.580789341402,16321220.371881
2019-08-26,48.42029618624,49.078542414138,47.719589593565,48.109804768814,20731807.979135
2019-08-27,48.339687837485,48.469390983012,47.739161167954,47.931006826514,14748315.628569
2019-08-28,47.701123757842,48.679702477295,47.399257102011,48.662342380238,8521523.4503339
2019-08-29,48.948949842477,49.141790665836,47.769679555137,48.270026301524,10342533.438596
2019-08-30,48.400724611851,48.589253054412,47.801303680986,48.070440472302,8126045.9581665
2019-09-03,47.889652200403,48.160889895185,47.259712882356,48.039922085119,7708374.7238227
2019-09-04,48.430137260368,48.430137260368,47.531061151004,48.119535269075,8141266.0185907
2019-09-05,48.301539853506,48.579411980284,47.925478133183,48.510745609123,7320935.3174644
2019-09-06,48.42029618624,48.80067028736,48.170730969313,48.270026301524,8241876.0593015
2019-09-09,48.400724611851,48.450814573423,47.487495047562,48.089016881892,7470836.4419074
2019-09-10,47.749002242082,48.75931566125,47.52011433821,48.558734667229,9807274.918833
2019-09-11,48.75931566125,49.550471676807,48.609930367467,49.240975424181,8153804.8818991
2019-09-12,49.458916515259,50.049602110662,49.209351298332,49.609296973841,9046950.9140048
2019-09-13,49.950417352317,50.350363027827,49.284541527623,49.428398128076,7343458.4743446
2019-09-16,49.489434902442,49.734687738571,49.211562775664,49.468757589387,6481754.5710439
2019-09-17,49.489434902442,50.101903549566,49.34878494412,49.740105858035,10074603.668086
2019-09-18,49.740105858035,49.9809357395,49.416456150482,49.858862190768,8376226.7910268
2019-09-19,49.889380577951,50.530266708793,49.661708986612,50.070389997583,8075540.9032556
2019-09-20,50.070389997583,50.855022155011,49.989671074962,50.569409857571,13583677.742721
2019-09-23,50.710059815892,51.058809791163,50.470225099226,50.520425634665,9546939.1207164
2019-09-24,50.789562425981,50.909535071247,49.759677432424,50.009353223217,9555424.9903013
2019-09-25,50.009353223217,50.231606695093,49.691121635129,49.840285781179,7083600.7404634
2019-09-26,50.009353223217,50.169464182061,49.383726285967,49.970099500573,8205942.3288938
2019-09-27,50.009353223217,50.563991738107,49.9809357395,50.220659882299,11466522.100545
2019-09-30,50.520425634665,51.429342818156,50.319844640644,50.710059815892,15970971.793825
2019-10-01,51.08921760448,51.439073318417,50.344944908363,50.650128780192,9939532.6284433
2019-10-02,50.299167327589,50.371150914748,48.709115125812,49.209351298332,12719539.473936
2019-10-03,48.841463305531,49.550477049264,48.549677723707,49.550477049264,9305264.3844319
2019-10-04,49.629317272237,50.820363867416,49.520212930292,50.749089674186,10092193.214319
2019-10-07,50.649525108873,51.487161358236,50.561035456663,50.879685926704,9480307.8155609
2019-10-08,50.580334315138,51.190989672213,49.960029528825,50.360042231754,11327894.816654
2019-10-09,50.638779153586,51.090547886061,50.319909378335,50.831109822703,7828005.1603887
2019-10-10,50.758739103423,50.989996447304,50.399955779963,50.779244140552,11280283.558566
2019-10-11,51.332551185229,51.979940164969,51.21917039169,51.611507412271,11307214.384854
2019-10-14,51.498016966128,51.669842598115,51.280795155683,51.561725129615,5720343.4547592
2019-10-15,51.638481953094,52.139923315619,51.47202929875,51.83081262221,7442295.2133956
2019-10-16,51.950772572047,52.069635995834,51.29044458492,51.508762921415,8781847.7447248
2019-10-17,52.098913241361,52.750578672695,51.909762497788,52.421949815601,8937951.2314008
2019-10-18,52.448924356423,53.171973633593,52.379843215293,53.031508646627,10860220.962311
2019-10-21,53.150372070414,53.364413955314,52.561427929122,53.198948174415,13175688.159416
2019-10-22,55.990593844334,57.368488478382,54.365103628266,54.418065836466,26996983.312959
2019-10-23,54.409403280674,54.82016193889,53.869144895989,54.770379656233,13165181.389702
2019-10-24,54.849329531812,54.970276355093,53.859385814147,54.370586258515,14644662.256553
2019-10-25,54.500195637589,55.25131598163,54.400850377486,54.98124161559,12353052.042586
2019-10-28,54.860075487099,55.928969080342,54.708864544846,55.588497741911,13931264.159277
2019-10-29,55.620954912982,56.121299749458,55.329059678553,55.768985929691,9118914.7252877
2019-10-30,56.241259699295,56.920009324056,55.841466301576,56.868143641906,14158993.187999
2019-10-31,56.459578035789,58.217967209081,56.31154701908,57.368488478382,25041933.941023
2019-11-01,57.960722197822,58.459970508248,57.091834956044,57.159819571125,17122209.446328
2019-11-04,57.100387859231,57.238769446703,56.524382725326,56.638969697519,12960129.587938
2019-11-05,56.69083537967,56.868143641906,55.97107568065,56.389400368609,10503273.008252
2019-11-06,56.609802104597,57.138327660551,56.138624861043,56.961019398315,13475577.552986
2019-11-07,57.030210192051,57.619154333342,56.899394634322,57.581433837233,11893090.555092
2019-11-08,57.610601430154,58.054694480281,57.289538602804,58.020263562321,11584507.052475
2019-11-11,57.869929840907,58.300097010203,57.451714805554,58.149872941395,9096649.2563662
2019-11-12,58.250424380152,59.000338545538,58.120705348473,58.390889367118,9701466.2963552
2019-11-13,58.23956877226,59.176550281724,57.895917508285,58.791779290886,13395910.23766
2019-11-14,58.609207703612,58.849127603285,57.919712123564,58.510739664349,10933240.929894
2019-11-15,58.539907257271,58.791779290886,58.396262344761,58.589689539927,9725842.3722089
2019-11-18,58.190992668258,58.531354354084,57.289538602804,57.648321926264,28506992.568462
2019-11-19,57.841858774035,57.849315151173,56.25968133693,56.479096199474,39249439.628298
2019-11-20,56.160226424222,56.498504710553,55.298905212187,56.409795753133,185434152.62145
2019-11-21,57.127581705264,57.462460760841,56.459578035789,56.85081853032,22936034.929915
2019-11-22,56.649825305411,57.114423392667,55.919209998499,56.451025132602,21515696.396816
2019-11-25,56.920009324056,57.100387859231,55.939715035629,56.169985506065,23279584.555006
2019-11-26,56.32985900411,56.899394634322,56.079083496545,56.729762054434,21947506.588692
2019-11-27,56.940514361186,57.849315151173,56.899394634322,57.599745822262,25906190.93046
2019-11-29,57.23010689091,57.368488478382,56.85081853032,56.940514361186,11292389.244885
2019-12-02,57.340417411509,58.099103785294,57.278792647517,57.409608205245,24719772.601438
2019-12-03,56.997862673585,57.809401602964,56.681185950433,57.749969891071,26170534.964407
2019-12-04,57.831112818748,58.979833508409,57.553253117755,58.900883632831,22259508.145674
2019-12-05,58.859873558572,59.672618666607,58.801538372729,59.478094945391,17151799.581833
2019-12-06,59.878984869159,60.860266031032,59.820649683315,59.950259062389,17773693.939464
2019-12-09,60.590191664992,61.580025730052,60.401040921419,61.280674118485,16455526.917744
2019-12-10,61.02902139008,62.370072748857,60.929456824767,62.090239300975,19225196.541602
2019-12-11,62.869430711888,62.980728105932,61.959423743246,62.410095949671,18263541.658131
2019-12-12,62.420951557563,64.215964700914,62.420951557563,63.940407704626,17354351.225802
2019-12-13,64.039752964728,64.750959760561,63.789087109768,63.820447754789,14569249.465855
2019-12-16,63.100688055769,64.270023435164,63.008799172805,63.498398053994,23019464.51082
2019-12-17,63.79994271766,64.548870009602,63.535241329263,64.109053411069,16207782.747174
2019-12-18,63.87012038484,64.279782517007,62.971078676695,63.149264159771,14824721.733355
2019-12-19,63.180624804792,63.461664431329,62.740808206259,62.851009074253,12929763.126605
2019-12-20,63.580527855116,63.591383463008,62.91910334194,63.508047483231,24137183.093113
2019-12-23,63.549276862699,63.79994271766,63.08127954469,63.210888923764,12916064.075473
2019-12-24,63.019545128092,63.430303786308,63.008799172805,63.160119767663,2890424.8395903
2019-12-26,63.229310561398,64.039752964728,63.180624804792,63.960912741755,8188978.1649328
2019-12-27,64.169471996407,64.300287554136,63.831303362681,64.14041405609,7687023.8346479
2019-12-30,64.089535247384,64.460270704786,63.63776651491,63.730751923924,7862724.2280393
2019-12-31,63.591383463008,64.210591723271,63.508047483231,64.190086686141,9379441.9010167
2020-01-02,63.849514388172,64.000862998335,63.13588935867,63.338740049845,12417848.530702
2020-01-03,62.608891320404,63.329049383439,62.548787411908,62.781690057331,12986711.166521
2020-01-06,62.900917919294,63.234538165006,62.669104112793,62.980294276711,11312025.442599
2020-01-07,62.839725171876,64.17997700101,62.771019435896,63.92899962948,15572205.348557
2020-01-08,64.050187401503,64.61039502689,63.8602938935,63.8602938935,18527319.816868
2020-01-09,64.139254425326,65.774799370115,64.119873092513,65.449563184103,16171347.849254
2020-01-10,65.449563184103,65.968939349914,65.039615329957,65.230706560774,11699842.534576
2020-01-13,65.430290735183,66.989616955431,65.371275665609,66.150339914325,19246217.575748
2020-01-14,65.810186635081,66.531324653146,65.570859840018,66.438991112557,30561019.876243
2020-01-15,66.430498168965,67.087285806737,66.430498168965,66.578580262362,10937388.175481
2020-01-16,66.630082343374,66.9649003119,66.513032159256,66.780233230723,8435750.4427519
2020-01-17,66.750290160367,67.210651256604,66.698788079355,66.719149367197,14374963.066622
2020-01-21,66.698788079355,67.619510271828,66.53350233099,67.429616763825,12519551.417066
2020-01-22,67.910339147904,68.340648289892,67.219253084088,67.429616763825,15187038.385391
2020-01-23,67.130186060265,67.251373832288,66.030240981225,66.869409138438,13183665.869712
2020-01-24,66.329562800893,66.739510655039,63.60485228239,64.160813435982,22453037.439379
2020-01-27,63.260452531351,64.628687520781,63.089831472268,63.700343455853,20951131.913815
2020-01-28,64.129672642812,65.365831470999,63.899927630262,64.8099792013,12761941.292793
2020-01-29,65.018274087085,65.091226294861,64.124228448201,64.139254425326,10763851.329938
2020-01-30,63.799101146082,64.310964323331,63.390242130857,63.809771767518,10783736.614335
2020-01-31,63.630657764843,63.690761673339,62.51133135299,62.949153483541,12898018.511684
2020-02-03,63.099413254781,64.240189793398,63.048891128799,63.58013563886,15987102.396011
2020-02-04,64.069568734315,64.939877684698,64.050187401503,64.290603035488,11740188.043412
2020-02-05,64.919516396856,65.848840416814,64.852879454828,65.589152333908,14991623.067853
2020-02-06,66.999198737944,67.799821997317,66.389666709389,67.100134106017,16488536.772024
2020-02-07,66.680495585465,67.009978243273,65.84023858933,66.249097604554,13093706.855854
2020-02-10,65.879872326092,67.120495393859,65.800495968675,66.911220553044,13218473.503891
2020-02-11,67.349151567487,67.55189337477,66.970235622618,66.989616955431,7261690.2650916
2020-02-12,67.089354600689,67.494947099147,66.569978434878,66.999198737944,11213674.354172
2020-02-13,66.719149367197,66.948785495854,66.039822763739,66.080545339423,9149460.6956223
2020-02-14,66.210443822822,66.828577678861,65.979718855242,66.381064881905,7530792.0228502
2020-02-18,66.510963365304,66.970235622618,65.439872517697,66.069874717987,13832957.678549
2020-02-19,66.000080143085,66.050493385175,65.360605044173,65.710340105931,9905376.3930205
2020-02-20,65.630963748514,65.979718855242,64.888375603686,65.169513813356,11360504.908675
2020-02-21,64.868994270874,65.869201704656,64.799308579864,65.630963748514,10134806.356124
2020-02-24,64.080239355751,65.060085501691,63.690761673339,63.969722205165,12105013.124741
2020-02-25,63.890345847748,63.909618296668,61.599102104109,62.140037280576,15706043.376333
2020-02-26,61.749361875349,63.390242130857,61.609881609437,62.039101912503,11266847.455558
2020-02-27,60.999260741959,61.58189844914,59.559053499782,59.579414787625,20624837.133542
2020-02-28,57.72076674771,59.209209554132,56.368646574326,59.057969827862,28294861.556772
2020-03-02,59.568744166189,60.774851040128,58.679053882993,60.340295426343,19500308.459731
2020-03-03,60.858691637124,61.851277198452,58.344235914467,59.199627771619,18250053.351429
2020-03-04,60.199726321508,61.680656139369,59.687754260367,61.478894287116,18228258.744271
2020-03-05,60.702007716243,61.239567492052,59.840191709452,60.499157025068,15119362.258403
2020-03-06,58.880815735246,60.420760622682,58.756361446458,60.311332311017,14833932.948947
2020-03-09,56.010200801192,59.140503818152,55.999312411971,57.659574000291,22385905.501992
2020-03-10,58.819622987828,58.949521471227,55.911443110963,57.927863910681,24830985.721296
2020-03-11,56.781752061346,57.958895819959,55.80952778786,56.509215679161,19771943.867363
2020-03-12,52.329163057466,54.900456171853,50.61968594987,52.748801578018,22963003.664685
2020-03-13,54.889785550417,55.49920869508,51.780714892436,54.990612034597,23503556.327437
2020-03-16,50.129272899385,53.758590794314,48.00973905375,51.112167794306,20582756.554437
2020-03-17,51.830148179497,54.100921751402,51.200254863099,54.091339968888,17519635.359607
2020-03-18,51.630564005088,52.391444643806,48.019429720156,50.241858843923,27384169.577596
2020-03-19,50.110980405495,50.724758905846,48.127769192899,48.792178703125,20058310.599315
2020-03-20,49.050669063216,50.640047237712,47.249947253954,48.401503297899,20370799.363955
2020-03-23,47.190932184379,48.401503297899,45.759435653579,46.399999591413,21237025.275362
2020-03-24,48.181448951755,49.500359538017,47.390625242681,49.239582616189,16484847.65108
2020-03-25,49.031396614296,51.945020685771,48.170778330319,49.349119811746,20921290.941578
2020-03-26,50.459735512223,53.319788708734,50.309475740982,52.250875538971,21601730.150428
2020-03-27,51.112167794306,53.781238643892,50.868594527447,52.791810715439,14498372.03615
2020-03-30,53.198383168927,55.07967905842,53.198383168927,54.390770672448,18013518.173071
2020-03-31,54.299525970781,56.233303896317,54.240402017315,55.739733212958,28461662.192339
2020-04-01,53.619110528401,55.699990592304,53.521550560987,54.818902136592,13441280.00863
2020-04-02,54.840503912349,55.320519901767,53.58025945869,55.20875014945,12929442.615297
2020-04-03,54.990502159661,56.469966513999,54.900114446918,55.530128683648,14654184.07201
2020-04-06,57.069203572555,58.068543947376,56.581736266316,57.870598096172,22589715.829456
2020-04-07,58.530525590286,58.589056223866,56.67957529588,56.899983087647,19224362.497882
2020-04-08,57.049009424069,59.130842549831,56.361328474549,58.250615254049,15268733.177836
2020-04-09,58.799852896834,59.579973370976,58.370916224175,58.910542748163,13256811.663947
2020-04-13,58.500720323001,59.40006186628,58.057960917688,58.921125777851,13921585.969479
2020-04-14,59.830078439928,60.726288270341,59.628892885758,60.039795211908,14258954.584145
2020-04-15,59.300063034739,59.889688974497,58.900823639266,59.460752301838,14402050.882398
2020-04-16,59.800273172644,60.350590716418,59.498008885944,59.560859123478,12984907.651482
2020-04-17,60.379316082714,60.769916270279,59.87899795471,60.60069578537,16697939.213232
2020-04-20,60.749722121793,62.840086465364,60.60069578537,61.677789031368,17445971.203852
2020-04-21,60.859332072132,61.320233814053,60.260095013576,60.590004765584,22203014.581816
2020-04-22,61.258463477507,61.909751763712,60.879526220619,60.931685438366,12081489.1885
2020-04-23,61.320233814053,61.990744337855,60.839137923646,60.949827774974,11897562.190267
2020-04-24,61.66817791257,62.543113693508,61.258463477507,62.250352535507,10461463.660623
2020-04-27,62.641060713171,63.019997970059,62.408989990727,62.55898823804,13994721.008299
2020-04-28,62.929394277118,63.180687237158,61.770336546088,62.140742585167,10858903.895348
2020-04-29,62.371841396721,62.620758574586,61.528762694946,61.629949417575,11035125.693836
2020-04-30,60.849720953334,61.109437141085,60.359121934228,60.811492458339,17554518.592823
2020-05-01,60.849720953334,60.870023091919,59.675760588662,60.260095013576,15582836.805783
2020-05-04,60.740111002995,60.921102408679,59.730079608387,60.169599310734,16990000.201107
2020-05-05,60.60069578537,61.800249803472,60.429315498485,61.360622111026,13340815.346915
2020-05-06,61.650143566061,62.231346278108,60.941296557165,61.129631289571,14589040.793832
2020-05-07,62.520759743044,62.600672416198,60.615490428914,61.040323477816,17537559.82494
2020-05-08,61.828975169768,62.179079070261,60.949827774974,61.050906507504,16961399.544426
2020-05-11,60.870023091919,62.809201297091,60.769916270279,62.660174960668,14146753.308841
2020-05-12,63.17107611836,64.269551403931,62.876263148481,63.350987623055,18928073.562335
2020-05-13,63.17107611836,63.925710929171,62.579290376625,63.268915147924,17287893.877682
2020-05-14,62.501537505448,64.123656780376,62.131239456468,63.771393077905,18221660.549049
2020-05-15,64.200329750564,65.340165243998,63.810701473889,64.088559998247,35224431.031212
2020-05-18,64.919759789148,65.210361145172,63.479819810991,63.598932890031,15172062.563646
2020-05-19,63.429712405122,63.815021077843,62.49095447576,62.709202465549,11052355.989912
2020-05-20,62.999695831474,63.248828989537,60.828446903859,61.677789031368,16658222.812351
2020-05-21,61.621418199765,61.871523268717,60.440006518271,61.139242408369,16015981.588821
2020-05-22,61.009438309543,61.65867478387,60.590004765584,60.791190319754,9228646.7341073
2020-05-26,61.510620358338,61.510620358338,60.180290330521,60.320677459035,18447834.139958
2020-05-27,59.999298924837,60.519811201327,59.109568500356,60.400590132189,19071686.609749
2020-05-28,60.959330903674,60.979633042259,59.681052103506,59.810856202332,14977983.793283
2020-05-29,60.299511399659,60.470891686545,59.378787816806,59.7193885886,27225417.109252
2020-06-01,59.460752301838,61.439346893092,59.430947034554,60.288928369971,11508668.986645
2020-06-02,60.288928369971,60.681580369414,59.270257767455,60.650695201141,15460091.028987
2020-06-03,60.699722706022,60.889137339417,59.691743123293,60.212147409684,13497602.679272
2020-06-04,59.821547222119,61.089242992599,59.821547222119,60.889137339417,13476924.256983
2020-06-05,61.180818596429,61.770336546088,60.530394231015,61.330816843741,11862573.574426
2020-06-08,60.60069578537,61.428763863404,60.400590132189,61.428763863404,12549062.619197
2020-06-09,61.751222298591,62.168496040573,60.931685438366,60.931685438366,12159515.493003
2020-06-10,61.240321140899,61.419152744606,59.899300093295,60.159016281046,13343687.532699
2020-06-11,59.899300093295,60.279209261074,56.398693048754,56.711540365142,17371866.555699
2020-06-12,57.589607858946,57.649326383614,55.590819119206,56.170833940166,14864158.986073
2020-06-15,55.639738633988,55.779261841711,54.070966467895,55.099140199111,21617774.548792
2020-06-16,55.930339990012,57.290583275212,55.499243515375,57.058512552769,16976046.094704
2020-06-17,57.20861879018,57.35969693848,56.711540365142,56.949982503417,13638177.241626
2020-06-18,56.571045246529,56.623204464277,55.581208000408,55.970728286984,14113282.056443
2020-06-19,56.700957335454,56.83076143428,54.73078597191,56.409276078441,54103618.243939
2020-06-22,56.240055593533,57.685395076632,55.919756960324,57.56088249265,18716177.280941
2020-06-23,57.93873984855,59.098877480569,57.819626769511,58.380419352875,15557245.508299
2020-06-24,58.110120135436,58.209039065989,57.110779760615,57.760988145832,11177159.367908
2020-06-25,58.011093214784,58.469835154728,57.695006195431,58.178153897716,15267196.083972
2020-06-26,57.960013898025,58.020704333583,56.668992266192,57.539608443176,26132408.077246
2020-06-29,57.989927155408,58.141005303709,57.309805512808,57.799324630926,9831433.6895115
2020-06-30,57.860015066484,59.199956213099,57.500192057093,58.799852896834,12139661.990281
2020-07-01,59.190453084399,59.730079608387,58.880737480878,59.430947034554,11738304.796925
2020-07-02,59.298813216074,59.640050153665,58.749554640335,59.139447849806,11366050.731955
2020-07-06,59.601039398237,60.574915042675,58.87001642358,60.190380453455,8810771.8004651
2020-07-07,59.761583660961,60.610817798358,59.520767266875,60.289729272911,12767118.769646
2020-07-08,60.320380580747,60.679408137572,59.27995087279,59.558706298253,10507021.914978
2020-07-09,59.659126841759,60.14075962993,57.830658439673,58.109521037541,12780352.861867
2020-07-10,57.998597598343,58.090444349447,57.158794632588,57.43026233451,8770005.4191017
2020-07-13,57.570765357494,58.48869700651,57.498959846129,57.749421756666,10149016.005286
2020-07-14,57.830658439673,58.100089865899,57.284615036084,57.889817607245,12153931.274192
2020-07-15,58.649348441639,59.611542293929,58.32182957189,59.269340804693,9459354.0312967
2020-07-16,59.23129460091,59.380264243891,58.730585124646,59.320033352268,6949689.595217
2020-07-17,59.699209321238,60.62132069405,59.393982311734,60.390042644011,9078852.34227
2020-07-20,60.289729272911,60.640397382144,59.215433084967,59.460536375253,6759931.5144923
2020-07-21,59.59042933014,60.234749829134,59.314674732017,59.799629864743,7804590.7462612
2020-07-22,59.890404891797,60.330883476439,59.340181764413,59.850215239914,8960993.279195
2020-07-23,60.12071839019,60.460776431326,59.56931636635,59.871435376108,8913207.0256085
2020-07-24,59.668558013401,59.761583660961,57.54975956611,57.850699679412,12531910.921464
2020-07-27,57.54975956611,58.618697133802,57.350097375553,58.050361869969,12371976.173819
2020-07-28,58.549999622183,59.819563932078,58.239521164833,59.428813343366,9816701.9758913
2020-07-29,59.15938191714,59.39923375958,58.590189274066,59.149950745498,7358111.7254588
2020-07-30,58.800354360315,59.144592125247,58.339834535934,58.87001642358,7175222.9896906
2020-07-31,58.880626491677,59.090791577926,57.769355824,58.659851337331,10439919.888906
2020-08-03,59.11093999007,59.640050153665,58.950288554941,59.101294473618,10342143.435336
2020-08-04,58.829933944101,59.510157198778,58.529958382444,59.471039270945,6527591.2580786
2020-08-05,59.94956405937,60.379539748319,59.408772103627,59.688706425545,10789007.768072
2020-08-06,61.999879339852,62.969575260494,60.419622227798,61.330158980867,18961904.65461
2020-08-07,61.56047247926,61.650175782264,60.419622227798,61.021716799213,9969081.0121124
2020-08-10,60.95934245949,61.990340995805,60.770290337031,61.819186664984,9820894.9649775
2020-08-11,62.969575260494,64.248677914436,62.690605490221,63.130012350813,20736041.742512
2020-08-12,63.580029279501,64.269790878225,63.444884876768,63.639188447074,8616460.0332408
2020-08-13,63.020160635665,63.580029279501,62.90077057647,63.23879234191,7748683.593965
2020-08-14,63.190243242435,63.551521419765,62.750836381844,63.160663658649,5607240.0940488
2020-08-17,63.411018396781,64.075380135515,63.1660222789,63.619040034929,5972351.0800767
2020-08-18,63.488182528397,63.681414374652,62.90077057647,63.030770703762,5745940.0832361
2020-08-19,63.06978145919,63.821917397637,62.94942684835,63.088858147284,6092743.5454537
2020-08-20,62.779344241579,62.860688096991,61.929145552537,62.219582770148,6326715.9339933
2020-08-21,62.219582770148,62.349475725035,61.739986257673,62.190003186362,8031476.0459992
2020-08-24,62.339937380988,62.456112268032,61.698832054144,62.409599444252,8720994.1197083
2020-08-25,62.750836381844,63.363541021356,62.500481643711,62.709682178315,6620700.4196653
2020-08-26,62.500481643711,62.59029211912,61.579334822544,62.27981366177,6196062.9999506
2020-08-27,62.500481643711,62.958858019992,62.239516837482,62.510019987758,6389454.5627512
2020-08-28,62.500481643711,62.59029211912,61.849837972821,62.369516964774,6380448.4879757
2020-08-31,62.380019860466,62.799492653724,61.949079619871,62.198362633953,14189752.915126
2020-09-01,62.198362633953,62.260736973676,60.689053654024,60.968880803537,12155650.503856
2020-09-02,60.789367025125,61.819186664984,60.460776431326,61.600554958739,13287265.266805
2020-09-03,61.620596198478,62.020992303641,59.528054990417,60.049877430471,16483901.12032
2020-09-04,60.179877557763,60.529473942946,59.249299564954,59.94956405937,16405779.362262
2020-09-08,59.871435376108,60.001328330995,58.139100621327,58.529958382444,11735876.345585
2020-09-09,58.929175591152,59.601039398237,58.759200156787,59.080288682234,7173680.7952399
2020-09-10,58.99037103442,59.298813216074,58.181326548906,58.290106540004,11995266.067834
2020-09-11,58.460189146774,59.265161080897,58.430609562988,58.99037103442,8573842.8291941
2020-09-14,59.190033224976,60.088995358304,59.069678614136,59.699209321238,6242712.2519809
2020-09-15,59.969712471514,60.110108322093,59.389695415533,59.528054990417,8259339.2996153
2020-09-16,59.668558013401,59.969712471514,59.241797496602,59.449926307156,6164359.4961049
2020-09-17,59.000016550872,59.428813343366,58.259455232167,59.39923375958,6624754.2420335
2020-09-18,59.090791577926,59.715070837181,58.827790496001,59.269340804693,13944502.342125
2020-09-21,58.919637247105,58.960791450634,56.899008722814,57.769355824,16199703.747128
2020-09-22,57.769355824,58.845795460045,57.628852801016,58.759200156787,12466793.204521
2020-09-23,59.048565650347,59.49633195853,58.618697133802,58.99037103442,11436562.815983
2020-09-24,58.480337558918,58.820395600054,57.700765484786,58.248952336475,10358751.610441
2020-09-25,58.259455232167,59.839712344222,58.157105585371,59.491187683089,9835945.7982351
2020-09-28,59.371797623894,60.210528865599,58.960791450634,59.709819389335,9616573.6078657
2020-09-29,59.839712344222,60.939301219751,59.679168081498,59.899943235844,8084277.981722
2020-09-30,60.14075962993,60.640397382144,59.789019796646,60.289729272911,10322517.141193
2020-10-01,60.379571619513,60.571467570357,59.624752513534,59.819733266248,8747558.0688062
2020-10-02,59.38988208146,60.010565492309,58.680164906278,58.71994821316,12574249.764056
2020-10-05,58.550071365324,59.280850291208,57.949385980394,59.200219952661,10992262.663613
2020-10-06,59.338610546922,59.45913056483,57.610802381982,57.740789550458,13113348.762742
2020-10-07,58.149685357023,60.980363376921,57.959916855745,60.420418651178,14632584.229628
2020-10-08,60.850376208445,62.090679305361,60.460414703017,61.618917364124,11787268.983786
2020-10-09,61.800282439616,62.295020836165,61.603174237336,61.820067720579,9408430.8526672
2020-10-12,61.980583790326,62.249918905368,61.478399320297,61.83059859593,11532169.557746
2020-10-13,61.56115710841,62.009942594335,60.980363376921,61.130348571317,8374419.1086882
2020-10-14,61.109286820614,61.629341866997,60.721452764752,61.000255030362,8823157.8153297
2020-10-15,60.591359223798,60.898562941113,60.311493233405,60.420418651178,13105282.208075
2020-10-16,60.670074857736,61.738373657249,60.649013107033,61.239380361569,9385613.2907959
2020-10-19,61.800282439616,62.419795753204,60.504346536553,60.768682145115,10999135.974826
2020-10-20,61.090352519478,61.269802890361,60.529556813909,60.638588604161,6635198.5758793
2020-10-21,60.38914514256,60.748684119196,59.949720434725,60.03045714575,8004805.5105248
2020-10-22,59.979079238734,61.010785905713,59.949720434725,60.758044897285,7038471.9408208
2020-10-23,60.831441907309,61.219382335649,60.071304177415,60.130128157912,7336812.3730413
2020-10-26,59.819733266248,60.140552660785,59.035661728739,59.670918169114,7484138.3555641
2020-10-27,59.260001285462,59.839731292168,58.55964488837,58.73994623908,10008246.008066
2020-10-28,58.000870259889,58.540710587234,57.401142227263,57.759723851595,11931155.449207
2020-10-29,57.80993166135,58.429551347416,56.754291186754,57.920027176385,8838608.9349998
2020-10-30,57.709409669361,58.479865529649,57.589847003758,58.449549373335,11156016.489464
2020-11-02,59.190646429614,59.639431915539,58.839510878763,59.489553093622,10318907.084325
2020-11-03,61.010785905713,62.239494402495,60.209801144155,61.239380361569,14235974.332927
2020-11-04,63.959962866432,66.229738808283,63.749132614452,65.429817771507,24699664.484469
2020-11-05,64.991563160934,65.380460941579,63.539472459734,63.749132614452,17676076.133458
2020-11-06,63.610848392669,64.919123503215,63.378105410161,63.799553169164,9680121.227255
2020-11-09,65.12155032941,66.080817338671,63.991342747529,64.079525532035,15533290.363207
2020-11-10,64.209406328033,64.793391233871,63.711476757136,64.519801219697,11210018.624859
2020-11-11,65.069215070089,65.12155032941,63.023672312483,63.420016166609,8269684.5729602
2020-11-12,63.139086451433,63.139086451433,62.194392471698,62.749018573526,7603950.1089367
2020-11-13,62.78997197767,64.039529480197,62.768910226967,63.619145445976,9435225.892717
2020-11-16,64.121436288483,64.928697026261,63.845612452265,64.50086691856,7199552.1764237
2020-11-17,64.470550762246,64.700102570406,63.879226155407,64.319501843068,8610179.5970581
2020-11-18,64.668616316831,64.700102570406,61.999411718984,62.009942594335,12455273.567251
2020-11-19,62.199604723134,62.400967824546,61.150133852279,62.090679305361,9025455.9800828
2020-11-20,61.850490249371,62.329698264089,61.400747411142,61.608280116294,8305175.6965979
2020-11-23,61.738373657249,62.009942594335,61.080991741388,61.920802457524,9595949.3952647
2020-11-24,61.950161261533,63.509049930941,61.878785328598,63.221844239546,13512665.633802
2020-11-25,63.420016166609,63.498625428068,62.199604723134,62.840179787425,9520904.7787899
2020-11-27,63.279498122781,63.690415006434,62.879005742002,63.049839942143,4178758.605503
2020-11-30,63.049839942143,63.269073619909,61.989944568416,62.400967824546,14996592.158904
2020-12-01,63.149510954305,63.740835561145,62.334804143047,62.409371250331,9871490.3884163
2020-12-02,62.409371250331,62.830819009335,61.8998470793,62.179819442171,8077209.9208612
2020-12-03,61.999411718984,62.287787507641,61.579985037068,61.780284413697,10944865.812725
2020-12-04,61.79070891657,62.309700238169,61.650297245221,62.309700238169,8159036.2807069
2020-12-07,62.189180220261,62.589672601041,60.970896226353,61.200554406991,8973264.2172511
2020-12-08,61.169068153416,61.780284413697,60.850376208445,61.119711323487,10829918.60101
2020-12-09,61.499248326042,61.56115710841,60.32925743728,60.919624691815,10243851.975701
2020-12-10,60.908987443986,61.03908098494,59.960251310076,60.199270268804,9428559.5629823
2020-12-11,60.32925743728,61.46882579725,60.199270268804,60.720389039969,10021620.636131
2020-12-14,61.010785905713,61.100989767307,59.919297905932,59.969718460644,11400403.431708
2020-12-15,61.260229367314,62.639986783274,60.850376208445,62.570844672383,14943243.398224
2020-12-16,62.499575111925,63.279498122781,62.289808584728,62.340122766962,9498025.2178582
2020-12-17,62.570844672383,62.821351858766,61.989944568416,62.54042214359,10642358.089818
2020-12-18,62.649453933842,63.450438695401,62.436602604775,63.120152150296,21177770.662033
2020-12-21,61.999411718984,62.12003810937,61.338945001252,62.009942594335,13055650.52952
2020-12-22,61.769859910824,61.971010267279,61.130348571317,61.431169939934,8114057.3931728
2020-12-23,61.369367530045,61.629341866997,61.000255030362,61.000255030362,6235070.9478765
2020-12-24,61.119711323487,61.358836654694,60.935367818603,61.150133852279,3099674.498484
2020-12-28,61.420745437061,61.738373657249,60.805274277648,61.119711323487,6855649.1116702
2020-12-29,61.700611427454,61.939630386182,61.338945001252,61.420745437061,6653446.3300868
2020-12-30,61.618917364124,62.159821416252,61.478399320297,61.920802457524,6624060.6831459
2020-12-31,61.440082808559,62.10893642585,60.964878037548,62.030949233805,8649306.4575522
2021-01-04,61.739684484086,62.149460217115,60.499804214354,61.379824775193,12429551.020843
2021-01-05,61.108294267573,61.709502702049,60.465612265474,61.550362396768,11584570.254925
2021-01-06,60.548770462133,62.045512471291,60.520699294226,61.69916069282,12426223.47703
2021-01-07,61.340356290992,62.628991747089,60.999069986429,62.360627160662,10932144.767759
2021-01-08,62.189984008381,63.180284157428,62.149460217115,62.489585683908,10010525.697185
2021-01-11,63.399682496076,65.244886897833,63.239592414436,64.970295999728,18251239.386866
2021-01-12,65.359282183593,66.300616084861,64.909932435656,65.430937533252,15757454.412298
2021-01-13,65.499638023132,65.959329780298,64.6394572351,64.731057888273,10292363.17793
2021-01-14,64.909932435656,66.370266351099,64.779918605346,66.020748651435,12479839.139633
2021-01-15,66.020748651435,66.861195197365,65.540161814397,66.539748665609,11296524.756151
2021-01-19,66.851802964494,67.159741565828,66.324466024512,66.740573599927,10847813.981726
2021-01-20,66.57098575471,66.820565875394,66.001014409334,66.250594530018,9609597.5289311
2021-01-21,65.649491626248,66.199623198817,63.980101381387,64.179765477934,14066128.597113
2021-01-22,63.890716873049,65.025383028479,63.760597512033,64.559359428928,9071893.9459503
2021-01-25,64.6394572351,65.139778314239,63.960367139286,64.829834629483,9171005.9104231
2021-01-26,64.500156702626,65.649491626248,64.380484881545,64.439793138553,11284070.262493
2021-01-27,63.890716873049,63.890716873049,61.900935403496,62.02050169387,13847660.587692
2021-01-28,62.830766457764,63.373721942296,62.200537079023,62.289921587361,17514730.203744
2021-01-29,62.30026359659,62.799529368664,61.030307075529,61.430796106394,16091961.498692
2021-02-01,61.911277412725,62.864114160993,61.66053645427,62.210879088252,11240854.496284
2021-02-02,62.999298995917,64.634286230486,62.889019407708,62.939990738909,16059654.230635
2021-02-03,62.869179634901,63.210465939464,62.010054153934,62.030949233805,15114986.55913
2021-02-04,61.999712144705,62.889019407708,61.239363404947,61.559754629639,15997011.607946
2021-02-05,61.060488857565,61.766700344929,60.505080749676,60.920133018026,16249169.436131
2021-02-08,61.350698300221,61.365261537707,59.670860515424,60.23048985157,18864254.487313
2021-02-09,60.23048985157,60.340769439779,59.680252748295,59.75940077811,14226072.79277
2021-02-10,60.10047602126,60.531041303455,59.609547174994,59.999588665923,13070976.673058
2021-02-11,59.999588665923,60.221097618699,59.694815985781,59.989141125987,8256806.2722692
2021-02-12,59.859127295677,60.273124256964,59.650176496965,59.989141125987,9493629.598515
2021-02-16,60.10047602126,60.370951221815,59.369253756475,59.400490845575,12386405.439754
2021-02-17,59.489875353913,60.930475027255,59.420225087676,60.590349560463,11678058.756883
2021-02-18,60.309532350679,61.719950241985,60.29919034145,61.0199650663,14078837.872369
2021-02-19,61.139531356674,61.500446372631,60.520699294226,60.600797100399,16997138.98396
2021-02-22,60.418756631824,61.240418712012,59.710434530331,60.988727977199,9916625.6989102
2021-02-23,61.20095022781,61.379824775193,60.024599443344,60.720363390773,13742028.137193
2021-02-24,60.900293245219,62.920256496809,60.869161686825,62.59152834631,16517945.754584
2021-02-25,62.4302774269,63.169836617492,61.809440281029,62.099544192979,17077050.030349
2021-02-26,62.030949233805,62.700647096748,61.259097647048,61.32980322035,13229656.575125
2021-03-01,61.900935403496,62.065246713392,61.520286145438,61.630460202941,7325039.2025783
2021-03-02,61.949796120568,62.180697306216,61.210236929975,61.269545186984,9584864.4851324
2021-03-03,61.050146848336,61.350698300221,59.9663464934,60.749489865745,13599944.61227
2021-03-04,60.539378229262,60.960656809292,58.623573784909,59.340127281503,17309768.503334
2021-03-05,59.50971512672,60.590349560463,59.329785272274,60.429098641053,14980107.104069
2021-03-08,60.600797100399,61.71477923737,60.129602496232,60.449993720924,10617261.633044
2021-03-09,60.791068964074,61.85925077446,60.559218002069,60.569560011298,12662469.473345
2021-03-10,61.139531356674,61.279992726919,60.460335730153,60.930475027255,10240153.140595
2021-03-11,60.999069986429,61.190502687875,60.351111449008,60.351111449008,10099540.61886
2021-03-12,60.429098641053,60.940817036485,60.200308069534,60.6402655846,8029976.6192367
2021-03-15,60.661160664471,61.440082808559,60.288637270808,61.389111477358,10950517.886009
2021-03-16,61.340356290992,62.14017351495,61.340356290992,61.900935403496,10162998.542664
2021-03-17,62.090151960107,62.539501708045,61.44947504143,62.180697306216,9548122.094392
2021-03-18,61.979872371898,63.235371186179,61.85925077446,62.330445378626,12145589.719155
2021-03-19,62.070417718007,62.748558037463,61.364206230643,62.700647096748,32082148.805574
2021-03-22,62.200537079023,63.51924878645,62.10893642585,63.378892946911,16103355.524039
2021-03-23,63.378892946911,63.529801857092,62.59152834631,62.619599514217,11014517.100528
2021-03-24,62.461514516,62.889019407708,62.269132038196,62.30026359659,9626293.8958348
2021-03-25,62.999298995917,62.999298995917,61.979872371898,62.790242666499,11157337.088485
2021-03-26,62.950332748138,63.980101381387,62.830766457764,63.939472059415,12538045.6782
2021-03-29,63.860535091013,64.413832584774,63.654539152081,64.069591420431,9703163.9075288
2021-03-30,63.999835623488,64.07993342966,63.169836617492,63.310192457031,12232667.339246
2021-03-31,62.899773553478,63.769736892953,62.779980816314,63.129830060077,12678976.53439
2021-04-01,63.180406888792,63.340409775494,62.539557630537,62.930664163149,9725917.9888191
2021-04-05,62.899773553478,63.600519180315,62.879040195123,63.159778244368,8868054.0273825
2021-04-06,63.209307933773,63.300199625957,61.889284118484,61.980175810668,14002245.289123
2021-04-07,62.010019281028,62.539557630537,61.929598981953,62.059653684363,11799686.418536
2021-04-08,62.200075065952,62.419869607304,61.759334130005,61.908970337529,7846937.3615145
2021-04-09,61.799544279542,62.639664148657,61.679751542378,62.609715964366,7867968.1887031
2021-04-12,62.529295665291,62.775896973002,62.269081546538,62.690240977372,11162958.625498
2021-04-13,62.910035518725,63.740835847973,62.750137345954,63.57978582196,9451106.459768
2021-04-14,63.750155387839,63.960630389325,63.57978582196,63.80994704249,7639851.781692
2021-04-15,63.999898113483,64.7295447853,63.919373100477,64.439591910119,9833959.5638312
2021-04-16,64.93080496085,65.639822988244,64.738864325167,65.460238596429,14589457.37786
2021-04-19,65.418876593649,65.925692020112,65.210495870785,65.600555264086,11851070.237778
2021-04-20,65.449871917251,66.529472546763,65.418876593649,66.08045921026,9685441.5191127
2021-04-21,66.519105867585,66.889583755772,66.08045921026,66.320987109968,9532117.5355377
2021-04-22,66.149675118708,66.560363156434,65.819407380059,66.320987109968,12914496.606479
2021-04-23,66.300253751612,66.92885147993,65.860664668907,66.00925373712,14716281.840921
2021-04-26,65.959724047716,65.998991771874,65.080441168374,65.889565713887,11768759.814426
2021-04-27,65.998991771874,66.279729821119,65.600555264086,65.959724047716,7472353.1853118
2021-04-28,66.100145429304,66.383920182551,65.75019147161,66.029987095476,7645613.0946827
2021-04-29,64.998869016057,65.258978420879,62.404371945503,62.889302160369,21473280.717006
2021-04-30,62.000804455092,62.764483154513,61.509591404361,62.419869607304,17026150.73736
2021-05-03,62.700502942619,63.585021518514,62.649926113903,63.47967930384,10740366.414525
2021-05-04,63.379677499652,64.210373114969,63.340409775494,63.950368424079,10563202.648774
2021-05-05,63.898744456052,64.849232808533,63.898744456052,64.681062235207,10111353.316077
2021-05-06,64.59949008289,64.719178106123,64.049427802887,64.460115840612,11097805.210074
2021-05-07,64.70064374032,65.389033123289,64.189849184476,64.439591910119,7847025.5349895
2021-05-10,64.639700232427,65.28997374448,64.590275256954,64.70064374032,10312257.06326
2021-05-11,64.430167656321,64.899809637249,64.049427802887,64.260007518304,9508829.0798142
2021-05-12,64.430167656321,65.231124515209,64.249640839127,64.530378888372,10640891.231733
2021-05-13,64.439591910119,65.340550573196,64.439591910119,65.040231018837,8611631.0280892
2021-05-14,65.200129191607,65.28997374448,64.614987744691,64.879180992824,7555501.7411449
2021-05-17,64.840017982598,65.840036024483,64.840017982598,65.460238596429,9173400.7090719
2021-05-18,65.418876593649,65.799825874945,65.129028432399,65.600555264086,6668342.8693555
2021-05-19,65.319921928771,65.580031333593,64.590275256954,65.549036009991,7622983.5176733
2021-05-20,65.319921928771,67.2302181736,65.258978420879,67.00005695307,13165041.051129
2021-05-21,67.239537713467,67.91965469588,66.975239751402,67.049586642474,9442092.4175964
2021-05-24,67.270533037069,67.960911984728,67.209589529176,67.290009828251,8441758.5304599
2021-05-25,67.340691370897,67.56048591225,66.66978921442,66.759633767293,9349798.0438487
2021-05-26,66.720366043135,66.799843916831,65.990719371318,66.129046474284,8504119.4628651
2021-05-27,66.300253751612,66.649160569996,65.580031333593,65.709981322072,12255354.340954
2021-05-28,65.660451632668,66.21051391267,65.600555264086,65.72034800125,6356983.9194004
2021-06-01,66.399417844352,66.399417844352,65.029864339659,65.10117452673,8796595.7240271
2021-06-02,65.241386480456,65.418876593649,64.535509870995,64.690277061143,7517294.5272449
2021-06-03,64.47048251979,65.085676864929,64.284720006041,64.80075025844,7819426.2683856
2021-06-04,64.979287510944,65.231124515209,64.859599487711,64.941066926097,8046019.5028401
2021-06-07,65.029864339659,65.408614628403,64.7295447853,64.769859648769,7974103.860142
2021-06-08,64.811116937617,64.889547672002,63.219569899019,63.700520984504,14421168.127023
2021-06-09,64.019479618596,65.549036009991,63.919373100477,65.399399802467,13693769.902482
2021-06-10,65.549036009991,67.700802579907,65.418876593649,67.390221060302,15019347.639531
2021-06-11,67.889706511589,67.940283340304,66.780157697786,67.340691370897,9541744.9162769
2021-06-14,67.319958012542,67.450117428884,66.649160569996,67.290009828251,5426845.8077305
2021-06-15,67.499542404357,67.569805452117,66.916495236062,67.420169244593,6247883.2937484
2021-06-16,67.420169244593,67.860805466609,66.838064501677,66.920579079374,10795510.687133
2021-06-17,67.030005137361,67.169274665707,66.229152992404,66.76989573254,8841491.525814
2021-06-18,66.399417844352,66.730732722313,65.780139655901,66.470623317492,15038503.569202
2021-06-21,66.61104469908,67.161106979082,66.479838143427,66.829792101122,10195527.009675
2021-06-22,66.750314227426,66.789581951584,65.709981322072,65.940247256534,9458979.0914615
2021-06-23,66.149675118708,66.220880591848,65.241386480456,65.258978420879,7473094.4238651
2021-06-24,65.460238596429,66.21051391267,65.408614628403,65.850402703661,6742226.4277421
2021-06-25,65.930823002736,67.089901505943,65.709981322072,66.739947548248,22602670.534377
2021-06-28,66.720366043135,66.989690273892,66.118784509038,66.399417844352,8769894.6641407
2021-06-29,66.399417844352,66.61104469908,66.089883464058,66.269467855873,5328300.8066532
2021-06-30,66.310725144721,67.161106979082,66.190932407557,66.819530135875,10120076.676464
2021-07-01,66.420694266799,66.736170528004,66.249495122745,66.559981973559,8425572.8704071
2021-07-02,66.759766281313,66.981067421381,66.334522991498,66.950299390634,6884442.384894
2021-07-06,66.679831769002,66.809868277327,66.04981476104,66.650103198753,9573154.6559435
2021-07-07,66.769952994196,67.19010292757,66.219870498547,67.138753578958,7936407.6471575
2021-07-08,66.650103198753,66.798642103946,66.065198776414,66.690018481884,11435038.469205
2021-07-09,66.700309140816,67.570129685713,66.700309140816,67.159334896823,8895464.0796041
2021-07-12,67.059962473195,67.859099704213,66.999465872199,67.499446371835,7978917.6535384
2021-07-13,67.220767012267,67.609109454395,67.009756531131,67.439989231338,5535671.3620221
2021-07-14,67.530214402582,67.989136212539,67.200289640452,67.879473129978,7133197.8117763
2021-07-15,67.650064198025,67.941009191472,67.12045907419,67.429802518455,7473042.6234135
2021-07-16,67.439989231338,67.575223042154,66.820262882309,67.29966206408,6381583.4949201
2021-07-19,66.799681564444,67.259642834899,65.779347139408,66.360197665804,11138049.202336
2021-07-20,66.499485372563,67.670437623789,66.439092717618,66.719747052133,8710289.6679831
2021-07-21,67.111103929706,67.240204923583,66.559981973559,67.159334896823,5796423.0227089
2021-07-22,67.138753578958,67.999322925421,66.929822018819,67.960447102788,11068391.982402
2021-07-23,67.999322925421,68.529031995305,67.800682024214,68.340473860931,7092294.4612816
2021-07-26,68.220624065488,68.338394939935,67.489259658953,67.689979481156,8306010.7321876
2021-07-27,67.259642834899,67.719708051404,67.049671814262,67.489259658953,11190403.148336
2021-07-28,67.599858255961,68.990136672308,67.009756531131,68.729855763558,11626236.376255
2021-07-29,68.999283924693,69.269751546325,68.050568327982,68.149940751611,8963713.7674679
2021-07-30,68.149940751611,68.515726900928,67.489259658953,67.869286417096,10007964.934064
2021-08-02,68.200250639724,68.70012719331,67.960447102788,68.019904243285,6562338.1387082
2021-08-03,68.299519117302,69.331287607819,67.999322925421,69.310706289954,8780184.0795214
2021-08-04,68.930679531811,69.340434860203,68.450136943492,68.490052226623,5857259.2528229
2021-08-05,68.669359162563,68.759584333807,67.969594355172,68.419368912745,5484420.405786
2021-08-06,68.389744288546,68.399931001429,67.754529978094,68.119172720864,6632924.6031162
2021-08-09,68.200250639724,68.33548445054,67.220767012267,67.379596576392,8154283.2650374
2021-08-10,67.439989231338,67.565036329272,66.769952994196,67.379596576392,7415300.6212213
2021-08-11,67.530214402582,67.729894764287,66.749475622381,66.869325417824,5768895.1312723
2021-08-12,66.769952994196,67.215673655825,66.60000120274,66.950299390634,5723776.0172462
2021-08-13,67.009756531131,67.830410594463,66.981067421381,67.509633084717,4901059.8566941
2021-08-16,67.509633084717,68.70012719331,67.499446371835,68.679649821495,6754384.2741685
2021-08-17,68.679649821495,69.160088463765,68.210437352606,68.96040810206,7560505.8073073
2021-08-18,68.990136672308,69.065913342627,67.859099704213,67.93071853254,6863805.7392394
2021-08-19,67.650064198025,69.108947007253,67.559839026781,68.510633544487,11707421.303369
2021-08-20,68.710313906192,69.344592702196,68.299519117302,69.201043207394,9053383.9069868
2021-08-23,69.259460887393,69.750190188595,68.87943412925,68.939826784195,7988781.1151002
2021-08-24,68.840558306617,68.849705559001,68.189856034742,68.519780796871,5125209.8269656
2021-08-25,68.259603834171,68.309705830184,67.29966206408,67.599858255961,7639726.8269825
2021-08-26,67.429802518455,67.759623334535,66.950299390634,66.990214673765,4697743.7036986
2021-08-27,67.080439845009,67.220767012267,66.579419884875,66.60000120274,6863364.5433338
2021-08-30,66.710599799748,67.480943974967,66.509776031495,67.210476353334,4257407.7396902
2021-08-31,67.049671814262,67.650064198025,66.766938558751,66.86017816544,8502980.3016031
2021-09-01,67.289371405148,67.289371405148,65.440275124894,65.810115170155,10320359.942035
2021-09-02,65.970919709227,66.120498074918,65.495574423398,66.120498074918,7064747.0479023
2021-09-03,65.970919709227,65.970919709227,65.289657298704,65.61022691635,7772465.3004442
2021-09-07,65.440275124894,65.560124920337,64.649349631811,65.189245414578,8789056.80249
2021-09-08,64.610473809178,65.140078933013,64.020268138298,64.919817253444,12231581.561146
2021-09-09,64.440314125622,64.759012714371,63.449708270834,63.57974477916,11245981.143177
2021-09-10,63.720071946417,63.873704208052,62.955860588138,63.129970221587,10017216.38272
2021-09-13,63.470081696599,63.511140386278,62.563360304016,62.840064688638,9031468.5740837
2021-09-14,63.060326368207,63.084857635965,61.970244143742,62.110675257049,8009689.1157587
2021-09-15,61.980534802674,62.465131286936,61.809439604669,61.99997271399,7981362.7768648
2021-09-16,61.859645546733,62.049139195555,60.660004185756,61.229524592722,13621881.612778
2021-09-17,60.510425820065,61.416107752149,60.359807993875,61.309459105034,20450494.169769
2021-09-20,60.639422867892,61.380142418911,60.155865844127,60.500135161132,15426766.233768
2021-09-21,60.540154390313,61.130152169094,60.309602051812,60.329039963128,10157708.971833
2021-09-22,60.500135161132,60.660004185756,60.05046454961,60.150772487686,9661257.1834613
2021-09-23,60.400762737504,61.334094318841,60.219376880568,60.630275615508,9393687.484278
2021-09-24,60.500135161132,61.100527544895,60.171249859501,60.22956359345,9541675.5232994
2021-09-27,60.109817744057,60.715303484261,59.788104719863,59.839350122425,8231795.1386271
2021-09-28,59.880304866054,60.22956359345,59.374191549479,59.839350122425,10812462.241567
2021-09-29,59.900886183918,60.939619059773,59.900886183918,60.619984956575,9043338.8913576
2021-09-30,60.179785197179,60.569937692915,59.149345439678,59.169657290011,11996910.636688
2021-10-01,59.369888829842,59.757979208792,58.649385225137,59.510112771227,11187980.070965
2021-10-04,59.400408158261,60.025332649977,58.850544717521,58.929936213746,12532839.769239
2021-10-05,58.860752195607,59.680856041031,58.830232867188,59.149345439678,11406467.026782
2021-10-06,59.109649691565,59.229561782617,58.599585104778,59.189969140344,9283425.4156983
2021-10-07,58.750016524249,59.344524793385,58.36996840076,59.010152556686,13798238.304076
2021-10-08,58.870959673693,58.990871764745,56.805955925121,57.260240252873,27249584.726304
2021-10-11,57.320144745479,57.77030483966,57.010208592682,57.419744986198,10741680.304575
2021-10-12,57.519345226917,58.840440345274,56.819153472545,57.060111818881,11736296.442062
2021-10-13,57.060111818881,57.389225657779,56.660679797613,57.070216191128,9881930.3743615
2021-10-14,57.070216191128,58.165715733198,57.010208592682,57.700192868968,9028564.9693861
2021-10-15,58.109729262483,58.690008925803,57.909600828492,58.359760922674,9445535.0849306
2021-10-18,58.010129021764,58.150456068989,56.92081583005,56.94009662199,13320593.549649
2021-10-19,57.179920804094,57.639257317969,57.021344023322,57.590488256002,9390163.4988387
2021-10-20,57.909600828492,58.5964919296,57.900527514638,58.07013662021,9010324.5933388
2021-10-21,58.08952051799,58.099624890237,57.370047971678,57.810000587773,7158962.8344475
2021-10-22,57.810000587773,58.999945078599,57.429849358445,57.600695734088,6884483.3561298
2021-10-25,57.715452533177,58.160560441235,57.519345226917,57.810000587773,9716081.3099537
2021-10-26,57.900527514638,58.349553444587,57.619976526029,58.239848831622,9984561.027117
2021-10-27,58.349553444587,58.41966541528,56.110919462712,56.489936527809,18773667.92211
2021-10-28,56.530663334314,57.750096095167,56.349712586424,57.130120683734,16380799.427548
2021-10-29,57.250135880626,58.570096834751,57.137234986643,58.400487729179,17066963.681545
2021-11-01,58.30078438262,59.220488468763,58.290680010374,58.679904553556,13216828.285674
2021-11-02,58.774349502312,59.626931687101,58.290680010374,58.630104433197,13462729.928385
2021-11-03,58.549784984418,59.469489070561,58.410592101426,59.359681351755,12305772.869596
2021-11-04,59.440000800534,59.689929354885,58.60474039674,59.24997673879,9831027.3655049
2021-11-05,59.080161421539,59.859744672136,58.764245130066,59.450105172781,10625194.208642
2021-11-08,59.800768132083,60.200097047512,59.059952677045,59.410512530507,10294232.150246
2021-11-09,59.410512530507,59.650336712611,59.20017661843,59.459281592474,9128769.9355336
2021-11-10,59.299776859149,59.945116307038,59.299776859149,59.390200680175,11005208.275285
2021-11-11,59.400408158261,59.689929354885,59.143262195162,59.189969140344,8148741.3754383
2021-11-12,58.820128494941,59.699105774578,58.755068710372,59.429896428287,9278272.9227666
2021-11-15,59.800768132083,60.059873106127,59.489800920894,59.619920490032,10543303.422395
2021-11-16,59.49990529314,59.939961015075,58.851575775913,59.100576377711,9320328.325827
2021-11-17,58.999945078599,59.74993695333,58.349553444587,59.440000800534,12324544.633379
2021-11-18,59.450105172781,59.699105774578,58.739912152002,59.039537720873,9816341.382978
2021-11-19,59.130064647738,59.420616902754,57.799793109687,57.830312438106,13881066.891272
2021-11-22,57.810000587773,58.3201682804,57.020416070769,57.039696862709,14186886.437368
2021-11-23,57.289728522899,57.955276715281,57.200232654427,57.450264314617,14466276.331983
2021-11-24,57.419744986198,57.72060782514,56.56015160434,56.809049100299,17685249.056637
2021-11-26,56.31011994415,56.729760709913,55.820264101856,56.530663334314,15832297.070745
2021-11-29,55.840575952189,56.299912466064,54.600831341003,54.639392924884,22025040.537861
2021-11-30,54.159744560676,54.34987172826,53.220759682593,53.630296076109,25407167.994294
2021-12-01,53.939201170512,55.960488043241,53.910743958878,54.950360136073,20203715.962745
2021-12-02,54.989952778346,55.880271700302,54.669912253303,55.410727708341,17193717.36939
2021-12-03,55.76035960925,56.690168067639,55.76035960925,56.320224316397,18445586.18205
2021-12-06,56.520352750388,57.53965707725,56.450343885535,56.829360950632,18988276.731509
2021-12-07,57.049801234956,57.760200467414,56.94009662199,57.130120683734,13037755.539062
2021-12-08,57.389225657779,57.87805044168,57.150432534067,57.600695734088,11391695.431786
2021-12-09,57.2398252967,57.799793109687,56.910711457803,57.53965707725,13622748.488473
2021-12-10,57.610800106335,57.799793109687,56.110919462712,56.35981695867,14467212.164828
2021-12-13,57.260240252873,59.369888829842,57.109808833401,59.049848304798,18908352.079881
2021-12-14,58.799713538769,60.429816857369,58.599585104778,59.510112771227,21215255.815557
2021-12-15,59.619920490032,60.879873845711,59.599505533859,60.609633441027,18498209.312688
2021-12-16,60.999889042603,62.670512956029,60.790481083078,62.170552741488,17947174.991729
2021-12-17,62.300672310627,62.569984762757,61.359625315759,61.55975374975,24454223.479836
2021-12-20,61.439841658698,62.04053627819,60.879873845711,61.720289541468,10894348.000989
2021-12-21,61.999809471684,62.239633653788,61.249817596953,61.450049136784,8669722.7677988
2021-12-22,61.359625315759,62.280257354454,60.930808130303,62.100337664957,15119666.755366
2021-12-23,62.410273817753,62.558643120439,61.854430238337,62.049609592044,8077302.1987066
2021-12-27,62.09023329271,62.349441372594,61.765037475704,62.29046483254,9542658.9862636
2021-12-28,62.319953102567,62.63999362761,62.10961719049,62.349441372594,6002478.1203123
2021-12-29,62.189833533429,62.489665313979,62.030328800104,62.29046483254,4875381.1160537
2021-12-30,62.499769686225,63.169442112178,62.35954574484,62.520081536558,6247985.1584281
2021-12-31,62.609577405031,62.985501294949,62.344286080631,62.349441372594,6446215.4169562
2022-01-03,62.070024548216,62.239633653788,61.335189231855,61.879897380632,12360782.324787
2022-01-04,61.499849257143,62.310776682873,61.069897907456,62.129825934983,11415247.717086
2022-01-05,62.440793146172,63.270073411289,62.119721562736,62.160345263402,11074115.487861
2022-01-06,61.72009935362,61.789602243486,60.859796671255,61.480314383579,8048873.8343846
2022-01-07,61.490433186663,63.009480170779,61.210275214421,62.830305809108,16669963.252611
2022-01-10,62.80005160999,65.315442962372,62.759678607788,65.099881793653,27534131.843151
2022-01-11,64.710052349606,65.850410794081,64.310104102476,65.479592434616,12999474.03225
2022-01-12,64.860199033745,65.359699949595,64.379504782211,64.819826031543,10148202.749235
2022-01-13,64.649543951369,64.95474340599,63.862832564157,64.600176457537,8201804.3501226
2022-01-14,64.279849903358,64.990108111716,64.244587407763,64.929599713479,10302187.485809
2022-01-18,64.679798150488,65.030378903786,63.810398766361,64.890248812599,13301911.327698
2022-01-19,64.860199033745,65.329547960609,64.414869487937,64.720068942557,12569334.06317
2022-01-20,64.519634873398,65.349683356644,64.129805429351,64.580041061502,8523099.4922881
2022-01-21,64.740204338592,64.919480910396,63.289638143021,63.540461807334,13273172.394166
2022-01-24,63.179864461085,63.419547220993,61.190242028518,62.609634133781,17673852.488386
2022-01-25,62.23994008577,62.810068202941,61.450162394593,62.459487449643,16752833.745829
2022-01-26,62.160318392819,63.410552729363,61.860127234675,62.23994008577,13664186.078654
2022-01-27,62.509877044796,64.519634873398,62.349713767706,63.859766260193,16569452.924882
2022-01-28,63.680387478257,64.919480910396,63.240168439057,64.910486418766,10848383.072905
2022-01-31,64.580041061502,65.000124704667,64.389725795426,64.890248812599,12036685.511615
2022-02-01,65.010141297619,65.260045070742,64.679798150488,65.189520079554,12055497.695282
2022-02-02,64.845071934185,64.979989308633,64.029946130234,64.799690635508,12312348.377328
2022-02-03,64.799690635508,65.079644187486,63.599845894118,64.070319132436,13946665.643499
2022-02-04,63.144499755358,65.450462546951,62.899808698975,64.990108111716,13193672.032525
2022-02-07,65.379937555763,66.449771009049,65.000124704667,66.189748432842,17537971.16554
2022-02-08,66.250256831079,66.289607731959,65.599484919636,65.889659484829,13614085.772088
2022-02-09,65.739512800691,67.269802899344,65.619722525803,67.13979161124,17159901.962875
2022-02-10,66.869854652214,67.099520819171,66.169715246939,66.510279407286,21184508.131152
2022-02-11,66.419516809931,67.355454990092,66.390386922266,66.879871245165,15613388.784604
2022-02-14,66.869854652214,67.020001336353,65.820156594962,66.810368355299,14939425.007326
2022-02-15,66.729724561027,68.059478380388,66.729724561027,67.770428126649,24972779.23133
2022-02-16,67.770428126649,68.390025947784,67.450101572469,67.600146046475,14253320.814965
2022-02-17,67.500491167622,67.776458524446,66.790232959264,67.389593174232,13456460.896339
2022-02-18,67.379576581281,67.915464304179,67.180164613442,67.549756451322,12278890.26691
2022-02-22,67.669648936342,68.270031252632,67.054139520493,67.450101572469,15771214.180701
2022-02-23,67.90033720462,68.290268858799,67.46011816542,67.929569302417,15957763.620204
2022-02-24,66.490041801119,67.169943600227,66.189748432842,67.099520819171,18055497.306353
2022-02-25,67.689886542509,69.319729309883,67.630400245594,68.799990787865,15719840.272127
2022-02-28,67.689886542509,68.70023369888,67.290858186568,68.670081709894,22480238.849569
2022-03-01,68.119986778625,69.010441449976,68.02022968964,68.629708707692,12418341.249006
2022-03-02,68.759617785663,69.245218123541,68.509918432804,68.850278172887,13004697.488028
2022-03-03,68.850278172887,69.645166370671,68.609573311657,69.110198538962,15731025.733874
2022-03-04,68.26001465968,69.54040098521,68.239879263645,69.360000101953,13076328.915051
2022-03-07,69.209955627947,69.230091023982,68.165265867171,68.769736588747,15714941.421069
2022-03-08,67.929569302417,68.410059133687,67.325200790973,67.74017392753,19223467.775989
2022-03-09,68.379804934568,68.619589904608,67.959823501535,68.130105581709,12430799.320086
2022-03-10,67.770428126649,68.730385687867,67.705013642068,68.42017793677,12817400.56426
2022-03-11,68.089732579507,69.490011390057,67.939688105501,68.870515779054,14023946.383869
2022-03-14,68.929899865837,69.935238725732,68.749601192712,69.240209827065,17475553.747742
2022-03-15,69.670310063182,70.190150795332,69.275472322659,69.749931756132,15977238.910764
2022-03-16,69.930230429257,70.144871706786,69.019640361871,69.66029347023,15734335.312279
2022-03-17,69.690547669349,70.709991527482,69.280480619135,70.519574051273,17191527.595267
2022-03-18,70.389664973302,71.02030148871,69.915103329697,71.02030148871,33020111.441461
2022-03-21,71.479531612491,72.059778532746,70.600115635413,71.050453477697,18288964.536417
2022-03-22,71.209594653465,71.400012129673,70.26967027815,70.819662999286,14242372.602539
2022-03-23,70.990047289592,71.50978581161,70.640488637615,71.379876733638,13438862.75418
2022-03-24,71.619661703678,72.599856871063,71.489752625707,72.410359286044,12981790.520042
2022-03-25,72.499997571946,73.45504904682,72.449710186925,73.279758670171,12153763.584866
2022-03-28,73.200136977221,73.740113105406,72.704520046392,73.10957880013,10629105.139098
2022-03-29,72.960454217313,73.340267068408,72.660160849036,73.230391176339,14833459.930547
2022-03-30,73.519543640211,74.069536361348,73.21526407678,73.719977709371,12146647.097888
2022-03-31,73.459909991235,73.615044535371,72.979997372683,73.030017863369,17143091.999999
2022-04-01,73.1900225567,73.929980849956,72.999985276669,73.819996647311,12528563
2022-04-04,73.999989244628,74.890009009942,73.539963068621,73.790065522052,13542198
2022-04-05,73.760032935352,74.990049991314,73.560052434049,74.430084295376,12224948
2022-04-06,74.179981841945,75.48000729258,73.969956657928,75.339990503235,15420148
2022-04-07,75.379966311207,77.280034727194,75.300014695263,77.259945361766,20655640
2022-04-08,76.820008551187,78.055098679227,76.760044839229,77.76999202846,22333052.999999
2022-04-11,77.699983633787,78.129977223094,76.469966577825,76.499999164525,15560669.000001
2022-04-12,76.219965585835,77.020394898257,75.570003591239,76.54991819377,12596406
2022-04-13,76.730012252529,77.140017937849,76.449978673839,76.869927580432,9960988.9999994
2022-04-14,77.040078417918,78.120034001822,76.789975964487,77.509946353756,16730361
2022-04-18,77.149961159122,77.229912775066,76.35998237518,76.750000156515,13841997
2022-04-19,76.880073724587,76.89001694586,75.980009276559,76.400059644594,12875692
2022-04-20,76.210022364563,77.690040412515,76.04007444996,77.280034727194,9721127
2022-04-21,77.280034727194,78.170054492508,76.605011756534,77.560068305884,11110194
2022-04-22,76.910004849846,77.289977948467,75.679987793883,75.750097649997,15110671
2022-04-25,75.739951505842,76.240054951263,74.710016412625,76.050017671232,14944833
2022-04-26,75.980009276559,76.93506582591,75.560060369966,75.590092956666,11525706.999999
2022-04-27,75.800016679242,76.295047052585,75.089989511245,75.809959900514,12603745.999999
2022-04-28,76.769988060501,77.745032513837,76.214993975199,77.200083111249,21440121
2022-04-29,73.779919377897,76.010041863259,73.350027250031,75.270083570004,26446511
2022-05-02,75.370023089935,75.975037665923,74.324970241926,75.080046289973,20533667
2022-05-03,75.779927313814,75.989952497832,74.210014428645,75.050013703273,14951531
2022-05-04,75.010037895301,76.634942881792,74.800012711283,76.309961884494,17112483.000001
2022-05-05,76.389913500439,77.029932273763,75.530027783266,76.249998172535,14788074
2022-05-06,76.120026065904,76.850041137887,75.76004087127,76.669947079128,15177776
2022-05-09,75.690032476597,77.244929068416,74.859976423242,76.269986076521,19130728
2022-05-10,76.820008551187,77.000001148504,75.630068764639,76.289973980508,15343533.999999
2022-05-11,76.259941393808,77.33005521788,76.069904113776,76.149957191163,13678069
2022-05-12,76.080050257932,76.339994471194,74.859976423242,76.300018663222,16224531.000001
2022-05-13,76.440035452566,76.589995463184,75.519983100552,75.800016679242,13773108
2022-05-16,76.160001873877,77.244929068416,76.080050257932,76.910004849846,13441149
2022-05-17,76.939935975104,78.42999870577,76.800020647201,78.219973521753,14509386
2022-05-18,78.269994012439,78.465002903106,76.839996455173,77.019989052491,15026154
2022-05-19,76.089993479204,76.789975964487,75.68495940452,75.960021372573,14858836
2022-05-20,76.499999164525,77.149961159122,75.339990503235,76.189932999135,17329678
2022-05-23,76.509942385797,77.480015228498,76.460023356553,76.699979665828,13539433
2022-05-24,76.699979665828,77.72494314841,76.410002865866,77.129973255135,13242550
2022-05-25,77.129973255135,77.869931548391,76.660003857856,77.240058919222,12508563.999999
2022-05-26,78.109989319108,78.614962913724,77.320010535167,77.589999431142,12028997
2022-05-27,77.309965852453,77.449982641798,75.46499099923,76.14001396989,16315698.999999
2022-05-31,75.080046289973,75.980009276559,73.669022022278,75.44997470588,28617102
2022-06-01,75.339990503235,75.51003987928,74.339986535276,74.960017404614,12280385
2022-06-02,75.499995196566,75.600036177939,73.619914684566,75.070001607259,12805067
2022-06-03,74.35003121799,75.315030988613,74.300010727304,75.170042588632,12188372.999999
2022-06-06,75.44997470588,75.629155611665,74.695000119275,75.249994204576,11551280.000001
2022-06-07,75.270083570004,76.720069031256,75.179985809904,76.589995463184,13994470
2022-06-08,76.519987068511,76.815036940551,75.920045564601,76.179989777863,7617316.0000001
2022-06-09,76.089993479204,76.980013244518,75.821526504852,75.980009276559,11760777
2022-06-10,75.400055676635,75.724935212492,74.88006578867,75.089989511245,10964783
2022-06-13,73.859972455283,74.329941852562,73.300006759345,73.579938876593,13636296
2022-06-14,73.539963068621,73.784992449974,72.389999090045,72.870013170038,14104215
2022-06-15,73.15998997,73.600028242021,72.459906023276,73.019973180655,14264612
2022-06-16,72.470052167431,72.805077847443,71.710004508748,72.619910716607,14035251.999999
2022-06-17,72.710008476707,74.370019121976,72.670032668735,73.769976156624,34761507.999999
2022-06-21,74.999993212587,77.025062124568,74.519979132594,76.469966577825,15534303.999999
2022-06-22,76.469966577825,77.416500366085,76.199977681849,76.54991819377,11130236
2022-06-23,76.560064337925,77.760048807187,76.560064337925,77.690040412515,12241262.000001
2022-06-24,78.620035985801,79.000009084422,78.120034001822,78.96003327645,12372297
2022-06-27,79.229920710984,80.590011335019,79.099948604353,79.980025148395,10586886.000001
2022-06-28,79.84000835905,80.399974054988,78.49006387917,78.699987601746,8870018.0000001
2022-06-29,78.699987601746,79.170058460467,77.989960433749,78.280038695153,8723563.0000001
2022-06-30,77.029971937519,77.64995762361,76.289979270746,77.000045763495,14219721
2022-07-01,76.979994219283,76.979994219283,75.770049782654,76.840036455919,10882707
2022-07-05,76.369983924534,76.64002482145,74.624995770507,75.959985264253,12589842
2022-07-06,76.249976943852,77.09496312353,75.97499873203,76.219950008299,8618855
2022-07-07,75.879980610465,76.230026161169,75.01000557167,75.139987943693,14455440
2022-07-08,74.779967001648,76.035052603135,74.670036173836,75.380001905056,6589845
2022-07-11,75.500008885738,75.990012199806,75.250019533033,75.559961995314,6990276
2022-07-12,75.429979623291,75.959985264253,74.859971655435,75.01000557167,9285651
2022-07-13,74.640009238283,75.21999259748,74.409970668261,74.529977648943,8562126
2022-07-14,73.639951065936,74.125017065098,73.240028558525,74.010048160851,9675745
2022-07-15,74.819969328541,75.669993584655,74.289963687579,75.650042801972,10933915
2022-07-18,75.799975956678,75.799975956678,73.49001791123,73.740007263935,8995984
2022-07-19,74.119978988663,74.289963687579,72.914971866939,73.139972360526,11399124
2022-07-20,73.280030885419,73.700004937041,72.380028911071,72.819953745375,12149895
2022-07-21,72.710022917563,73.330008603655,72.4700089562,73.040016924056,7238890
2022-07-22,73.250003949867,73.610024891912,72.479984347541,72.950036878927,6514385
2022-07-25,72.790027571351,73.259979341208,72.479984347541,72.840005289587,6259021
2022-07-26,73.469966367019,74.230010578003,72.960012270268,73.629975674594,8957331
2022-07-27,72.390004302412,74.979978636117,72.260021930389,74.8099939372,9760140
2022-07-28,74.930000917882,75.160039487904,73.219977014314,74.69996234786,9262724
2022-07-29,74.449972995155,74.649984629625,73.169999296079,73.780009590829,13459531
2022-08-01,73.759958046617,74.260037513556,73.299880906573,73.620000283253,6783110
2022-08-02,74.180032859768,74.729989283412,73.240028558525,73.280030885419,7039733
2022-08-03,73.299981668102,73.509968693913,72.600092089752,72.990039205821,8672094
2022-08-04,72.790027571351,72.950036878927,71.974967565697,72.119963405496,8601755
2022-08-05,71.980005642132,72.35997736686,71.709964745216,72.119963405496,8972702
2022-08-08,72.069985687261,73.829987309064,71.900000988344,73.799960373511,9844922
2022-08-09,74.10002820598,75.515022353514,74.060025879086,74.960027853434,8978661
2022-08-10,75.200041814798,75.32004879548,73.949994289746,74.859971655435,8319071
2022-08-11,74.390019885579,75.51995966842,74.279988296238,74.460049148025,6142959
2022-08-12,74.579955367178,75.71997130289,74.569979975837,75.570038148184,6163935
2022-08-15,75.450031167503,75.500008885738,73.78998498217,74.529977648943,11125560
2022-08-16,74.359992950026,75.099985616799,73.84500077684,74.129954380004,9026976
2022-08-17,73.909991962852,74.979877874588,73.810036526381,74.560004584495,5347169
2022-08-18,74.769991610306,74.970003244776,73.620000283253,74.150005924215,5303324
2022-08-19,74.159981315556,75.709995911549,74.159981315556,75.330024186821,7938388
2022-08-22,75.330024186821,75.860029827783,74.350017558685,74.550029193154,5813576
2022-08-23,74.310015231791,74.489975322049,72.599991328223,72.76997602714,9200188
2022-08-24,73.009989988503,73.129996969185,72.35997736686,72.420031237965,6142834
2022-08-25,72.660045199328,72.660045199328,71.030025949548,71.499977719405,11037022
2022-08-26,71.919951771027,72.039958751708,71.125044071112,71.190035257124,7373204
2022-08-29,69.899985405178,69.909960796519,66.400134467312,66.749978494958,18479021
2022-08-30,66.749978494958,67.249957200368,65.950032718609,67.199979482133,10260513
2022-08-31,67.329961854156,67.630029686624,66.835021225181,67.409966507943,13940339
2022-09-01,67.390015725261,69.100039628829,67.209954873474,69.089963475959,9633255
2022-09-02,69.369979764216,69.779978424496,68.339995417844,68.61003631476,8657762
2022-09-06,68.940030321253,69.070012693276,68.120033000692,68.650038641654,8428905
2022-09-07,68.669989424337,69.480011353556,68.139983783375,68.759969469466,7182984
2022-09-08,68.950005712594,69.579966790027,68.179986110269,69.379955155557,9147946
2022-09-09,69.279999719087,70.546874419432,69.22004660951,70.159950149224,6557458
2022-09-12,75.610040475078,75.990012199806,72.250046539048,72.35997736686,23830082
2022-09-13,71.56003159051,72.100012622814,70.769960443974,71.04000134089,9884738
2022-09-14,70.54002263548,71.230037584018,70.03238605389,70.469993373034,15528919
2022-09-15,70.639978071951,72.134976873273,70.555036103257,71.779994007662,9499389
2022-09-16,71.74996707211,72.250046539048,70.89500550109,71.520029263616,16364807
2022-09-19,71.049976732231,71.539980046299,69.529989071791,70.189977084776,9921967
2022-09-20,69.800029968707,70.059994712753,69.239997392193,69.730000706261,7454921
2022-09-21,69.739976097602,70.370037936563,69.440009026662,69.459959809345,11856979
2022-09-22,69.199995065299,71.875012129227,69.199995065299,71.289990693594,10009786
2022-09-23,71.030025949548,71.369995347382,70.1300239752,70.710007334397,8190301
2022-09-26,70.139999366541,70.849965097761,69.689998379367,70.149974757883,10244013
2022-09-27,70.74003426995,71.495040404499,70.195015161212,70.359961783693,12013224
2022-09-28,71.070028276442,72.079961078602,71.019949796678,72.06001029592,12412730
2022-09-29,72.140014949708,72.609966719564,71.160008321571,71.709964745216,9587799
2022-09-30,71.779994007662,72.109988014155,70.980048231313,71.089979059125,11347056
2022-10-03,71.354981879606,71.509953110746,69.390031308427,70.530047244139,12068172
2022-10-04,70.630002680609,71.912999225546,70.099997039647,71.209986039807,10510674
2022-10-05,70.940045904419,71.795007475439,70.664966931068,71.45000000117,6787527
2022-10-06,70.79,70.83,69.9,70.24,7545530
2022-10-07,70.34,70.455,69.26,69.7,7934641
2022-10-10,69.18,69.41,68.33,68.48,8879404
2022-10-11,68.56,70.36,68.35,69.65,8941453
2022-10-12,69.69,70.49,69.25,69.28,6683977
2022-10-13,68.56,71.025,68.51,70.77,9592401
2022-10-14,70.92,71.74,70.48,70.62,9993576
2022-10-17,70.75,71.61,70.65,71.38,6618108
2022-10-18,72.09,72.47,71.505,71.74,7938152
2022-10-19,71.53,71.73,70.71,71.14,6481802
2022-10-20,71.05,71.2,70.03,70.35,9193103
2022-10-21,70.35,72.52,69.94,72.21,8217576
2022-10-24,72.66,73.56,72.55,72.99,7382685
2022-10-25,72.63,73.21,72.25,72.77,7874746
2022-10-26,72.53,75.21,72.48,74.45,10417551
2022-10-27,74.28,75.28,73.87,74.6,9298576
2022-10-28,75.25,76.99,75.085,76.83,10301369
2022-10-31,76.59,78.66,76.36,77.47,12380795
2022-11-01,77,77.785,76.63,77.7,8870661
2022-11-02,77.66,78.91,77.23,77.45,8570953
2022-11-03,77.25,78.695,77.155,78.48,9062621
2022-11-04,78.81,79.278,77.91,78.78,8187983
2022-11-07,78.71,79.68,78.42,79.19,7683358
2022-11-08,79.19,80.435,78.855,79.98,8514642
2022-11-09,79.59,81.1699,79.59,79.78,9586326
2022-11-10,80.75,80.76,78.63,79.38,9884465
2022-11-11,78.1,78.455,74.5535,75.96,18317676
2022-11-14,76.59,77.84,76.16,76.39,14169520
2022-11-15,76.41,76.77,75.265,76.28,11212346
2022-11-16,76.56,77.75,76.015,76.15,10132730
2022-11-17,75.64,77.565,75.64,77.16,7460956
2022-11-18,77.53,78.14,76.98,77.45,9229754
2022-11-21,77.65,79.065,77.62,78.96,8972520
2022-11-22,79.01,79.56,78.78,78.86,7074992
2022-11-23,78.6,79.22,78.53,79.14,5700281
2022-11-25,79.31,79.78,79.14,79.24,4734955
2022-11-28,79.28,79.7,78.815,79.14,6270445
2022-11-29,78.81,79.11,78.3,79.03,6439685
2022-11-30,79.75,80.3,78.635,80.28,19261916
2022-12-01,80.48,81.435,80.05,80.88,10308641
2022-12-02,80.37,81.16,80.37,81.13,6366693
2022-12-05,80.93,81.42,80.4,80.7,6791321
2022-12-06,80.7,81.24,79.475,79.92,7728750
2022-12-07,78.76,80.23,78.65,79.93,7799014
2022-12-08,79.98,80.08,79.47,79.88,6810115
2022-12-09,80.13,80.67,78.73,78.83,8857094
2022-12-12,78.94,79.14,78.29,78.89,7055299
2022-12-13,79.36,79.36,77.27,77.35,15614368
2022-12-14,77.81,77.9,76.77,77.14,9197883
2022-12-15,76.92,77.21,74.71,75,10646611
2022-12-16,74.48,74.94,73.37,73.49,27045593
2022-12-19,73.66,74.23,72.645,73.16,8157537
2022-12-20,73.32,73.655,72.445,72.65,9231752
2022-12-21,72.75,73.5471,72.305,73.33,8469725
2022-12-22,73.09,73.86,72.84,73.83,7600797
2022-12-23,73.75,73.885,72.5143,72.89,7029892
2022-12-27,73.18,73.29,72.12,72.61,5971713
2022-12-28,72.87,72.96,71.92,71.99,5192116
2022-12-29,72.3,72.641,71.865,72.1,4288394
2022-12-30,72.13,72.28,70.87,71.95,7029295
