Date,Open,High,Low,Close,Volume
2018-01-02,54.490093863511,54.51894738497,53.984720063402,54.159808477713,741403.41191467
2018-01-03,54.539494589646,54.750212731213,54.381237396186,54.681357736822,752381.28197678
2018-01-04,54.649225406105,54.681357736822,54.360034429659,54.490093863511,604232.12567641
2018-01-05,54.470639595254,54.760923508119,54.449218041443,54.740376303443,645393.09230214
2018-01-08,54.560916143457,54.740376303443,54.384734792727,54.690975577308,614046.35267395
2018-01-09,54.529876749159,54.960930872781,54.381237396186,54.858850611254,891189.6679701
2018-01-10,54.969455776849,54.969455776849,54.480476023024,54.790869965997,878788.63732547
2018-01-11,54.720266273335,54.990002981524,54.659717595727,54.960930872781,502265.9255345
2018-01-12,54.819067725605,55.110444574889,54.770759935889,55.040496644079,1096077.3531677
2018-01-16,55.229574644552,55.723144731336,55.220175391349,55.310233352268,1127004.5859837
2018-01-17,55.999439058039,56.741105711918,55.887522368741,56.410164564269,1155234.3248851
2018-01-18,56.36054525085,56.649517640012,56.110044223633,56.509184603823,895154.05385421
2018-01-19,57.42812554485,57.820708306526,57.348559773553,57.789231737662,2094024.5285743
2018-01-22,57.569988692026,57.960385580864,57.449547098661,57.950767740378,1110413.1380683
2018-01-23,58.321491773675,58.371985436229,57.820708306526,57.939838376189,1280820.3398453
2018-01-24,57.799942514567,58.248483620892,57.453044495202,57.731524694743,963278.79758212
2018-01-25,58.041044288581,58.060498556837,57.314241569999,57.459602113715,1153699.5438647
2018-01-26,57.908798981891,58.161267294662,57.804314260243,58.141157264554,1095684.8212946
2018-01-29,57.279923366445,57.720595330553,57.220904799823,57.531298742796,1313368.859521
2018-01-30,57.049969543904,57.248665384864,56.590717660674,56.679901272458,1451857.2669259
2018-01-31,56.420875341174,56.487325875444,55.140391032768,55.500622876444,1530826.8663607
2018-02-01,52.160390592941,52.53985811759,51.070077221427,51.869888092793,3783631.4677697
2018-02-02,51.248881619562,51.320796835927,50.389833594292,50.470273714724,2475834.3284378
2018-02-05,50.969089896319,51.11991512213,49.269573764899,49.289902382291,2167237.3039272
2018-02-06,49.549146900859,49.940418138832,48.609440167871,49.530785569021,3347670.8728262
2018-02-07,50.001622578291,50.600551735859,49.710245729007,49.960746756224,3575432.3762492
2018-02-08,49.478980382764,49.851015939764,48.520256556088,48.520256556088,2219806.809471
2018-02-09,49.579093358737,50.409287862548,48.720045333466,50.068291699845,3543487.5371083
2018-02-12,50.560768850211,50.751158374386,50.129496139305,50.470273714724,1105037.6838158
2018-02-13,50.210154847021,50.271577873764,49.859759431115,50.151136280399,1676328.7579435
2018-02-14,49.98020102448,50.899141965508,49.89932372948,50.800340513238,1142609.1231945
2018-02-15,51.371071911198,51.648459174319,50.980237847792,51.559275562536,1073897.4419976
2018-02-16,52.171319957131,52.560186734982,51.712068073901,51.860270252306,2423104.8335998
2018-02-20,50.99051145013,51.540039881563,50.99051145013,50.99051145013,1664072.833868
2018-02-21,51.990329686158,52.25503888682,51.500256995914,51.530422041076,2481583.7111571
2018-02-22,53.641756615145,53.80088815774,52.858995551915,53.061407376699,3213794.249845
2018-02-23,53.460110582321,53.946030114172,53.129169434672,53.930947591591,1359934.115679
2018-02-26,53.979473968591,54.560916143457,53.979473968591,54.51894738497,1719208.679312
2018-02-27,53.15911589255,53.439781964929,52.631009014928,52.631009014928,1617860.1122595
2018-02-28,52.351873053536,52.398213557698,51.479709791238,51.479709791238,1090080.5451446
2018-03-01,50.639023097805,50.751158374386,49.810140117697,50.239226955764,1727278.8369682
2018-03-02,50.289720618318,50.790941260035,50.119878298818,50.729518233292,1945071.7051215
2018-03-05,50.210154847021,50.949854215346,50.18873329321,50.829412621981,1715651.708026
2018-03-06,50.889742712305,51.0003478779,50.447540637211,50.609076639927,1203572.4856643
2018-03-07,50.499127236184,50.6283123209,50.179115452724,50.6283123209,1466422.8038944
2018-03-08,50.529292281346,51.140025152238,50.460655874238,51.019802146157,1482714.7369681
2018-03-09,50.609076639927,51.04537685836,50.609076639927,50.871381380468,1077849.7356677
2018-03-12,50.690609696778,50.969089896319,50.609076639927,50.871381380468,1085650.1439324
2018-03-13,50.949854215346,51.049748604035,50.230483464413,50.330596440386,2439566.9878413
2018-03-14,50.470273714724,50.617820131278,50.021076846548,50.289720618318,923214.50175818
2018-03-15,50.481203078913,50.889742712305,50.271577873764,50.389833594292,799294.42183279
2018-03-16,50.280102777832,50.581971816738,50.210154847021,50.439890082278,1378428.6920596
2018-03-19,50.840123398886,50.908978393278,50.099331094143,50.439890082278,1234694.1240761
2018-03-20,50.280102777832,50.7091896159,50.179115452724,50.519674440859,1281759.8118638
2018-03-21,50.499127236184,50.681210443576,50.199444070116,50.24993773267,894945.69570358
2018-03-22,49.58849261194,49.918777997737,49.149350758818,49.211210960129,919806.35772266
2018-03-23,48.890841866036,49.241427662968,48.459467968024,48.49100556898,1569131.7696739
2018-03-26,49.550323343567,50.01777107281,48.679151119891,49.56112389184,1487682.2902691
2018-03-27,49.051122002403,49.230627114695,48.358158825226,48.559265034064,1024680.9870183
2018-03-28,49.649256365745,49.681009977667,49.089139932323,49.120245511348,1610305.4924309
2018-03-29,49.3187595886,49.56112389184,49.019152379516,49.252012200275,815388.05383633
2018-04-02,49.309039095155,49.344248882524,48.121626818054,48.410217467901,986271.75740853
2018-04-03,49.209458040081,49.220042577388,48.290547393039,49.141414585963,1371683.7060064
2018-04-04,48.198958743687,48.929939850783,48.131995344396,48.851311859358,1538353.369463
2018-04-05,48.899050282723,49.198657491808,48.764043429314,48.820422291298,1178536.2787671
2018-04-06,48.851311859358,49.198657491808,48.322301004961,48.568769516544,936749.02061836
2018-04-09,49.571708429147,50.114327974367,49.400627744507,49.738252883512,945417.12323747
2018-04-10,50.250414882603,50.628650083113,50.109359722162,50.419551468554,1272943.202048
2018-04-11,50.059245178177,50.245230619433,49.834161752174,49.898749030844,1071732.9051121
2018-04-12,49.738252883512,50.191011867104,49.730044466825,49.971328715237,874081.52836329
2018-04-13,49.3900432072,49.474935516624,49.019152379516,49.150919068443,1025168.5619078
2018-04-16,49.781023054672,49.799816008666,49.110741028868,49.110741028868,1033623.938803
2018-04-17,48.989342866283,49.329344125908,48.929939850783,49.241427662968,991640.72877788
2018-04-18,48.679151119891,48.957589254361,48.589938591158,48.679151119891,853136.51593186
2018-04-19,48.000444666434,48.209759291959,47.502107369132,47.66044340681,1300508.1260573
2018-04-20,47.029475376719,47.459553208938,46.919957817233,47.22993355266,2587373.5678534
2018-04-23,46.880427810555,47.278968041818,46.819944740228,47.1396409691,2293562.6337616
2018-04-24,47.03984390306,47.66044340681,46.970936405081,47.080453964566,3175358.7640433
2018-04-25,46.549931033411,47.019754883273,46.519257476316,46.880427810555,2298953.254209
2018-04-26,47.159945999853,47.381141228478,46.914557543097,47.159945999853,1096589.8118302
2018-04-27,47.371204724067,47.66044340681,47.258663011065,47.438168123358,689351.82744848
2018-04-30,47.069653416293,47.409438664952,46.909157268961,46.941342902813,1378826.0192515
2018-05-01,47.692197018732,47.729566915755,47.300353127398,47.71984642231,1418073.9153217
2018-05-02,50.150833827529,50.229245807989,48.951108925398,49.008351831243,2305999.5584989
2018-05-03,48.430738509619,48.520815082213,47.770825010157,48.121626818054,2506294.946569
2018-05-04,47.391725765785,47.860037538889,47.339667123111,47.790049986082,2097217.7318131
2018-05-07,47.800634523389,48.121626818054,47.619185312408,47.830228025657,1512886.523501
2018-05-08,48.089441184201,48.589938591158,47.935641376798,48.358158825226,1808539.51176
2018-05-09,48.038462596354,48.220127818301,47.723950630653,48.038462596354,965412.40002526
2018-05-10,48.322301004961,48.640917179006,48.140419772049,48.149060210667,1074808.0154668
2018-05-11,48.332669531303,49.230627114695,48.240648860019,49.089139932323,1814061.9092044
2018-05-14,50.000922217504,50.30333756914,49.860731100924,49.981697241579,1539800.0926387
2018-05-15,48.358158825226,48.520815082213,48.158780704112,48.230712355608,1457074.2588901
2018-05-16,48.669646637411,48.909850830996,48.515846830008,48.859952297976,1632380.963245
2018-05-17,48.759075177109,48.999063359728,48.739634190218,48.989342866283,503819.22811546
2018-05-18,48.378679866944,48.739634190218,48.290547393039,48.718465115604,868884.80835456
2018-05-21,48.999063359728,49.04032145413,48.669646637411,48.689735657198,632019.42104916
2018-05-22,48.659062100104,48.86924076949,48.57416979068,48.620828159218,924714.95698656
2018-05-23,47.810355016835,48.301131930346,47.800634523389,48.270242362286,1050579.873278
2018-05-24,47.960914659756,48.240648860019,47.790049986082,48.100241732474,1128369.7172194
2018-05-25,47.770825010157,47.989860129127,47.604064544826,47.729566915755,704460.06017084
2018-05-29,47.069653416293,47.438168123358,46.530058024589,46.799855720441,3231866.6229463
2018-05-30,47.268599515476,47.71984642231,46.989945370041,47.559350274977,3067226.3252457
2018-05-31,47.549845792497,47.628473783923,47.181115074467,47.540341310017,992278.90594968
2018-06-01,47.980139635682,48.011029203742,47.705157676659,47.830228025657,801417.80961077
2018-06-04,47.950330122449,47.989860129127,47.159945999853,47.599744325517,1428725.2617478
2018-06-05,47.760456483815,47.840164530068,47.339667123111,47.381141228478,1091636.8792661
2018-06-06,46.860554801734,46.999665863486,46.470222987158,46.849754253461,1969761.1376489
2018-06-07,46.241035352811,46.460934515644,45.969077547305,46.010335641707,1718180.966084
2018-06-08,44.869365722178,45.21044703663,44.780369204411,44.929848792506,3531216.8972392
2018-06-11,45.000268367244,45.081056468323,44.818387134331,44.829187682604,1403962.4814564
2018-06-12,44.649682570312,44.657890986999,44.275551578145,44.2895922909,1277511.1575275
2018-06-13,44.679060061613,44.709949629673,44.335170604611,44.499770960287,1448729.9511782
2018-06-14,44.499770960287,44.78944166496,44.430647451341,44.649682570312,1056378.0611522
2018-06-15,44.709949629673,45.070255920051,44.555069767443,44.838692165084,2073606.1177179
2018-06-18,44.858781184871,44.890750807758,44.540165010826,44.751639746006,1454198.6965596
2018-06-19,44.490050466841,44.766328491657,44.450952482094,44.668691535272,1189739.2060526
2018-06-20,44.720750177946,46.140158231944,44.600648081154,45.65046137326,2754637.1690613
2018-06-21,46.890148304001,46.919957817233,46.230450815504,46.400451445316,2095644.8792258
2018-06-22,46.849754253461,46.999665863486,46.409955927796,46.839169716154,2060678.7942984
2018-06-25,47.438168123358,47.502107369132,46.699842643436,46.970936405081,2935644.1698068
2018-06-26,46.319879355202,46.381226469391,45.974261810476,46.081835271272,2243218.1732678
2018-06-27,46.099548170439,46.099548170439,45.389952148923,45.430346199462,1722790.3371912
2018-06-28,45.310460113635,45.608771256927,45.190358016843,45.480244732482,1170071.4892292
2018-06-29,46.339752364024,46.409955927796,46.119853201192,46.119853201192,1215688.9205826
2018-07-02,46.199345236479,46.794455446305,46.109268663884,46.760541724728,1708485.9441514
2018-07-03,47.36062018676,47.371204724067,46.960135856808,46.970936405081,1149730.7684561
2018-07-05,47.920736620182,47.939961596107,47.401230248265,47.810355016835,1993923.3913391
2018-07-06,48.399632930593,48.614347830255,48.179949778727,48.410217467901,2489841.6472116
2018-07-09,48.708960633124,48.769443703451,48.49100556898,48.659062100104,1198287.7681102
2018-07-10,49.350513200522,49.550323343567,49.146598849133,49.498264700893,2266259.3812181
2018-07-11,49.198657491808,49.262380726617,48.785428514894,48.840943333016,1196775.1564358
2018-07-12,49.370818231275,49.903933294015,49.309039095155,49.898749030844,1473072.9276074
2018-07-13,49.478175681105,49.961392210826,49.469535242487,49.880820120712,1039206.5771605
2018-07-16,49.478175681105,49.694834679456,49.459166716145,49.519433775507,854539.94095147
2018-07-17,49.609942370032,50.235726136953,49.588557284452,50.140033279256,1576800.2496432
2018-07-18,50.119728248504,50.359716431123,49.940223136212,50.218661270682,732899.41868256
2018-07-19,49.681009977667,49.90846952429,49.469535242487,49.809536502112,1304833.2353564
2018-07-20,50.160122299044,50.628650083113,50.109359722162,50.440504532203,1378900.3791285
2018-07-23,50.400326492629,50.669044133653,50.313274073551,50.339627411336,992950.96863513
2018-07-24,50.721102776328,50.984636154182,50.522156677145,50.848549245946,1073844.1608592
2018-07-25,50.80081082258,51.158740992338,50.599920624708,51.081409066705,1643146.2026472
2018-07-26,50.80081082258,51.640229434335,50.80081082258,51.24082515921,1268065.5706252
2018-07-27,50.97901986908,51.17904602309,50.880518868833,51.029134413065,1280155.1688487
2018-07-30,50.739247697426,51.049655454783,50.654139377037,50.710302228055,1897737.4785967
2018-07-31,50.140033279256,50.400326492629,49.681009977667,49.770222506399,2406731.7776428
2018-08-01,49.530018312814,49.790311526186,49.370818231275,49.629815378854,2447398.1589608
2018-08-02,49.689434405319,49.870019572439,49.431517312567,49.721404028207,902558.53744568
2018-08-03,49.799816008666,50.028355610117,49.629815378854,50.000922217504,882138.75047422
2018-08-06,49.62052690734,49.961392210826,49.53973880626,49.639751883265,1359627.0520322
2018-08-07,50.069829715484,50.449144970821,49.894644822501,50.229245807989,1604613.6674186
2018-08-08,47.36062018676,47.800634523389,47.099462929526,47.110263477798,2540727.3346579
2018-08-09,47.470137746245,47.549845792497,46.860554801734,46.909157268961,1351018.2490618
2018-08-10,47.019754883273,47.170746548126,46.620350608149,46.869843273248,1315435.6360407
2018-08-13,47.36062018676,47.628473783923,46.989945370041,47.300353127398,1709110.9436236
2018-08-14,48.220127818301,48.650637672451,48.111042280747,48.347790298884,1973492.3091966
2018-08-15,47.899351534602,47.899351534602,47.375524943376,47.619185312408,1514257.0042713
2018-08-16,47.628473783923,48.06956817538,47.491522831825,47.770825010157,1096880.6624881
2018-08-17,47.350935960957,47.660486502529,47.350935960957,47.45991148079,1240208.9564255
2018-08-20,47.890021554145,48.28194729181,47.67099792078,48.209868995228,1148686.3489985
2018-08-21,49.409457788346,49.430695143589,48.833260453168,49.17949369925,2599591.9830589
2018-08-22,49.249426808434,49.270449644937,48.858788183207,48.979133196251,920424.82224227
2018-08-23,49.220895816037,49.290399887741,48.821032884998,48.989644614502,1472967.8503886
2018-08-24,49.060435798646,49.349392541194,48.969694371698,49.210169879046,1375422.8464952
2018-08-27,49.360118478185,49.800096413572,49.339739197902,49.789584995321,888446.59838633
2018-08-28,49.749255472233,49.820904731336,49.549967562933,49.659586638985,681130.7656042
2018-08-29,49.631270165328,49.979434080069,49.499126621594,49.94039166942,704805.20988158
2018-08-30,49.659586638985,49.778859058329,49.454721242449,49.589868048541,564580.23858448
2018-08-31,49.259723707946,49.409457788346,48.948671535195,49.169196799738,819593.75468043
2018-09-04,48.429321666072,48.869514120199,48.389421180464,48.800868123454,1223273.4543697
2018-09-05,48.090811094623,48.311336359167,47.850121068537,48.048336384138,1886338.9261983
2018-09-06,47.660486502529,48.009508492229,47.619942460701,47.940004420524,760978.22671808
2018-09-07,47.67099792078,48.151090860515,47.629595803993,47.961241775767,726547.06580597
2018-09-10,48.550953791554,48.674087548216,48.370329012619,48.429321666072,1014897.9679443
2018-09-11,48.009508492229,48.510624268467,47.997924480278,48.510624268467,1021385.7400269
2018-09-12,48.858788183207,49.158470862747,48.829184597111,48.969694371698,1828517.6645625
2018-09-13,48.959397472187,49.111062221245,48.811379541705,49.020106275558,1002169.8026709
2018-09-14,48.300610422175,48.349091657376,47.890021554145,47.971538675279,1042257.504677
2018-09-17,47.810006064189,47.900962009876,47.55923365733,47.639249147286,1397846.1791365
2018-09-18,47.350935960957,47.530488146193,47.190690462306,47.430522413433,1328941.2057792
2018-09-19,47.0980183667,47.129552621455,46.876205989718,46.99869619016,991947.65191686
2018-09-20,47.119041203203,47.569745075581,47.071632561701,47.499811966398,1536113.9189727
2018-09-21,47.40907053945,47.850121068537,47.380754065793,47.660486502529,1084624.6941718
2018-09-24,47.580041975093,48.048336384138,47.499811966398,47.971538675279,1237620.4822754
2018-09-25,48.119127568281,48.600507620455,48.100464437916,48.188846158725,1614380.4299282
2018-09-26,47.380754065793,48.002214855075,47.371315241241,47.548507720338,1830301.4464558
2018-09-27,47.390192890345,47.791342933824,47.361661897948,47.629595803993,1577446.097932
2018-09-28,47.171812813201,47.380754065793,47.089437617107,47.140064039706,1004708.990605
2018-10-01,46.788896862608,46.98518150955,46.45017177242,46.561077960911,1518433.4368064
2018-10-02,46.851107297158,47.40907053945,46.739128514968,47.249897634498,1732647.4442002
2018-10-03,46.948927842519,47.140064039706,46.650746794159,46.689574686067,1258638.2099497
2018-10-04,43.290310734754,43.699397971606,42.899886628267,43.259849073699,5832984.7994046
2018-10-05,44.270446857028,44.498480277465,43.810304160097,43.960252759237,3199486.7431956
2018-10-08,42.56008894438,43.210295244798,42.490370353936,43.140147616875,1841458.1396894
2018-10-09,42.200126498949,42.881008979163,42.089649347937,42.501096290927,3078221.8000563
2018-10-10,42.569742287672,42.580253705924,41.719175484255,41.729901421246,3256583.8765816
2018-10-11,41.928974811806,42.029584100786,41.228571126268,41.538765224059,3058072.2680325
2018-10-12,42.21106695468,42.601062023687,42.069484586394,42.530699877024,1886006.2442406
2018-10-15,42.069484586394,42.639246359377,42.058973168142,42.299448675489,1952326.5346953
2018-10-16,42.889375210016,43.454846608202,42.765812415875,43.388345798856,2004827.7284421
2018-10-17,43.340937157354,43.56982865275,43.150873553866,43.501182656005,1738477.4348619
2018-10-18,43.600290313806,43.660784598437,43.169965721711,43.360887400158,1785959.017075
2018-10-19,43.600290313806,43.660784598437,43.130065236103,43.169965721711,1153915.4269502
2018-10-22,43.200427382766,43.249123136707,42.980116636963,43.119339299111,860248.2481703
2018-10-23,42.299448675489,42.965314843915,42.149714595089,42.770102790672,1730417.2429277
2018-10-24,42.889375210016,43.060132126919,41.693862272955,41.769801906854,1433300.9768418
2018-10-25,41.650958524989,42.420866282232,41.590464240358,42.200126498949,1787149.468753
2018-10-26,41.999980514689,42.60964277328,41.840593090997,42.391262696135,1514320.8812086
2018-10-29,42.849260205668,43.150873553866,41.991399765096,42.618223522873,1395193.2537809
2018-10-30,42.109599590741,42.680433957423,42.079996004645,42.569742287672,1458468.2247758
2018-10-31,43.300822153006,43.459995057958,43.089735713015,43.179404546263,1733690.9850421
2018-11-01,43.709265833638,44.239770677233,43.469433882511,43.849561089486,1587988.6090897
2018-11-02,43.999080651146,44.029971349681,43.438972221455,43.71977725189,1281079.551016
2018-11-05,42.980116636963,43.535291135638,42.959951875419,43.32077239581,1951885.802187
2018-11-06,43.311548089997,43.440259333894,42.945364601111,43.150873553866,2039955.5310607
2018-11-07,44.239770677233,44.611317134615,44.039195655494,44.539453356772,1192407.0138086
2018-11-08,44.880109115619,44.960339124315,44.580640954819,44.669022675628,984110.19576632
2018-11-09,45.050007957563,45.099561786463,44.630194783719,44.940174362771,1514062.1285748
2018-11-12,44.900273877163,44.920438638707,44.484322040636,44.539453356772,1150515.6258603
2018-11-13,44.38028045182,44.524651563724,44.075234803785,44.190216848332,1145043.9080762
2018-11-14,44.548892181325,44.730375035219,44.160613262236,44.461368535475,1163032.4290923
2018-11-15,43.469433882511,43.690173665793,43.113976330616,43.56982865275,1286521.886633
2018-11-16,43.611016250797,44.320000685928,43.480159819502,44.168979493089,1101936.4775301
2018-11-19,45.761352098832,45.879337405737,45.07853894996,45.468963056447,1783525.9840675
2018-11-20,44.259935438776,44.441203773931,43.56982865275,43.640619836893,1957930.9461377
2018-11-21,44.329439510481,44.474025141125,44.15525029374,44.239770677233,816855.52625875
2018-11-23,44.23033185268,45.400317059702,43.800007260585,45.169494895647,1599115.9201561
2018-11-26,46.410056768072,46.610631789811,45.910013585533,46.169581260725,1899467.0680706
2018-11-27,45.550480177581,45.990029075489,45.230418217758,45.840509513829,1386017.4873045
2018-11-28,45.309575632754,46.07562205268,45.221193911945,45.970078832685,2144111.5225766
2018-11-29,45.859387162933,46.198970328081,45.63886189839,45.920525003784,1389116.8320394
2018-11-30,46.550352023919,46.659971099971,46.188458909829,46.620070614363,1036377.2799874
2018-12-03,46.198970328081,46.339480102668,45.920525003784,46.040870016828,1254493.4287492
2018-12-04,46.39975986856,46.430221529616,45.609043793554,45.680049496437,1265723.1034949
2018-12-06,45.150402727802,45.720164500785,44.849647454563,45.63886189839,1374403.0009495
2018-12-07,46.05009432264,46.060820259632,45.280186565398,45.380366816898,1521358.3841616
2018-12-10,46.230719101576,46.251741938079,45.34003729381,45.95034310862,1368743.6164199
2018-12-11,45.959352895693,46.030358598576,44.759764102576,45.201029150402,1787764.5986407
2018-12-12,45.720164500785,46.335189727872,45.699999739241,46.008906724594,2021715.8399057
2018-12-13,45.920525003784,46.881783476953,45.910013585533,46.769590176023,2698147.3543797
2018-12-14,46.419495592624,46.919753293903,46.33733491527,46.49951108258,2974344.465223
2018-12-17,46.45017177242,46.535764749611,45.974369207481,46.188458909829,2514867.0821881
2018-12-18,45.95034310862,46.118740319385,45.075321168862,45.320301569746,1831354.4654161
2018-12-19,45.820130233545,45.859387162933,44.669022675628,44.869597697367,1730046.6484961
2018-12-20,46.269761512224,46.279200336777,45.211326049913,45.350763230801,1916288.8327048
2018-12-21,45.039711058051,45.269460628407,44.359043096577,44.479173590881,1534473.2566681
2018-12-24,44.38028045182,44.710210273675,43.821030097089,43.989641826593,872182.14711719
2018-12-26,43.830468921641,45.069958200367,43.600290313806,45.069958200367,1177309.3189214
2018-12-27,45.030057714759,45.599819487742,44.616251065631,45.58930806949,1243046.705091
2018-12-28,45.619769730546,46.120027431824,45.420267302506,45.830641651796,1356792.6568598
2018-12-31,45.95034310862,46.220207683324,45.848661225942,46.071331677883,725212.5467274
2019-01-02,46.130538850076,46.840595878906,46.099648151541,46.788896862608,1297863.4031765
2019-01-03,47.200343805598,47.430522413433,47.071632561701,47.171812813201,1546430.8509111
2019-01-04,47.430522413433,47.70875321899,47.20999714889,47.340639061445,1919194.8238233
2019-01-07,47.971538675279,48.129638986532,47.625305429197,47.639249147286,2527389.5722911
2019-01-08,48.260709936567,48.515987236962,47.971538675279,48.338580239125,2048668.7653566
2019-01-09,48.770406462398,48.948671535195,48.644698480859,48.869514120199,1368892.4228797
2019-01-10,48.461070439566,48.60565607021,48.290957078883,48.540227854563,1077354.0295047
2019-01-11,48.090811094623,48.569831440659,48.033749109829,48.550953791554,1312173.4664202
2019-01-14,46.970379716502,47.06090662471,46.550352023919,46.650746794159,2076044.4148907
2019-01-15,47.150789976698,47.40907053945,47.079998792554,47.200343805598,1423954.6042332
2019-01-16,47.181251637753,47.298378869699,46.861618715409,46.872130133661,1310900.5551116
2019-01-17,47.119041203203,47.785765446588,47.040956381906,47.649760565537,1263222.7758465
2019-01-18,48.027313547634,48.494964400459,47.800567239636,48.048336384138,1802068.9750133
2019-01-22,47.639249147286,48.260709936567,47.600206736637,48.188846158725,1727495.1390079
2019-01-23,47.609860079929,47.681509339032,47.294517532382,47.399846233638,1793552.8855813
2019-01-24,47.019933545402,47.181251637753,46.510237019571,46.788896862608,1861015.2893098
2019-01-25,46.669624443264,46.760365870211,46.254959719176,46.359430345472,1342208.6759928
2019-01-28,46.159069842473,46.579955610015,46.099648151541,46.39975986856,1093936.9455539
2019-01-29,46.579955610015,46.720250865863,46.320387934824,46.650746794159,837581.32788469
2019-01-30,46.640020857167,47.190690462306,46.589394434568,47.051682318897,1125219.4755153
2019-01-31,46.530401781115,47.129552621455,46.484065733312,47.019933545402,2188431.2044731
2019-02-01,48.748954588416,49.070947216897,48.260709936567,48.611019038706,2229082.8545273
2019-02-04,48.611019038706,48.639335512363,48.151090860515,48.550953791554,1391099.6544201
2019-02-05,48.88002553845,49.070947216897,48.779630768211,48.800868123454,1675051.7617835
2019-02-06,48.529716436311,48.911774311945,48.529716436311,48.66893909846,1336441.2409128
2019-02-07,48.890536956702,48.901262893693,48.349091657376,48.648774336916,1377733.6117747
2019-02-08,48.600507620455,48.926361586253,48.46943667042,48.911774311945,906737.47138115
2019-02-11,48.679665035451,48.811379541705,48.415806985463,48.658427680208,1001149.9571251
2019-02-12,48.989644614502,49.47917637879,48.829184597111,49.398946370094,868584.25335159
2019-02-13,49.039412962143,49.280746544449,49.020106275558,49.091111978441,868906.50937913
2019-02-14,49.749255472233,49.910573564584,49.559191868746,49.778859058329,2015924.7095295
2019-02-15,49.810607831824,50.370716261515,49.64156706484,50.350766018711,2201283.5330983
2019-02-19,49.968708143077,50.540615103458,49.611105403784,50.319017245216,2784166.0184197
2019-02-20,49.841284011619,50.009681222384,49.549967562933,49.699701643333,1063802.2157375
2019-02-21,49.758908815525,49.820904731336,49.398946370094,49.659586638985,757936.6985058
2019-02-22,49.820904731336,49.88976524682,49.636418615084,49.778859058329,660060.90827837
2019-02-25,49.339739197902,49.631270165328,49.309492055586,49.430695143589,1064393.6503291
2019-02-26,49.365052409201,49.719866404877,49.330514892089,49.449572792694,1531043.1255991
2019-02-27,49.390580139241,49.509852558585,48.974842821454,49.070947216897,1752798.8718477
2019-02-28,48.600507620455,49.220895816037,48.600507620455,48.948671535195,1260875.993717
2019-03-01,49.67846428809,49.841284011619,49.47917637879,49.600593985532,1482986.2215958
2019-03-04,49.330514892089,49.47917637879,48.975915415153,49.17949369925,1513982.5123798
2019-03-05,49.370415377697,49.900276665072,49.360118478185,49.67846428809,1131421.0084205
2019-03-06,49.74067472264,49.758908815525,48.984496164747,49.158470862747,859990.44334833
2019-03-07,49.530875395088,49.530875395088,49.081458635149,49.220895816037,1043125.7003276
2019-03-08,49.74067472264,49.74067472264,49.319788955098,49.67846428809,763056.77809531
2019-03-11,49.579356630289,49.800096413572,49.339739197902,49.74067472264,602814.02062086
2019-03-12,49.709354986625,49.810607831824,49.54160133208,49.549967562933,557517.14471168
2019-03-13,49.968708143077,50.440220333219,49.831630668327,50.319017245216,1018558.4172918
2019-03-14,50.498354911712,50.614624068699,50.28962817786,50.498354911712,939428.44974493
2019-03-15,50.740975606458,51.020708043193,50.639722761259,50.890924205597,1088312.6300626
2019-03-18,51.371231664072,51.481923333823,51.219995952493,51.450174560329,985504.42699111
2019-03-19,51.939706324616,52.329915912363,51.850895566327,52.229950179603,1471135.7300913
2019-03-20,51.980893922663,52.828886501203,51.949145149168,52.630885704342,1697886.4447658
2019-03-21,52.310180188299,52.524055371907,52.144357202412,52.169670413712,1260137.6482893
2019-03-22,50.770069974083,51.148802254151,50.689655669239,50.719996686634,1339167.276139
2019-03-25,50.970575298825,51.590126143529,50.920289836429,51.560846000869,1523598.202927
2019-03-26,52.310247913025,52.310247913025,51.830308183326,51.938729581149,1166494.4677739
2019-03-27,51.94933832849,52.269722498183,51.679876146033,52.160028050679,1344810.5980128
2019-03-28,52.200553465521,52.310247913025,51.908600738701,52.051606652856,887224.301859
2019-03-29,52.030601333121,52.514784561756,51.938729581149,52.310247913025,1400077.5877284
2019-04-01,52.170424623073,52.44922250319,51.989863743332,52.129899208231,736939.83259062
2019-04-02,52.438613755849,52.438613755849,51.810363738325,52.089161618442,1443409.1768768
2019-04-03,50.960815251271,51.430570583523,50.920289836429,51.069448824041,1586821.8069266
2019-04-04,51.140527431225,51.251282753463,50.429741359389,50.559168076947,1560725.8753134
2019-04-05,50.900557566375,51.134374357767,50.640855431472,50.759673401689,763390.32849219
2019-04-08,51.669267398692,51.669267398692,51.111247288564,51.358431101606,1187644.7067074
2019-04-09,51.27080284857,51.281411595911,50.975455322601,51.158350126757,784231.04238482
2019-04-10,51.148802254151,51.349095403946,50.989246694145,51.148802254151,1645175.4225134
2019-04-11,51.059052251647,51.220729561122,50.680319971579,50.910954138769,3083375.3791989
2019-04-12,50.27973367199,50.715753187698,50.079228347248,50.210564639327,1278486.952196
2019-04-15,50.300526816778,50.579961221735,50.225416885604,50.360147976833,1331134.9575879
2019-04-16,50.411282139016,50.460294551731,49.386264970944,49.409179865201,1381315.3871902
2019-04-17,49.311367214718,49.344678681368,48.339605958298,48.509770265645,1602774.3250511
2019-04-18,48.589972395541,48.589972395541,47.771825800616,48.391800995215,1127663.9285223
2019-04-22,48.509770265645,48.649593555597,47.880459373387,48.098787393661,1189915.8347158
2019-04-23,48.459696978196,48.819970037891,48.381192247874,48.659990127991,2018283.4230114
2019-04-24,48.88001554784,48.88001554784,48.319024988457,48.371220025373,1472696.1870841
2019-04-25,48.181111273026,48.459696978196,48.098787393661,48.429143785854,1010283.983483
2019-04-26,48.980374297684,49.050179855187,48.649593555597,48.929240135501,1007135.0692907
2019-04-29,49.539667457493,49.610746064677,49.149477730297,49.439520882595,1262263.2403051
2019-04-30,48.7193991131,49.311367214718,48.709214715652,49.009654440345,1172792.2961583
2019-05-01,49.090705270029,49.610746064677,48.709214715652,49.128684585509,1501315.274835
2019-05-02,48.918631388161,49.029386710399,48.709214715652,48.869618975446,1114561.3406497
2019-05-03,47.669769651198,47.991002520678,47.30037306879,47.488147896722,2152879.8599488
2019-05-06,47.070799776334,48.040014933393,47.010117741544,47.751032655828,1866869.1394301
2019-05-07,47.808319891469,47.899130768706,47.260696353735,47.430648486135,1167708.6108906
2019-05-08,48.260464703135,48.60270289235,48.029406186052,48.408350641066,1648936.6788142
2019-05-09,48.480277948037,48.607795091074,48.091149095575,48.449300405802,1604115.9196552
2019-05-10,48.298868368509,48.371220025373,47.740636083434,48.281257847923,1712334.6901124
2019-05-13,47.580868348481,47.64027733359,47.151001906231,47.369966451346,1104275.1431636
2019-05-14,46.841014308932,47.209562191552,46.749354731907,46.99972116915,912830.55144182
2019-05-15,46.531238886579,47.050006631546,46.478831674716,46.940100009095,908374.54079252
2019-05-16,46.49983699445,47.109203441708,46.469708152002,46.788819272015,1091302.881624
2019-05-17,46.799428019356,47.109203441708,46.749354731907,46.788819272015,1027965.242083
2019-05-20,47.172007225966,47.379514323952,47.010117741544,47.260696353735,1087281.9309391
2019-05-21,47.409855341347,47.839933958545,47.359782053898,47.528885486511,1073387.8022501
2019-05-22,47.818716463863,48.53077558538,47.709446366252,48.398166243619,1300281.1565394
2019-05-23,47.781373673223,48.571301000222,47.771825800616,48.381192247874,3075340.1858023
2019-05-24,48.639196983203,48.829942260391,48.418959388407,48.589972395541,1040164.1701616
2019-05-28,48.360611278033,48.740404432835,47.925228287165,47.939868358495,969874.19572588
2019-05-29,47.329441036504,47.481782648318,46.851623056272,47.029001311811,880648.57173528
2019-05-30,47.130208761443,47.289764321449,46.989324596756,47.179221174157,697677.10822007
2019-05-31,47.130208761443,47.441257233476,46.920367739041,47.199165619158,1049176.8110556
2019-06-03,48.040014933393,48.764592376772,47.950264930889,48.53077558538,1624215.88167
2019-06-04,48.329209385904,48.339605958298,47.999489518551,48.139312808503,1136275.0493168
2019-06-05,48.319024988457,49.154569929021,48.319024988457,48.649593555597,1771267.1079426
2019-06-06,48.790477720283,49.620293937283,48.790477720283,48.959368977949,2004132.4747839
2019-06-07,49.429124310201,49.46052620233,49.060788602528,49.328765560357,1564680.7045499
2019-06-10,51.210545163674,51.560846000869,50.320259086832,51.210545163674,2447807.3931753
2019-06-11,51.690484893374,51.789782768484,51.400229566128,51.590126143529,2075428.6451727
2019-06-12,51.909449438488,52.530485507821,51.900325915775,52.469803473031,1271193.468959
2019-06-13,52.438613755849,52.510753237767,51.440967155917,51.700881465768,1946879.9250543
2019-06-14,51.260618451123,51.590126143529,50.900557566375,50.960815251271,1230516.320563
2019-06-17,51.080057571382,51.349095403946,50.989246694145,51.009827663986,999373.94450606
2019-06-18,52.129899208231,52.240230180576,51.860437025774,52.190369068074,1357414.8793183
2019-06-19,51.62874198385,52.510753237767,51.62874198385,52.419730185583,2184426.498782
2019-06-20,51.779174021143,52.070278048176,50.925382035153,51.121856035905,1949112.7217883
2019-06-21,50.590569969076,50.960815251271,50.429741359389,50.839026831798,1240804.4346126
2019-06-24,50.660375526579,51.344003205222,50.61030223913,51.290747293571,1849742.7260271
2019-06-25,51.220729561122,51.569332998741,51.111247288564,51.179143271545,1089469.6884257
2019-06-26,51.27080284857,51.27080284857,50.759673401689,50.910954138769,1008328.1302066
2019-06-27,50.660375526579,51.009827663986,50.630246684131,50.858759101852,694324.07999174
2019-06-28,51.121856035905,51.189327668993,50.920289836429,51.039319981593,615112.50143874
2019-07-01,51.590126143529,51.779174021143,51.430570583523,51.520320586027,771458.103472
2019-07-02,51.760290450876,52.11929046089,51.690484893374,51.94933832849,836407.57310164
2019-07-03,52.389601343135,52.58055879527,52.066034549239,52.279058195843,461017.90349479
2019-07-05,50.920289836429,51.090241968829,50.509943489286,50.590569969076,1416429.7093885
2019-07-08,50.330867834172,50.500819966573,50.130362509431,50.210564639327,934060.32776966
2019-07-09,50.048887329853,50.490423394179,50.020668061926,50.330867834172,653062.37966105
2019-07-10,50.780466546477,50.810807563872,50.330867834172,50.470691124125,733742.04602364
2019-07-11,50.039551632193,50.100021492036,48.769684575495,48.939636707895,4052463.7837995
2019-07-12,48.391800995215,48.398166243619,47.244995407671,47.539069883958,3323573.5188334
2019-07-15,47.789648496149,47.899130768706,47.502575793106,47.650037381144,1627160.6818261
2019-07-16,48.080540348235,48.108971791108,47.64027733359,47.719630763699,2044230.8209364
2019-07-17,48.398166243619,48.459696978196,48.149921555844,48.30947711585,1983217.973188
2019-07-18,48.319024988457,48.391800995215,47.818716463863,48.281257847923,1564699.870187
2019-07-19,47.880459373387,48.170502525685,47.580868348481,47.991002520678,2178743.8873519
2019-07-22,48.371220025373,48.628800410809,48.2195149384,48.398166243619,890168.14373312
2019-07-23,48.009886090945,49.840319357132,47.570683951034,49.249624305195,4394724.6912221
2019-07-24,49.280814022377,49.72850316016,49.080520872582,49.529483060046,1870554.6914639
2019-07-25,49.120197587636,49.36525965121,48.696484218843,48.88001554784,1037880.584489
2019-07-26,48.969765550343,49.154569929021,48.750588830282,48.840551007732,1087978.6018514
2019-07-29,49.620293937283,49.620293937283,48.877045098584,49.120197587636,1401363.6019847
2019-07-30,48.429143785854,48.469881375643,48.149921555844,48.418959388407,1290670.5477649
2019-07-31,47.660433953538,48.589972395541,47.620757238483,47.920348263388,1215183.810802
2019-08-01,48.550507855434,48.929240135501,48.303960567233,48.571301000222,1918604.8604913
2019-08-02,48.840551007732,48.918631388161,48.365703476756,48.7193991131,1285361.6662601
2019-08-05,48.469881375643,48.655958804001,47.719630763699,47.899130768706,872354.64223638
2019-08-06,48.670386700385,48.890624295181,48.434660334472,48.869618975446,1401406.7246683
2019-08-07,49.029386710399,49.850503754579,48.750588830282,49.490442869831,2306934.2100546
2019-08-08,50.059496077194,50.759673401689,50.011332364266,50.669923399185,1498450.0120734
2019-08-09,50.390276819281,50.411282139016,49.72850316016,50.269124924649,1951323.4780394
2019-08-12,50.590569969076,50.700052241633,50.139698207091,50.339991356885,899113.70489686
2019-08-13,51.458577676503,52.129899208231,51.27080284857,51.860437025774,1738494.8266102
2019-08-14,50.789802244137,51.144558755214,50.320259086832,50.330867834172,1391736.7024185
2019-08-15,50.509943489286,51.194632042663,50.439289231996,50.740789831422,1407073.0453069
2019-08-16,51.300185274575,51.680956591852,51.11043212643,51.659872908724,1688083.1081743
2019-08-19,51.120763131162,51.300185274575,51.019139778489,51.220278115523,1135073.5227292
2019-08-20,51.459788755847,51.459788755847,51.120763131162,51.27952326511,1046565.179745
2019-08-21,52.048866862421,52.100732722914,51.749267725184,51.819687226829,1535180.3384211
2019-08-22,52.66872714636,52.839926653353,52.470962198627,52.70014183422,1916017.237144
2019-08-23,52.420150522291,52.809987823312,52.13994837353,52.270667208919,1192605.5368691
2019-08-26,52.529785674552,52.590085008296,52.048866862421,52.170098040402,1192563.104863
2019-08-27,52.489515839779,52.590085008296,52.124768121679,52.149436030938,1342087.7083093
2019-08-28,52.379669850687,52.489515839779,52.129617368798,52.300816875791,922839.23603034
2019-08-29,52.740411668993,52.795229245123,52.550658520848,52.6305656799,1191767.5047479
2019-08-30,52.108955359334,52.319370516943,51.870288066334,52.108955359334,865878.1252457
2019-09-03,52.949772642446,53.129405622689,52.674208903973,52.900225987097,1211093.3548161
2019-09-04,53.418673755194,53.550235937908,53.249582616514,53.429004759927,1814731.0741298
2019-09-05,53.000795155613,53.05982946837,52.540327516116,52.750742673725,1096695.7019053
2019-09-06,52.369128009123,53.010071976189,52.369128009123,52.550658520848,1258765.7137117
2019-09-09,51.40054360626,51.40054360626,50.559726323148,50.660295491665,1693304.1736567
2019-09-10,48.960739794782,49.600418740861,48.599787139645,49.600418740861,2211175.236201
2019-09-11,49.948932022953,50.890740148245,49.818424024396,50.838663450921,1620275.7980026
2019-09-12,50.339823508131,50.698667794956,49.499849572344,49.669994895181,2482085.272478
2019-09-13,49.62846003942,50.029893366162,49.340246091071,49.499849572344,1560296.2285996
2019-09-16,49.529788402385,49.799659546413,49.170311605066,49.480452583867,965422.64728084
2019-09-17,50.738937629729,51.090824301122,50.580388332613,50.969382286309,1778546.2165321
2019-09-18,51.029470783222,51.200881127046,50.780683322321,50.969382286309,1348113.0531808
2019-09-19,51.749267725184,52.030102384438,51.575116502553,51.879775723741,1816445.7129233
2019-09-20,51.789326723125,53.371024631327,51.739780067777,52.939441637713,3221769.6471066
2019-09-23,53.309881950258,53.469485431531,52.830860669608,52.969591304585,1036620.6604884
2019-09-24,52.750742673725,53.045281727012,52.590085008296,52.930164817137,1172858.2598309
2019-09-25,52.770350499033,52.858691131336,52.460631193895,52.560146178255,1086489.8400654
2019-09-26,52.529785674552,52.73008066426,51.945345978267,52.189916702542,1292686.2451636
2019-09-27,51.759598729916,52.219855532583,51.550237756463,51.630144915515,1319724.1123472
2019-09-30,51.56963474494,51.909714553782,51.390423438359,51.701407764485,1688416.7780407
2019-10-01,51.038747603798,51.11043212643,50.469488159364,50.549184481584,1556603.6797018
2019-10-02,50.109589688382,50.150281196818,49.499849572344,49.860802227482,2031817.0749849
2019-10-03,49.62846003942,50.596201094958,49.619183218844,50.390635184468,1941521.765924
2019-10-04,51.239042593506,51.379881596795,50.969382286309,51.319793099883,987492.11229125
2019-10-07,51.749267725184,52.219855532583,51.609061232388,51.929533215921,914476.27336612
2019-10-08,51.890317565305,51.890317565305,51.309462095151,51.501323611608,962425.40466541
2019-10-09,51.289854269842,51.680956591852,51.25970460297,51.56963474494,679185.01315037
2019-10-10,50.969382286309,51.730503247201,50.931009983018,51.649541903992,1156960.722986
2019-10-11,51.249373598238,51.619603073952,51.11043212643,51.230819957086,1220522.9038164
2019-10-14,52.000796064891,52.260336204187,51.879775723741,52.030102384438,1164103.7654738
2019-10-15,52.180429045135,52.579754003564,52.100732722914,52.470962198627,809446.450174
2019-10-16,52.108955359334,52.639842500476,51.959682882793,52.290275034227,828352.80199965
2019-10-17,52.879353140801,52.889894982364,52.60062684986,52.679268987924,1228854.042476
2019-10-18,52.6305656799,52.648275973727,52.170098040402,52.519876343482,780984.21769341
2019-10-21,52.70014183422,52.930164817137,52.379669850687,52.60062684986,1493637.4756849
2019-10-22,53.399065929886,53.800288419796,53.129405622689,53.290063288118,1189351.7734894
2019-10-23,53.36153697392,53.651015943256,53.10958696055,53.500689282559,2516884.3393297
2019-10-24,54.008595209093,54.370812885218,53.809565240372,54.318947024725,1303136.0910388
2019-10-25,53.619812092228,54.229552208266,53.579542257455,54.190125720818,741511.84398391
2019-10-28,54.008595209093,54.565415280482,53.999529225348,54.420359540567,870798.30923012
2019-10-29,54.240094049829,54.689809010932,54.199191704563,54.478550505998,712815.27110581
2019-10-30,55.00100417389,55.680320444248,54.789534832124,55.660501782108,1360949.6994013
2019-10-31,54.469906195916,55.279941301662,54.420359540567,55.218798620593,1988597.1836424
2019-11-01,55.110006815657,57.339395469526,55.049707481913,56.459995046291,1611507.8025525
2019-11-04,57.150485668706,57.21078500245,56.550233210075,56.739143010895,1366753.2406043
2019-11-05,56.519240195878,56.660290035999,56.090819754734,56.459995046291,1279116.6824735
2019-11-06,56.439333036826,56.749474015627,56.419514374687,56.690439702871,878060.93282612
2019-11-07,56.250634072838,56.410026717279,55.960100919345,56.369756882507,1237089.7091218
2019-11-08,56.819893517272,57.930371107581,56.811460044021,57.870282610668,1771430.1762301
2019-11-11,57.400748987426,57.670198457791,57.249157305741,57.290692161502,1617775.2027318
2019-11-12,57.150485668706,57.419091791747,57.038742148132,57.090608008625,951197.31722314
2019-11-13,57.610953308204,57.891155456964,57.380719488455,57.638994606763,1128705.8287172
2019-11-14,57.290692161502,58.010278266633,57.228284459446,57.891155456964,1595540.8315156
2019-11-15,57.539690459234,57.750105616843,57.249157305741,57.28036115677,2679898.4632726
2019-11-18,56.959889173236,57.190122992985,56.580382876947,57.069524325498,2003653.7952748
2019-11-19,57.301023166234,57.380719488455,56.840766363568,57.038742148132,1182664.8750676
2019-11-20,55.41888277347,55.609690105771,54.080279731725,54.460840212171,3649523.8078886
2019-11-21,53.789957415064,54.160186890777,53.690231593872,54.039799060121,2375717.8767288
2019-11-22,54.981396348581,54.990884005989,54.290694889335,54.460840212171,1493425.3156541
2019-11-25,55.939438909881,56.271296082303,55.660501782108,56.250634072838,1869293.8122038
2019-11-26,56.080488750002,56.429002032094,55.969588576753,56.250634072838,983014.57127996
2019-11-27,56.040008078397,56.509752538471,56.029677073665,56.359215040943,1779607.0166856
2019-11-29,56.470536887854,56.519240195878,56.040008078397,56.148799883334,547131.78823129
2019-12-02,56.019135232101,56.159341724897,55.690862285811,56.019135232101,831296.04024354
2019-12-03,56.329276210902,56.580382876947,56.26096507757,56.519240195878,1692696.624478
2019-12-04,57.259488310474,57.400748987426,57.011965870561,57.370388483723,1491917.0507088
2019-12-05,57.228284459446,57.28036115677,56.928896159039,57.069524325498,1319764.6156258
2019-12-06,57.115486754715,57.119492654509,56.480867892587,56.739143010895,2239422.4155596
2019-12-09,56.780256192993,57.500263971786,56.669566856575,56.690439702871,1221142.9897243
2019-12-10,56.899800676324,57.130034496073,56.719324348755,56.939016326941,859394.70758065
2019-12-11,56.610532543819,56.918354317476,56.580382876947,56.860163352045,931807.81914579
2019-12-12,56.749474015627,56.990882187433,56.38029872407,56.500475717895,1970328.2762727
2019-12-13,57.049073152864,57.659656616228,56.849832347313,57.249157305741,1199779.4389977
2019-12-16,58.380507742346,58.470745906131,57.953141485358,58.128346892145,1573059.583173
2019-12-17,58.100516430417,58.481076910863,57.944708012107,58.170092584737,2448671.0320084
2019-12-18,57.500263971786,57.539690459234,56.700559870772,56.849832347313,2215571.7706551
2019-12-19,57.200243160886,57.734503691329,57.119492654509,57.6898062831,1929294.59761
2019-12-20,58.020609271365,58.300600583294,57.854680685154,57.999736425069,2103889.7661372
2019-12-23,58.020609271365,58.020609271365,57.638994606763,57.659656616228,902973.34224778
2019-12-24,57.729021933716,58.138888733709,57.629717786187,57.968743410872,500210.66871705
2019-12-26,57.95841240614,58.170092584737,57.83907875964,58.090185425685,565141.28174542
2019-12-27,58.621072566827,58.630349387403,58.229126897493,58.259065727534,802298.58586737
2019-12-30,58.42098841395,58.449873059835,57.680318625692,57.729021933716,593556.2604009
2019-12-31,57.680318625692,57.891155456964,57.579960294007,57.880824452232,797615.63537185
2020-01-02,58.30987740387,58.400115567655,58.010278266633,58.35963489605,1112356.9696251
2020-01-03,56.910131681056,57.400748987426,56.860163352045,57.11127001809,1245570.3241667
2020-01-06,56.990882187433,57.179581151422,56.870705193608,57.011965870561,1247451.7978933
2020-01-07,57.001424028997,57.001424028997,56.560564214808,56.949347331673,1045748.3636269
2020-01-08,56.910131681056,57.190122992985,56.669566856575,56.849832347313,913052.87243299
2020-01-09,57.349937311089,57.729021933716,57.319787644218,57.438910453886,921027.19649553
2020-01-10,58.491407915595,59.063829912498,58.369965900783,58.680106879584,1471461.9306591
2020-01-13,59.190332011261,59.270028333482,58.760014038636,58.970429196245,1190213.914705
2020-01-14,58.779621863944,59.700767979771,58.769290859212,59.580169312283,1253095.2547096
2020-01-15,61.478754977886,62.690012573543,61.459357989409,62.389570088981,2984490.8331489
2020-01-16,61.599142808542,61.870700647221,60.769499877488,61.309874676037,2265721.580091
2020-01-17,61.459357989409,61.540108495786,61.215419775628,61.309874676037,1253390.3500251
2020-01-21,61.360686352374,61.478754977886,61.079430019457,61.139940190032,1148991.2207423
2020-01-22,61.079430019457,61.649954484879,61.079430019457,61.32020568077,1215000.9568358
2020-01-23,61.32020568077,61.655225405661,61.06003303098,61.589865987966,875369.39352771
2020-01-24,62.05961044804,62.329059918406,60.890098544975,61.079430019457,2028406.1203097
2020-01-27,60.129820931409,60.269816587373,59.910128953224,59.958832261247,1058476.0367406
2020-01-28,60.030305947049,60.340236089018,59.789741122567,60.329905084286,1122587.9049232
2020-01-29,60.879556703412,61.054762110198,60.650377067819,60.669141545802,1302114.8298001
2020-01-30,60.979071687772,60.979071687772,60.574686645392,60.869014861848,1196090.747555
2020-01-31,61.371017357106,61.371017357106,60.626763342717,60.829799211231,1403712.482314
2020-02-03,60.800703728516,61.249575342294,60.709411380575,60.96051804662,1140669.7257205
2020-02-04,61.010064701969,61.945758559153,60.920037375016,61.589865987966,1766246.7209349
2020-02-05,63.709408652742,64.615585353549,63.370383028057,64.411284464046,3251182.7422702
2020-02-06,63.840127488131,64.819886243051,63.590918353568,64.670613766511,1358491.5361366
2020-02-07,63.540106677231,63.719528820643,63.190750047814,63.248941013245,1347932.7171548
2020-02-10,63.040634223948,63.680313170027,63.010273720245,63.638778314266,986042.67353604
2020-02-11,63.700131832166,63.709408652742,62.930577398024,63.089337531972,1211715.3694514
2020-02-12,63.330745703778,63.409598678674,62.95967288074,63.339179177029,1083165.67813
2020-02-13,62.58016658445,62.949552712839,62.514807166756,62.739980902554,998951.64703968
2020-02-14,63.299752689581,63.490770858714,63.060031212425,63.449025166122,807321.95677582
2020-02-18,63.840127488131,64.356256051084,63.840127488131,64.091023317344,728548.86610887
2020-02-19,64.080692312612,64.260114456025,63.960304481956,64.140569972693,698438.53593533
2020-02-20,64.120962147385,64.338756594089,63.238610008512,63.510167847191,1116642.602245
2020-02-21,63.739558319614,64.049488461584,63.520709688754,63.849193471876,873502.38525768
2020-02-24,61.738927627676,62.359209585277,61.180420861636,61.278670825009,1463323.6647546
2020-02-25,61.119910691061,61.35014451081,60.295538680789,60.621281585104,1112016.5492123
2020-02-26,61.040214368841,61.41149802871,60.769499877488,61.100513702584,1553247.6937618
2020-02-27,60.790161886952,61.200028686945,59.479600143766,59.489931148499,1581330.9312785
2020-02-28,58.138888733709,58.849198018264,57.270030152037,58.128346892145,3741284.9498888
2020-03-02,60.110002269269,61.160391362666,59.058558991717,61.119910691061,4291447.7334675
2020-03-03,62.348667743714,62.819466387944,60.749892052179,61.499838661013,2857913.265749
2020-03-04,63.279934027442,64.819886243051,62.839495886915,64.779405571447,2720875.2444725
2020-03-05,63.320414699046,63.909492805619,62.481494947415,62.949552712839,1886683.2198101
2020-03-06,61.560770505251,62.670404748235,61.244515258343,62.548962733422,2959475.2368032
2020-03-09,60.269816587373,61.289001829742,58.960098191513,59.449450476895,2624245.9941319
2020-03-10,60.641100247243,61.169879020073,58.868595006741,61.040214368841,2434012.7026154
2020-03-11,59.058558991717,59.619595799731,57.28036115677,57.891155456964,2747276.6315641
2020-03-12,55.730077936428,56.101150759466,53.290063288118,53.418673755194,3198021.2247624
2020-03-13,56.819893517272,56.88925883476,53.351205969187,56.719324348755,2992790.1478039
2020-03-16,50.210158856899,55.124343720184,49.671049079337,52.590085008296,2916947.7586518
2020-03-17,52.080070713449,55.380510470179,51.300185274575,55.190757322034,2582754.2426757
2020-03-18,52.460631193895,53.640474101692,49.669994895181,52.499846844512,3198111.8749574
2020-03-19,52.750742673725,53.500689282559,51.58945340708,51.701407764485,2395336.8933848
2020-03-20,52.149436030938,52.430481527023,49.239676922555,49.459579737571,3758527.774201
2020-03-23,50.490361005659,51.909714553782,49.780051721105,50.410453846607,3324457.0306873
2020-03-24,51.909714553782,52.043595941639,50.050766212458,50.539275150515,3001907.2429408
2020-03-25,52.66872714636,53.759596911361,51.691076759753,53.019348796765,4443450.7518178
2020-03-26,54.750108344676,56.990882187433,54.441232386863,56.759594183528,2814558.3634779
2020-03-27,55.419474424738,57.630834077967,55.009893792279,56.730466459315,2381242.469677
2020-03-30,58.759372762509,60.211066808441,58.759372762509,60.18037957451,2913768.1029918
2020-03-31,60.088944142799,60.770743503457,59.53949652576,60.200837730464,4306677.2187551
2020-04-01,59.300261355119,60.750285347503,59.110501520815,59.750132029404,2536406.1233788
2020-04-02,58.540804504515,59.549099333656,58.019956554472,59.310699189789,1511711.4319241
2020-04-03,59.58980688887,60.389762537994,59.249950992008,59.839479894181,1975767.7306612
2020-04-06,59.890834040759,60.84881850679,59.579786567587,60.659684942566,1625042.9412125
2020-04-07,60.021098217443,60.279956517264,58.479012523267,58.540804504515,3884378.0685031
2020-04-08,59.069376452214,60.190399895794,58.430789727091,59.639073468514,3855624.4348041
2020-04-09,60.410220693948,60.729618434856,59.53949652576,60.000640061489,3006016.9906744
2020-04-13,60.269518682594,60.449258195614,58.360021208027,58.839535332776,3687742.6404329
2020-04-14,59.410276132543,60.310852507888,59.090043364861,59.789169531071,5793250.4051074
2020-04-15,60.410220693948,60.410220693948,59.259136286518,59.849708972158,5752737.020264
2020-04-16,61.229799472252,61.840621557152,60.920422052627,61.670067338641,3578035.2850295
2020-04-17,62.539747723362,63.210274222576,62.247279595903,63.069572211222,1310021.0834929
2020-04-20,64.180366576824,64.957776503061,63.770785944366,64.109598057761,2662626.2186282
2020-04-21,64.159908420871,64.459683032599,63.619854855035,64.100204006557,1805786.050298
2020-04-22,64.300610432225,64.909553706885,64.190595654801,64.589947209283,1497927.7646893
2020-04-23,64.300610432225,65.149832660993,63.92985854474,63.98016890785,1154003.2553871
2020-04-24,64.370126411129,65.039817883569,64.360106089845,64.909553706885,820928.8063589
2020-04-27,65.250453387213,65.409525987587,64.64986038029,65.140229853096,978508.88730852
2020-04-28,65.840608559467,65.8806898446,64.535461712305,64.589947209283,1580439.843345
2020-04-29,63.200880171373,63.41965718606,62.629095588139,63.039720004065,1258279.736815
2020-04-30,63.471220089331,63.945306540052,63.069572211222,63.330309321283,1063953.5989521
2020-05-01,64.000835820497,64.11878335227,62.82908450042,63.429886264037,1114554.4231363
2020-05-04,63.491469488591,63.660979923635,62.896095399003,63.619854855035,1040653.2406099
2020-05-05,62.310532874005,63.559315413948,62.300512552721,63.130111652309,1904154.410934
2020-05-06,62.719487236383,62.989409640955,61.780082116065,61.980071028346,1644871.0854725
2020-05-07,63.190859850089,63.229479838369,62.189662748524,62.310532874005,1011656.1136372
2020-05-08,62.690887569387,62.989409640955,62.46480407043,62.76040354829,759180.86010707
2020-05-11,62.83952233509,64.139241508224,62.479208282275,63.98016890785,1873093.4349739
2020-05-12,63.049949082042,63.549086335971,62.499666438229,62.539747723362,1094979.5118808
2020-05-13,63.039720004065,63.650542088965,62.711136968647,63.249311724243,2098716.2502858
2020-05-14,64.230885696628,64.509993395709,63.434896424679,64.290172597555,1529989.9849906
2020-05-15,63.909400388786,64.260737903785,63.569544491924,63.909400388786,846405.99456764
2020-05-18,63.36016152844,64.220447861958,63.080010045892,63.779971238876,1023738.2498758
2020-05-19,64.869472421751,65.499708879138,64.269505684908,64.470120867269,2181564.3496592
2020-05-20,65.830588238183,66.020348072488,64.690776692197,64.869472421751,2109839.9969994
2020-05-21,64.999736598435,65.091172030146,63.98016890785,64.819997085414,1091739.1033951
2020-05-22,64.509993395709,64.879701499728,64.220447861958,64.830226163391,805968.57962578
2020-05-26,64.59955001718,64.608526554996,63.339703372487,63.400242813574,1534884.199791
2020-05-27,62.430985486099,62.79964980665,61.529365327287,62.790255755447,1318534.5823129
2020-05-28,64.170346255541,65.555238159583,64.129221186941,64.960699096769,1617297.9071643
2020-05-29,65.539790164271,65.980266787354,64.410416452956,65.939141718753,1623153.433409
2020-06-01,65.999889916534,66.099258102594,65.189705189433,65.699071521339,1075113.3826701
2020-06-02,65.189705189433,65.379673780431,64.750272349817,65.149832660993,809717.40206691
2020-06-03,64.470120867269,64.980322225949,64.318981021245,64.710191064684,906269.30288147
2020-06-04,64.969884391278,65.450442299495,64.129221186941,64.339856690585,1225665.273769
2020-06-05,64.999736598435,64.999736598435,64.009812358313,64.490579023223,880451.22408967
2020-06-08,64.269505684908,64.52043123038,63.909400388786,64.318981021245,1245285.9617599
2020-06-09,64.59955001718,65.291369699121,64.439016119952,64.629193467643,1031916.7019512
2020-06-10,66.189649750838,66.734922234009,65.960017388094,66.560610395017,2288320.566586
2020-06-11,66.740141151345,66.960796976273,64.210427540675,64.419810504159,2125227.797921
2020-06-12,66.049991522951,66.099258102594,63.860133809143,64.608526554996,1690604.9661029
2020-06-15,64.540889386333,65.499708879138,64.040917105631,65.379673780431,2228688.0898956
2020-06-16,65.840608559467,66.049991522951,64.869472421751,65.291369699121,2475292.2336114
2020-06-17,66.180255699635,67.241157215514,66.020348072488,66.719682995391,1072444.6963909
2020-06-18,66.130154093218,66.309893606239,65.670263097649,66.060429357621,975737.93385434
2020-06-19,68.030466273275,68.030466273275,66.979376321986,67.550117121752,1972943.2086869
2020-06-22,67.550117121752,68.069712531635,67.008811015756,67.940283381724,1146169.5897872
2020-06-23,67.640508769996,68.715396984333,67.609612779372,67.940283381724,1240165.7852015
2020-06-24,67.19982339022,67.539888043775,66.150612249172,66.5295056477,1204182.3492213
2020-06-25,66.161050083842,67.27894217702,65.7604459892,67.250133753331,923390.77591157
2020-06-26,66.729912073368,66.951611681763,65.809712568843,66.040806228441,1111936.3834579
2020-06-29,66.171279161819,66.254364325793,65.399088152917,65.560457076918,985741.61150907
2020-06-30,64.740043271841,65.649596185002,64.561347542287,65.480503263345,1497722.2563663
2020-07-01,64.799538929461,65.928912640777,64.781168340441,65.680283418932,1352323.6569109
2020-07-02,66.238916330482,66.680436737031,65.820150403513,66.361038996123,1374115.3309297
2020-07-06,65.719529677292,66.309893606239,65.529352329601,65.918474806106,986628.90099818
2020-07-07,64.699961986707,65.570477398202,64.680547614221,65.060276039522,1596339.9541145
2020-07-08,65.529352329601,65.88987513911,65.310784071607,65.8806898446,777511.03374751
2020-07-09,65.928912640777,66.189649750838,65.169247033479,65.610767440029,879401.28109366
2020-07-10,65.769840040403,65.830588238183,64.869472421751,65.440004464824,806590.94843318
2020-07-13,65.389902858407,66.330351762192,65.039817883569,65.149832660993,1031327.448229
2020-07-14,64.840455241368,65.580915232872,64.561347542287,65.490523584628,806977.61575178
2020-07-15,66.189649750838,66.58900130532,65.820150403513,66.58900130532,1257069.0882585
2020-07-16,66.099258102594,66.259583243129,65.460671377471,65.659825262979,879654.51409826
2020-07-17,66.5706307163,67.390000737911,66.539734725677,67.170179939757,855506.79916361
2020-07-20,68.609766097471,68.799525931775,67.836740061796,68.460922575074,1042608.9785839
2020-07-21,68.628971713264,68.869459424066,68.309991485743,68.329405858229,1069861.7197441
2020-07-22,68.900355414689,68.959851072309,68.130460729415,68.509980398024,1021727.9694086
2020-07-23,67.830477360994,67.9093873911,66.370433047326,66.419699626969,1065828.4971593
2020-07-24,66.519276569723,66.5295056477,65.820150403513,66.171279161819,1134048.4946248
2020-07-27,67.090226126183,67.586858299791,66.860176250052,67.410458893865,927017.85171587
2020-07-28,67.508992053152,67.77077294668,67.110684282137,67.27894217702,677858.9765728
2020-07-29,67.289380011691,67.289380011691,66.663109931478,66.920924447832,626571.50135701
2020-07-30,66.650793286568,67.264746721869,66.280041399082,67.170179939757,682513.59399199
2020-07-31,66.650793286568,66.789407730988,65.091172030146,65.32936341732,1316752.2115497
2020-08-03,65.229786474566,65.870460766623,65.159852982276,65.419755065564,1854444.7721315
2020-08-04,64.230885696628,64.899115872215,64.160743447645,64.629193467643,1126957.9704961
2020-08-05,65.319969366117,65.399088152917,64.63942254562,65.091172030146,1080056.2961253
2020-08-06,63.950525457387,64.230885696628,63.269769880196,63.690623374099,1907792.2004424
2020-08-07,64.399978618286,64.770939262464,63.98016890785,64.63942254562,1458934.7518466
2020-08-10,64.729814193864,65.100148567963,64.329418855915,64.618755632973,885905.47341943
2020-08-11,65.809712568843,65.949579553424,65.100148567963,65.189705189433,1059475.2706632
2020-08-12,66.58900130532,67.569740250932,66.48044782475,67.090226126183,967567.27356366
2020-08-13,66.750161472628,67.139492705826,66.5706307163,66.860176250052,811612.75370905
2020-08-14,65.93982384529,66.219670591768,65.569255267796,65.770421067007,499587.39402529
2020-08-17,66.581104705727,67.213873906962,66.510520214776,66.860743850761,581283.46179379
2020-08-18,66.759849548989,66.87008591574,66.250188004032,66.469622730313,948234.59891471
2020-08-19,67.480641762469,67.649836939308,66.575914669628,66.629268240729,870593.2181997
2020-08-20,66.250188004032,66.581104705727,65.919478903781,66.490175273267,791517.02672786
2020-08-21,66.159466173015,66.500555345465,65.909929237358,66.319734487763,512718.1160846
2020-08-24,66.949597268782,67.014991723634,65.649597026614,65.9601687868,567747.27102922
2020-08-25,66.800539432008,66.819846366298,66.119399094328,66.459450259558,795696.09669327
2020-08-26,66.540207221264,66.790366961254,66.110472232237,66.769606816856,639183.21764508
2020-08-27,67.139552590019,67.149932662218,65.839759949294,66.260360474787,591206.67175158
2020-08-28,66.240223134721,66.240223134721,65.599565078616,65.82958747854,713707.19041538
2020-08-31,65.649597026614,66.345061863928,65.645652599178,66.039680139842,511106.03519328
2020-09-01,66.899565320784,66.908699784319,65.612021165254,65.889791897292,891030.21209918
2020-09-02,65.949996316045,66.329906958518,65.739696053299,66.219670591768,737368.34609748
2020-09-03,66.830018837053,66.840398909252,64.730960637027,65.079938664348,925296.23527262
2020-09-04,65.250587051295,65.480401849775,64.180401607606,65.10983327228,1226225.5103263
2020-09-08,65.000219709862,65.500746791284,64.470628426283,64.829778924358,1320159.0937307
2020-09-09,66.410663920224,67.080178577042,66.310392422785,66.649405580795,781038.50093443
2020-09-10,66.729954941057,66.919079856518,65.599565078616,65.820245413561,652687.08844044
2020-09-11,66.769606816856,66.995477187901,65.869446955783,66.449485390248,805902.35123045
2020-09-14,66.519654678311,67.000459622556,66.319734487763,66.659785652994,654287.41661557
2020-09-15,68.150364020731,68.589441074737,67.789967913991,67.920549222251,549254.37225072
2020-09-16,67.969750764473,68.609786016246,67.938818149321,67.959578293718,1079917.9064223
2020-09-17,68.3994857535,69.750348349442,68.160536491485,69.570773100404,1230330.1464231
2020-09-18,69.179651979956,69.500188609453,68.760089461684,69.4399841907,878168.82311714
2020-09-21,68.809913808238,69.050108678916,67.930098888674,68.988451050056,1061436.76036
2020-09-22,68.519894591005,69.189824450711,68.219910504462,69.060281149671,751182.68447632
2020-09-23,69.650284453446,70.17904533125,69.304212846341,69.400124713457,867657.97735449
2020-09-24,68.519894591005,68.739744520174,68.039920052536,68.26994245246,1068264.1090192
2020-09-25,68.060680196934,69.150172574912,68.006496220056,69.060281149671,632814.2249136
2020-09-28,68.729364447976,69.379572170504,68.699677441487,69.170309914977,723860.55773015
2020-09-29,69.609386968983,70.460968092167,69.500188609453,70.220150417156,1275002.2203075
2020-09-30,69.500188609453,69.679763858491,69.060281149671,69.429604118502,1395856.3793247
2020-10-01,70.000508089431,70.020645429497,69.070246018982,69.251066876683,908197.99213764
2020-10-02,68.650683500709,68.98450662262,68.350699414166,68.661063572908,801409.87550237
2020-10-05,69.350092765459,70.240495358666,69.288642738043,70.119878919717,674955.54726497
2020-10-06,69.629939511937,69.750348349442,69.079380482517,69.160137444223,964687.42205736
2020-10-07,68.999038723698,69.160137444223,68.340319341967,68.681408514417,822380.63859125
2020-10-08,68.899805233479,71.810585079445,68.809913808238,71.239888709959,2215181.3117307
2020-10-09,71.600284816699,72.310074153648,71.389154148177,72.069879282969,1311507.1358974
2020-10-12,73.54966237562,73.809994586364,73.039170424886,73.620246866571,1030960.9881277
2020-10-13,72.969831542599,73.779477174099,72.660505391077,73.180131805345,1288940.9415983
2020-10-14,72.269384270629,72.401211187553,71.378981677422,71.730035719183,715684.58489868
2020-10-15,70.540687046653,70.924542116562,70.03019509592,70.570166451698,894994.79499583
2020-10-16,70.479444620681,71.289920657957,70.379173123241,71.020453983678,614797.31113708
2020-10-19,71.880339164621,71.89964609891,70.649885406184,70.779636308668,782444.90929407
2020-10-20,71.940335981929,72.040607479369,71.109099800255,71.250268782158,1145956.4181706
2020-10-21,71.320853273109,71.530115528636,70.740814838645,70.850013198175,871464.87797695
2020-10-22,71.100380539608,71.130897951873,70.359866188951,70.879700204663,835819.86944811
2020-10-23,70.820326191687,71.174701856551,70.440623150657,70.740814838645,1175667.2844636
2020-10-26,69.950476141434,70.455778056068,69.19605249403,69.650284453446,650056.43882069
2020-10-27,69.420262053523,69.529668014497,67.891069817207,67.949198221519,1222180.6172029
2020-10-28,67.199964610215,67.330753519919,66.159466173015,66.550587293463,1520672.1830596
2020-10-29,67.208683870862,67.239616486015,66.119399094328,66.329906958518,1339484.476566
2020-10-30,64.940222892553,65.490781921973,63.219829726336,63.890589991818,2143370.2575928
2020-11-02,64.700235623318,65.329267998561,64.430561347595,65.030114317794,1374268.5986408
2020-11-03,65.71000904681,65.93982384529,65.190382632542,65.25972151483,999697.78391694
2020-11-04,68.019782712471,70.610025928941,67.870517274253,69.969990677167,2394652.1422813
2020-11-05,71.678965763965,71.910026171109,71.129859944653,71.55959493368,1355056.8253943
2020-11-06,71.91999104042,72.030435008614,70.01088816163,70.359866188951,3604011.5256155
2020-11-09,67.049868766222,68.459482570809,67.010009288979,67.938818149321,2074288.7717683
2020-11-10,67.498910689539,67.94400818542,66.819846366298,67.529428101803,1563099.4881693
2020-11-11,67.829827391234,68.119639007022,67.339472780566,67.699246082974,1059688.5438405
2020-11-12,67.891069817207,68.589441074737,67.789967913991,68.219910504462,752704.66121088
2020-11-13,68.080817536999,68.289041785306,67.930098888674,68.080817536999,645642.31453333
2020-11-16,67.208683870862,67.630737606462,67.030146629044,67.290478839788,1153729.8604757
2020-11-17,68.191261505194,68.249182308063,66.604563668897,66.729954941057,1387785.2015451
2020-11-18,67.22944401526,67.370197794274,66.510520214776,66.519654678311,1170606.7607909
2020-11-19,67.380577866473,67.549773043312,66.850571380006,67.330753519919,990513.03628732
2020-11-20,67.57053318771,68.150364020731,67.429364205807,67.591085730663,1072895.6585544
2020-11-23,67.22944401526,67.439744278006,66.809881496987,67.399884800763,1176861.1645405
2020-11-24,66.039680139842,66.349421494252,65.749868524053,65.919478903781,1020560.8137749
2020-11-25,65.849102014273,66.169431042326,65.699836576056,66.140159238726,847051.54846464
2020-11-27,66.540207221264,67.649836939308,66.510520214776,67.539808174002,1275453.7204841
2020-11-30,68.019782712471,68.039920052536,66.890430857249,67.13021052504,1825763.8783976
2020-12-01,66.819846366298,67.699246082974,66.749469476791,67.509083160293,766166.41810682
2020-12-02,67.669559076486,68.469862643007,67.591085730663,68.14039915142,604709.56315389
2020-12-03,67.760280907503,67.770453378257,67.020181759733,67.208683870862,557125.75385662
2020-12-04,67.770453378257,68.219910504462,67.639664468553,67.809274848281,562458.54878557
2020-12-07,68.689297369288,68.830466351191,68.060680196934,68.209530432263,659742.63567059
2020-12-08,67.780625849012,68.699677441487,67.709418553729,68.580306611202,498297.53343365
2020-12-09,70.451003222856,70.460968092167,69.740175878687,70.250667829421,1506882.3295059
2020-12-10,70.150603933425,70.264992329055,68.980354593741,69.278885470176,987091.03711699
2020-12-11,69.379572170504,69.689936329246,69.160137444223,69.540048086696,617443.63104489
2020-12-14,69.700316401444,69.969990677167,68.699677441487,68.719814781553,1065322.0124229
2020-12-15,69.240686804485,69.560393028206,69.029348534519,69.479636066499,1145325.6890734
2020-12-16,72.26004220565,72.438787048912,71.780275268625,71.840479687377,1646754.3419539
2020-12-17,71.910026171109,72.095621862022,71.540080397946,71.730035719183,1365332.6168351
2020-12-18,73.130099857347,73.919192945894,72.639745246679,73.799822115609,1670417.456422
2020-12-21,72.040607479369,72.080466956612,71.495238486048,71.89964609891,1138530.6603834
2020-12-22,71.159131748253,71.250268782158,70.38955319544,70.620198399695,864765.82980163
2020-12-23,70.260840300175,70.280354835909,69.540048086696,69.619767041182,886525.98365502
2020-12-24,69.780035355931,69.879061244706,69.329540222506,69.429604118502,277522.76155374
2020-12-28,71.459531037684,71.459531037684,69.941134076455,70.250667829421,1256641.5395851
2020-12-29,71.190064363405,71.190064363405,70.38955319544,70.57971611812,1274361.6972801
2020-12-30,71.060521062365,71.179891892651,69.977049126262,70.199390272759,745844.99258235
2020-12-31,69.840239774683,70.089361507453,69.199996921466,69.850204643994,513795.44839346
2021-01-04,71.190064363405,71.530115528636,70.561031988163,71.43005163264,2314799.292154
2021-01-05,70.820326191687,70.910217616928,69.740175878687,70.769256236469,875483.32748904
2021-01-06,69.30940288244,69.788131812246,68.789776468172,68.930530247187,1060675.7719927
2021-01-07,69.780035355931,70.230322887911,69.139792502713,70.089361507453,707020.87434929
2021-01-08,70.140639064114,70.339313645998,69.740175878687,70.260840300175,565028.47603881
2021-01-11,70.409898136949,70.629540464674,70.16077640418,70.420070607704,539518.2263575
2021-01-12,69.780035355931,69.980163147922,68.739744520174,69.329540222506,1558016.4384575
2021-01-13,70.16077640418,71.409499089686,70.119878919717,70.900045146173,1276013.9332847
2021-01-14,70.760121772934,71.310680802355,70.679572412672,71.030626454433,837961.80195675
2021-01-15,71.730035719183,72.289521610694,71.389154148177,72.030435008614,1011659.1107245
2021-01-19,73.369671923694,73.369671923694,72.539681350684,73.019655889153,1001458.7325454
2021-01-20,72.349933630891,72.539681350684,71.740415791382,71.979157451952,1041198.583241
2021-01-21,72.680642731142,72.729844273364,71.989329922707,72.520374416394,961626.81890713
2021-01-22,72.13049890461,73.210649217609,71.910026171109,72.830738575136,797487.40650504
2021-01-25,72.680642731142,73.30469267173,72.660505391077,73.180131805345,556402.96181671
2021-01-26,73.329189642119,73.629173728662,73.049342895641,73.269815629142,779773.125168
2021-01-27,71.590112345944,71.819927144424,69.950476141434,69.969990677167,1161158.556442
2021-01-28,70.769256236469,71.89964609891,70.570166451698,70.599853458186,1040963.5289191
2021-01-29,69.919958729169,70.089361507453,68.980354593741,69.599214498229,1164704.9385241
2021-02-01,70.790016380866,70.869527733909,70.270182365154,70.409898136949,893606.01571034
2021-02-02,71.060521062365,71.210409304915,70.489617091435,70.969591629904,1250628.0665154
2021-02-03,72.9594514704,73.319639975696,72.289521610694,72.4099304482,1419703.6196783
2021-02-04,72.289521610694,72.320246624403,71.389154148177,71.631009830407,1441023.046678
2021-02-05,71.229923840648,71.43005163264,70.769256236469,71.399326618932,1161287.8363191
2021-02-08,71.369432010999,71.399326618932,70.451003222856,70.889872675418,1216512.8698653
2021-02-09,71.649693960365,71.769895196426,70.879700204663,71.269575716448,804851.46253274
2021-02-10,71.55959493368,71.569975005879,70.479444620681,71.179891892651,802033.74884853
2021-02-11,73.660106343814,74.068250782668,73.080067909349,73.929365416649,2501990.677787
2021-02-12,73.900924018824,75.8604740485,73.900924018824,75.820614571257,1920586.7506533
2021-02-16,75.06079328631,75.449630790874,74.460202308892,75.06079328631,1985693.859651
2021-02-17,74.649327224353,75.650173785754,74.559643400556,75.570454831267,1322506.6987711
2021-02-18,74.94951891234,75.249710600327,74.390033020828,75.090480292798,1165095.7163343
2021-02-19,74.310314066342,74.579780740621,73.87040660656,74.079461260643,1562970.2082922
2021-02-22,73.200476746854,73.369671923694,72.694967230777,72.749151207654,838826.60598279
2021-02-23,71.65986643112,71.869959092422,71.190064363405,71.678965763965,1060730.6180011
2021-02-24,71.999709994906,72.690815201897,71.65986643112,72.189457714699,864992.06958653
2021-02-25,72.759323678409,73.000556556307,72.189457714699,72.339553558692,1071872.1928609
2021-02-26,72.159978309654,72.239489662696,71.010489114367,71.250268782158,873192.52724312
2021-03-01,72.530754488593,73.150444798857,72.390831115354,72.830738575136,818170.22804961
2021-03-02,72.840080640115,73.000556556307,72.390831115354,72.680642731142,492744.37507791
2021-03-03,71.699725908363,71.819927144424,70.969591629904,71.459531037684,751962.28131073
2021-03-04,70.000508089431,70.684554847327,68.569926539003,69.220341862975,1741221.6945477
2021-03-05,69.240686804485,69.780035355931,67.920549222251,69.609386968983,1322896.4971882
2021-03-08,69.039728606717,69.789169819465,68.775244367094,68.830466351191,1066493.3664606
2021-03-09,70.561031988163,71.279955788646,70.530514575898,70.720054694247,1471264.7439813
2021-03-10,72.210010257652,72.335609131257,71.569975005879,71.730035719183,823127.91545643
2021-03-11,71.89964609891,72.169320374633,71.500220920703,71.869959092422,642697.27975801
2021-03-12,70.989936571414,71.051178997386,70.530514575898,71.010489114367,709848.38196355
2021-03-15,71.378981677422,72.090847028811,71.250268782158,72.090847028811,611798.40974636
2021-03-16,72.090847028811,72.779876221362,72.090847028811,72.650125318878,524053.61076
2021-03-17,71.510600992902,71.960058119107,71.094982902065,71.780275268625,526695.03370279
2021-03-18,70.750987309399,71.44935856693,70.620198399695,70.910217616928,727528.38454538
2021-03-19,70.850013198175,71.060521062365,70.290527306664,70.349693718197,794881.24171056
2021-03-22,70.84087873464,71.549422462925,70.84087873464,71.051178997386,782329.34091911
2021-03-23,69.379572170504,69.720661342954,67.760280907503,67.989888104538,1283205.6161431
2021-03-24,68.29921425606,68.340319341967,66.899565320784,67.060041236977,1463400.2181265
2021-03-25,67.498910689539,67.679523945797,66.809881496987,67.449916748761,712577.9502771
2021-03-26,67.019681694105,67.779617986284,66.589982725217,67.779617986284,828409.77413733
2021-03-29,67.940318413673,68.780193921012,67.869421166296,68.429612170212,801020.87638252
2021-03-30,68.049438524854,68.106156322756,67.530141875223,67.920179485433,761486.94864641
2021-03-31,68.599354565382,68.609424029502,67.319916124303,67.419994267703,1029714.5118116
2021-04-01,68.120335772232,68.510167883174,67.429858232555,67.660428410983,484122.16740583
2021-04-05,67.599600627726,68.339603490932,67.549458806392,68.329328527544,570427.57027613
2021-04-06,68.281036199621,68.514277868529,67.955525359487,68.029299596614,612724.92520056
2021-04-07,68.439681634332,68.500303918321,67.519866911835,67.889971093072,807661.80845858
2021-04-08,68.980350207811,69.399774213311,68.939866852062,69.250170746381,890404.33939709
2021-04-09,70.030451466069,70.204509345862,69.690144678657,70.120665644616,900877.2634176
2021-04-12,69.48978289259,69.730422535138,69.29065410213,69.4603964973,573866.76573153
2021-04-13,70.519539723339,70.900535365768,70.300272004638,70.770454329275,813578.49108898
2021-04-14,71.220086727136,71.259542586546,70.239649720649,70.549953614968,956502.98484939
2021-04-15,71.179603371387,71.890219839304,71.179603371387,71.510046193946,972099.08322771
2021-04-16,72.190248770235,72.410543985274,71.910358767545,72.170109841994,1320610.4889808
2021-04-19,72.759276242664,72.820104025922,72.390610556302,72.700708951353,745566.32319412
2021-04-20,72.910112705201,73.394885477849,72.759276242664,73.279805887903,686581.54866364
2021-04-21,73.569970853981,74.379432469691,73.359745103062,74.229829002761,721170.39616778
2021-04-22,74.189756645548,74.507664012774,73.860135820059,74.15009528687,655425.96014397
2021-04-23,74.05001714347,74.15009528687,73.64991006914,74.059264610519,533263.28382763
2021-04-26,73.749782713272,74.189756645548,73.329331211433,74.099542467001,627953.95179706
2021-04-27,73.659774033992,73.77012714078,73.245487510187,73.680118461501,995961.71728773
2021-04-28,73.609221214123,74.20969007452,73.520445530451,74.119886894509,558771.30972956
2021-04-29,74.08947300288,74.315933195953,73.72060181725,74.240103966149,603825.16595977
2021-04-30,74.010766783328,74.620277611506,73.89034421242,73.949939000071,805779.9471939
2021-05-03,75.079979473487,75.470222582965,74.899962114929,75.340758044276,1460793.3226127
2021-05-04,74.15009528687,74.470468645309,73.67004899738,74.129956358629,1142677.6371082
2021-05-05,74.00049181994,74.109817430389,73.64991006914,74.069128575372,788901.57110836
2021-05-06,73.839791392551,74.219759538641,73.530309495303,74.1996206104,778432.60473514
2021-05-07,75.040729113345,75.780526477284,75.040729113345,75.660103906376,746187.67381148
2021-05-10,76.469771021354,76.66561182353,76.050347015854,76.279478699407,961700.36509302
2021-05-11,75.600509118726,76.830422236274,75.439808691337,76.620196485355,1116209.8817496
2021-05-12,77.179976490735,78.179730428392,77.110517738232,78.039168929243,1778351.9692673
2021-05-13,77.850315102171,78.98015007632,77.519666780344,78.890141397041,1290285.0169706
2021-05-14,79.000700003096,79.470471329197,79.000700003096,79.099750650157,794165.24194342
2021-05-17,79.849617478216,80.719701377915,79.839342514828,80.580167375106,941002.85941664
2021-05-18,80.010112406337,80.280138444175,79.61986929686,79.640213724368,987145.06863904
2021-05-19,79.669600119658,80.280138444175,79.335047311743,80.050595762086,1197622.643214
2021-05-20,80.099093589278,81.201802660082,80.020387369725,80.829643486167,707412.6249345
2021-05-21,81.499982097603,81.620199169243,81.110971983732,81.299825810804,825298.0739914
2021-05-24,81.620199169243,82.229709997422,81.589785277615,81.700138384402,505248.08839642
2021-05-25,81.070488627983,81.159469810924,80.349802695946,80.380011088307,1127177.5116756
2021-05-26,80.449880839345,80.580167375106,80.164853354961,80.340555228897,811010.96743919
2021-05-27,79.069131259261,79.61986929686,78.720193502603,78.819655148199,981910.09074656
2021-05-28,78.809380184811,79.540341080236,78.710535037018,78.900210861161,747415.53386903
2021-06-01,80.200199229016,80.200199229016,78.990425039708,79.190375827239,860890.18507207
2021-06-02,78.84986354056,79.190375827239,78.740948928646,78.84986354056,409137.61447812
2021-06-03,78.809380184811,79.679669583778,78.710535037018,79.679669583778,441438.94187505
2021-06-04,80.149646409147,81.258520457984,79.839342514828,80.950066057075,910211.37444345
2021-06-07,81.429084850226,81.910158636054,80.709426414527,81.199747667405,2419806.4452267
2021-06-08,82.410549353052,82.449799713194,81.739388744545,82.280057318023,1124426.9468408
2021-06-09,83.110068860509,83.580045685878,83.099793897121,83.489831507331,1414198.9521926
2021-06-10,83.75061007812,84.940450838455,83.639640473529,84.760638979164,1153862.9376327
2021-06-11,84.260042762899,84.490612941327,83.859935688569,84.450335084845,789086.59111706
2021-06-14,84.039953047127,84.440060121457,84.010566651837,84.429785158069,849332.86570666
2021-06-15,84.589663588387,84.730225087536,84.04981701198,84.569524660147,626164.10583071
2021-06-16,84.399576765709,84.809958803427,83.41009779144,83.630598505747,1143981.6818754
2021-06-17,82.150798278602,82.89984310959,82.110314922853,82.769351074562,996013.16670196
2021-06-18,82.209365569914,82.489461071872,81.944682513038,82.280057318023,899886.86219473
2021-06-21,82.219640533302,82.979576825481,82.100245458733,82.650161499261,701325.76347261
2021-06-22,82.329788140821,82.550083355861,82.039623174743,82.159840246383,814770.73232132
2021-06-23,82.570427783369,82.570427783369,81.650613060872,81.650613060872,586405.58161353
2021-06-24,82.290332281411,82.890595642541,82.146893792514,82.199090606526,438670.56762759
2021-06-25,82.359996533182,82.88052617842,82.110314922853,82.79976496619,788668.06992097
2021-06-28,82.960670892847,83.589909650731,82.819903894431,83.259672327439,573504.6410086
2021-06-29,83.859935688569,84.04981701198,83.433319208697,83.799313404579,661632.54043498
2021-06-30,83.869799653421,84.589663588387,83.56977072249,83.770132508557,753297.58708601
2021-07-01,84.190584010396,84.599733052508,83.939874903728,84.419921193217,665209.26413209
2021-07-02,83.91028300917,84.809958803427,83.859935688569,84.809958803427,465462.85006033
2021-07-06,85.250754732774,85.27500364637,84.549385731906,85.050392946707,771640.29265199
2021-07-07,85.810534738154,86.299828494693,85.429539095726,86.260372635283,693271.95133029
2021-07-08,86.789944248302,87.12059257013,86.110769168353,87.100248142621,984152.09791048
2021-07-09,85.780326345793,87.219437717923,85.729568026657,86.540057138705,1047532.8291177
2021-07-12,86.810083176543,87.160870426611,86.449226462355,86.599857425624,552894.20357166
2021-07-13,86.355313296988,86.94982267862,86.330036887054,86.659452213274,407492.22263627
2021-07-14,86.530193173853,87.0398313579,86.149197531424,86.939547715232,583256.28381879
2021-07-15,87.769559257718,87.811892106877,87.204436271376,87.610708323739,759037.16500214
2021-07-16,87.789492686691,88.785136638992,87.58029443211,88.659782085658,886829.59452366
2021-07-19,87.919984721719,88.567718413701,87.854224956036,88.33016126017,1028773.5811792
2021-07-20,87.239782145431,87.99971843761,87.189023826294,87.509808183269,1308007.361331
2021-07-21,88.299747368541,88.940494085419,87.850320469948,88.80918005332,657562.1002441
2021-07-22,88.479970226367,88.999472375267,88.210766185601,88.218986156311,1446778.3043084
2021-07-23,89.619874664637,90.860062745573,89.289431842077,90.749915138053,1653662.3351854
2021-07-26,89.279362377957,89.750161200397,88.920560656447,89.269292913837,1077471.4411097
2021-07-27,89.419718377838,89.650494055533,88.870007836577,89.650494055533,699222.2739622
2021-07-28,90.479889100216,91.909136507492,90.305009223351,91.489712501992,1199030.5762212
2021-07-29,91.939550399121,92.179984542401,91.099469392515,91.369495430352,864841.89584554
2021-07-30,92.669072799672,92.870462082077,92.290132149921,92.600641543507,724348.38690505
2021-08-02,92.190259505789,93.009585086351,91.669729860551,92.999721121499,761998.47455283
2021-08-03,92.80963429882,93.340438907446,92.637836910972,93.120143692407,1452122.1175001
2021-08-04,93.589915018508,98.520253450626,93.554774643721,98.209744057039,3153720.4655215
2021-08-05,101.30230253757,103.21262373068,101.08015782912,103.10206512462,2088660.2061703
2021-08-06,98.469495131489,100.07156742295,98.351333052526,99.480346029604,1747083.5878012
2021-08-09,100.07156742295,100.95891326114,99.570354708883,100.6558018412,1035373.947371
2021-08-10,100.09211734973,100.79718533742,99.560285244763,100.1120507787,1404243.4905493
2021-08-11,100.22199288695,101.10029675736,100.0119726353,100.73676855269,999663.1068731
2021-08-12,100.83787419243,102.10066719282,100.50311588525,101.76775837905,701158.55287651
2021-08-13,101.99010858677,103.03096237798,101.93935026763,102.75805935039,763739.8393403
2021-08-16,102.59759980692,103.27172744407,102.26514208365,103.26251525346,750536.85374509
2021-08-17,104.16817594788,104.9636997857,103.99723863327,104.93319719903,967789.55019279
2021-08-18,104.97352612235,105.72872103685,104.00747440061,104.00747440061,1012871.9180472
2021-08-19,104.68160203776,106.18237024545,104.60176305249,105.60834841291,1008472.0394458
2021-08-20,106.02064512144,107.23952029653,105.88021039351,106.62516954066,932151.52672227
2021-08-23,106.61493377332,106.61493377332,105.75881419283,105.93978255944,1397064.7487961
2021-08-24,104.31987001989,105.15449448896,103.53437723406,103.62445198667,1413575.715358
2021-08-25,103.1918884588,103.67501667734,102.72902705959,103.63448303867,814528.7675794
2021-08-26,103.82548245727,104.38947323782,103.56365152866,103.573887296,705320.40381138
2021-08-27,102.64816449759,103.27172744407,101.72121340709,101.88314324644,1380165.4408046
2021-08-30,101.4192582705,102.9099954262,101.33921456989,102.37630251698,1268593.259639
2021-08-31,101.7011513031,101.72121340709,99.059709182815,99.969464184176,2393197.2641464
2021-09-01,99.930363552929,100.86570797264,99.82984831763,100.80552166067,1248679.5878654
2021-09-02,101.38977926056,101.75171599377,100.88617950733,101.68088448376,642452.79304175
2021-09-03,100.35248659811,101.19775626522,99.880208292953,100.88617950733,989230.76446967
2021-09-07,101.58098339451,101.7011513031,101.09765046062,101.36971715657,682655.5664111
2021-09-08,100.62414386337,101.25835200789,100.36231293476,100.70459699468,772177.70133994
2021-09-09,100.54348601672,100.80552166067,99.129926546781,99.290013948011,1180607.6060187
2021-09-10,99.799345730951,100.29189085545,99.24988974003,99.550002438499,872238.68769968
2021-09-13,100.88617950733,101.02681895061,99.24988974003,99.669556201054,982184.99950394
2021-09-14,100.0198241595,101.09765046062,99.880208292953,100.03026464219,966755.62838153
2021-09-15,101.34945033723,101.4000150279,100.60408175938,101.26858777523,637064.67985614
2021-09-16,101.97301328371,102.59759980692,101.65161018917,102.37630251698,961407.24321942
2021-09-17,101.6010454985,102.29543995498,100.9363347673,101.40902250316,1508296.2621603
2021-09-20,98.639633291097,100.51339286073,98.570030073172,99.659729864405,1104908.8368628
2021-09-21,100.87594373999,102.42686720765,100.87594373999,101.77177809776,980931.58036287
2021-09-22,100.9363347673,101.69091553576,100.50336180874,100.86570797264,587955.87682118
2021-09-23,102.21457739298,102.52697301226,101.8729074791,102.10444053638,524030.50742612
2021-09-24,100.6544417347,101.5910144465,100.3926108061,100.70459699468,991730.65034774
2021-09-27,99.82984831763,99.890239344948,98.850285382997,99.079566571458,719678.11150017
2021-09-28,96.619911679166,96.619911679166,94.829880686389,95.379541392657,1529205.1209224
2021-09-29,96.409464302613,96.960353300962,95.529597741891,96.100344128884,832818.55639299
2021-09-30,96.74990592441,97.179808152775,95.969531022252,96.00985994558,1119457.2390644
2021-10-01,95.650379796527,96.090313076888,94.890271713707,95.879865700336,822876.61851497
2021-10-04,97.540107163215,97.799890938356,96.21007155479,96.940086481625,993849.14720028
2021-10-05,98.199904726083,98.310451013377,97.400286581323,97.430584452655,1049172.4063094
2021-10-06,97.029751803541,97.059844959527,95.640348744532,96.55030846124,788070.89713659
2021-10-07,97.629772485132,99.000137016884,97.560169267206,98.380054231303,832280.24167472
2021-10-08,98.90965283358,99.129926546781,98.11003468882,98.380054231303,609582.81960785
2021-10-11,98.310451013377,98.68999326642,98.099798921478,98.400116335294,421850.03101328
2021-10-12,98.359787411966,98.519874813196,97.130471754187,97.639803537127,672256.75626296
2021-10-13,99.290013948011,100.855881636,99.290013948011,100.60408175938,902159.84859018
2021-10-14,100.96663263864,101.13818409929,100.35248659811,100.44297078142,643955.50553023
2021-10-15,101.21802308456,102.73905811159,101.05711682194,102.33576887831,938934.09353247
2021-10-18,103.40294998139,104.13787807655,103.14132376813,103.43324785272,1401800.329196
2021-10-19,103.35238529072,105.0646244517,103.35238529072,104.65130416643,875459.63720398
2021-10-20,104.65130416643,105.3364864323,103.78597239533,104.55119836182,638720.34523498
2021-10-21,104.22877169055,104.58149623315,103.81545140527,104.40974005715,785640.53529959
2021-10-22,105.42635646957,106.09147663145,105.38705112297,106.01061406945,620051.15379711
2021-10-25,106.38340071605,106.44420117406,105.76904996018,106.17213447811,656902.86838515
2021-10-26,105.4466232889,107.71241274774,105.4466232889,107.34965715313,782210.02047138
2021-10-27,106.74533744926,107.07779517253,105.50721903157,105.67815634618,706247.05995929
2021-10-28,106.54430697866,108.32696821895,106.54430697866,107.65202172042,898702.51734603
2021-10-29,109.39435403738,110.34034365513,108.84039430883,110.12907741719,1069378.0790557
2021-11-01,109.57532240399,109.90778012726,109.01133162344,109.44389515132,847420.59142627
2021-11-02,110.15937528853,111.22655639161,109.83694861725,110.04821485519,1176948.6550555
2021-11-03,111.81982146675,115.94852058184,111.72974671414,115.55526240056,2174194.5482639
2021-11-04,115.62588919522,115.9282537625,114.55870809213,115.8473912005,1037702.9259282
2021-11-05,112.31420902937,113.43093124639,112.04214233342,113.42069547905,1177603.1742425
2021-11-08,115.20356143468,115.5654981679,113.94435733627,114.70037111215,952375.07707919
2021-11-09,114.58921067881,114.70037111215,113.84425153166,114.11611351227,690976.60093078
2021-11-10,113.63298529372,113.98468625959,112.3838122473,112.70623891857,967188.66383758
2021-11-11,113.73309109833,113.87454940299,112.79733724792,113.41066442705,1035660.9055208
2021-11-12,113.03869664184,113.40042865971,112.03211128143,113.09929238451,550027.53279656
2021-11-15,113.34106120913,114.0555177696,113.30052757045,113.49152698905,559040.82812553
2021-11-16,113.70258851165,114.64960170613,113.50155804105,113.98468625959,571839.21089244
2021-11-17,114.59903701546,115.09240100135,114.2465171882,114.40824231221,559159.01899546
2021-11-18,115.2643618927,115.68668965323,114.41847807955,115.03180525868,886622.21860369
2021-11-19,114.61950855015,114.96199732541,113.75315320232,113.87454940299,724969.88422888
2021-11-22,112.86694046584,112.94780302784,111.18622746828,111.22655639161,671653.88350649
2021-11-23,108.52799868955,109.78638392658,108.26637247629,109.42342361663,1003045.1914373
2021-11-24,108.64857602884,109.06189631411,107.89338111434,109.04142477943,569806.12929034
2021-11-26,108.67887390017,109.05166054677,108.00474626303,108.1654478103,844312.86678888
2021-11-29,107.44075548248,108.98103375211,107.06755940519,108.28663929563,664733.2618148
2021-11-30,108.48766976622,109.0919894701,106.20263706479,106.82620001126,1127680.9399265
2021-12-01,107.2092224252,108.74950069483,107.01719942987,107.27903035847,710484.05366433
2021-12-02,106.53407121132,107.2092224252,106.22167559204,106.63520059266,791639.4668464
2021-12-03,109.2729578367,109.43365938397,106.06117876012,107.07779517253,761566.34626611
2021-12-06,108.13514993896,108.48766976622,106.86652893459,107.75294638641,907500.2881476
2021-12-07,108.87990437077,110.19970421185,108.86966860343,110.15937528853,673056.28273567
2021-12-08,112.5555684233,113.46122911772,111.08530280229,113.41066442705,1200031.629903
2021-12-09,113.84425153166,114.19697607427,113.35109226112,113.54209167972,1282090.8556193
2021-12-10,113.44096229838,114.54867704014,113.44096229838,114.3474418542,593134.42468293
2021-12-13,115.27336936796,116.12948894844,115.00150738735,115.69692542057,634673.05284207
2021-12-14,113.31076333779,113.40042865971,112.23334646737,112.81739935191,1048529.8055295
2021-12-15,113.11955920384,116.4820087757,113.08926133251,116.46194667171,817897.70397124
2021-12-16,116.32130722843,117.34815940819,115.99908527251,117.07629742758,766685.30209259
2021-12-17,115.70675175722,116.52233769903,106.56436908265,107.45078653447,5776324.5059759
2021-12-20,104.12764230921,104.66133521842,102.09440948438,103.53437723406,2978399.9889398
2021-12-21,104.77249565176,106.47347546866,103.98741229662,106.21164454005,2555752.417855
2021-12-22,108.65840236549,110.16940634052,108.46760766223,109.89754435992,1824879.9425363
2021-12-23,108.64857602884,110.41097044979,108.35624251355,108.42707402356,1205596.5327931
2021-12-27,110.77290718301,112.1827817767,110.34034365513,111.62882204815,1131195.8768046
2021-12-28,112.01184446209,112.08165239536,110.35037470713,110.782938235,837719.00809029
2021-12-29,109.89754435992,111.19625852027,109.36405616605,111.15592959695,672048.18413967
2021-12-30,111.59872889216,112.51523949997,111.36719583489,111.44785368154,811616.70345768
2021-12-31,111.86015039008,112.90726938917,111.67938673882,112.00181341009,757301.54294461
2022-01-03,109.64594919865,109.71575713192,107.72264851508,108.78982961816,1156278.1644343
2022-01-04,103.8658113806,106.31277392139,103.53437723406,106.14204132212,2863175.809215
2022-01-05,104.7827314191,105.27568597429,102.53679934891,102.53679934891,1437202.9641273
2022-01-06,100.72486381402,103.95690970994,100.27182875146,102.85943073553,3332926.9113492
2022-01-07,100.55392649941,101.95274646437,100.54348601672,101.48988506516,3906166.5350695
2022-01-10,100.12975630075,101.92347216977,99.640486621802,101.7920449171,1490107.7798066
2022-01-11,100.70459699468,101.30891669856,99.659729864405,101.21802308456,1202235.542006
2022-01-12,100.12975630075,101.09765046062,100.06035779817,100.74492591801,1222634.8888667
2022-01-13,100.77542850469,100.87594373999,99.177215791901,99.559828775147,965650.19612795
2022-01-14,97.049813907531,98.099798921478,95.363368880257,96.320003696044,2463889.3091421
2022-01-18,95.670441900518,96.899757558297,95.459994523965,96.39022106001,1144956.6709405
2022-01-19,97.700399279792,98.600327944504,96.974273944547,97.289330863335,1026539.3513279
2022-01-20,95.979562074248,97.398444143201,95.389777159999,95.459994523965,2011313.6247628
2022-01-21,95.960523546991,96.889726506302,95.125080216534,95.360298150054,1350160.8510648
2022-01-24,92.799923307116,95.660615563869,91.510216622018,95.439727704628,2882400.1997812
2022-01-25,94.190554658205,95.869834648341,93.990138333648,95.160086540844,2582472.4932528
2022-01-26,94.529972703268,95.05015439959,92.690400596556,93.100036005584,1854643.1845334
2022-01-27,95.465112407636,96.690333758479,94.999999139614,95.439727704628,1320312.1938172
2022-01-28,95.900132519673,96.919819662288,95.080452270923,96.759936976405,990671.89852173
2022-01-31,98.229793166722,100.07018413482,98.069910480839,99.870177240958,1445131.6844151
2022-02-01,101.35948138922,102.77856817353,100.6644727867,102.59759980692,2019425.0939585
2022-02-02,106.32280497338,107.16868878653,105.50721903157,106.59487166933,2197808.8854256
2022-02-03,104.07707761854,105.29615750897,103.89631396728,104.63103734709,1968945.6741132
2022-02-04,101.64137442182,102.1548005117,99.180491237451,99.669556201054,2832511.7342853
2022-02-07,100.76519273735,102.76833240618,100.50336180874,101.76174704577,1047424.3732758
2022-02-08,101.26858777523,101.7111823551,100.63417491537,101.55048080783,972917.44482458
2022-02-09,104.29939848521,106.06117876012,104.23900745789,105.92053931684,1279821.3922776
2022-02-10,104.60176305249,106.38340071605,103.76591029134,104.05803909128,944934.0182798
2022-02-11,101.74148022643,101.92347216977,98.189668958741,98.90965283358,1873690.7853951
2022-02-14,97.580436086543,98.659900110435,97.280323388074,98.140332560153,1578875.0822892
2022-02-15,100.6745038387,102.18530309838,100.6745038387,101.35948138922,945044.26354499
2022-02-16,101.57074762716,103.35238529072,101.56051185982,103.17162163946,1005314.6547791
2022-02-17,103.3828878774,103.51431513007,102.34600464565,102.44713402699,789124.68295958
2022-02-18,101.88314324644,102.11447158837,100.21143772414,100.80552166067,588506.10994644
2022-02-22,99.809581498293,101.14719157455,98.219966830074,99.239858688035,797590.72476507
2022-02-23,99.150193366118,99.34057863868,97.51001400723,97.680337175801,706580.77535661
2022-02-24,95.579957717214,99.06974023481,94.750041701121,98.949572326214,1459251.023963
2022-02-25,100.79528589333,103.22198161478,100.6644727867,102.74806558685,1337617.7208489
2022-02-28,102.30547100698,103.22198161478,101.66164124116,102.95032434953,1081527.9018392
2022-03-01,103.9466739426,105.04435763236,103.21215527813,103.60418516733,1052272.1853422
2022-03-02,102.67846236892,104.99379294169,102.00331115504,104.67157098576,1350682.2813731
2022-03-03,106.26220923072,107.3293903338,103.62445198667,104.26930532922,930888.17557537
2022-03-04,101.77177809776,104.15814489589,101.77177809776,104.10758020522,1200750.707128
2022-03-07,102.72902705959,103.18165269146,100.64441068271,100.84564586865,2727789.6575697
2022-03-08,102.03360902637,105.66894415557,100.4830949894,102.30547100698,3676425.3344381
2022-03-09,102.81889709685,105.6183794649,102.35603569765,105.0646244517,2688567.17318
2022-03-10,103.4637504394,104.99379294169,103.1110258968,104.46010003248,2213023.7252212
2022-03-11,101.46961824583,103.05022543878,100.57378388805,101.25835200789,2677131.4616187
2022-03-14,102.08417371704,103.50407936273,101.68088448376,101.74148022643,696458.07497167
2022-03-15,102.96056011687,103.20191951079,101.4192582705,102.44713402699,1143083.4946331
2022-03-16,105.49718797957,106.83623106326,104.07707761854,106.24214712673,1185910.3039539
2022-03-17,107.90361688169,109.93684970651,107.82275431968,109.84697966925,842082.13826995
2022-03-18,108.73926492749,111.46832521623,108.56853232823,111.46832521623,1360741.4169205
2022-03-21,110.09877954586,111.44785368154,109.38411827004,110.18967315986,1152763.2275561
2022-03-22,109.85721543659,110.36040575912,108.84039430883,109.60541555997,977149.47252675
2022-03-23,109.60541555997,110.49080943506,109.10222523744,109.37408721804,811407.13813377
2022-03-24,107.98447944369,109.04142477943,107.49132017315,108.98103375211,706526.14932431
2022-03-25,107.61948369306,107.77014633446,105.83471086421,106.51035453136,763602
2022-03-28,106.66000055575,107.96980991591,106.56952164155,107.90982951211,529070.00000001
2022-03-29,111.00034523307,111.52044649716,109.67040685604,110.20047096687,1002468
2022-03-30,111.69998106174,113.71959242071,111.58957645408,112.54031668508,1181150
2022-03-31,112.87051389105,113.11023218283,111.04954949652,111.04954949652,834011.99999997
2022-04-01,111.56050120749,113.15943644628,111.3797467025,112.90955198437,941539.99999998
2022-04-04,112.82029301059,114.01990108649,112.24997086603,113.81007133491,1480771
2022-04-05,114.46029957672,115.62981578902,114.40031917293,114.80981250595,1001910
2022-04-06,115.10991784833,117.25111660211,114.87995907988,117.12932588389,1413779
2022-04-07,118.68027679965,122.15954686656,118.68027679965,121.81003393733,2323900
2022-04-08,120.00045565335,121.45991103789,119.90997673915,120.56061162777,1289232
2022-04-11,120.67996246515,121.95988328511,119.94616830483,120.94997594393,2502422
2022-04-12,116.83044048193,118.24963783274,115.79044127715,117.39954268608,2960313
2022-04-13,118.18050787583,119.11010247295,117.09537087564,118.8801437045,1451616
2022-04-14,119.06984443921,119.6200375669,118.0198823877,118.19941695228,885826.99999996
2022-04-18,117.21980479809,118.58186827275,115.88783318704,116.36950632802,594156.99999999
2022-04-19,114.02966060982,115.24045147286,113.42050369534,114.41007869626,1195523
2022-04-20,115.18006442226,116.49028042923,114.83970104615,115.53954019823,797038.00000002
2022-04-21,114.46029957672,114.60994560111,110.31982180425,110.75046077116,2152693
2022-04-22,113.0701774725,113.0701774725,110.32998797438,110.70023989069,1182916
2022-04-25,111.06967851339,113.73972143757,111.0105114032,113.71959242071,1334323
2022-04-26,111.62983448781,112.24997086603,109.68036970278,109.77959152329,1414481
2022-04-27,110.97005004607,112.60334693991,110.47028112224,111.56050120749,1068739
2022-04-28,107.97997608604,110.88485754034,107.91958903544,110.19030479673,1779636
2022-04-29,114.48063191699,116.12978803625,113.68055432739,113.99956874622,3229576
2022-05-02,113.72975859084,114.32976595219,112.02021542098,113.8401631985,1700593
2022-05-03,113.21982349688,114.30984025873,112.38965404368,113.17956546315,1196754
2022-05-04,112.35041262696,114.20045226808,110.94016150587,113.91030977243,1633837
2022-05-05,112.84021870405,113.89038407897,112.05030728458,112.79020114699,2196313
2022-05-06,110.73033175429,112.53015051494,110.16021293313,111.3498581623,2593765
2022-05-09,108.11050971057,108.76988750551,105.94023571021,106.25050722272,2211539.0000001
2022-05-10,107.44991197522,109.14522250688,106.23037820585,107.43994912848,1388242
2022-05-11,104.69955630697,107.12967761597,103.74983269298,103.81021974358,1758393
2022-05-12,104.49480964045,105.41017159938,103.08028872791,104.35024670114,2106522
2022-05-13,106.00041943741,106.89971884752,104.75974003416,106.03966085413,1484426
2022-05-16,103.20980573542,104.26993395707,102.16004700731,103.23989759902,1893249.0000001
2022-05-17,106.93001403453,106.95197296202,105.48052149672,106.3395628731,1181916
2022-05-18,104.63042635005,105.07997439341,103.11953014463,103.49994823107,992239.99999995
2022-05-19,103.19984288869,105.03971635967,103.06036303444,104.04993803536,2173562
2022-05-20,106.53048354823,108.21989770122,106.34972904323,107.75001731759,2295885
2022-05-23,107.96980991591,108.4295241294,107.27037741064,107.84029290839,823701.99999997
2022-05-24,108.48991118,108.97870064008,107.2903031041,107.97997608604,866694.00000004
2022-05-25,106.42007894057,106.82957227359,104.84005277823,105.24954611125,2237076
2022-05-26,105.99045659067,106.80944325673,105.21945424766,106.59961350515,947960.99999997
2022-05-27,105.70051741843,107.83033006166,105.5998723341,107.74005447086,912310
2022-05-31,111.50031748029,111.60950214754,109.7196111195,110.40013454831,2279483
2022-06-01,110.78970218788,111.03552018173,109.98962459827,110.32998797438,1986657
2022-06-02,111.50031748029,112.75990595999,110.45035542878,112.64950135232,1083607
2022-06-03,112.23004517257,112.93964384797,111.6818852789,112.40978306055,705227.99999998
2022-06-06,112.66963036919,112.83025585732,111.60950214754,112.1497324285,1411235
2022-06-07,114.21956466793,115.95005014827,114.19048942135,115.8697374042,1078303
2022-06-08,115.44011505431,116.78021960147,115.29961858305,115.960012995,1454074
2022-06-09,114.92001379022,115.25041431959,112.80016399372,112.81012684045,893612.00000002
2022-06-10,111.0105114032,112.37948787355,110.31982180425,111.49015131016,1037344.9999999
2022-06-13,108.88049543657,109.18934368527,107.36756599712,107.58044559975,1064322
2022-06-14,106.80944325673,106.92005118779,105.29976699172,106.12993644492,1323249
2022-06-15,105.95040188034,107.22015653017,104.59525140138,106.32980334977,1417247.9999999
2022-06-16,104.23984209347,106.16999115525,104.23984209347,105.6903512483,1285474
2022-06-17,105.76964737535,106.62990869215,104.88539389703,105.57974331723,1204088
2022-06-21,108.07025167684,108.65948289785,107.68983359039,107.88970049524,880666.00000004
2022-06-22,107.36959923115,108.74996181204,107.2602112405,107.33950736755,1687949
2022-06-23,107.03025247205,108.4598193164,107.03025247205,108.4295241294,2206447
2022-06-24,111.8103856694,112.19995330897,110.58088905331,112.1194372415,1435365.9999999
2022-06-27,112.67959321592,113.76981330117,112.08039914818,112.89043958452,992368.99999996
2022-06-28,109.24973073587,109.97051219842,108.22986054795,108.30000712188,1484775
2022-06-29,109.01977196742,111.21017498465,108.87032926644,110.07969686567,1162335
2022-06-30,109.56976177171,111.60950214754,108.96975441036,111.42996758296,1232161
2022-07-01,109.72957396623,111.84962708612,108.70970377831,111.63979733454,934579.99999996
2022-07-05,108.36039417248,111.24026684825,108.36039417248,111.24026684825,2518357.9999999
2022-07-06,109.259896906,111.07964136012,109.15030559195,110.49041013911,1607523
2022-07-07,109.69053587291,110.34991366785,109.48965235105,109.94042033482,1127000
2022-07-08,107.73009162413,109.56000224838,107.47004099208,109.02993813755,967049
2022-07-11,109.05006715442,110.40013454831,108.76988750551,109.53987323151,531713.99999999
2022-07-12,109.66024068591,109.79972054016,108.43969029953,108.83027455611,945163.99999996
2022-07-13,107.6296498632,110.70023989069,107.6296498632,110.1199548994,1219741
2022-07-14,107.95984706917,109.78975769342,107.63066648021,109.45041093433,902388.99999997
2022-07-15,112.87051389105,114.27974839513,112.3605787971,114.22952751466,1533787.0000001
2022-07-18,114.45054005339,115.72029470322,112.89043958452,112.9796985583,1633827.0000001
2022-07-19,114.99036368755,115.8396455406,114.2697855484,115.81951652374,972152.99999998
2022-07-20,114.33993212233,114.57497397584,112.86034772092,113.59027873659,866343.00000002
2022-07-21,113.7797761479,115.55946589169,113.56994639632,115.35980231024,765918.99999999
2022-07-22,114.68029549844,115.61985294229,114.15023138761,114.55972472064,577061.00000003
2022-07-25,115.55946589169,116.33941446443,114.7305163789,115.9301244548,689058.99999997
2022-07-26,115.960012995,117.24501690003,115.84981171074,116.8204776352,805755.00000002
2022-07-27,114.82994152282,117.20984195136,114.70144113232,116.92966230245,1026433
2022-07-28,114.74942545535,116.8204776352,113.21982349688,116.38963534489,769849.99999997
2022-07-29,117.14965822416,117.23993381496,115.77031226028,116.06045475593,1207986
2022-08-01,116.93982847258,117.41967170294,115.8697374042,116.08953000251,1186216
2022-08-02,116.63972313021,117.23993381496,114.46029957672,114.46029957672,895820.00000002
2022-08-03,113.89038407897,114.05995579682,99.370043275534,99.909866909688,6319551.0000004
2022-08-04,105.82962777914,106.90988501766,103.03006784744,104.46980086192,5118854.0000004
2022-08-05,104.14041694955,104.25976778694,102.11978897358,103.19984288869,2585539.0000001
2022-08-08,102.63989023767,103.70489822098,102.00043813619,102.41989431595,1556184.0000001
2022-08-09,104.81992376136,105.90018099988,104.00988332503,104.60013116305,2107815.9999999
2022-08-10,107.07945673551,108.91038397677,106.13989929165,107.51009570241,2274710
2022-08-11,109.56976177171,110.42006024178,107.92975520557,108.79001652238,1980357.9999999
2022-08-12,107.43997025813,107.8100387236,105.78002987797,107.50012917123,2218977
2022-08-15,106.69983332718,107.13998591365,105.85983665158,106.36987080378,1347324
2022-08-16,105.89994259366,106.23010767232,104.75003636569,105.32002687573,1866147
2022-08-17,105.64998939913,106.36987080378,104.75996157358,104.80999272353,1788000
2022-08-18,104.15006767673,104.21994924246,102.08015544429,102.76013346213,1878422
2022-08-19,104.40002087125,105.24994275474,103.70991509026,104.54991176586,1651438
2022-08-22,108.49994194933,109.02982651729,106.6400795246,107.54995776593,2369330
2022-08-23,106.62002655357,107.05005137688,105.9100703568,106.56999540361,1550056
2022-08-24,107.65002006584,110.37013469246,107.51997958701,110.01991664276,2554226
2022-08-25,109.8199945982,111.41005341263,109.49995728268,111.39992564948,1536267
2022-08-26,111.39000044159,111.80726428334,108.57995127821,108.68993878601,1336873
2022-08-29,108.01988597605,108.36990147049,107.27002639248,107.43997025813,1278533
2022-08-30,107.25989862933,107.50985182386,105.75005169905,106.03990828038,3587700
2022-08-31,107.05997658477,107.40999207921,106.06745579614,106.10006719348,6629946.0000001
2022-09-01,105.04009550229,105.4701203256,103.23998688014,104.53006135009,1869007
2022-09-02,103.73989326919,104.7401111578,101.60009947102,102.23997154678,3460299
2022-09-06,103.19988093807,104.3898931081,102.50086272551,103.59000237458,952384
2022-09-07,103.1099464013,105.02753707598,102.81988726471,104.83004569457,918693.99999997
2022-09-08,104.07998355574,105.75997690693,103.86000854014,105.68989278594,1088983
2022-09-09,107.63989230269,108.95001974368,107.21999524253,108.52992012825,1537131
2022-09-12,109.02982651729,110.27999760044,109.02010386467,109.33001341704,1077296
2022-09-13,108.09017265231,108.30001990476,105.85497532527,106.03990828038,931351.00000003
2022-09-14,105.72999872801,106.48512474842,104.05000537682,105.04009550229,1176968
2022-09-15,104.11988694255,104.59001770793,102.85999320678,103.21000870122,1049365
2022-09-16,101.3900496633,101.95011496545,100.0001154487,101.42002784222,1434913
2022-09-19,100.3300779721,101.29991257127,99.639972191113,101.24015876869,1204286
2022-09-20,98.799975515516,99.719981519992,98.639956857758,99.460103117583,1014364
2022-09-21,100.91991889791,101.16987209244,99.099959859996,99.219872575683,1471002
2022-09-22,98.780125099743,99.160118773103,97.870044303153,98.309994334356,1324063
2022-09-23,97.790034974274,98.580000499914,97.280000822079,97.930000660996,1639282
2022-09-26,95.510072934118,96.71001031204,95.019889197695,95.279970155368,1764775
2022-09-27,96.389972996524,97.000069448634,95.249991976446,95.899991815364,1644252
2022-09-28,97.309979001,99.599866249042,97.170013314278,99.360040817668,1378924
2022-09-29,100.39995953783,100.9150575716,99.609994012192,100.39003432995,1606464
2022-09-30,100.20003749327,100.71999685335,99.570090625384,99.630046983227,1099315
2022-10-03,101.60009947102,102.914075462,101.24015876869,102.55008365441,1368511
2022-10-04,104.15999288462,105.63013898336,103.90983713483,105.37998323357,1148825
2022-10-05,105.17985863374,106.43002971689,104.80999272353,106.02998307249,756263.99999999
2022-10-06,104.79986496039,106.11991760926,104.78001454461,105.81993326478,1084576
2022-10-07,105.05994591806,105.39497232303,103.31999620902,104.0599305847,1031300
2022-10-10,104.07005834785,104.15999288462,103.21000870122,103.85008333225,798582.99999999
2022-10-11,103.59000237458,105.61494733864,102.94992774355,104.3898931081,1110292
2022-10-12,104.64004885789,105.20011416004,103.86000854014,103.98012381109,766927.00000001
2022-10-13,101.53001535002,105.32995208362,101.45993122903,104.83004569457,913522.99999999
2022-10-14,104.86002387349,105.2298897837,103.64003352453,103.80005218229,980986.99999999
2022-10-17,105.02004253125,106.34009518012,104.96494749972,106.00000489357,949504.00000003
2022-10-18,107.25989862933,107.25989862933,106.14989578818,106.69983332718,832751.00000004
2022-10-19,106.29006403016,106.32996741697,104.21994924246,104.61007067897,649696
2022-10-20,104.2400022135,105.56998007025,103.72004285341,104.0599305847,988248.99999997
2022-10-21,101.53001535002,104.79885218407,100.89014327425,104.21994924246,1856028
2022-10-24,105.4701203256,107.38993910817,105.20011416004,106.54001722469,1763876
2022-10-25,107.86006987356,108.24006354692,107.03992361373,108.16997942592,1440806
2022-10-26,108.01016332343,109.28018482234,107.58986115274,107.8100387236,2311459
2022-10-27,107.71017897895,108.31987032053,106.61010134568,106.61010134568,1104170
2022-10-28,108.14486257331,109.07985766725,107.73002939472,108.95994495156,1389584
2022-10-31,108.05006671024,109.19004773032,108.03993894709,108.84003223588,1484617
2022-11-01,108.4300603836,109.11996360932,105.93984598046,106.43002971689,1327863
2022-11-02,111.57999727827,116.24443987428,111.38007523371,113.23001245054,2195885
2022-11-03,111.63002842823,114.80994350183,111.42949871787,113.87008708158,2289441
2022-11-04,113.58002794498,113.71006842382,110.82993513944,112.41006874598,1517394
2022-11-07,113.42993449511,115.50004928281,113.09794641908,115.04997148846,1232536
2022-11-08,114.47005577054,115.79983107203,114.06008391826,114.8500494439,2055737
2022-11-09,114.55006509942,115.58005861169,113.66003727386,114.17007142606,1186341
2022-11-10,116.50006461617,116.69998666074,114.25008075494,115.54015522489,1284449
2022-11-11,112.74995647727,112.79006241934,109.70008188251,111.47000977047,1601201
2022-11-14,114.9600369517,115.59990902747,113.7199936317,114.42994982847,1403635
2022-11-15,113.74997181063,114.17513530763,111.90003459379,113.63998430283,1431058
2022-11-16,113.30009657154,114.18992184183,112.55995964059,113.36997813727,902176.00000003
2022-11-17,112.03007507262,113.11009973486,111.95492707006,112.90997513503,801963.99999998
2022-11-18,112.14998778831,113.87008708158,112.14006258042,113.439859703,1003593
2022-11-21,113.2198846874,114.09006209718,112.93002810606,113.41008407934,1028201
2022-11-22,113.74004660274,115.49012407493,113.74004660274,115.37993401186,714312
2022-11-23,117.27990237866,117.87987106762,116.60984956871,117.82983991766,1047511
2022-11-25,118.37998001193,119.09013876396,118.18998317525,118.78995186421,510455.99999999
2022-11-28,120.00001700528,121.87507107473,119.54001400304,121.22993256213,1855701
2022-11-29,121.19002917532,122.51008182419,121.13999802536,121.34984527781,2443978
2022-11-30,123.90001603879,124.5998444724,122.31988243225,124.5998444724,1291922
2022-12-01,126.16012766317,126.41230896559,125.15990977455,126.12994692899,988260.99999999
2022-12-02,125.43011849538,127.07993111239,125.36995958227,126.90006203886,837538
2022-12-05,127.1799934123,127.78988730915,126.62013066541,127.07993111239,994636
2022-12-06,125.99990645015,126.58002472334,124.87005319322,125.78985664244,1225027
2022-12-07,125.83988779239,126.58002472334,124.82002204327,125.23991910343,900090.00000001
2022-12-08,126.50001539446,127.93005555113,126.29989079463,127.78988730915,895000.00000002
2022-12-09,130.3100798912,130.85009222232,128.88996494242,128.91001791345,1843008
2022-12-12,129.53996478134,129.94001142573,128.91001791345,129.80997094689,963518.99999998
2022-12-13,132.17986752381,133.46001678588,131.97994547925,132.83999512588,1541094
2022-12-14,133.67006659359,135.19004128703,132.8098143917,134.71991052164,2061176
2022-12-15,134.45982956397,134.48008509027,132.55013854455,133.67999180148,1611077
2022-12-16,132.21997346589,133.65993883044,131.89993615037,133.18008541243,2085314
2022-12-19,130.75002992241,131.0564960353,129.79012053112,130.60986168042,1844082
2022-12-20,131.87988317933,132.58011672347,131.19990516149,132.18999528696,1425761
2022-12-21,131.9900732424,132.98988602049,131.53007024016,132.48997963144,1763597
2022-12-22,132.58011672347,133.62996065152,132.20012305011,133.62003544364,1279700
2022-12-23,133.56007908579,134.00002911699,132.92000445476,134.00002911699,1225296
2022-12-27,133.89004160919,133.99010390911,132.89995148373,133.24996697816,1148884
2022-12-28,132.94998263368,134.11994183268,132.78003876804,133.54995132264,1104990
2022-12-29,134.33991684828,135.3899633316,134.07011323799,135.19996649492,1333523
2022-12-30,135.26984806065,135.85989154172,134.10009141691,135.3401347369,984345.00000003
