Date,Open,High,Low,Close,Volume
2012-01-03,409.87117169792,412.49299142689,409.01716958088,411.24687938841,10791938.011744
2012-01-04,410.100456313,414.6562419257,409.27968385032,413.44003657614,9290704.0699096
2012-01-05,414.91211026427,418.55740334751,412.65249376782,418.05895853211,9677902.2291436
2012-01-06,419.79354648968,422.80415317466,419.23196533101,422.45191883845,11368473.680539
2012-01-09,425.45920255799,427.715496089,421.39521582981,421.78732575126,14065177.474999
2012-01-10,425.85463544487,425.92109475359,421.52481148182,423.30259799005,9221244.4247678
2012-01-11,422.71111014245,422.87061248338,419.33165429409,422.61142117937,7682628.661667
2012-01-12,422.31900022101,422.9370717921,418.75013534279,421.42512251874,7592653.3652752
2012-01-13,419.72708718096,420.451493646,418.65044637971,419.82677614404,8073631.0434377
2012-01-17,424.17986086514,425.92109475359,423.00353110082,424.61184637182,8671317.8801739
2012-01-18,426.90136955719,429.4899596318,426.24674536631,429.09120377949,9875185.1719352
2012-01-19,430.17449051161,431.35082027594,426.47270701595,427.715496089,9338902.6452746
2012-01-20,427.46295071587,427.49285740479,419.76031683532,420.321897994,14767746.805013
2012-01-23,422.67788048809,428.44322551948,422.35222987537,427.39649140715,10918304.327643
2012-01-24,425.06709263654,425.06709263654,419.5642618746,420.41826399164,19409470.710145
2012-01-25,454.41220040147,454.44543005583,443.73218949031,446.64643017764,34215947.620084
2012-01-26,448.44747744393,448.77645102209,443.14070164271,444.65265091607,11571579.163581
2012-01-27,444.26054099462,448.51061378721,443.79864879903,447.2711476796,10704051.692844
2012-01-30,445.76252137168,453.92040151695,445.40364110459,452.96671043683,13532350.205464
2012-01-31,455.78126216108,458.23693361825,453.03316974555,456.50566862612,13995565.2252
2012-02-01,458.43298857897,458.99456973765,455.55530051144,456.20992470232,9626773.2290759
2012-02-02,455.91418077852,457.19352247136,453.98686082566,455.1266379702,6668067.4316521
2012-02-03,457.29321143444,459.98481343756,455.5885301658,459.6558398594,10239898.956462
2012-02-06,458.36985223569,464.99252234955,458.20370396389,463.96904899527,8913423.8892509
2012-02-07,465.28162034248,469.74103995753,464.59376649723,468.8139326009,11281528.689516
2012-02-08,470.44883159539,476.77908075088,469.67458064881,476.6793917878,14551305.402338
2012-02-09,480.70350293075,496.78665564077,480.50412500459,493.15133145384,31542026.698771
2012-02-10,490.99140392046,497.63401182694,488.5922228757,493.41384572328,22531865.540898
2012-02-13,499.76403267139,503.7947897452,497.10898328806,502.61513701544,18461804.45821
2012-02-14,504.47599765957,509.55348884571,501.99041951348,509.45379988263,16463944.706747
2012-02-15,514.23554714497,526.25803609226,496.94948094713,497.69714817022,53740911.376243
2012-02-16,491.47987983955,504.87475351189,486.63499623393,502.1864744742,33719760.033491
2012-02-17,503.13684258888,507.78899419922,500.34887458811,502.08678551112,19120264.030592
2012-02-21,507.06458773418,514.82703499257,504.08721070356,514.82703499257,21591409.445212
2012-02-22,513.06254034608,515.48498214889,509.06833589206,513.02931069172,17246795.130604
2012-02-23,515.05964257309,517.84096464298,509.48702953699,516.36889095486,20279032.177362
2012-02-24,519.51573922271,522.94503955261,518.62518448587,522.4632095644,14826080.213451
2012-02-27,521.1506382172,528.48774589979,516.26920199178,525.82937355102,19528245.403294
2012-02-28,527.92284177567,535.39619104114,525.89583285974,535.39619104114,21410361.609598
2012-02-29,541.32436137888,547.64464163807,535.65205937971,542.47078445429,33979256.112104
2012-03-01,548.04007452495,548.23280652023,538.73244833884,544.49779337022,24387426.279894
2012-03-02,544.49779337022,546.78731655559,542.56715045193,545.25875245505,15385339.115121
2012-03-05,545.52126672449,547.48513929714,526.02875147718,533.13657454469,28865409.270326
2012-03-06,523.96518994145,533.62505046377,516.20274268306,530.21901089192,28902549.951557
2012-03-07,536.47283184239,537.75217353523,523.37702505929,530.67758012208,23387817.868667
2012-03-08,534.93762181097,543.02239671665,532.12307008672,541.97233963889,18415786.555542
2012-03-09,544.46456371586,547.77756025551,543.15531533409,545.25875245505,14946847.8855
2012-03-12,548.97715077789,551.99440339373,546.98669448175,551.99440339373,14545719.879299
2012-03-13,557.50055712111,568.23705844468,555.66628020046,568.13736948161,24673230.4865
2012-03-14,577.92682565593,594.73438483099,575.40469489004,589.59375730157,50672810.760545
2012-03-15,599.61582105641,600.00793097785,578.5249594344,585.55967726232,41416808.796998
2012-03-16,584.68573735266,589.23487703449,577.92682565593,585.55967726232,29481704.275336
2012-03-19,598.36970901793,601.77907155522,589.10195841705,601.0845717791,32186967.773635
2012-03-20,599.41976609569,606.91305315377,581.99413534954,605.96600800452,29166720.048093
2012-03-21,602.75934635882,609.66446853474,601.3803157029,602.53006174374,23001482.011511
2012-03-22,597.81145082469,604.46070466203,595.51860467388,599.32007713261,22290412.051398
2012-03-23,600.46317724258,601.81230120958,594.37550456391,596.07686286712,15373894.93951
2012-03-26,599.74541670841,607.14233776885,595.25609040444,606.94628280813,21264630.512079
2012-03-27,606.15873999981,616.28381568316,606.0291443478,614.47944545144,21657924.070254
2012-03-28,618.37396094238,621.45434990151,610.3257386565,617.62297075385,23390671.675058
2012-03-29,612.81463976803,616.5463299526,607.20879707757,609.8638464609,21685655.836285
2012-03-30,608.78055972878,610.5849299605,597.97095316561,599.51613209333,26087929.28208
2012-04-02,601.77907155522,618.80262348362,600.3634882795,618.67302783162,21346443.520742
2012-04-03,627.31606093054,632.19749715595,622.50772994471,629.30984019211,29769629.659587
2012-04-04,624.33536093448,625.88386282764,617.00157621733,624.30213128012,20442326.71366
2012-04-05,626.98708735238,634.68307530205,623.35176316544,633.310690577,18143293.230694
2012-04-09,626.13640820077,639.89348510563,625.2890520146,636.22825422977,19471595.671713
2012-04-10,639.95994441435,643.95414886836,625.97358289441,628.46912993681,31738824.713257
2012-04-11,636.19502457541,636.87623248978,623.32185647652,626.20286750949,24863235.682813
2012-04-12,624.9933080908,631.31358834999,620.4740750979,622.77024421415,21924122.174642
2012-04-13,624.07616963048,624.697564167,603.50701358191,605.18178816164,30692078.857172
2012-04-16,610.06322438705,610.29250900214,578.15943323645,580.09339912017,37508697.156871
2012-04-17,578.88383970149,609.99676507834,571.90893525141,609.6976981891,36613799.494733
2012-04-18,613.69522560855,620.24479048282,602.72611670447,608.35854311841,34062962.550032
2012-04-19,600.1973400077,604.72321893147,584.55281873522,587.46041349169,29789321.287821
2012-04-20,591.39480456786,594.60146621355,570.42689266698,572.98225308723,36807534.642573
2012-04-23,570.59304093878,576.66077582483,556.55018900643,571.71288029069,34505047.407161
2012-04-24,562.65115354684,567.72199880211,554.97842635522,560.25529546752,38265741.714957
2012-04-25,615.62254556141,617.98849695181,605.96600800452,609.99676507834,32323872.537999
2012-04-26,614.28671345615,614.6788233776,602.17118147666,607.70724189296,19129845.953912
2012-04-27,605.0488695442,606.15873999981,600.4930839315,603.01189173196,14526272.460647
2012-04-30,597.84468047905,598.43616832665,583.00431684207,583.96133088762,18062511.168655
2012-05-01,584.90837603687,596.7680396778,581.20659254122,582.12705396698,21812939.976958
2012-05-02,580.18976511782,587.42718383733,578.81738039277,585.98833980356,15354087.420813
2012-05-03,590.54080245082,591.42803422222,580.25622442653,581.80140335425,14283090.725665
2012-05-04,577.05620871171,578.29235185388,565.20651396709,565.26965031038,18980877.507041
2012-05-07,561.48811564426,572.75961440302,561.22892434025,569.51972310296,16548056.475402
2012-05-08,569.58618241168,571.51350236454,558.70679357436,568.23705844468,17925843.57197
2012-05-09,563.71450248635,573.97581975258,560.83681441881,569.1907495248,17162457.629838
2012-05-10,574.5972142891,575.89981674,568.4696660252,570.52658163006,12169846.746652
2012-05-11,565.04036569529,574.46429567166,564.40900226246,566.7317551022,14232918.250744
2012-05-14,562.58469423812,567.52594384139,557.56701642983,558.18841096635,12762788.273723
2012-05-15,561.4548859899,563.2293495327,551.76179581322,553.18070205437,17000461.722756
2012-05-16,554.05796492946,556.84593293023,541.06184710944,546.09946271035,20224712.473025
2012-05-17,545.38834810705,547.51504598607,530.11932192884,530.11932192884,22023698.563978
2012-05-18,533.91747142214,543.45105925789,522.20069529496,530.38183619828,26142671.500591
2012-05-21,534.47905258081,561.52134529862,534.01716038521,561.29206068354,22848593.210892
2012-05-22,569.58618241168,573.8761307895,552.59253717221,556.91239223895,24799853.681387
2012-05-23,557.46732746675,572.8227507463,553.21393170873,570.55981128442,20997527.854195
2012-05-24,575.89981674,576.49462755303,561.22892434025,565.33610961909,15324960.786226
2012-05-25,564.64160984298,565.87443001972,558.44760227036,562.31885700325,11715850.721392
2012-05-29,570.89210782801,574.00904940694,565.33610961909,572.30436813829,13581797.364384
2012-05-30,569.1907495248,579.96380346817,566.56892979583,579.14967693636,18898740.661124
2012-05-31,580.7147936567,581.50565943045,571.48691864105,577.67095731736,17562386.345803
2012-06-01,569.15751987044,572.66324840538,560.51448677152,560.99963972517,18597457.990782
2012-06-04,561.48811564426,567.52594384139,548.45876816988,564.30931329938,19881885.976044
2012-06-05,561.26215399461,566.46924083276,558.284776964,562.87379223105,13854869.900795
2012-06-06,567.81504183432,573.84290113514,565.52551864894,571.48691864105,13145852.71557
2012-06-07,577.27884739592,577.31207705028,570.52658163006,571.74278697962,13559744.893057
2012-06-08,571.64642098197,580.55196835033,568.99137159865,580.28945408089,12400416.523789
2012-06-11,587.72292776113,588.51379353488,570.59304093878,571.19117471725,21105161.053183
2012-06-12,574.46429567166,576.62754617047,566.69852544784,576.16565397487,15550795.696177
2012-06-13,574.53075498038,578.42527047132,570.40030894349,572.17144952086,10489289.212236
2012-06-14,571.25763402597,573.5438342459,567.26342957195,571.5467320189,12345611.740678
2012-06-15,570.99179679109,574.63044394346,569.58618241168,574.10541540458,11959682.95968
2012-06-18,570.95856713673,587.88575306749,570.40030894349,585.75905518848,15712572.220899
2012-06-19,583.39974972895,590.0124509465,583.07077615079,587.42718383733,12898604.823338
2012-06-20,588.21472664565,589.30133634321,580.74802331106,585.72582553412,12822670.840616
2012-06-21,585.43008161032,588.24795630001,577.41176601336,577.60449800864,11656004.206635
2012-06-22,578.98352866456,582.16028362134,575.4379245444,582.09382431262,10164044.481037
2012-06-25,577.27884739592,579.77107147289,570.40030894349,570.75918921057,10212610.890502
2012-06-26,571.35400002361,574.49752532602,567.35979556959,572.04185386885,9878284.4819336
2012-06-27,575.0225538649,576.72391216811,571.94216490577,574.49752532602,7248356.8259189
2012-06-28,571.67965063633,574.00904940694,565.61856168115,569.05783090736,10104944.287615
2012-06-29,577.92682565593,583.99456054198,574.23501105658,583.99456054198,15038783.930544
2012-07-02,584.71564404159,593.45836610359,583.63235730947,592.57113433219,14280761.78179
2012-07-03,594.89388717192,599.97470132349,594.01330133139,599.38653644133,8632595.8102397
2012-07-05,600.55954324022,614.35317276487,599.64905071077,609.93030576962,17290294.499702
2012-07-06,607.07587846013,608.45823208149,601.57969362906,605.86631904144,14962730.807251
2012-07-09,605.24492450492,613.89460353471,604.06859474059,613.86137388035,13541127.636515
2012-07-10,617.95526729745,619.88591021574,605.27815415928,608.19239484661,18252651.63571
2012-07-11,606.09560365652,607.6740122386,597.22328594252,604.39424535331,16749842.504455
2012-07-12,600.23056966206,603.4405542732,592.70405294962,598.89473755681,15275373.421212
2012-07-13,602.95540131955,607.17556742321,599.97470132349,604.9192738922,11125372.385756
2012-07-16,605.08209919856,611.59843441847,604.98241023548,606.91305315377,10760899.530608
2012-07-17,610.85076719538,611.50206842082,603.1448103494,606.94628280813,10488411.953638
2012-07-18,606.58740254105,608.35854311841,603.54024323627,606.22519930853,9012197.953058
2012-07-19,611.30269049467,615.3633542574,605.96600800452,614.35317276487,15585225.936938
2012-07-20,613.0339554868,614.44953876252,603.70639150807,604.26797266675,14187765.599327
2012-07-23,594.37550456391,605.8995486958,587.72292776113,603.83598716007,17411921.97606
2012-07-24,607.37494534937,609.6976981891,598.53253432429,600.92174647274,20069171.402869
2012-07-25,574.46429567166,580.74802331106,570.04475164184,574.98932421055,31323797.766218
2012-07-26,579.73784181853,580.35591338961,570.37040225457,574.88963524747,14523726.421525
2012-07-27,575.0225538649,585.82219153176,571.64642098197,585.16424437544,14426791.106907
2012-07-30,590.96946499205,599.41976609569,587.82261672421,595.02680578936,13534726.396294
2012-07-31,603.20794669268,611.69480041611,602.72611670447,610.81753754102,16501393.305716
2012-08-01,615.91828948521,616.4167343006,602.98530800847,606.81668715613,13725880.506153
2012-08-02,602.82580566754,610.7510782323,600.23056966206,607.77370120168,11863471.456382
2012-08-03,613.62876629983,617.98849695181,611.56852772954,615.68568190469,12307547.546982
2012-08-06,617.30064310657,624.86038947336,615.26366529432,622.57418925343,10790929.635321
2012-08-07,622.77024421415,624.9933080908,618.02172660617,620.86286205391,10373116.472122
2012-08-08,619.42734098558,623.8468850154,617.13449483477,619.88591021574,8720109.3897832
2012-08-09,617.82144980653,621.69931562474,617.75858338115,620.68683530019,7917766.5325688
2012-08-10,618.70157976186,621.73240321704,618.70157976186,621.69931562474,6963396.3049496
2012-08-13,623.39340035078,629.98113997881,623.26435874079,629.98113997881,9945659.4472427
2012-08-14,631.87375025869,638.65339792209,630.21275312495,631.71492981562,12141045.630959
2012-08-15,631.28479111565,633.98804740701,627.70140486896,630.8678874526,9192036.8575497
2012-08-16,631.21861593104,636.76078764221,630.50392393724,636.37035405301,9093912.7640822
2012-08-17,639.96366657739,648.17931574685,638.81552712439,648.08005296994,15805266.37209
2012-08-20,650.00575084212,665.10692797036,649.90979682443,665.10692797036,21897417.385638
2012-08-21,670.84100771691,674.94717792203,650.33662676517,656.06739775249,28970361.945611
2012-08-22,654.47588456259,668.98148502934,648.08005296994,668.85244341935,20176238.205415
2012-08-23,666.07970318414,669.89470257697,661.09009426447,662.59227095514,14996931.460531
2012-08-24,659.52835990765,669.47449015469,655.54461379406,663.17461257972,15442671.418392
2012-08-27,679.94009560093,680.88309198164,673.61043919288,675.76113269274,15237055.399639
2012-08-28,675.04313193971,676.18796263348,670.67556975538,674.85122390434,9536638.4500353
2012-08-29,675.334302752,677.65043421339,672.62773770141,673.51117641597,7233732.4151569
2012-08-30,670.67556975538,671.55900846994,662.82057534205,663.82974690737,10803280.356554
2012-08-31,667.25762147022,668.59105144013,657.2817123901,665.20619074728,12078256.353915
2012-09-04,665.68596083571,675.20856990124,664.48488123502,675.01004434741,13127908.249988
2012-09-05,675.66186991583,676.41957577962,669.60353176468,670.25204857387,12003513.744142
2012-09-06,673.22000560368,678.27248094873,670.8079201246,676.32031300271,13972276.034202
2012-09-07,678.04417656182,682.45144385692,675.85708671043,680.42648320782,11765424.16279
2012-09-10,680.42648320782,683.2290022761,662.03639940441,662.72462132436,17412591.634953
2012-09-11,665.07384037806,670.08991937157,656.52731528554,660.59378037989,17987756.331867
2012-09-12,666.83079152948,669.89470257697,656.00122256788,669.79874855929,25422429.538925
2012-09-13,677.42874734494,685.44587096057,674.81813631203,682.90474387151,21356079.326507
2012-09-14,689.97887110643,697.01991074904,687.85464768041,691.28913976173,21434371.635481
2012-09-17,699.36912980274,699.82904733578,694.64091286228,699.79595974348,14215300.547009
2012-09-18,699.89522252039,702.343704351,696.473965476,701.94665324334,13326173.990796
2012-09-19,700.2856561096,703.93852630013,699.60074294888,702.11209120487,11665521.577873
2012-09-20,699.17722176736,700.09374807423,693.63835881542,698.75370058585,12008881.103555
2012-09-21,702.40987953561,705.01387305006,699.36912980274,700.12683566653,20397482.318084
2012-09-24,686.82231480048,695.20009317224,682.93783146381,690.82922222868,22830545.662695
2012-09-25,688.25169878808,692.78469893394,673.05456764215,673.61043919288,18518861.008137
2012-09-26,668.72340180936,672.72700047832,661.12318185678,665.14001556267,20591342.479947
2012-09-27,664.28635568118,682.19005187771,660.37209351144,681.33970075545,21203219.911615
2012-09-28,678.73239848178,681.11470512778,666.73152875256,667.09549226792,19101432.136976
2012-10-01,671.16857488073,676.81662688729,656.52731528554,659.39931829766,19402031.132157
2012-10-02,661.74522859212,666.30800757105,650.65757641054,661.255532226,22419707.972406
2012-10-03,664.84553599115,671.88657563376,662.59227095514,671.49283328533,15142920.142795
2012-10-04,671.26783765765,674.3052786313,665.48743528187,666.79770393717,13233356.629785
2012-10-05,665.17310315497,665.95066157415,651.30940197896,652.61636187502,21203115.884705
2012-10-08,646.87235585078,647.56388652997,636.11227083303,638.20671542597,22776282.361109
2012-10-09,638.6864855144,640.45005418428,623.52575072,635.85749637227,29937305.345559
2012-10-10,639.70227459818,644.95327549706,637.02548838066,640.87357536579,18213274.796042
2012-10-11,646.44883466927,647.20323177384,628.09183845817,628.09183845817,19492615.752891
2012-10-12,629.56092755653,635.36780000615,625.32571574142,629.7197479996,16423425.252045
2012-10-15,632.39322545788,635.10640802694,623.85331788383,634.77553210388,15435454.634596
2012-10-16,635.36780000615,650.33662676517,631.02670789567,649.81053404752,19627726.460214
2012-10-17,648.89731649988,652.81157866963,644.00035283866,644.59262074093,13896083.303806
2012-10-18,639.53683663665,642.04818489264,629.98113997881,632.65792619633,17015341.48515
2012-10-19,631.09288308028,631.81088383331,609.63557947014,609.86719261628,26566427.40527
2012-10-22,612.43809853842,635.36780000615,610.74070505315,634.05422259162,19512182.785573
2012-10-23,631.02670789567,633.89540214856,611.72671530385,613.35131608605,25239357.016027
2012-10-24,621.40814481245,626.55326541596,610.64475103546,616.84205707429,19932296.672121
2012-10-25,619.97876082485,621.99379519626,605.5261005058,609.53631669323,23383256.111709
2012-10-26,609.43705391631,614.00975917293,590.95432485444,603.99414498205,36364222.603134
2012-10-31,594.8917483388,601.94271425911,587.7547546785,595.35497463108,18214353.327223
2012-11-01,598.22366888396,602.95188582443,594.18367386346,596.49318780639,12908848.853551
2012-11-02,595.91084618181,596.92001774713,574.75133090242,576.76967403306,21406150.724411
2012-11-05,583.51623410416,587.82092986311,577.55054121147,584.62466844639,18900106.366927
2012-11-06,590.23632410141,590.7227117083,580.09497705977,582.86109977651,13384028.638614
2012-11-07,573.78830397098,574.53597739973,555.73874278365,558.01470022534,28308233.67178
2012-11-08,560.63979151481,562.2372435542,535.25512580847,537.79128677822,37690005.8912
2012-11-09,540.49213352523,554.83297100874,533.70049207117,547.03674631341,33206887.693024
2012-11-12,554.11823473545,554.44431257442,538.70035226868,542.85702128664,18415969.493671
2012-11-13,538.9572620812,550.42268589381,536.39475138709,542.92289559754,19036718.970056
2012-11-14,545.52163716265,547.46492933428,536.20042216992,536.88222128777,17030853.038566
2012-11-15,537.53108325016,539.54024973269,522.60396439962,525.61442040787,28195047.121548
2012-11-16,525.19941224918,530.00164951398,505.72037851526,527.69604863239,45246099.445416
2012-11-19,540.77868677766,567.52695071968,539.93220188256,565.70223230768,29378493.520178
2012-11-20,571.91088611026,571.94382326571,554.53983032523,560.92634476724,22947995.163604
2012-11-21,564.24641003673,567.39849581342,556.57864024766,561.71024906698,13323561.582252
2012-11-23,567.20087288072,571.97676042116,562.66213285952,571.48599680493,9743797.683872
2012-11-26,575.86334476442,589.9835033064,573.65984906472,589.53226427672,22484552.744524
2012-11-27,589.53226427672,590.40839261172,580.07930066219,584.81895733163,19034513.8616
2012-11-28,577.25988015555,585.80048456408,572.23037651813,582.93824575536,18604660.712292
2012-11-29,590.21406339456,594.20604663526,585.30972094786,589.33464134401,18370468.934213
2012-11-30,586.25501730931,588.36628897374,582.6780422273,585.34265810331,13963240.41035
2012-12-03,593.62305898377,594.56506162968,585.50734388057,586.18914299841,13000816.832308
2012-12-04,581.77885788348,581.81179503893,572.10850904296,575.83040760897,19910886.292809
2012-12-05,568.92348611082,569.24627023424,538.8255134594,538.8255134594,37279243.006106
2012-12-06,528.89496109082,553.27504355589,518.67126803873,547.23436924612,42025890.822461
2012-12-07,553.3705613067,555.15904884771,530.00164951398,533.20972845494,28118233.566603
2012-12-10,525.00508303202,538.53566649142,521.5302131319,529.80732029682,22508576.49488
2012-12-11,539.80045326076,549.57290728316,537.3663974729,541.42096130896,21117747.828218
2012-12-12,547.79430088879,548.01827354586,536.29923363628,539.05607354756,17387870.116661
2012-12-13,531.13468766151,537.66283187196,525.77581246958,529.67557167502,22319165.572336
2012-12-14,514.74515910893,518.15415469814,505.58862989346,509.77494235132,36041263.027529
2012-12-17,508.90540144741,520.00522283451,501.20798821843,518.89853441134,27077269.417447
2012-12-18,525.00508303202,534.8994045296,520.26213264703,533.86188413288,22324195.393452
2012-12-19,531.46076550048,533.66755491572,525.48596550161,526.33574411225,16037416.035533
2012-12-20,530.00164951398,530.19597873115,518.96440872224,521.69160519361,16952385.242407
2012-12-21,512.53507597814,519.67914499554,510.1965379411,519.35306715657,21299022.741555
2012-12-24,520.39388126883,524.25411588773,518.77007950508,520.19955205167,6276710.6985146
2012-12-26,519.0632201886,519.48152206283,511.1088971471,512.99290243892,10792319.225176
2012-12-27,513.54295293495,516.26685569078,504.6499209631,515.07453066344,16242628.595858
2012-12-28,510.262412252,514.45201842541,508.08855999221,509.58390684971,12644796.4098
2012-12-31,510.06478931929,535.38687443028,509.00091919822,532.14585833387,23535934.065269
2013-01-02,553.78886318094,554.96471963055,541.61858424167,549.04920651149,20008488.740742
2013-01-03,547.56374080063,549.70465590497,541.03230287463,542.10605414235,12595416.219625
2013-01-04,536.98103275412,538.66741511323,525.80874962503,527.04389295446,21213358.634824
2013-01-07,522.01438931704,529.25068236969,515.23262900961,523.86875116895,17276730.009088
2013-01-08,529.18480805879,531.88236109026,521.26671588829,525.29492999999,16363220.521469
2013-01-09,522.66983871052,525.00508303202,516.00335844717,517.11334058588,14549356.871698
2013-01-10,528.50959637204,528.67098843375,515.55870684858,523.44056814808,21452064.160309
2013-01-11,521.20084157739,525.32786715544,519.0632201886,520.32800695793,12519432.365959
2013-01-14,502.70004136038,507.46604775418,498.51372890251,501.76133243001,26203632.984498
2013-01-15,498.31610596981,498.96826164774,483.38569340372,485.88232978693,31272054.64121
2013-01-16,494.65349428362,509.42251478799,492.54222261919,506.07939350968,24654755.575355
2013-01-17,510.29534940745,510.75317586823,502.01824224253,502.70004136038,16172895.28196
2013-01-18,498.51372890251,502.24550861515,496.40575095363,500.00578204446,16892115.31403
2013-01-22,504.55440321229,507.8250627486,496.66595448169,504.77837586936,16451478.871656
2013-01-23,508.80658998105,515.00865635254,504.77837586936,513.99419196464,30634600.868645
2013-01-24,460.016781611,465.70502835744,450.21468414868,450.50453111665,52147093.228436
2013-01-25,451.70344357508,456.21583387192,434.99113089908,439.89217963024,43128359.281027
2013-01-28,437.8533697078,453.23502130357,435.86725923408,449.82602571436,28027846.586938
2013-01-29,458.49837874469,460.24404798361,452.12833288041,458.23817521663,20386155.750219
2013-01-30,456.96021358512,462.64516661601,454.49322064181,456.83175867886,14892176.063133
2013-01-31,456.92727642966,459.26581446671,454.95434081813,455.47804158981,11398774.9657
2013-02-01,459.104422405,459.49637455487,448.33067885687,453.6236797379,19260743.264166
2013-02-04,453.91023299032,455.93586805058,442.02980101903,442.32623541809,17031037.086032
2013-02-05,444.05214236374,459.72693464303,442.26036110719,457.8132859113,20466470.51826
2013-02-06,456.43980652898,466.43952692401,452.61909649663,457.32252229508,21184670.638333
2013-02-07,463.26203843959,470.00777816664,454.12254349872,468.20018189026,25090622.460771
2013-02-08,473.97008159855,478.80998612116,468.22965356868,474.97866792667,22601229.347268
2013-02-11,476.45552647856,484.8811518755,473.25621205462,479.97902936512,18468328.337433
2013-02-12,479.52385566509,482.36623531707,467.74828282117,467.91201436794,21716475.475121
2013-02-13,467.22761650243,473.61314682658,463.22929213024,467.03441327724,16962411.824339
2013-02-14,464.51294745694,471.64509363437,463.99555576913,466.60871125563,12691975.987259
2013-02-15,468.8682066011,470.16823508248,459.96448508758,460.19043462213,13992619.01664
2013-02-19,461.09423276032,462.74464675179,453.86057302388,460.02997770629,15557165.770449
2013-02-20,457.70498974211,457.70498974211,448.83073990702,448.86348621637,17000847.239651
2013-02-21,445.98836025504,449.18440004805,442.79559509296,446.05385287375,15955772.094559
2013-02-22,449.28263897611,451.60435230935,446.57124456155,450.8053423611,11800677.285963
2013-02-25,453.86057302388,455.09510888655,442.56964555842,442.76284878361,13289161.116986
2013-02-26,443.8336530995,451.53885969064,437.67079767897,448.99119682285,17893103.392356
2013-02-27,448.4410588257,452.4492070907,440.6015923662,444.54097338156,20970268.025134
2013-02-28,444.02358169376,447.86144915012,441.4137008382,441.4137008382,11514160.998024
2013-03-01,438.02773245093,438.21766104519,429.98523887344,430.46660962095,19715556.187074
2013-03-04,427.79123614668,428.21038890642,418.97920429936,419.98124136561,20782596.402862
2013-03-05,421.46464917937,435.21809910831,420.72130795702,431.11498654617,22788498.54251
2013-03-06,434.53042661186,435.31633803637,424.43473943784,425.62997972928,16432347.479926
2013-03-07,424.5329783659,431.98931300594,421.04877105057,430.56157391808,16719742.218004
2013-03-08,429.79203564825,435.47679495221,428.59679535681,431.69787085269,13982637.342172
2013-03-11,429.69707135112,439.01994562438,425.1420597199,437.86400090416,16936905.072083
2013-03-12,435.63397723711,438.89223501789,427.56528661214,428.43306381003,16639635.419659
2013-03-13,428.43306381003,434.50095493344,425.33526294509,428.33482488197,14493399.725159
2013-03-14,432.82761852542,434.62866553992,430.4338633116,432.50343006281,10852680.347931
2013-03-15,437.92949352287,444.1840386096,437.27784196671,443.66992155273,22998539.036708
2013-03-18,441.44644714755,457.4823148385,441.21722298207,455.71073950242,21649867.785797
2013-03-19,459.54205769691,460.96979678477,448.50655144441,454.4434573304,18813332.010295
2013-03-20,457.44956852915,457.67224343276,449.57408112937,452.05625137844,11023594.81464
2013-03-21,450.25520436394,457.99970652631,450.12749375746,452.7079029346,13687630.418021
2013-03-22,454.54169625846,462.09299519563,453.09758401592,461.8965173395,14110870.174597
2013-03-25,464.67667900371,469.94228554793,461.77208136396,463.54365670004,17897630.284177
2013-03-26,465.42329485699,465.8391729858,460.55064402503,461.15972537902,10510487.831558
2013-03-27,456.44425683196,456.80119160393,450.73984974239,452.05625137844,11836042.034627
2013-03-28,449.86552328262,451.82702721296,441.60362943245,442.63513817712,15820801.678439
2013-04-01,442.15049279868,443.70266786208,427.72574352797,428.92098381942,13908577.72911
2013-04-02,427.59803292149,438.18491473583,426.40279263005,429.79203564825,18915532.596131
2013-04-03,431.37368239008,437.31058827607,430.2766810267,431.95656669659,12965117.210691
2013-04-04,433.76088834203,435.02162125218,425.24029864796,427.69299721862,12802835.350392
2013-04-05,424.5329783659,424.94558186377,419.62758122458,423.21002746797,13679454.656988
2013-04-08,424.88336387599,427.49979399343,422.49288329311,426.24233571421,10747722.321585
2013-04-09,426.37004632069,428.49855642874,422.75157913701,426.98567693656,10952509.338264
2013-04-10,428.21038890642,437.08136411058,426.01638617966,435.73221616517,13420112.484774
2013-04-11,433.76088834203,438.02773245093,431.17720453395,434.33722338667,11730070.794863
2013-04-12,434.18004110177,434.18004110177,429.08471536619,429.79203564825,8522457.9960416
2013-04-15,427.01842324591,427.88292581288,419.49659598716,419.79131277135,11327062.020436
2013-04-16,421.52686716715,426.59927048618,420.56085104119,426.27508202356,10902166.229911
2013-04-17,420.23666257858,420.59359735054,398.1034320858,402.81562600193,33740375.259865
2013-04-18,404.97360778839,405.81518793881,389.7367500457,392.02899170052,23787701.709062
2013-04-19,387.93897766213,399.58683989956,385.09659801015,390.52266147021,21753037.396864
2013-04-22,393.00810635022,402.20654464793,391.2889251091,398.65029545202,15345161.696194
2013-04-23,404.0043170315,408.3628508066,398.78128068944,406.16884807984,23595874.839903
2013-04-24,393.55496971644,415.26577281855,392.48416540055,405.4909994762,34632969.313244
2013-04-25,411.20195582764,413.97884286091,406.97440728996,408.3628508066,13715703.719047
2013-04-26,409.78404063259,418.72378308639,408.20239389076,417.24037527263,27290981.842335
2013-04-29,420.52810473183,433.62990310461,419.94849505625,430.0834778015,22857740.788268
2013-04-30,435.11986018024,445.2188219852,432.05480562465,442.73010247425,24683774.23077
2013-05-01,444.41326277508,444.89135889166,434.40271600538,439.33758482512,18106977.570485
2013-05-02,441.79355802671,448.60479037247,440.57539531872,445.51026413846,15068536.965697
2013-05-03,451.3129101561,453.22856925334,449.15165373869,449.99650852004,12908955.064903
2013-05-06,455.71073950242,462.19123412369,454.27972578362,460.74712188116,17728342.412986
2013-05-07,464.9713957879,465.74420868867,453.70011610805,458.67428049901,17265636.376836
2013-05-08,459.06068694939,465.36107686922,455.80897843048,463.80235254394,16870977.7037
2013-05-09,459.79944222725,463.00049110976,455.59318592127,456.8098447445,14233628.30857
2013-05-10,457.97120089394,459.70184927351,450.49558063784,452.96468236734,11952871.517416
2013-05-13,451.48777566748,457.90613892479,451.4552446829,454.76039271606,11320016.986056
2013-05-14,453.8625375417,455.21582650016,442.09608041971,443.86251288232,15961225.297363
2013-05-15,439.17805110303,441.01279863325,422.3465196822,428.8266918102,26477212.699346
2013-05-16,423.24762795502,437.80199045537,418.85269193848,434.5976884744,21548355.977723
2013-05-17,439.0804581493,440.07915937585,431.03879876153,433.25415881132,15284299.30556
2013-05-20,431.90086985286,445.81437195702,430.10841260259,442.8995957388,16110465.539025
2013-05-21,438.1240472027,445.49231520969,434.20731665946,439.65950967479,16292878.892845
2013-05-22,444.05444569133,448.34528255721,438.18585607339,441.32834918366,15827641.298713
2013-05-23,435.97374912207,446.19823757504,435.81109419917,442.09608041971,12612180.85828
2013-05-24,440.85014371036,445.68750111716,440.33290105556,445.17676465928,9864946.9777691
2013-05-28,449.89375742314,451.10391004946,440.85014371036,441.39341115282,13780016.12341
2013-05-29,439.98156642212,447.51574245046,439.40251489662,444.94904776723,11808673.022941
2013-05-30,445.68750111716,454.53918202093,444.50337327851,451.55283763664,12628158.794599
2013-05-31,452.52226097707,457.13190149182,449.50663870666,449.73110250025,13721708.973332
2013-06-03,450.71679133297,452.36285915264,442.48319913619,450.71679133297,13292038.239993
2013-06-04,453.21842404705,454.44158906719,447.38887161061,449.31145279919,10624536.591188
2013-06-05,445.68750111716,450.71679133297,443.69985795942,445.11170269012,10367280.620965
2013-06-06,445.49231520969,447.03753697716,434.07719272115,438.44610395002,14892248.583293
2013-06-07,436.54629445065,443.21839938766,432.80197812568,441.77727677084,14451909.928141
2013-06-10,444.7278370721,449.08373590714,436.80654232727,438.88852534029,16079777.042721
2013-06-11,435.7785632146,442.74019391436,433.31271458356,437.54824877566,10219651.889089
2013-06-12,439.50010785036,441.20147834381,431.54628212095,432.22617969864,9472240.8188383
2013-06-13,432.54823644597,437.13185217306,428.72909885647,435.97374912207,10213005.548598
2013-06-14,435.43373477807,436.32508375551,428.4721040783,430.04660373189,9710453.1293614
2013-06-17,431.4812201518,435.74603223002,430.36540738076,431.99846280659,9264955.3927314
2013-06-18,431.54628212095,434.91974522173,430.20275245787,431.77074591454,6966180.702408
2013-06-19,431.4194112811,431.67315296081,422.99063317685,422.99063317685,11106040.431389
2013-06-20,419.30487262412,426.0030023488,415.1636782873,416.80323991005,12763500.563595
2013-06-21,418.47533251737,420.00428879256,408.07842984614,413.56966004296,17185232.701876
2013-06-24,407.3790136777,408.66073447009,398.0133432176,402.56768105856,17162757.206299
2013-06-25,405.67764318425,407.7954102803,398.81685853668,402.63274302772,11223510.992134
2013-06-26,403.91446382011,404.77978800989,395.67436542641,398.0133432176,13136396.624296
2013-06-27,399.23650823774,401.41283110603,393.55985142882,393.82009930545,12046097.438467
2013-06-28,393.65744438256,402.63274302772,391.15906476694,398.84938952126,20542553.035571
2013-07-01,402.69780499688,412.32047023515,401.22089829702,409.23653289712,13968519.947671
2013-07-02,409.97498624705,421.64385041531,409.49678077375,418.47533251737,16784548.303019
2013-07-03,420.84684129314,422.95810219227,417.40831622321,420.78503242244,8604594.1931414
2013-07-05,420.3946606075,423.31268992417,415.29380222561,417.37903833708,9787641.9704785
2013-07-08,420.10188174629,420.99973692065,410.67765551395,415.06608533356,10649165.848814
2013-07-09,413.63146891366,423.53715371777,410.41740763732,422.3465196822,12593579.822749
2013-07-10,419.59114528841,424.78634352557,418.24761562533,420.75250143786,10041425.067025
2013-07-11,422.92882430615,428.21510930013,421.16239184355,427.25544525507,11654272.101324
2013-07-12,427.63605777464,429.78635585527,423.43956076403,426.5202450036,9986410.1628284
2013-07-15,425.00755422071,431.4812201518,424.78634352557,427.41810017796,8641148.8813997
2013-07-16,426.5202450036,430.71674201421,424.17801411396,430.20275245787,7724090.2560098
2013-07-17,429.69201599999,432.25871068322,428.21510930013,430.33287639618,7107191.9585829
2013-07-18,433.37452345426,434.85468325257,430.61914906047,431.73821492997,7818359.1519485
2013-07-19,433.12728797146,433.98285286587,424.36994692297,424.94574535001,9598590.9140867
2013-07-22,429.46429910794,429.75382487069,425.49226589092,426.29578121001,7424748.8396272
2013-07-23,426.0030023488,426.96591949232,418.69329011405,418.95028489222,13126352.938123
2013-07-24,438.95358730944,444.59771313379,435.30361083975,440.49555597846,21141161.078101
2013-07-25,440.72001977205,441.36088016824,435.84362518375,438.51116591918,8201532.7989059
2013-07-26,435.33614182433,441.01279863325,434.33744059778,441.01279863325,7150242.884282
2013-07-29,440.81761272578,449.99135037688,440.17675232959,447.80852131167,8865434.4077855
2013-07-30,449.92628840772,457.19696346098,449.21385984545,453.31601700078,11047771.306597
2013-07-31,454.98810960811,457.39214936845,449.4415767375,452.52226097707,11525182.70995
2013-08-01,455.62571690585,456.8098447445,453.25095503163,456.71225179076,7361061.618756
2013-08-02,457.99722568161,462.83783618686,456.67972080618,462.55481662103,9795544.4057516
2013-08-05,464.70511470166,470.66153797796,462.17420410147,469.48066323776,11380990.670859
2013-08-06,468.0655654086,471.88795609656,462.17420410147,465.23862284875,11960059.187972
2013-08-07,463.83328431496,467.01156150827,461.75130130195,464.96210947983,10671046.035019
2013-08-08,463.85451460605,464.10982364705,457.92100322295,461.04934691513,9138135.1601028
2013-08-09,458.6255269057,460.46763011287,453.68416584646,454.52119168971,9553142.0587518
2013-08-12,456.84805889877,468.63105590465,456.62183569789,467.31572957953,13007430.791991
2013-08-13,470.92237375357,494.64672400595,467.99116742216,489.5502384661,31439865.585436
2013-08-14,497.82677585833,504.26121004338,493.43804576124,498.46666434082,26998281.017241
2013-08-15,496.43065553289,502.38678923608,489.07193798424,497.85586169844,17504676.795225
2013-08-16,500.12132546726,502.99112835844,498.81892618219,502.32215403583,12929737.18262
2013-08-19,504.32584524363,513.6914857601,504.00590100239,507.77090141705,18223651.035563
2013-08-20,509.74227502472,510.60515494808,500.79353154988,501.08438995101,12795967.658176
2013-08-21,503.59546748079,507.19564813481,501.20719683149,502.35447163596,11984115.945863
2013-08-22,504.96573372612,505.60562220862,498.14672009957,502.99112835844,8713020.487401
2013-08-23,503.27875499956,503.34339019981,499.33277602419,501.01975475076,7946271.7219135
2013-08-26,500.72889634963,510.19148966647,500.47035554862,502.99112835844,11814344.552609
2013-08-27,497.95281449882,502.51282787657,486.33140549357,488.56131990225,15140191.291893
2013-08-28,486.01469301234,495.82308465053,486.01469301234,490.92050471144,10976291.513567
2013-08-29,491.62179663417,496.49529073314,491.11441031219,491.68643183442,8553100.3516274
2013-08-30,494.86971544681,495.82308465053,489.35956462536,490.03177070798,9670502.2892526
2013-09-03,493.11486975998,500.567308349,487.35587341756,488.56131990225,11858994.804929
2013-09-04,499.55576746506,502.22843299547,496.26906753226,498.65733818156,12306075.248518
2013-09-05,500.21827826764,500.66426114938,493.66103720211,495.28338072843,8433195.5014865
2013-09-06,498.36971154044,499.39417946443,489.9348179076,498.1790376997,12824625.788619
2013-09-09,504.96573372612,507.96157525779,503.50497820044,506.17118021082,12146777.436182
2013-09-10,506.20349781094,507.44772541579,489.48560326585,494.61440640582,26517171.994929
2013-09-11,466.9990170983,473.7275414445,464.83696964988,467.70030902103,32076652.968158
2013-09-12,468.46946790402,475.44037425117,466.0488796546,472.69984176049,14417757.760038
2013-09-13,469.32588430736,471.83696183714,464.7400168495,464.93392245026,10667102.992108
2013-09-16,461.01702931501,461.62460019737,447.23034110133,450.11953455258,19574186.620818
2013-09-17,447.95102358413,459.71139826992,447.50827246241,455.28065529267,14256397.387371
2013-09-18,463.17584500341,466.36882389584,460.69385331375,464.70769924938,16282160.957224
2013-09-19,470.69938231271,475.82818545268,469.19984566687,472.28617647888,14422803.586441
2013-09-20,477.99023290109,478.50408274309,466.01656205447,467.38036477978,24950819.982313
2013-09-23,496.11071129165,496.94450537489,482.64719907923,490.62964631031,27182712.471829
2013-09-24,494.86971544681,495.47082280916,487.8018562993,489.10425558437,12956316.755257
2013-09-25,489.4209680656,489.64719126648,481.42559379447,481.52254659485,11313084.219635
2013-09-26,486.01469301234,488.53223406214,483.94313484427,486.26677029332,8454811.7105268
2013-09-27,483.78154684364,484.71229372727,480.75985123188,482.80232355983,8137526.826746
2013-09-30,480.03270522905,484.51838812651,477.15967057786,479.51885538705,9224534.3973335
2013-10-01,478.40712994272,489.13657318449,478.34249474246,487.92789493979,12619044.77474
2013-10-02,485.63334533085,491.78015287479,483.74922924352,489.5502384661,10302320.274514
2013-10-03,490.50360766982,492.35217439701,480.75985123188,483.43251676228,11521579.218451
2013-10-04,483.87849964402,484.64765852701,478.53316858321,483.05440084081,9241236.5038606
2013-10-07,486.61580037468,492.67211863826,485.38126804987,487.74045285906,11136510.959931
2013-10-08,489.90250030747,490.62964631031,480.54332331103,480.94729331261,10361622.543016
2013-10-09,484.71229372727,487.74045285906,478.2487737021,486.6481179748,10768591.747066
2013-10-10,491.30831591295,492.38449199714,487.06824677644,489.64719126648,9918774.5919223
2013-10-11,487.00361157619,493.85171104285,485.19382596914,492.79815727875,9552280.175447
2013-10-14,489.80877926711,497.54561273723,489.35956462536,496.0460760914,9340989.3935383
2013-10-15,497.48420929699,502.00220979459,495.50314040928,498.62825234145,11404601.658692
2013-10-16,500.79353154988,502.5451454767,499.20350562369,501.11347579113,8945027.4115168
2013-10-17,499.96620098666,504.74274228526,499.65272026544,504.48743324426,9030505.0456618
2013-10-18,505.9869698901,509.299523903,505.73166084911,508.94726206163,10367749.699712
2013-10-21,511.72011215242,524.30135388141,511.52620655167,521.36691578998,14152532.83719
2013-10-22,526.43431548971,528.50264189777,508.09084565829,519.87384266417,19061018.906154
2013-10-23,518.94632754056,525.66515660672,518.94632754056,524.96386468399,11192941.232999
2013-10-24,524.99618228411,532.48740199328,522.41723779407,531.90891695103,13729087.842923
2013-10-25,531.33366366879,533.21777975613,525.09313508449,525.98833260798,12056246.858769
2013-10-28,529.07789518001,531.04603702767,523.17993315704,529.93754334335,19561404.823952
2013-10-29,536.27179296802,539.26763449968,514.51881632332,516.68732729176,22704872.086511
2013-10-30,519.35999282217,527.54927269406,517.03635737312,524.90246124375,12646698.498919
2013-10-31,528.08897661616,530.60651766596,524.33367148154,525.7621094071,9789102.37048
2013-11-01,524.39830668179,524.80550844337,515.8244473684,520.03219890479,9812977.1321268
2013-11-04,521.07928914886,526.84798077132,518.75888545983,526.78334557107,8724152.5949399
2013-11-05,524.55989468242,528.9486247795,522.99249107631,525.44539692586,9476620.009145
2013-11-06,524.16578724226,524.86622148312,518.18317918505,520.8724611098,7970402.7992504
2013-11-07,519.5454916535,523.21795191633,512.39013819303,512.48331522507,9371788.0005251
2013-11-08,514.61032195647,521.12950119819,512.57649225711,520.56080000263,9959900.5278299
2013-11-11,519.98888580597,521.6660723827,514.41754189018,519.008920469,8110751.988462
2013-11-12,517.64660800054,523.91196015498,516.98472977295,519.98888580597,7297277.1359124
2013-11-13,518.11891916296,522.20264356721,516.9525997619,520.62184702363,7033991.4499144
2013-11-14,522.80668777492,529.3033760089,521.85563944788,528.18525162442,10083976.58227
2013-11-15,526.63658509188,529.07846593156,524.51921736379,524.99152852621,11349136.028956
2013-11-18,524.99152852621,527.27918531285,518.18317918505,518.59444332647,8736116.1369442
2013-11-19,518.97679045795,523.41073198262,517.92613909667,519.51336164246,7460007.9234035
2013-11-20,519.20170053529,520.40014994739,514.32115185704,515.01516009568,6926799.5166525
2013-11-21,517.5534309685,521.19376122029,513.68819063938,521.12950119819,9354294.2934998
2013-11-22,519.48123163141,522.13838354511,518.49805329333,519.80253174189,7982651.0054339
2013-11-25,521.000981154,525.94257685324,520.96885114295,523.75773610195,8190200.1092907
2013-11-26,524.06939720912,536.16955936994,524.00513718702,533.40637841978,14316352.71794
2013-11-27,536.32699642408,546.05275076842,533.40637841978,545.98849074633,12963058.131937
2013-11-29,549.49708795281,558.30392398117,547.81990137608,556.08695321883,11361744.521353
2013-12-02,557.992262874,564.35079206048,550.83369641242,551.24496055384,16870596.533058
2013-12-03,558.27179397012,566.37498275653,557.67096276352,566.31072273443,16084468.294198
2013-12-04,565.48819445159,569.22812773762,560.77150882969,565.01909629028,13479716.342076
2013-12-05,572.67567792311,575.14647577274,566.37498275653,567.89151927801,15966336.308676
2013-12-06,565.79985555876,566.757329888,559.50558639438,560.01645357005,12287434.274624
2013-12-09,560.86789886283,569.60726186799,560.86789886283,566.40711276757,11436540.356199
2013-12-10,563.55718078758,567.89151927801,561.15064296006,565.55245447369,9915732.9426441
2013-12-11,567.01436997639,570.99849134639,559.63089343747,561.34021002524,12838342.706413
2013-12-12,562.23021133128,565.33718339966,560.01645357005,560.52089474351,9361291.0542435
2013-12-13,562.83104253789,562.86317254894,553.68041539131,554.46760066199,11873666.972149
2013-12-16,555.04594086087,562.61255846276,555.01381084982,557.48139569833,10083481.375469
2013-12-17,555.80420912161,559.38027935129,553.39767129408,554.98168083877,8195553.8578387
2013-12-18,549.72199803015,551.49557464002,538.76566426265,550.80156640137,20195198.875682
2013-12-19,549.40069791966,550.00474212737,543.74260297404,544.46231522153,11450713.398322
2013-12-20,545.4422805585,551.6144556809,544.83823635079,549.05690680145,15563637.474227
2013-12-23,568.0200393222,570.74466425911,562.73465250474,570.11491604256,17886258.306434
2013-12-24,569.92534897737,571.88849265243,566.0247656361,567.70516521393,5984106.968107
2013-12-26,568.0810863432,569.546214847,563.3676137224,563.86884189475,7279219.6569055
2013-12-27,563.80779487376,564.41505208258,559.44132637228,560.07750059104,8058733.7990663
2013-12-30,557.44926568728,560.07750059104,552.32131592396,554.56399069514,9048094.6166561
2013-12-31,554.18164356366,561.2438199921,553.98886349737,560.96107589487,7971266.6022524
2014-01-02,555.67890207852,557.03478854476,552.03214582453,553.1406312057,8394580.4622918
2014-01-03,552.88680411841,553.71254540236,540.41072082833,540.95050501394,14032479.955299
2014-01-06,537.37122178315,546.81101902916,533.59915848607,543.93538304033,14750630.999979
2014-01-07,544.34022117954,545.98849074633,537.87566295661,540.02837369685,11368688.029703
2014-01-08,538.76566426265,545.60293061375,538.64035721956,543.48556288566,9236988.6382255
2014-01-09,546.81101902916,546.87206605016,535.37273509594,536.51656348926,9972643.8474442
2014-01-10,539.77775961067,540.7930679598,531.0994436265,532.94049325958,10899292.423916
2014-01-13,529.93633722655,542.49917154647,529.93633722655,535.75508222741,13537019.216862
2014-01-14,538.16483305604,546.74675900707,537.58970585828,546.438310901,11949408.34044
2014-01-15,553.55832134933,560.17067762308,551.67871570299,557.38500566519,14039157.63741
2014-01-16,554.91742081667,556.87413848952,551.67871570299,554.24590358576,8198507.5760885
2014-01-17,551.49557464002,552.06427583558,539.87093664271,540.66454791561,15476518.67443
2014-01-21,540.8573279819,550.09791915941,540.41072082833,549.11795382244,11735705.955163
2014-01-22,550.92687344446,557.29182863315,547.81990137608,551.52449164996,13590492.961313
2014-01-23,549.97261211633,556.49179135804,544.80610633975,556.18013025087,14409585.614607
2014-01-24,553.98886349737,555.61464205642,544.7771893298,546.08488077947,15453258.458339
2014-01-27,550.48026629089,554.82103078353,545.79571068004,550.51239630194,20389352.185825
2014-01-28,508.74980794125,515.01516009568,502.03463563213,506.5296241778,38079595.060129
2014-01-29,504.06203932929,507.38749547279,498.58387244554,500.76871319683,17973740.224687
2014-01-30,502.57763281885,506.5296241778,496.68820179368,499.78874785985,24244170.37476
2014-01-31,495.22307328988,501.52698145757,493.54909971426,500.58235913275,16608484.453877
2014-02-03,502.63867983984,507.76984260427,499.28109368529,501.52698145757,14362447.566702
2014-02-04,505.89666296015,509.44381617989,502.79611689398,508.74980794125,13458984.976655
2014-02-05,506.56175418885,515.30111719401,506.31114010267,512.57649225711,11741902.093711
2014-02-06,510.06314500889,513.46463060334,507.76674299723,512.49049623122,9209164.2290253
2014-02-07,521.1107869537,522.9696269687,517.3675558582,519.66395786986,13370325.649369
2014-02-10,518.02868967797,532.00192862233,517.9967508461,529.01884172541,12344104.805397
2014-02-11,530.61578331905,537.69981622844,529.51389361944,535.93998659225,10088195.657344
2014-02-12,536.90773319799,539.55226847706,533.23157364943,535.8761089285,11008739.092279
2014-02-13,534.61133118634,544.84453291839,534.11308540912,544.43252198723,10986880.841395
2014-02-14,542.51619207486,546.03585134724,541.22266938401,544.02051105607,9776147.958177
2014-02-18,545.91128990294,551.20036046108,545.63980983202,546.03585134724,9320113.903519
2014-02-19,544.74871642277,546.88861815825,534.2695856853,537.35487684421,11217830.208278
2014-02-20,532.81956271827,536.97161086174,529.01884172541,531.15874346089,10928508.261978
2014-02-21,532.63112361022,534.51551469072,524.63364010927,525.23409014848,9961410.9954591
2014-02-24,523.18681102543,529.92590455059,522.46179954192,527.53049216013,10324665.294996
2014-02-25,529.45320983888,529.57777128318,521.01497045808,522.08811520901,8307254.7567344
2014-02-26,524.44839488441,525.04245715724,515.57259350695,517.33561702633,9870168.3973702
2014-02-27,517.11204520322,528.79846378548,516.01654326998,527.65185972125,10787867.958729
2014-02-28,529.08271938915,532.75887893771,522.15199287275,526.27848995072,13290656.611686
2014-03-03,523.03350463244,530.64772215092,522.87700435626,527.74767621687,8536877.2435305
2014-03-04,530.99904930152,532.63112361022,527.74767621687,531.25136607332,9263041.3090278
2014-03-05,530.9032328059,534.67520885008,529.14340316971,532.37561295524,7148978.425674
2014-03-06,532.7876238864,534.36220829773,528.09900336747,530.74353864654,6626894.7731973
2014-03-07,531.69212195316,532.00192862233,526.0581120108,530.42415032781,7909899.1474079
2014-03-10,528.38325897114,533.32419626186,528.38325897114,530.9032328059,6384489.1639117
2014-03-11,535.43535304866,538.70908331562,532.59918477835,536.03260920468,10028402.581392
2014-03-12,534.42289207829,537.32293801234,532.00192862233,536.56598769695,7170779.6613226
2014-03-13,537.41556062477,539.64489108949,529.17534200158,530.64772215092,9205006.7820489
2014-03-14,528.79846378548,530.87129397403,523.03350463244,524.72945660489,8471216.6705844
2014-03-17,527.24623655647,529.98658833115,525.83454018769,526.78312349431,7126587.3750919
2014-03-18,525.89841785143,531.96998979046,525.20215131661,531.40786634949,7486779.3209279
2014-03-19,532.27979645962,536.18910948085,529.01884172541,531.28330490519,8024233.6983564
2014-03-20,530.01533327984,532.6630624421,527.30692033702,528.70264728987,7442701.8166032
2014-03-21,531.94124484177,533.67552341246,526.37111256315,532.88344038202,13373166.29803
2014-03-24,538.42802159514,540.50723955006,534.99459716881,539.20732909284,12703556.962123
2014-03-25,541.50373110449,545.78992234182,539.58101342575,545.00422707775,10081907.888249
2014-03-26,546.51493382534,549.00296882823,538.83683864311,539.77264641698,10705999.873809
2014-03-27,539.90040174448,541.50373110449,535.05528094937,537.44749945664,7929667.6224264
2014-03-28,538.30026626765,538.92307348917,534.17376918968,536.84704941743,7163010.9989937
2014-03-31,539.23926792471,540.8234339856,535.8761089285,536.69054914126,6011688.5853742
2014-04-01,537.73175506031,541.8774154374,536.754426805,541.66023138067,7162444.2907286
2014-04-02,542.42037557924,543.49352033017,540.25172889508,542.5800697386,6426964.0736205
2014-04-03,541.41110849206,542.54813090673,537.60719361601,538.77296097937,5805869.974782
2014-04-04,539.99621824009,539.99621824009,530.58384448717,531.81987728065,9826396.852889
2014-04-07,528.25550364365,530.9032328059,521.89967610096,523.53494429284,10340375.042992
2014-04-08,525.17021248473,526.15392850642,518.71856844642,523.50300546097,8708385.5510921
2014-04-09,522.55761603754,530.48802799156,522.05617637713,530.32833383219,7357955.1981051
2014-04-10,530.67966098279,532.24785762775,523.18681102543,523.53494429284,8555295.5126251
2014-04-11,519.31582460244,522.87700435626,517.11204520322,519.60008020611,9708479.9229587
2014-04-14,521.80385960534,522.18393170462,517.17592286697,521.68249204422,7346928.8086178
2014-04-15,520.29634674094,521.65055321235,511.32472886787,517.96481201422,9512495.579357
2014-04-16,518.02868967797,521.1107869537,514.12576442311,518.97088521822,7670733.2308077
2014-04-17,520.16859141345,527.74767621687,519.19126315814,524.94983454481,10156149.113145
2014-04-21,525.32671276091,532.15523501532,524.04596560281,531.19068229276,6520278.0373831
2014-04-22,528.31938130739,531.81987728065,526.53080672251,531.69212195316,7235627.6810701
2014-04-23,529.11465822103,531.12680462901,524.50907866497,524.82207921732,13994091.824642
2014-04-24,568.23333949885,569.96123030317,560.7372956583,567.79258361901,27127890.883743
2014-04-25,564.54440441754,571.97337671116,563.95672991108,571.9126929306,13930154.702328
2014-04-28,572.79420469029,595.77419422278,572.54508180168,594.10059943265,23898157.297657
2014-04-29,593.72691509973,595.9945721627,589.47266269428,592.34396367964,12037763.388811
2014-04-30,592.66015811518,599.39286387397,589.792051013,590.07950049986,16310558.760396
2014-05-01,591.99263652904,594.86074363122,586.36501435305,591.45925803676,8717623.3028413
2014-05-02,592.50365783901,594.19322204508,589.69623451738,592.56753550275,6834531.5467151
2014-05-05,590.10824544854,600.99938711717,589.98368400424,600.93550945343,10241880.363771
2014-05-06,601.78188849806,604.42642377713,594.41679386819,594.41679386819,13372040.239314
2014-05-07,595.23762184732,597.28490097037,587.71602694127,592.34396367964,10093448.917722
2014-05-08,588.23761731287,594.4025114313,586.38910192032,588.01528728283,8216967.9855882
2014-05-09,584.54693881435,586.23029475601,580.31631595719,585.57918538235,10410564.140511
2014-05-12,587.48804749733,593.64976547248,587.39276319875,592.83984893451,7615548.2359425
2014-05-13,592.02675625325,594.52955716274,590.68324764321,593.74504977106,5703413.6586178
2014-05-14,592.46506402674,597.41031912329,591.74407950078,593.87209550251,5937307.7978519
2014-05-15,594.68518818377,596.59087415546,588.0470487157,588.79979467452,8236389.149699
2014-05-16,588.60922607735,597.53736485474,585.42355436133,597.50560342187,9866922.6406061
2014-05-19,597.85180304007,607.33259074925,597.3150348247,604.60745980972,11340120.282662
2014-05-20,604.51217551114,606.42738991269,600.76115029019,604.70274410831,8376073.1185973
2014-05-21,603.79119098518,606.73229966816,602.07607361066,606.33210561411,7031193.9317495
2014-05-22,606.60843008,609.84174394531,604.07704388093,607.26906788352,7170380.0956504
2014-05-23,607.26906788352,614.68853859999,606.48773663513,614.09459980548,8285654.0240773
2014-05-27,615.6255008694,625.85903453741,615.59691557983,625.63988065066,12454904.151334
2014-05-28,626.01784170171,629.83556593167,623.79771754469,624.01687143143,11269525.954951
2014-05-29,627.86635709426,636.84849030751,627.80283422853,635.34935067644,13438593.682476
2014-05-30,637.9760211741,644.20761430154,628.90177980554,633.03076607755,20137519.827505
2014-06-02,633.96455220368,634.78399717151,622.51455565708,628.64768834265,13184578.064379
2014-06-03,628.45711974548,638.69382955677,628.30784101103,637.50277582446,10456969.540621
2014-06-04,637.41066766916,647.95546337921,636.06715905912,644.83013838563,11977719.004617
2014-06-05,646.23716986139,649.43554615055,642.6100142286,647.40281444741,10843759.111908
2014-06-06,649.93737678977,651.24594782367,644.48711491072,645.58288434445,12506231.747514
2014-06-09,92.708446379662,93.871822291906,91.751973515773,93.69214332886,75307299.05745
2014-06-10,94.734372061475,95.056070002887,93.56736627119,94.242523586876,62728425.971302
2014-06-11,94.126821224309,94.761596146785,93.469359564074,93.854126636454,45635176.640704
2014-06-12,94.022915965376,94.117746529205,91.898983576447,92.296908956727,54696703.784467
2014-06-13,92.207976944714,92.445733956421,90.875811703549,91.272829614318,54508174.915946
2014-06-16,91.51104036078,92.75835720273,91.447971229812,92.207976944714,35541449.087631
2014-06-17,92.315058346933,92.708446379662,91.796893256534,92.082746152289,29708568.159135
2014-06-18,92.274222218968,92.296908956727,91.34497344039,92.186651411221,33497402.451481
2014-06-19,92.296908956727,92.30598365183,91.335898745286,91.859054917992,35508723.800817
2014-06-20,91.850433957644,92.556445236681,90.893507359,90.906211932145,100851858.00528
2014-06-23,91.313665742283,91.617668028244,90.597218563877,90.822271002439,43675314.210338
2014-06-24,90.746043563571,91.738361473118,90.1952095708,90.280057970016,39028204.911357
2014-06-25,90.212905226252,90.692502862462,89.654357742643,90.357192878394,36857843.067154
2014-06-26,90.370804921049,91.04550850198,89.802275272827,90.893507359,32608377.981992
2014-06-27,90.813196307336,92.002435100624,90.764192953778,91.984285710418,64011695.97293
2014-06-30,92.100895542495,93.709838984312,92.091820847392,92.927146531651,49577153.929501
2014-07-01,93.518362917632,94.063752093341,93.134049580007,93.518362917632,38195435.114249
2014-07-02,93.854126636454,94.054677398237,93.089129839245,93.482517871974,28465001.970792
2014-07-03,93.661289365509,94.095059791447,93.196211241464,94.022915965376,22891752.905756
2014-07-07,94.135442184657,95.995754680835,94.095059791447,95.973067943077,56401114.106128
2014-07-08,96.272532881486,96.787068093843,93.91175095036,95.355988676052,65181821.236547
2014-07-09,95.445828157575,95.95491855287,94.761596146785,95.395917334506,36419580.188377
2014-07-10,93.754758725073,95.557446907345,93.518362917632,95.046995307784,39670356.954336
2014-07-11,95.369146983952,95.897294238964,94.859602853901,95.22667427083,33999631.115708
2014-07-14,95.865532806103,96.880537453408,95.655453614461,96.446313292714,42766151.102809
2014-07-15,96.787068093843,96.840608794953,95.033836999884,95.329218325497,45613510.899017
2014-07-16,96.951773809969,97.095607727356,94.738909409027,94.779291802237,53452412.723285
2014-07-17,95.033836999884,95.288835932287,92.574140892133,93.089129839245,57241815.850169
2014-07-18,93.616823359503,94.738909409027,93.016986013174,94.426286162718,49949253.924218
2014-07-21,94.99390834143,95.002529301778,93.709838984312,93.929900340567,39004690.512518
2014-07-22,94.68037762561,94.890910552007,94.117746529205,94.72076001882,54997680.508082
2014-07-23,95.423141419816,97.877392710506,95.17313356972,97.185900943634,92868619.430836
2014-07-24,97.032992331143,97.314307879346,96.415913064118,97.02391763604,45711335.012102
2014-07-25,96.840608794953,97.842001399603,96.630529603311,97.66776725362,43452357.298071
2014-07-28,97.82067586611,99.241773119288,97.551157421542,99.023072967299,55254081.629388
2014-07-29,99.331158866056,99.443685085337,98.249001474986,98.383306962515,43108693.300053
2014-07-30,98.445468623973,98.705458638683,97.66776725362,98.155532115422,33001804.313053
2014-07-31,97.154139510772,97.44906710163,95.3382930206,95.605996526148,56785194.007471
2014-08-01,94.899531512355,96.607842865553,94.815136847895,96.138227393957,48499070.546134
2014-08-04,96.370993323357,96.571997819895,95.17313356972,95.596921831045,39937237.986969
2014-08-05,95.369146983952,95.686761312567,94.358225949443,95.123222746652,55900441.857829
2014-08-06,94.752521451682,95.485756816029,94.711685323717,94.957609561017,38523973.755609
2014-08-07,94.932789565602,95.946833896899,94.096631906849,94.479043103914,46661721.382253
2014-08-08,94.260973908893,94.826238157684,93.272664451543,94.746324601744,41846165.47716
2014-08-11,95.275921218223,96.071896354498,94.848361119497,95.987016419377,36549417.135464
2014-08-12,96.036680211203,96.87780424914,95.613635002644,95.964441968546,33784144.107592
2014-08-13,96.138716728956,97.242607374557,96.036680211203,97.242607374557,31899254.179598
2014-08-14,97.332002199845,97.575806268812,96.796536226151,97.500407603039,28096455.358691
2014-08-15,97.905393250934,98.194797710578,96.855229798309,97.985306806873,48913099.738347
2014-08-18,98.492780461538,99.369572131786,97.985306806873,99.155114848898,47544165.66184
2014-08-19,99.404788275081,100.69469239552,99.31584493881,100.53531677266,69360207.110758
2014-08-20,100.45946661787,101.08161848275,99.951992963207,100.57459631711,52636059.407747
2014-08-21,100.57459631711,100.93082115121,100.1122715641,100.58362609744,33466158.299035
2014-08-22,100.28970674763,101.46402967982,100.19715149922,101.31819872746,44146067.494282
2014-08-25,101.80716133244,102.17151296884,101.27801620498,101.54033132363,40200422.673523
2014-08-26,101.41572035504,101.49563391098,100.85948588658,100.89063862873,33128845.552991
2014-08-27,101.01118619616,102.57740159477,100.71275195619,102.13178193538,47625664.432899
2014-08-28,101.5940585166,102.79501930077,101.55839088429,102.2437512115,68434161.549023
2014-08-29,102.82165715275,102.90653708787,102.2031172,102.50109995096,44574100.49817
2014-09-02,103.06184930959,103.73727687843,102.73226232746,103.28939977396,53535424.807714
2014-09-03,103.09300205173,103.19097516834,98.582175286826,98.942463522077,125332500.94415
2014-09-04,98.853068696789,100.09421200344,97.789360573666,98.123010956938,85655405.287032
2014-09-05,98.803856393979,99.38763169245,98.318957190145,98.973164775206,58427420.446069
2014-09-08,99.293721976996,99.306815158478,98.056642071497,98.367266514922,46314247.148706
2014-09-09,99.075652781976,103.0704276009,96.129686948624,97.993885098189,189718124.13948
2014-09-10,98.011944658853,101.09967804342,97.758207831521,100.98951472337,100784062.12868
2014-09-11,100.41431771621,101.43829480587,99.618342579936,101.42926502554,62367813.976292
2014-09-12,101.20216605019,102.19408741967,101.07258870242,101.66087889106,62671542.959626
2014-09-15,102.82165715275,103.04875612811,101.43829480587,101.63378955006,61285546.674036
2014-09-16,99.796680741495,101.25544175415,98.888284840085,100.85948588658,66877063.426713
2014-09-17,101.26447153448,101.79813155211,100.59717076794,101.5805138461,60914655.924005
2014-09-18,101.99046587318,102.34623921827,101.55839088429,101.78910177178,37276450.768458
2014-09-19,102.23472143117,102.34623921827,100.87754544725,100.95339560204,70863325.403872
2014-09-22,101.79813155211,102.14081171571,100.58362609744,101.05046574061,52746669.185977
2014-09-23,100.60620054827,102.94626812134,100.54389506398,102.64873685939,63366461.082682
2014-09-24,102.16338616654,102.86229116425,101.19358775887,101.74937073831,60121325.661637
2014-09-25,100.517257212,100.72629662669,97.718476798059,97.870177107639,100026227.30343
2014-09-26,98.532962984016,100.76151276998,98.407900526416,100.76151276998,62336762.058119
2014-09-29,98.652607573416,100.43689216704,98.630484611603,100.1122715641,49745141.019936
2014-09-30,100.81072507279,101.54033132363,100.53531677266,100.76151276998,55240930.748454
2014-10-01,100.59717076794,100.70372217586,98.70136838721,99.177237810712,51468637.431543
2014-10-02,99.262569234851,100.22333786219,98.047612291165,99.898717259248,47734641.613274
2014-10-03,99.430974638044,100.21521105989,99.035470259498,99.618342579936,43451322.797372
2014-10-06,99.951992963207,100.65947625223,99.41291507738,99.618342579936,37027521.124843
2014-10-07,99.421944857712,100.12130134443,98.732972618372,98.75058069002,42075571.279274
2014-10-08,98.763673871501,101.09967804342,98.318957190145,100.79763189131,57382347.625588
2014-10-09,101.54033132363,102.38100387255,100.61477883958,101.01118619616,77335893.489736
2014-10-10,100.70372217586,102.02568201648,100.29873652796,100.74390469833,66293648.126867
2014-10-13,101.33174339795,101.78007199144,99.810225411993,99.810225411993,53522480.749752
2014-10-14,100.39716113358,100.52628699233,98.568630616328,98.75058069002,63671084.882911
2014-10-15,97.976277026541,99.146085068566,95.186526392935,97.544653526666,100896359.43412
2014-10-16,95.555844408518,97.718476798059,95.413625368287,96.250234516058,72142118.195645
2014-10-17,97.500407603039,99.004317517352,96.805566006483,97.673779385415,68125526.13404
2014-10-20,98.376296295254,99.96102274354,98.225498963707,99.756046730001,77295836.701343
2014-10-21,103.02211827613,103.02211827613,101.26447153448,102.46994720882,94576670.15031
2014-10-22,102.85326138392,104.11517318533,102.60449093577,103.00044680333,68234704.648217
2014-10-23,104.08492342122,105.0470465156,103.62350164624,104.83710412288,71047217.806447
2014-10-24,105.18429917665,105.48228192761,104.52512521241,105.21590340781,47012615.854041
2014-10-27,104.85516368354,105.47325214728,104.704366352,105.10844902186,34187692.351954
2014-10-28,105.39740199249,106.73696990476,105.35767095903,106.73696990476,48060831.386632
2014-10-29,106.64892954652,107.38169622047,106.34598041638,107.35099496734,52687878.387035
2014-10-30,106.94284889633,107.36002474767,105.90532713617,106.96452036913,40654788.986888
2014-10-31,108.00565404142,108.03996720668,107.20967890514,107.99662426109,44639283.036211
2014-11-03,108.23726790694,110.31005398217,108.00565404142,109.40210956978,52226998.515439
2014-11-04,109.35786364615,109.49195588408,107.72482787309,108.58355998267,41538395.86397
2014-11-05,109.07297407667,109.29600965088,108.13929479033,108.83278191984,37409156.765274
2014-11-06,108.49641272897,108.77917321626,107.82210314085,108.67802677804,34943293.132747
2014-11-07,108.73556786289,109.32041904566,108.5269814303,109.01023663512,33680172.505364
2014-11-10,109.01922742963,109.32940984017,108.64655899726,108.8241271888,27183197.18844
2014-11-11,108.6915129698,109.77625232723,108.37144068531,109.72320663963,27428634.674299
2014-11-12,109.37840967024,111.42381542088,109.37391427298,111.22466932252,46919994.624537
2014-11-13,111.81446544226,113.43640477156,111.61082394665,112.82907660253,59493836.446366
2014-11-14,113.13880947334,114.1835397952,113.0462042899,114.1835397952,44032218.469047
2014-11-17,114.25007167456,117.29885009233,113.27546954986,113.99832942833,46721052.250941
2014-11-18,113.94033880375,115.69534189177,113.89583437094,115.48765453863,44207821.637214
2014-11-19,115.45663629758,115.75333251635,113.79513747244,114.64971249046,41834242.530241
2014-11-20,114.91449138873,116.85515438334,114.84840904909,116.31121131559,43365061.857419
2014-11-21,117.49799619069,117.56452807005,116.02800128858,116.47034837839,57168014.186645
2014-11-24,116.86414517785,118.77468901087,116.61195339189,118.61914826587,47420728.569223
2014-11-25,119.09700899399,119.71782335479,117.44090464556,117.60049124808,68816423.001156
2014-11-26,117.94169189967,119.12398137752,117.82121525326,119.01833954204,40800865.558782
2014-11-28,119.26154053349,119.36808144842,118.05632452965,118.95180766268,24814400.751114
2014-12-01,118.80435863275,119.25254973898,111.24714630879,115.09340819944,83798026.670951
2014-12-02,113.48855137971,115.75333251635,112.76254472316,114.61824470968,59323869.265091
2014-12-03,115.75333251635,116.35122035115,115.13701355281,115.9115704997,43023657.102015
2014-12-04,115.76681870811,117.2098412267,115.29165521835,115.508333366,42146109.517904
2014-12-05,115.98304731604,116.0814965159,114.62723550419,115.01743598585,38309128.26245
2014-12-08,114.0967786282,114.62723550419,111.63689725072,112.3988670853,57623074.525997
2014-12-09,110.21545263896,114.28108991562,109.35188682644,114.11880607474,60184251.959063
2014-12-10,114.39797024422,114.84840904909,111.54833792482,111.96461171055,44534125.16882
2014-12-11,112.26580332658,113.79513747244,111.32626530046,111.63689725072,41452612.631256
2014-12-12,110.48113061668,111.87560284492,109.58969334118,109.75827073821,56001717.482798
2014-12-15,110.67488223834,111.61082394665,106.32963125247,108.19881743075,67171592.392878
2014-12-16,106.35165869902,110.19747104994,106.26264983338,106.74680411766,60679280.067634
2014-12-17,107.14464677465,109.85627039835,106.82142771208,109.41302422909,53374770.333891
2014-12-18,111.87560284492,112.65555426852,110.64026767948,112.65555426852,58955145.233312
2014-12-19,112.26580332658,113.21882754446,111.68095214381,111.78794259846,88408511.09051
2014-12-22,112.1776935404,113.4795605852,111.99158409408,112.94370923251,45153161.450303
2014-12-23,113.2053413527,113.30693733064,112.4519127729,112.54092163853,26009493.575232
2014-12-24,112.58497653163,112.71804029035,112.02305187486,112.02305187486,14479610.214619
2014-12-26,112.12419831307,114.50316253997,112.02305187486,113.99832942833,33709748.756913
2014-12-29,113.78614667793,114.76119834236,113.68859655752,113.91786181748,27578158.723454
2014-12-30,113.63060593294,113.91786181748,112.13318910758,112.52338958924,29871283.31672
2014-12-31,112.82907660253,113.13026821855,110.23703054578,110.3966171483,41382566.096501
2015-01-02,111.38021006751,111.43280621539,107.35727906477,109.32940984017,53196926.429381
2015-01-05,108.27478964434,108.62003615346,105.41661607015,106.25365903888,64256999.25255
2015-01-06,106.66229064928,107.42875588111,104.62362799452,106.26264983338,65753441.862552
2015-01-07,107.21522451154,108.1767899842,106.68431809582,107.7699565327,40065414.426639
2015-01-08,109.23051110058,112.16870274589,108.67802677804,111.90257522844,59333685.972605
2015-01-09,112.67308631781,113.22736879924,110.23703054578,112.02305187486,53685787.118605
2015-01-12,112.61149937542,112.62948096444,108.78816401077,109.23950189508,49623235.364557
2015-01-13,111.42381542088,112.80659961625,108.907292038,110.24602134029,67071604.566533
2015-01-14,109.0417044159,110.49866266597,108.48742193446,109.82075676005,48896001.303768
2015-01-15,110.02484779539,110.08148980079,106.65329985477,106.82142771208,59905800.260752
2015-01-16,107.04754619396,107.58699386446,105.20488285948,105.97494440912,78499305.634007
2015-01-20,107.86660757367,108.76613656422,106.48112613994,108.70050376431,82352763.964969
2015-01-21,108.95224601054,111.04710113098,108.25231265807,109.56811543436,54899973.472205
2015-01-22,110.29906702789,112.46539896466,109.74523408618,112.3988670853,76515577.279018
2015-01-23,112.33278474567,113.74164224512,111.53530127278,112.9877641256,50455705.063769
2015-01-26,113.73310099034,114.35301627168,112.80659961625,113.09475458025,55561898.288138
2015-01-27,112.42134407157,112.4784356167,109.03271362139,109.12981420208,95146120.090921
2015-01-28,117.61757375765,118.13634260078,115.3136826649,115.3136826649,147466300.42264
2015-01-29,116.3202021101,119.20804530617,115.57486524536,118.9203398819,84380383.212985
2015-01-30,118.39752518124,119.97900593526,116.84661312856,117.17477712811,83711449.005397
2015-02-02,118.05632452965,119.1855683199,116.0814965159,118.61914826587,62649094.635595
2015-02-03,118.49462576193,119.11049518575,117.60948204259,118.64162525214,51897995.173727
2015-02-04,118.49462576193,120.51081143042,118.32290158683,119.53665884545,70079381.46267
2015-02-05,120.01916281354,120.23588472702,119.21630663405,119.93945929991,42232693.72531
2015-02-06,120.01916281354,120.25334785641,118.47076534078,118.89883589716,43683240.218514
2015-02-09,118.57240970929,119.84318820197,118.45285443884,119.71064752761,38865728.275993
2015-02-10,120.17856984081,122.12861928959,120.16513666436,122.01398951717,61929999.934159
2015-02-11,122.76848626142,124.90839127077,122.50833041073,124.86450956101,73493259.265668
2015-02-12,126.05155458712,127.48174010708,125.57467682296,126.46619196705,74442522.907243
2015-02-13,127.27352587202,127.27352587202,125.66244024246,127.07113268009,54101703.37683
2015-02-17,127.49517328353,128.86714837218,126.90724792733,127.84398809883,63097856.475913
2015-02-18,127.63577386377,128.76550400367,127.45084380123,128.70371139197,44874145.515789
2015-02-19,128.47086966675,129.01267445045,128.32444804338,128.43952558835,37329619.14585
2015-02-20,128.60206702346,129.50656757146,128.06384442015,129.50656757146,48919617.945957
2015-02-23,130.0680743473,133.01486548907,129.68343772812,133.01486548907,70913462.661716
2015-02-24,132.95352064992,133.5929398492,131.14765396176,132.16812759983,69178031.799376
2015-02-25,131.54930593778,131.59363542008,128.14847343182,128.77848940757,74660992.753876
2015-02-26,128.77848940757,130.83958644839,126.61127027277,130.42091911552,91253901.195124
2015-02-27,130.04120799438,130.5480865193,128.23534130623,128.44848103932,61993090.447621
2015-03-02,129.25088944626,130.29643834704,128.29310396499,129.07446706214,48096601.212968
2015-03-03,128.95535956424,129.52895619888,128.09921845148,129.37447466965,37816200.113627
2015-03-04,129.08745246605,129.57239013609,128.31549259241,128.53579668628,31666299.658278
2015-03-05,128.57072294506,128.74759310173,125.77886110508,126.40977262593,56517101.559655
2015-03-06,128.38131515704,129.38343012062,126.25842550454,126.59918041396,72841999.823865
2015-03-09,127.97070773006,129.58582331255,125.05839507452,127.12889533885,88528400.482654
2015-03-10,126.40977262593,127.21665875836,123.80597525633,124.49823161633,68856499.806229
2015-03-11,124.70555030629,124.74987978859,122.08921530532,122.2302636581,68938897.890084
2015-03-12,122.30548944625,124.88152491786,121.61681526664,122.89654921029,48383636.00424
2015-03-13,124.4019605184,125.3942244859,122.59654160279,123.61522415066,51827197.484542
2015-03-16,123.88030549938,124.93928757661,122.87057840248,124.93928757661,35874297.460404
2015-03-17,125.91856614021,127.31740758177,125.66244024246,127.02680319779,51023099.508472
2015-03-18,126.99590689194,129.15372280323,126.36499537108,128.45743649029,65270898.354493
2015-03-19,128.74759310173,129.25088944626,127.39352891502,127.50368096195,45809400.929256
2015-03-20,128.26220765914,128.38131515704,125.15690503519,125.91856614021,68695103.802299
2015-03-23,127.10650671142,127.8659289537,126.52395462581,127.2032255819,37709601.126801
2015-03-24,127.21665875836,128.05488896918,126.56828410811,126.68694383347,32842299.620194
2015-03-25,126.5414177552,126.80649910392,123.39536782934,123.39536782934,51655100.958626
2015-03-26,122.76848626142,124.86450956101,122.61400473218,124.23270249506,47572798.445741
2015-03-27,124.58644280839,124.67510177299,122.90550466126,123.25387170401,39546099.819561
2015-03-30,124.04822020507,126.40081717496,124.00433849532,126.36499537108,47099599.271958
2015-03-31,126.08692861846,126.48858059447,124.35763103609,124.42345360073,42090552.363114
2015-04-01,124.8080902199,125.13003868228,123.08640477086,124.24613567151,40621399.548402
2015-04-02,125.02705099612,125.56616914453,124.18076087943,125.31407319972,32220100.691465
2015-04-06,124.45479767912,127.51263641293,124.32180923221,127.33531848371,37193901.357429
2015-04-07,127.64472931474,128.13504025536,125.97185107349,126.00767287737,34991779.089612
2015-04-08,125.87468443046,126.40081717496,124.96167620404,125.61005085429,37329201.076451
2015-04-09,125.87468443046,126.5857472375,124.63927996911,126.56828410811,32438579.917859
2015-04-10,125.94095476764,127.2032255819,125.25720608606,127.08456585655,40187899.101258
2015-04-13,128.35086662374,128.57072294506,126.61127027277,126.83336545683,36365100.214457
2015-04-14,126.99590689194,127.28248132299,125.91856614021,126.30275498684,25524501.084145
2015-04-15,126.40977262593,127.11546216239,126.00767287737,126.77560279807,28946010.073662
2015-04-16,126.27633640648,127.08456585655,126.1048395204,126.17558758306,28368981.622817
2015-04-17,125.55721369356,126.14021355173,124.44584222815,124.7324166592,51956999.099654
2015-04-20,125.55721369356,128.13504025536,125.17033821165,127.60487755792,47045631.247164
2015-04-21,128.10817390245,128.19235514157,126.66455520604,126.89426252343,32402451.307354
2015-04-22,126.99590689194,128.85416296827,126.31171043781,128.60206702346,37620578.920924
2015-04-23,128.29310396499,130.4298745665,128.14399570633,129.69239317909,45770900.13224
2015-04-24,130.4733085037,130.609879131,129.23297854432,130.29643834704,44525908.669834
2015-04-27,132.29977272909,133.15143611636,131.12168315395,132.65306526987,96954200.394952
2015-04-28,134.4669918639,134.5556508285,129.58582331255,130.53913106833,118923968.37792
2015-04-29,130.18673407265,131.58512774166,128.29310396499,128.62445565089,63385999.865739
2015-04-30,127.50368096195,127.89145198897,124.56853190644,125.14347185874,83195401.825358
2015-05-01,126.09588406943,130.16434544523,125.29616229778,128.94192638778,58512599.727117
2015-05-04,129.50656757146,130.5480865193,128.26220765914,128.69072598807,50988201.656757
2015-05-05,128.14847343182,128.43952558835,125.79677200702,125.82274281483,49271400.342003
2015-05-06,126.56828410811,126.74470649222,123.37790469995,125.00555791379,72092405.412341
2015-05-07,124.761594663,126.0846095254,124.01558729368,125.27349930137,43567809.378676
2015-05-08,126.67410249746,127.6154184309,126.10244592395,127.6154184309,55550299.644786
2015-05-11,127.39469299885,127.56636833489,125.62443044283,126.30578086741,42035700.084056
2015-05-12,125.59366265533,126.87699153095,124.81911704832,125.86611364317,48160029.258345
2015-05-13,126.14659101036,127.20116807459,125.87503184244,126.01504757106,34694236.859979
2015-05-14,127.41654258707,128.9678633509,127.17040028709,128.9678633509,45203400.550251
2015-05-15,129.09138041086,129.5359526447,128.21204596237,128.78325662592,38193796.024197
2015-05-18,128.37435718917,130.70379083972,128.35295351091,130.16334796367,50824163.941618
2015-05-19,130.67302305222,130.86298069677,129.66705017404,130.04473591332,44633239.7091
2015-05-20,129.97472804901,130.96732362828,129.38077597732,130.03581771404,36454929.968126
2015-05-21,130.04473591332,131.61835217533,129.83382050047,131.40654494256,39730299.479431
2015-05-22,131.60987988602,132.95831161635,131.41947633151,132.55431718921,45595899.741196
2015-05-26,132.59757045569,132.89677604136,129.14399778658,129.64520058581,70662474.630912
2015-05-27,130.29533731294,132.26848890246,130.0228863251,132.04820938037,45833199.888325
2015-05-28,131.84665807677,131.94787963853,131.09975888751,131.75836790395,30721059.438319
2015-05-29,131.23130232681,131.46406732788,129.89624789539,130.25163813649,50884399.420043
2015-06-01,131.21391183823,131.40654494256,130.0228863251,130.51561683502,32112794.879267
2015-06-02,129.86503419793,130.62887796581,129.3589263891,129.94396026151,33637567.71526
2015-06-03,130.64180935476,130.92362445184,129.89624789539,130.08843508976,30983500.759477
2015-06-04,129.61398688835,130.55931601147,128.92505599438,129.40262556554,38450099.559204
2015-06-05,129.57073362187,129.71966754976,128.35295351091,128.65171318661,35626798.663528
2015-06-08,128.91613779511,129.23674705903,126.81902323567,127.79066104664,52674701.420285
2015-06-09,126.68747979637,128.06712522416,125.61551224355,127.42947397602,56049888.84018
2015-06-10,127.92309630587,129.38077597732,127.82544202382,128.9027604962,39078226.810847
2015-06-11,129.20597927154,130.15041657472,128.46353918192,128.58170532231,35390892.744048
2015-06-12,128.1772649852,128.31817253374,127.1137697217,127.17931848637,36818000.123914
2015-06-15,126.09352772467,127.24575907096,125.71182879572,126.9206907074,43988901.113043
2015-06-16,127.02191226917,127.82544202382,126.3575064232,127.61095933126,31494099.800803
2015-06-17,127.71530226277,127.86066891095,126.73117897281,127.31219965556,32918000.030983
2015-06-18,127.24575907096,128.30033613519,127.23238177205,127.86066891095,35407200.520486
2015-06-19,127.737151851,127.80403834556,126.39273331034,126.58670414456,54716800.4404
2015-06-22,127.50037366025,128.04482972597,127.08701512387,127.61095933126,34039300.384564
2015-06-23,127.49145546098,127.61095933126,126.87699153095,127.03484365812,30268862.769934
2015-06-24,127.22346357278,129.80706590265,127.12670111065,128.09833892162,55280798.153961
2015-06-25,128.88046499801,129.22782885976,127.5133050492,127.5133050492,31938103.335378
2015-06-26,127.65911760734,127.9792809613,126.49841397174,126.74411036176,44066799.574223
2015-06-29,125.44785009719,126.46764618425,124.47710410614,124.5292755719,49161399.571448
2015-06-30,125.56244895787,126.1153773129,124.8637080447,125.41708230969,44370683.118034
2015-07-01,126.89393610958,126.93808119599,125.99765708247,126.58670414456,30238799.750288
2015-07-02,126.42350109784,126.68747979637,125.77737756039,126.43643248679,27210900.600659
2015-07-06,124.93906682857,126.22640889387,124.85033074578,126.00612937178,28060397.877707
2015-07-07,125.89688143067,126.14659101036,123.76008088446,125.69443830713,46946798.687154
2015-07-08,124.47710410614,124.63629396319,122.53026120448,122.56593400158,60761600.331012
2015-07-09,123.84881696724,124.05036827085,119.2126910743,120.08310732351,78595000.225054
2015-07-10,121.94121414239,123.84881696724,121.19030176346,123.29098360261,61354398.253235
2015-07-13,125.03493747077,125.75106887253,124.30230740036,125.65921142,41440498.986108
2015-07-14,126.05027445819,126.3575064232,125.04385567005,125.60703995424,31759293.919835
2015-07-15,125.72030108503,127.15702298818,125.57136715714,126.80564593676,33629930.074757
2015-07-16,127.75944734918,128.56386892376,127.35946611171,128.49386105945,36222402.084847
2015-07-17,129.0994067902,129.64520058581,128.30033613519,129.64520058581,46164699.545256
2015-07-20,130.95885133897,132.95831161635,130.68595444117,132.06559986896,58900200.569835
2015-07-21,132.839699566,132.90524833067,130.28196001402,130.73901772685,76756399.236784
2015-07-22,121.99873652771,125.49244109356,121.99873652771,125.22890830499,115450601.43745
2015-07-23,126.19118200673,127.09593332315,125.0652593483,125.16648091007,50999401.335611
2015-07-24,125.34216943578,125.74215067325,123.89340796361,124.4936027748,42162300.080897
2015-07-27,123.11440325697,123.61159286653,122.13875225632,122.7759575945,44455497.549368
2015-07-28,123.39175925441,123.9058934426,122.54363850339,123.39175925441,33618001.209217
2015-07-29,123.18084384157,123.51037130477,122.26672841591,123.01407351513,37011652.894704
2015-07-30,122.314886692,122.56593400158,121.69953094204,122.37240907732,33628198.110767
2015-07-31,122.5877835898,122.63148276625,120.91740486565,121.28706422559,42884898.421831
2015-08-03,121.4935205388,122.56593400158,117.52046276193,118.40425631005,69944262.152952
2015-08-04,117.41968711013,117.69659719761,113.25355031896,114.65504533498,124138601.96464
2015-08-05,112.95389882333,117.44153669835,112.09775169297,115.39837724452,99312601.201376
2015-08-06,115.9588387726,116.50616829139,114.12508512933,115.12696892813,52877683.905385
2015-08-07,114.58141501199,116.25669611819,114.49263487918,115.52115271783,38670399.234534
2015-08-10,116.53102672858,119.9961153123,116.53102672858,119.74664313909,54951498.329457
2015-08-11,117.78327050192,118.15481535775,113.32162492737,113.49519008702,97027311.708104
2015-08-12,112.53325734798,115.4115092538,109.62393239568,115.23750019349,101685600.52671
2015-08-13,116.03740919014,116.39608092671,114.53702494559,115.13584694142,48535700.087801
2015-08-14,114.32350872617,116.30818859522,114.02565138058,115.95040465998,42929500.31961
2015-08-17,116.03740919014,117.66031001797,115.49895768462,117.15337545961,40884700.269795
2015-08-18,116.43114907917,117.45966691781,116.00234103768,116.50616829139,34560700.719375
2015-08-19,116.09866748178,116.52303651663,114.67241464813,115.00933525216,48286498.61334
2015-08-20,114.09445598351,114.34481595805,111.62814389395,112.64378861334,68501598.806606
2015-08-21,110.42872429963,111.88560627911,105.65235315426,105.77930874418,128275398.77531
2015-08-24,94.86379141474,108.83290141231,91.993973621537,103.12833397837,162164264.72592
2015-08-25,111.11188742164,111.11188742164,103.49144472157,103.73603398747,103601599.91316
2015-08-26,107.05641095471,109.87384846955,105.03977023784,109.68519068732,96774601.791043
2015-08-27,112.22740979044,113.2248545826,110.01811618537,112.90524610447,84615998.894319
2015-08-28,112.17414171075,113.29942989416,111.5398076618,113.27723486096,53164397.601268
2015-08-31,112.02232768364,114.52814693231,111.99169853782,112.75121257404,56229200.855968
2015-09-01,110.15794489455,111.86785025254,107.34494638635,107.71693514284,76845799.209579
2015-09-02,110.24494942471,112.33705325446,109.12099294329,112.33705325446,61888798.606902
2015-09-03,112.48886728158,112.77340760724,110.03498441061,110.3772318226,53233899.41214
2015-09-04,108.98959834672,110.45491443881,108.53060506008,109.25238753985,49996299.389585
2015-09-08,111.64545601985,112.56832550044,110.33328565686,112.30642410864,54843599.189228
2015-09-09,113.77973041269,114.0389684005,109.76420500552,110.15794489455,85010798.033374
2015-09-10,110.28889559045,113.26835684768,109.88716548947,112.57720351373,62876031.417017
2015-09-11,111.77196770911,114.21342136148,111.74178246395,114.21342136148,49915400.434241
2015-09-14,116.58873381491,116.89058626648,114.86107243036,115.30275359111,58363401.537979
2015-09-15,115.93708764006,116.53102672858,114.41362056098,116.28599356202,43341097.811548
2015-09-16,116.25669611819,116.5443437485,115.43370428701,116.40495893999,37173401.248746
2015-09-17,115.67429844693,116.49285127147,113.73622814761,113.93332004245,64112640.966029
2015-09-18,112.20521475724,114.30131369297,111.85453323262,113.45168782194,74285198.85007
2015-09-21,113.69272588253,115.35513386947,113.67985276327,115.206427147,50221899.412532
2015-09-22,113.37356130506,114.19122632828,112.5243793347,113.39930754358,50346101.299267
2015-09-23,113.64966751811,114.71502911188,113.28611287424,114.32350872617,35756719.430259
2015-09-24,113.23373259588,115.49895768462,112.36768240029,115.00045723887,50144467.223797
2015-09-25,116.44002709245,116.69793337827,114.0389684005,114.70659499926,56151897.52489
2015-09-28,113.85430572425,114.57253699871,112.44492111583,112.44492111583,52087907.20898
2015-09-29,112.80403675306,113.51738512022,107.86031505733,109.07305167157,73365295.968517
2015-09-30,110.17969602709,111.5398076618,108.75832610074,110.31109062366,66472999.228162
2015-10-01,109.08192968485,109.61105927642,107.29256610799,109.56800091201,63929100.803568
2015-10-02,108.00635837581,111.01112197089,107.55446749979,110.38566593522,58019700.317526
2015-10-05,109.86053144963,111.38311072738,109.08192968485,110.77940582425,52056827.958335
2015-10-06,110.6391332144,111.72846544403,109.75577089291,111.31696952844,48856899.201795
2015-10-07,111.72846544403,111.75509948387,109.39221624903,110.77940582425,46765554.05378
2015-10-08,110.2018910603,110.2018910603,108.21499168793,109.48010858052,61979499.530012
2015-10-09,109.99192604619,112.27135595618,109.48010858052,112.11687852509,52733501.872826
2015-10-12,112.72990534216,112.75121257404,111.43993001238,111.6015098541,30459610.661714
2015-10-13,110.82290808933,112.45379912911,110.69195739343,111.77196770911,33049199.263507
2015-10-14,111.2952183959,111.51406142328,109.5458058788,110.22364219283,44462448.015077
2015-10-15,110.94586857327,112.09557129321,110.49886060456,111.84565521934,37673398.247998
2015-10-16,111.76353359649,111.99169853782,110.5428067703,111.04130721605,39232598.663822
2015-10-19,110.80515206276,111.74178246395,110.11399872881,111.71958743075,29759154.399382
2015-10-20,111.34804257492,114.182348315,110.82290808933,113.79304743261,48967762.969262
2015-10-21,114.0167733673,115.58685001611,113.72335502835,113.77973041269,42326901.536476
2015-10-22,114.32350872617,115.49895768462,114.11221201007,115.49895768462,41654002.1151
2015-10-23,116.70681139155,119.23970858073,116.33038362842,119.08212384498,59366900.599948
2015-10-26,118.05893281431,118.11042529134,114.92277462266,115.2805585579,66333700.044797
2015-10-27,115.3893142206,116.5443437485,114.00833925468,114.54590295887,69884400.297313
2015-10-28,116.93408853156,119.31339609096,116.05472131604,119.28321084581,85551296.661605
2015-10-29,118.6928229626,120.67483942766,118.25069790118,120.52124979789,51227298.449131
2015-10-30,120.97225287259,121.21728603915,119.46299061475,119.50649287983,49365199.635347
2015-11-02,119.87892553699,121.36110985431,119.62856556245,121.17333987341,32196525.61231
2015-11-03,120.78315118969,123.49138914118,120.68371744094,122.59071469378,45518976.28359
2015-11-04,123.12872229863,123.80167570536,121.63233316006,121.99144879729,44853738.260981
2015-11-05,121.86354689927,122.69054504311,120.16048765384,120.93135070186,39552595.072973
2015-11-06,121.12274043798,121.81934603643,120.61266248075,121.07898158377,33042200.897942
2015-11-09,120.97555156471,121.81934603643,120.04247135004,120.55652738493,33871383.127443
2015-11-10,116.9148182951,118.06934483262,116.0696977975,116.77160749948,59127898.456222
2015-11-11,116.37954584604,117.38113739812,115.22457729989,116.12185481566,45217898.27929
2015-11-12,116.27920988739,116.82685857804,115.6471375487,115.72581508456,32525499.672451
2015-11-13,115.21175904967,115.56006184889,112.27063363594,112.32323266272,45812401.153406
2015-11-16,111.36893603389,114.23934006707,110.99543874285,114.17524881594,38106698.412007
2015-11-17,114.90633108741,115.05086790891,113.32570823206,113.70450962664,27616901.829941
2015-11-18,115.76957393878,117.45495283907,115.48624640794,117.26356310295,46674601.064148
2015-11-19,117.61584397983,119.74632556898,116.76320933554,118.79247094877,43295816.570226
2015-11-20,119.22342936152,119.91163679602,118.86186630344,119.3242073288,34286999.448424
2015-11-23,119.29326672481,119.73792740504,117.29406169832,117.72546211969,32482500.511854
2015-11-24,117.29406169832,119.36796618302,117.1415687215,118.88838682115,42795700.54133
2015-11-25,119.23624761174,119.2495078706,117.90845369187,118.02558597841,21388300.570211
2015-11-27,118.30051534531,118.41764763185,117.57296914287,117.78601730178,13046400.519759
2015-11-30,117.98226913282,119.41128302861,117.72546211969,118.30935551787,39180297.815846
2015-12-01,118.76241436204,118.81810744922,116.87105944089,117.29406169832,34852361.714935
2015-12-02,117.06775328055,118.09984342799,116.09179822892,116.2964482239,33369035.467904
2015-12-03,116.53601690052,116.7968019913,114.21768164428,115.21175904967,41561709.019699
2015-12-04,115.29883474947,119.26718821573,115.11628518592,119.04087979797,57776899.942711
2015-12-07,118.98828077118,119.85947977786,117.78601730178,118.28725508645,32084201.047394
2015-12-08,117.48987152072,118.60947937659,116.87105944089,118.23023597338,34309395.165075
2015-12-09,117.61584397983,117.65960283405,115.08136650428,115.61708096196,46361299.035442
2015-12-10,116.04759736608,116.95901915795,115.49906465816,116.17887392873,29212698.732067
2015-12-11,115.2029188771,115.38591044928,112.8386147235,113.19531568666,46886099.424094
2015-12-14,112.17648579808,112.66269528937,109.80997160133,112.46821149286,64983042.300477
2015-12-15,111.94443126814,112.78557368809,110.35054815393,110.49420095818,53323098.878045
2015-12-16,111.07279025283,112.00056636395,108.78672162646,111.33048128321,56238399.659632
2015-12-17,112.01824670909,112.24941722177,108.96927119001,108.96927119001,44772798.823453
2015-12-18,108.89545574906,109.5142678289,105.81553962599,106.04626813005,96453297.188156
2015-12-21,107.27063203087,107.36610589461,105.56757278543,107.32367306628,47590601.282098
2015-12-22,107.40058256763,107.7325310476,106.43877179211,107.23659736647,32785424.688851
2015-12-23,107.27063203087,108.82959646342,107.20609877111,108.61699031314,32657301.624381
2015-12-24,108.99137162144,108.99137162144,107.96325955165,108.05033525146,13596678.465352
2015-12-28,107.58887824335,107.70203245224,106.1775446927,106.80033485019,26704208.108528
2015-12-29,106.95680590466,109.41879396515,106.84409370441,108.72616644436,30931240.070631
2015-12-30,108.58604970914,108.69964592666,107.18399833969,107.31483289371,22246435.175697
2015-12-31,107.00984694008,107.03150536287,104.81350606529,105.27628909928,38829501.496456
2016-01-04,102.60920903519,105.38855929091,102.01293939541,105.36645885949,62829423.482379
2016-01-05,105.7457022627,105.85532040256,102.41428323004,102.71042901111,52724006.953242
2016-01-06,100.56226707682,102.37450245348,99.866545495633,100.70238381204,67247040.864261
2016-01-07,98.681078354119,100.12733058642,96.433464478431,96.45070281494,76620391.367602
2016-01-08,98.554221877753,99.112036766862,96.75966684623,96.955918677263,69571775.572708
2016-01-11,98.967941953986,99.059879748704,97.329857976935,98.532563454959,49739378.79199
2016-01-12,100.55342690425,100.69354363947,98.846831589789,99.956715255837,46971622.641439
2016-01-13,100.31827831391,101.18152116528,97.296265321173,97.382457003721,61262943.655002
2016-01-14,97.95751022934,100.48447355821,95.740394949015,99.526198851723,61661973.874427
2016-01-15,96.207156060662,97.705565311121,95.361151545801,97.125207981961,78317841.941416
2016-01-19,98.406590995849,98.654557836412,95.505246358677,96.659772896199,53087698.722252
2016-01-20,95.099482437757,98.188238733393,93.426921787687,96.790165441593,69638022.469522
2016-01-21,97.055812627294,97.879274702104,94.939475314256,96.306165993436,46543142.996908
2016-01-22,98.632899413618,101.45645053218,98.371672314201,101.41666975562,64299278.725415
2016-01-25,101.51744772291,101.52628789548,99.216792811805,99.443101229574,49632485.856064
2016-01-26,99.926216660474,100.87653521165,98.071548455481,99.987213851201,60602648.852566
2016-01-27,96.04493889402,96.628832292207,93.344708182794,93.426921787687,131111242.33638
2016-01-28,93.788926854391,94.512052970541,92.391295571219,94.08065254917,55090535.415953
2016-01-29,94.781678233898,97.329857976935,94.33790157093,97.329857976935,61618000.977183
2016-02-01,96.46794115145,96.715907992013,95.400490313734,96.433464478431,38456733.88652
2016-02-02,95.422590745156,96.04493889402,94.268506216263,94.472714202609,35337687.534819
2016-02-03,95.000030496354,96.838344382094,94.071812376601,96.354344933937,44449439.977496
2016-02-04,95.860259247665,97.32947968878,95.18895475527,96.592231729549,45429734.342465
2016-02-05,96.514858061794,96.913156601486,93.681487103389,94.010764814459,43159408.528819
2016-02-08,93.135035574871,95.709028897053,93.044473213749,95.015743249046,52718341.812742
2016-02-09,94.28333114405,95.943348015879,93.923719438235,94.994201716546,41969872.798243
2016-02-10,95.921806483379,96.350878640928,94.097810190683,94.26574621956,41152346.398945
2016-02-11,93.776885318746,94.721195763844,92.5938595237,93.690279565634,45955534.496193
2016-02-12,94.183097074458,94.499625715273,93.014578842117,93.984827050837,39297884.981208
2016-02-16,95.024535711291,96.843696149752,94.608212623997,96.631797809651,45474576.161402
2016-02-17,96.66696765863,98.213122144389,96.150850124857,98.126516391277,42397048.01895
2016-02-18,98.841343571784,98.89365872214,96.09457836649,96.259437033581,37057373.796582
2016-02-19,95.999619774246,96.757969642865,95.80838372042,96.042702839246,32591128.85786
2016-02-22,96.311312560826,96.895571676997,95.921806483379,96.874030144497,33108962.187501
2016-02-23,96.40231454506,96.492876906182,94.547544634508,94.691301392211,29721723.076248
2016-02-24,93.976034588592,96.38077301256,93.322315020687,96.103370828735,34840797.204354
2016-02-25,96.051055678378,96.757969642865,95.254018975882,96.757969642865,24699456.187831
2016-02-26,97.195394639546,98.022325713675,96.575086428172,96.904364139242,27483932.40373
2016-02-29,96.852488611997,98.230267445766,96.644986503018,96.684112960008,30137114.112147
2016-03-01,97.645129083371,100.76865129586,97.41564581878,100.52685858412,48958465.332256
2016-03-02,100.50487742851,100.88690991305,99.63442366627,100.74710976336,32372301.418353
2016-03-03,100.57477750336,101.72219382631,100.44420943902,101.51469171733,34778141.26286
2016-03-04,102.36316432396,103.74138278084,101.37884817565,103.02655560034,43771793.302283
2016-03-07,102.38910208758,102.82740633049,100.96120621902,101.87474304626,32573771.262712
2016-03-08,100.78183998922,101.76967312243,100.39189428866,101.02846855519,30427067.475495
2016-03-09,101.32037830172,101.59734086243,100.26264509366,101.12430639366,24216275.494904
2016-03-10,101.41841425575,102.23435475207,100.15010157693,101.17706116713,33513578.312192
2016-03-11,102.23435475207,102.27304158595,101.51469171733,102.25545666146,25334871.142643
2016-03-14,101.91386950325,102.9140120836,101.77802596157,102.51571354391,25076061.956248
2016-03-15,103.9625132063,105.17499374987,103.84601308156,104.59469124171,40067733.041
2016-03-16,104.62546485956,106.30262703277,104.60348370395,105.95136816609,38303493.676871
2016-03-17,105.52625261655,106.47495929277,104.95474257063,105.78211326787,34420703.73143
2016-03-18,106.33691763552,106.5048536644,105.19213905124,105.90784547798,44205169.743817
2016-03-21,105.92103417134,107.66633792695,105.1367465391,105.89509640772,35502679.147993
2016-03-22,105.25324666385,107.30276961312,105.21368058374,106.70927841159,32444374.517146
2016-03-23,106.48375175501,107.07724295654,105.88630394548,106.12018344119,25703492.117034
2016-03-24,105.48712615956,106.23668356593,104.89363495803,105.66517352002,26132956.571341
2016-03-28,105.98082291461,106.17161934532,105.05893324823,105.19213905124,18381388.455155
2016-03-29,104.89363495803,107.80525883042,104.89363495803,107.6971115448,29614349.058173
2016-03-30,108.65417106016,110.42189559448,108.59745967868,109.56463052561,44341038.624084
2016-03-31,109.72421371536,109.91061391495,108.87046563138,108.98784500235,23950157.09316
2016-04-01,108.77111080801,109.99721966806,108.19080829985,109.9844705978,25114566.983687
2016-04-04,110.42189559448,112.17687105856,110.275061475,111.11078501137,34791171.74247
2016-04-05,109.5211078375,110.72127893392,109.42087376791,109.82400816183,24789295.413522
2016-04-06,110.23153878688,110.97626033902,109.21732826694,110.95515842964,25152498.110454
2016-04-07,109.95457622617,110.42189559448,108.12618370235,108.5337143274,29499197.014092
2016-04-08,108.90123924924,109.78092509683,108.15695732021,108.6629635224,23028929.139666
2016-04-11,108.96586384674,110.60873541719,108.81507311924,109.01861862021,26483698.367452
2016-04-12,109.34789633128,110.5085013476,108.6629635224,110.43948051897,26146794.333348
2016-04-13,110.78986013943,112.3364542483,110.78986013943,112.01948598438,31930432.930118
2016-04-14,111.6216270678,112.39272600667,111.3275192057,112.07663698897,24232629.048209
2016-04-15,112.08982568233,112.29381080641,109.73740240872,109.86797047306,44021417.803233
2016-04-18,108.87925809362,108.94520156046,106.93964092241,107.49796227496,58879359.112724
2016-04-19,107.90065704577,108.01320056251,106.21514203343,106.90886730455,30791042.652286
2016-04-20,106.64905004522,108.09584970761,106.05028336634,107.13791094603,26409841.695462
2016-04-21,106.92645222904,106.92645222904,105.52625261655,105.95136816609,29273353.792398
2016-04-22,105.00661809788,106.48375175501,104.63425732181,105.67836221338,32718830.74258
2016-04-25,104.99782563563,105.64758859553,104.51643832773,105.08091440385,26650228.283558
2016-04-26,103.90975843283,105.30600143731,103.90975843283,104.34850229885,39486030.685327
2016-04-27,95.999619774246,98.716050984794,95.687926987666,97.810427373574,108834208.82015
2016-04-28,97.610398857504,97.879887825308,94.243765063948,94.828903426343,79104196.370799
2016-04-29,93.984827050837,94.721195763844,92.516046232833,93.733802253746,67040191.425877
2016-05-02,93.958449664102,94.075829035071,92.40745932411,93.629611576145,47361902.548241
2016-05-03,94.196285767826,95.748155354043,93.672694641144,95.180162293025,55981516.245682
2016-05-04,95.201703825525,95.899825327767,93.811175921501,94.183097074458,38344988.992954
2016-05-05,93.996355131071,94.070638788368,92.687651874561,93.230359535524,34635339.462202
2016-05-06,93.36363315597,93.441849477478,91.856548838207,92.72260888976,42795511.673037
2016-05-09,92.993962720242,93.765201868068,92.593267933524,92.792522920158,30973138.005026
2016-05-10,93.320810812351,93.567257769504,92.115230750679,93.416068678768,32617466.036836
2016-05-11,93.471999903087,93.567257769504,92.464800902668,92.515925537396,24333552.826508
2016-05-12,92.72260888976,92.779414039458,89.47029558819,90.332859938224,74622749.372505
2016-05-13,90.001205256524,91.671713620342,90.001205256524,90.508518939598,42428721.089601
2016-05-16,92.39532383496,94.393117253578,91.655109038123,93.881433943604,59719298.233002
2016-05-17,94.548675971214,94.703797726159,93.002265011351,93.485108783786,43909851.663976
2016-05-18,94.165459692095,95.219850663033,93.890173197404,94.561347889223,41121531.910549
2016-05-19,94.643059912251,94.643059912251,93.567257769504,94.200416707294,29591776.589436
2016-05-20,94.643059912251,95.431340604986,94.527264799404,95.228589916833,30114332.645668
2016-05-23,95.866555444213,97.187930618732,95.672544009859,96.426304650086,36223800.023952
2016-05-24,97.222887633931,98.096813013904,96.839234392123,97.89843195265,29643389.005133
2016-05-25,98.674040727376,99.733238287904,98.114291521504,99.595595040558,34476719.512288
2016-05-26,99.673374399375,100.73606766142,98.639520674867,100.40834564393,54543660.468438
2016-05-27,99.439599360233,100.46864649515,99.242529187049,100.35022960616,34508466.38752
2016-05-31,99.595595040558,100.39960639013,98.815616638932,99.85777265455,38999877.08453
2016-06-01,99.014434662876,99.544033443139,98.333646791877,98.462550785423,28043105.008297
2016-06-02,97.601734286149,97.838131101432,96.627744450169,97.727142578176,38635228.789261
2016-06-03,97.790939130914,98.273345940659,97.454914822314,97.92028008715,25352136.358236
2016-06-06,97.993252856377,101.88265775995,97.550172688731,98.635151047968,22787687.892317
2016-06-07,99.251268440848,99.870881535249,98.958503438558,99.027106580885,20706298.975501
2016-06-08,99.014434662876,99.561074988049,98.682779981176,98.936655304058,19121650.180837
2016-06-09,98.501440464832,99.987987536166,98.462550785423,99.647156637976,25668794.743885
2016-06-10,98.531590890441,99.346089344576,98.480029293022,98.837027810741,25995164.027277
2016-06-13,98.687149608076,99.121490521922,97.097479341905,97.338682746777,35577666.597758
2016-06-14,97.317708537658,98.480029293022,96.744850451086,97.463654076114,30852550.592857
2016-06-15,97.820652593833,98.411863113384,97.028439236887,97.140738648214,26011405.230846
2016-06-16,96.443346194995,97.752923376885,96.064499542777,97.550172688731,30510891.216848
2016-06-17,96.61594645754,96.649592584669,95.30199964875,95.332587037049,54614693.764212
2016-06-20,95.994585512379,96.563947897431,95.035452407859,95.108862139776,33455687.030055
2016-06-21,94.944127205651,96.344155664368,94.67757996476,95.905008160932,31930326.134779
2016-06-22,96.244528171051,96.891232952231,95.353998208859,95.565051188122,26177365.624403
2016-06-23,95.935158586541,96.28341785046,95.254370715542,96.094649968386,30559306.563249
2016-06-24,92.903074480724,94.65573183026,92.653568784742,93.394220544269,63289500.073457
2016-06-27,92.993962720242,93.03678506386,91.499550320488,92.046190645661,44303087.983546
2016-06-28,92.894335226925,93.655961195571,92.145818138978,93.589105904003,38531394.294829
2016-06-29,93.966641668152,94.548675971214,93.626247732652,94.406226134278,32082305.243115
2016-06-30,94.445115813687,95.772171503176,94.302665976751,95.603066942151,33795885.640615
2016-07-01,95.491204493514,96.460824702595,95.332587037049,95.883596989122,24934480.333632
2016-07-05,95.392887888268,95.401627142067,94.462157358596,95.048561288558,27131307.481574
2016-07-06,94.600237568632,95.659435129159,94.372143044459,95.530094172923,29322846.306158
2016-07-07,95.697887845878,96.494470829724,95.62491507665,95.935158586541,23723522.253856
2016-07-08,96.486168538614,96.891232952231,96.042651408277,96.680179972968,26552684.167058
2016-07-11,96.744850451086,97.652858920878,96.736111197286,96.982121191748,22661608.020368
2016-07-12,97.170889073823,97.705294443676,97.119327476404,97.420831732495,21705755.016046
2016-07-13,97.412092478695,97.674707055377,96.839234392123,96.869384817732,21813744.327448
2016-07-14,97.390681306886,98.984284237267,97.317708537658,98.772794295313,35115443.610239
2016-07-15,98.914807169559,99.303267000957,98.501440464832,98.772794295313,29539405.298878
2016-07-18,98.695888861876,100.12868952234,98.604563659668,99.827622228941,35772693.317322
2016-07-19,99.561074988049,100.00109641687,99.341719717676,99.870881535249,22097603.574113
2016-07-20,100.00109641687,100.45990724135,99.729305623694,99.957400147867,24659185.20488
2016-07-21,99.827622228941,101.01222808149,99.129792813032,99.431297069123,30144079.807835
2016-07-22,99.259570731958,99.303267000957,98.316605246967,98.661368809367,25813490.163995
2016-07-25,98.251934768849,98.837027810741,96.92182034053,97.338682746777,38073971.488305
2016-07-26,96.817386257624,97.976211311468,96.413195769386,96.667071092268,40458055.356043
2016-07-27,104.25886086809,104.35368177182,102.74696996074,102.94185532047,89869057.473102
2016-07-28,102.83392553605,104.45330926514,102.82081665535,104.34100985381,37150526.971767
2016-07-29,104.19375342729,104.55555853459,103.6781374531,104.21560156179,24817601.247224
2016-08-01,104.41441958573,106.14916146498,104.41441958573,106.04603827014,36769157.569255
2016-08-02,106.04603827014,106.06351677774,104.0141617617,104.47865310116,31431567.304805
2016-08-03,104.82734932777,105.83935491778,104.78452698415,105.78823028305,27372737.47644
2016-08-04,105.57722628705,106.0018386163,105.28125802071,105.87275994508,25236577.119158
2016-08-05,106.29302619112,107.6372697268,106.19871618554,107.4664686568,33486906.047214
2016-08-08,107.50992948886,108.3748000469,107.15789674916,108.3748000469,25609551.570655
2016-08-09,108.23746381758,108.94370233859,108.02363652383,108.81592749233,25485813.258597
2016-08-10,108.71683679523,108.90111072317,107.75765623161,108.01494435742,22293104.25106
2016-08-11,108.5286513924,108.93066408897,107.85196623719,107.93714946803,23336275.949547
2016-08-12,107.77504056444,108.45172571965,107.77504056444,108.18574542743,17895416.242543
2016-08-15,108.14271920368,109.52607748822,108.08795855529,109.4665361483,24482213.282932
2016-08-16,109.61691062723,110.22927375099,109.21315949738,109.38091830914,32782701.628021
2016-08-17,109.09885750905,109.37266075104,108.34481207277,109.20490193928,22733566.826019
2016-08-18,109.23488991341,109.58692265311,109.03018939439,109.08147317623,18894356.390258
2016-08-19,108.77290126859,109.6773211838,108.36610788048,109.36005710975,24535224.46313
2016-08-22,108.87112274905,109.0514852021,107.85196623719,108.51561314278,24582110.127838
2016-08-23,108.60166559026,109.317030886,108.53690895049,108.85851910775,18985896.74536
2016-08-24,108.57124300782,108.75117085256,107.67203839245,108.03232869025,22521875.066717
2016-08-25,107.38910837573,107.88630029452,106.6993849709,107.55208649596,22905070.445401
2016-08-26,107.41475026664,107.95887988406,106.32736024845,106.92320825602,26799736.331176
2016-08-29,106.63549754777,107.43213459947,106.31432199883,106.82846364212,23422806.046224
2016-08-30,105.80018035553,106.52467242601,105.49204305621,105.99314644989,22339712.424532
2016-08-31,105.65458656812,106.58421376593,105.63285615209,106.11266373806,26697056.520684
2016-09-01,106.1556899618,106.81151391762,105.61112573606,106.74197658632,24530465.465426
2016-09-02,107.68942272528,108.01494435742,106.82846364212,107.72288756596,25764411.698284
2016-09-06,107.90368462734,108.30222045735,107.50992948886,107.68942272528,23245575.431104
2016-09-07,107.83067042948,108.75986301897,107.0596752687,108.36610788048,38879193.05324
2016-09-08,107.24394919664,107.26133352946,105.23953562193,105.51811955545,49662101.427601
2016-09-09,104.62673788985,105.71977781622,103.12820840035,103.12820840035,44026393.4032
2016-09-12,102.64840081438,105.71977781622,102.52801430957,105.44901683247,40914362.326425
2016-09-13,107.50992948886,108.7941970763,107.23091094702,107.95887988406,61242897.655338
2016-09-14,108.72987504484,113.01728612778,108.61470383988,111.77908702233,106348148.68218
2016-09-15,113.8734645194,115.71142310731,113.47970938092,115.54453351219,88561719.30839
2016-09-16,115.12817874104,116.12256257862,114.05426158078,114.92738969691,70463910.714329
2016-09-19,115.19728146402,116.17819244366,113.25284383756,113.5740193865,46381917.564669
2016-09-20,113.03901654381,114.13509872842,112.51705195074,113.56532722008,33933825.700574
2016-09-21,113.86477235299,114.00254319063,112.44794922776,113.54011993749,33216542.148446
2016-09-22,114.37543712972,114.94433942142,114.01123535704,114.60186806477,29502949.648214
2016-09-23,114.43106699476,114.78701120935,111.55700217049,112.70871422014,51701616.452836
2016-09-26,111.65174678439,113.39409154176,111.55700217049,112.86734625716,28630881.208618
2016-09-27,112.98251746213,113.18026424801,112.34842392234,113.08117355091,23896289.848158
2016-09-28,113.69440589131,114.62750995568,113.4245141242,113.95951696689,28845479.032853
2016-09-29,113.1546223571,113.81001170459,111.80950960477,112.1915303186,34645537.569223
2016-09-30,112.46489895227,113.36844965084,111.80950960477,113.03901654381,33352696.007432
2016-10-03,112.70871422014,113.03901654381,112.28497110753,112.52965559204,20846025.881506
2016-10-04,113.05118557679,114.33241090598,112.62700785586,112.98251746213,29303190.012052
2016-10-05,113.40278370817,113.65963722566,112.6826377209,113.03901654381,19995559.881519
2016-10-06,113.70309805772,114.3623988801,113.12463438297,113.90779857673,28057142.53826
2016-10-07,114.33241090598,114.55884184102,113.49709371375,114.0799034717,23960081.539859
2016-10-10,115.0303918689,116.7523100352,114.71356240317,116.04954838076,35354301.726245
2016-10-11,117.71149059882,118.69283618678,116.19992285969,116.30683650657,62275786.071643
2016-10-12,117.36945385049,117.9683441163,116.7523100352,117.35685020919,36957924.49859
2016-10-13,116.79490165062,117.44203344003,115.69838485769,116.98352166177,34080889.612992
2016-10-14,117.88316088546,118.14870656936,117.14171909048,117.63891100927,34457361.466467
2016-10-17,117.35685020919,117.8397000534,116.78620948421,117.5615507282,22005005.763159
2016-10-18,118.15739873577,118.1917327931,117.45463708133,117.47549828072,22038877.87122
2016-10-19,117.27036315338,117.76755507218,113.81001170459,117.13302692407,19529217.682387
2016-10-20,116.87182732337,117.3907496582,116.33682448069,117.06957410926,23615968.017629
2016-10-21,116.81576285001,116.91919963032,116.28510609053,116.60193555627,21855236.886423
2016-10-24,117.11173111636,117.74147857294,117.00481746948,117.65586073378,22717698.7451
2016-10-25,117.93835614218,118.35427630501,117.33946587636,118.23302058356,38551729.925529
2016-10-26,114.33241090598,115.68143513319,113.31673126069,115.56626392823,64361138.001176
2016-10-27,115.35200202616,115.84832472831,114.11771439559,114.48626225148,28025673.97369
2016-10-28,113.88215668582,115.22292335493,113.44537532359,113.72395925711,34776899.297223
2016-10-31,113.65094505925,114.2463584585,113.19764858084,113.53142777107,26419399.388332
2016-11-01,113.44537532359,113.78002373047,110.52002671749,111.4961570056,43825811.647482
2016-11-02,111.41097377476,112.35711608875,111.24017270476,111.59611691935,28331710.45226
2016-11-03,110.98717071762,111.45933879363,109.55034423722,109.82707277994,26932603.882386
2016-11-04,108.53293445438,110.23222066202,108.11913880535,108.83085002615,30836999.798268
2016-11-07,110.06315681795,110.50938159308,109.45348924727,110.40431122452,31589246.248723
2016-11-08,110.29707891422,111.72396046261,109.70081538233,111.06845972704,22971207.818109
2016-11-09,109.86987922639,111.32400124071,108.05990160167,110.88512706749,55743000.503079
2016-11-10,111.10132124149,111.10132124149,105.84304654148,107.79138843756,56328067.147846
2016-11-11,107.10907962442,108.85679332703,106.5422185002,108.442997678,33718591.556621
2016-11-14,107.7187471951,107.81257546662,104.06203893608,105.72889601761,51175503.23091
2016-11-15,106.56816180108,107.68458851561,106.17166168596,107.09610797398,32264511.670078
2016-11-16,106.69614875208,110.21060124462,106.59756420874,109.9771115367,58140341.700635
2016-11-17,109.81928978968,110.33945297232,108.82220225919,109.9338727019,26500055.68615
2016-11-18,109.72243479973,110.54310788423,109.65757654753,110.0419697889,26278972.253994
2016-11-21,110.1059632644,111.99766228689,109.9987309541,111.73174345287,27311165.193665
2016-11-22,111.95485584044,112.40540449906,111.39664248318,111.80870857882,22402812.297883
2016-11-23,111.35859230855,111.51468450218,110.31826594327,111.23838834781,24716259.930389
2016-11-25,111.14412768794,111.87356683102,110.95690353326,111.79616931673,11066018.596823
2016-11-28,111.42993638597,112.4616149843,111.3923185997,111.5752188709,25104286.34409
2016-11-29,110.78654252415,112.0391715683,110.05018516751,111.45933879363,27669858.485743
2016-11-30,111.60980993874,112.19310182019,110.25384007942,110.51759697169,32957485.940516
2016-12-01,110.36107238972,110.94393188282,109.01850656918,109.48678315007,34882306.079293
2016-12-02,109.15860039394,110.07612846839,108.84382167659,109.87852699335,23860114.056631
2016-12-05,109.99008318714,110.0203503715,108.26009740679,109.10022796696,32298105.082267
2016-12-06,109.49543091703,110.34810073928,109.18454369482,109.9338727019,25188350.357768
2016-12-07,109.2519962771,111.19514951301,109.14995262698,111.03905731938,29310541.920632
2016-12-08,110.85918376661,112.4183761495,110.60364225295,112.12002818938,25883481.254313
2016-12-09,112.30379323728,114.68971214153,112.30379323728,113.95681389167,33362668.45945
2016-12-12,113.30044837941,114.97595322791,112.48193723665,113.31342002985,25917478.470168
2016-12-13,113.84655486293,115.92591042846,113.76526585351,115.17528425633,41935053.02337
2016-12-14,115.01400340253,116.20696285466,114.95433381051,115.17528425633,32359749.66664
2016-12-15,115.37158856632,116.75739322166,115.21852309113,115.81867811815,43394442.257425
2016-12-16,116.48412378572,116.51352619339,115.64918188574,115.98082374865,38704080.666073
2016-12-19,115.7983558658,117.36576362729,115.755117031,116.66270017345,26303121.378382
2016-12-20,116.75739322166,117.47256354925,116.7055066199,116.96104813357,18881226.188894
2016-12-21,116.81230654186,117.38738304469,116.7911195128,117.06784805552,21640986.727132
2016-12-22,116.36478460168,116.52606545548,115.64053411878,116.30079112617,25161555.232382
2016-12-23,115.58475602189,116.53471322244,115.58475602189,116.53471322244,13776865.929842
2016-12-27,116.53471322244,117.79209853842,116.50055454295,117.25939609369,17505183.095332
2016-12-28,117.49850685013,118.01780525607,116.20696285466,116.76993248375,19308872.310386
2016-12-29,116.45861287319,117.12319376407,116.40715865978,116.75739322166,14751067.945114
2016-12-30,116.67134794041,117.19540261818,115.42693427487,115.81867811815,30586265.937141
2017-01-03,115.7983558658,116.34316518428,114.72862709285,116.15594102959,27740160.333933
2017-01-04,115.85283679765,116.52606545548,115.755117031,116.02795407859,20520517.125575
2017-01-05,115.92591042846,116.8667874737,115.81089512789,116.62854149396,21695828.399231
2017-01-06,116.7911195128,118.17173550796,116.48412378572,117.90711383899,30922255.564689
2017-01-09,117.94516401361,119.44555158117,117.93262475152,118.9854903789,31636854.839693
2017-01-10,118.76281037968,119.39409736775,118.30793783758,119.11304494155,21185413.627367
2017-01-11,118.72951647688,119.92290831736,118.59720564239,119.7521149199,26446480.699435
2017-01-12,118.88301434042,119.3089168632,118.21367717772,119.26654280509,26670281.36485
2017-01-13,119.11304494155,119.62412796889,118.80604921448,119.04040369909,25396040.274519
2017-01-17,118.35074428403,120.23336315122,118.22232494468,119.99857627826,31924515.459078
2017-01-18,119.99857627826,120.48976944158,119.70930847344,119.99036089964,22577164.128475
2017-01-19,119.41139290167,120.09326932647,119.38112571731,119.78627359939,23842991.023519
2017-01-20,120.43399134469,120.43399134469,119.74389954128,119.99857627826,28414649.832436
2017-01-23,119.99857627826,120.81795219771,119.77805822078,120.09326932647,19461034.366336
2017-01-24,119.55235150312,120.10624097691,119.50954505667,119.96441759876,22592413.614338
2017-01-25,120.40415654868,122.10084842622,120.27573720932,121.88292469883,31671923.314758
2017-01-26,121.65678559283,122.44157044445,121.60100749594,121.93783801903,25355956.631932
2017-01-27,122.14279009598,122.35595755154,121.60100749594,121.95037728112,20119033.133687
2017-01-30,120.9286436148,121.61397914638,120.65969806234,121.61397914638,29742940.25159
2017-01-31,121.15045883732,121.38827242872,120.61689161589,121.35800524436,39910196.42385
2017-02-01,127.02142782645,130.49480342592,126.99591691391,128.74363061652,110262832.05989
2017-02-02,127.97657368717,129.38270059486,127.7759454937,128.54775869488,32126302.580317
2017-02-03,128.3172957054,129.17774851791,128.18109337578,129.05884172221,24507305.178444
2017-02-06,129.11418743076,130.50345119288,128.89237220823,130.31579464985,26115179.912392
2017-02-07,130.54539286263,132.06696745924,130.46064474642,131.51783425728,36236509.083862
2017-02-08,131.35958012191,132.20749367234,131.21948629716,132.01205413904,21462722.672708
2017-02-09,131.63677061917,132.45605357052,131.08527221629,132.43926322102,24034816.657431
2017-02-10,132.48102383389,132.94813996747,132.05695987851,132.12971805969,19321186.396813
2017-02-13,133.08375432884,133.80487831387,132.76516821008,133.30891722088,22113413.062125
2017-02-14,133.47854280303,135.08998583346,133.26672608623,135.01378347803,31059716.5015
2017-02-15,135.52825700765,136.26918499466,134.62416126522,135.51534135419,33632216.769841
2017-02-16,135.68367537099,135.88817321749,134.83597798202,135.35690933837,21537789.457702
2017-02-17,135.0985962691,135.8253170373,135.0985962691,135.73103276702,21126543.366661
2017-02-21,136.22785490357,136.76686817477,135.97255548678,136.71133086488,21932669.594004
2017-02-22,136.44010214215,137.13238116778,136.10860036993,137.1198960361,17596727.772758
2017-02-23,137.38208380141,137.46732711426,136.30362673723,136.50381936591,18607851.061035
2017-02-24,135.90108887095,136.67258390449,135.29017846214,136.67258390449,21228413.241363
2017-02-27,137.14013055986,137.42470545784,136.2777954303,136.93089697376,19137409.400415
2017-02-28,137.08975951135,137.42470545784,136.71133086488,136.99117002325,21149590.051898
2017-03-01,137.89053002608,140.15249146927,137.59346999642,139.80419934755,35000450.909158
2017-03-02,139.99879519306,140.28767530885,138.74339367643,138.94746100115,25568125.603537
2017-03-03,138.76491976554,139.83864109012,138.58237852992,139.7955889119,19980245.036333
2017-03-06,139.35860930306,139.78697847626,138.58237852992,139.33794425752,18944352.03734
2017-03-07,139.04863361995,139.97425545148,138.777835419,139.52436018918,16687407.928166
2017-03-08,138.93454534769,139.80419934755,138.80754142197,138.99008265758,17970049.650255
2017-03-09,138.72186758733,138.777835419,137.05962298661,138.667191321,20614719.553888
2017-03-10,139.25270094467,139.34655469317,138.62456966457,139.13430745459,18488215.999255
2017-03-13,139.16013876151,139.43093696246,138.80754142197,139.2014688526,17421715.489684
2017-03-14,139.30436355852,139.66040507232,138.82002655365,138.97716700412,15309064.195837
2017-03-15,139.41414661296,140.75522196422,139.00687300708,140.47107758803,25691776.722278
2017-03-16,140.72078022166,141.01740972953,140.26227452371,140.69107421869,19231998.342699
2017-03-17,141.00018885824,141.00018885824,139.8894426604,139.98631006138,37940511.906309
2017-03-20,140.41123506032,141.49270577698,140.23299904253,141.46429133936,21542038.952329
2017-03-21,142.12901697093,142.79503416785,139.74392629805,139.84682100398,39529911.858733
2017-03-22,139.84682100398,141.59000369973,139.7740628228,141.42123916115,25860164.950267
2017-03-23,141.26323766711,141.56503343637,140.61831603751,140.91537606717,20346302.705305
2017-03-24,141.49270577698,141.7350895403,140.35612827221,140.64845256226,21420936.136707
2017-03-27,139.38831530603,141.22104653246,138.60777931507,140.87275441074,22219586.319553
2017-03-28,140.90289093549,144.04311681418,140.62692647316,143.80116357264,32756257.142077
2017-03-29,143.67329860335,144.4925815547,143.18164272819,144.11070873397,28052786.181596
2017-03-30,144.18346691515,144.50119199035,143.49592362912,143.92773697658,18701495.800222
2017-03-31,143.71635078156,144.26741866266,143.01244766782,143.65177251425,18792813.131038
2017-04-03,143.7034351281,144.11070873397,143.05463880246,143.69482469246,19985713.749179
2017-04-04,143.24105473412,144.8994246388,143.15581142126,144.77285123486,19429901.221347
2017-04-05,144.21274239633,145.45565878128,143.8140792261,144.02632646468,27016363.360398
2017-04-06,144.28894475177,144.52271807945,143.44469153705,143.65177251425,20297314.010943
2017-04-07,143.72926643503,144.17055126169,143.25397038758,143.32586752519,16672199.63843
2017-04-10,143.58891633406,143.87349123203,142.89706783021,143.15581142126,16685986.397304
2017-04-11,142.93968948664,143.33835265687,140.05433250295,141.62014022448,30379376.476506
2017-04-12,141.59000369973,142.15915349568,141.00879929389,141.80225093831,19879869.627246
2017-04-13,141.91763077592,142.39249630158,141.0518514721,141.0518514721,17142108.498812
2017-04-17,141.47204073143,141.88749425117,140.86069980084,141.83238746306,15625064.931813
2017-04-18,141.40832350768,142.0575503551,141.11599921763,141.20038148692,14064019.87456
2017-04-19,141.88749425117,142.01449817689,140.46246715239,140.67858908701,16519171.144315
2017-04-20,141.22104653246,142.91816339754,141.15862087406,142.44760308969,22388887.625617
2017-04-21,142.44760308969,142.68180693916,141.85391355216,142.2861574214,16630164.366925
2017-04-24,143.49592362912,143.9488325439,143.16872707472,143.63110746871,17118458.359787
2017-04-25,143.90664140926,144.91234029226,143.86488079639,144.53520321113,18671988.582405
2017-04-26,144.46718076956,144.60666982696,143.36805865984,143.67329860335,20016924.945821
2017-04-27,143.91482132312,144.15376091219,143.29616152223,143.78867844096,14207643.037358
2017-04-28,144.08530794883,144.29712466563,143.25397038758,143.64359260039,20860358.460896
2017-05-01,145.09488152787,147.22122860971,144.96357238433,146.58491741575,33527077.14188
2017-05-02,147.55660507797,148.0779669561,146.84753570284,147.52302437896,44432691.433936
2017-05-03,145.58309322878,147.50149828986,144.26741866266,147.08044798696,45609581.71233
2017-05-04,146.5164644524,147.16569129981,145.79534046736,146.52938010586,23346292.609824
2017-05-05,146.77090282562,148.98550687279,146.77090282562,148.96398078368,27327726.235799
2017-05-08,149.02769800743,153.69498464727,149.02769800743,153.0083024048,48684135.09153
2017-05-09,153.87752588288,154.86212919856,153.44054627404,154.0045298086,39031969.341283
2017-05-10,153.62782324926,153.95028406406,152.09559622673,153.25025564635,25780579.430036
2017-05-11,152.45093864224,154.05189880719,152.30301918405,153.93827951321,27239428.068615
2017-05-12,154.68216432473,156.43919023687,154.64829291256,156.10219112341,32430848.811101
2017-05-15,156.01686946492,156.65571002351,155.05303485035,155.69616292947,25915047.703867
2017-05-16,155.94098035158,156.06831971125,154.70274442326,155.47621312641,19996232.193231
2017-05-17,153.61242795313,154.55954123764,149.70435299236,150.24972560346,50679849.952714
2017-05-18,151.25900793562,153.3504604489,151.140243617,152.54783660616,33568215.960432
2017-05-19,153.39290690212,153.97172217333,152.62029570308,153.05890905304,26888526.658262
2017-05-22,153.98801475133,154.5681162787,152.90284330584,153.97986846233,22934396.085245
2017-05-23,154.89353908673,154.89353908673,153.31744654084,153.82423146718,19908955.876394
2017-05-24,153.85810287935,154.14965427522,152.66231340425,153.3504604489,19206944.543566
2017-05-25,153.75220112232,154.34345020306,153.02589514497,153.88768677099,19219079.762433
2017-05-26,153.98801475133,154.22554338855,153.31744654084,153.62529051471,21891999.210083
2017-05-30,153.43535335535,154.4283431095,153.3423141599,153.68788831441,20119006.882386
2017-05-31,153.95885961175,154.14965427522,152.37933704944,152.74677755864,24455800.812814
2017-06-01,153.17381460317,153.3423141599,152.2181262776,153.18153214012,16384406.920121
2017-06-02,153.60385291207,155.46377931688,152.88569322373,155.46377931688,27704229.108574
2017-06-05,154.33101639353,154.44463568751,153.47779980857,153.93013322421,25284643.258524
2017-06-06,153.89626181205,155.80935347139,153.80751013713,154.44463568751,26593989.992625
2017-06-07,155.01959219024,155.98299805275,154.46607329014,155.37931516249,21020366.531923
2017-06-08,155.25197580282,155.54738596716,154.39447169733,154.98657828217,21146644.178067
2017-06-09,155.18894925107,155.18894925107,146.02480287571,148.96904322191,64788621.820466
2017-06-12,145.74139776885,146.09511821236,142.49574472957,145.41168744029,72202820.259058
2017-06-13,147.16099581548,147.43925589772,145.14543241553,146.61605195645,34096538.095686
2017-06-14,147.49027739199,147.49027739199,143.83130737387,145.14543241553,31455994.70294
2017-06-15,143.31508990237,144.48129548583,142.20805210218,144.303792136,31662421.936194
2017-06-16,143.78071463165,144.49844556794,142.19561829265,142.26764863751,50267758.864475
2017-06-19,143.65337527198,146.75882639001,143.65337527198,146.34979693169,32466319.661683
2017-06-20,146.8823069812,146.8823069812,144.93405765353,145.00523049429,24886168.66486
2017-06-21,145.52059046169,146.07453811383,144.60434732497,145.87130964083,21265751.712767
2017-06-22,145.77484042896,146.72924249837,145.11113225131,145.63592476387,19086116.434013
2017-06-23,145.11970729237,147.16099581548,145.10255721026,146.28634162789,35423677.397662
2017-06-26,147.16957085654,148.28089617725,145.36966973912,145.8198593945,25679184.343324
2017-06-27,145.00523049429,146.16757730928,143.61135757081,143.72926438532,24731397.394203
2017-06-28,144.48987052689,146.116555815,143.15516538669,145.82843443556,22056058.599536
2017-06-29,144.69781527247,145.11970729237,142.27622367857,143.67438412257,31454522.756635
2017-06-30,144.44828157777,144.95120773564,143.78071463165,144.02510330171,23004119.599823
2017-07-03,144.8663148292,145.28434808062,143.09556885136,143.49302200426,14277846.976631
2017-07-05,143.68724668415,144.78142192275,142.71955330111,144.0932748781,21551199.675562
2017-07-06,143.01153344903,143.49302200426,142.41170932724,142.71955330111,24110716.517466
2017-07-07,142.897485403,144.73940422159,142.897485403,144.19060159407,18719095.45069
2017-07-10,144.11471248074,145.94848501032,143.36568264459,145.06096826114,21080737.321601
2017-07-11,144.72268289153,145.85415955872,144.38911379449,145.52916550274,19722787.205039
2017-07-12,145.87130964083,146.18001111881,144.81572208697,145.74139776885,24863460.668624
2017-07-13,145.49572284263,148.47940837767,145.4369838114,147.7642499537,25081481.315759
2017-07-14,147.96447716233,149.33605497906,147.32520785169,149.03678604624,20117227.765539
2017-07-17,148.80054366518,150.91686379753,148.56387253206,149.5688673437,23770580.53662
2017-07-18,149.20528560297,150.12624501226,148.65991299188,150.08465606315,17850366.78195
2017-07-19,150.47310542293,151.41936120334,149.94488289395,151.02705307508,20910668.631472
2017-07-20,151.49182030026,151.73620897032,150.18198277912,150.33761977427,17200437.298892
2017-07-21,149.98732934718,150.43108772177,148.86785773746,150.26258816504,25121232.029233
2017-07-24,150.58372345254,152.43807608066,149.90286519278,152.09550319052,21469191.438459
2017-07-25,151.80009302618,153.85810287935,151.80009302618,152.73391499706,18830022.73301
2017-07-26,153.35903548996,153.93013322421,153.05890905304,153.47779980857,15734376.213058
2017-07-27,153.77363872496,153.97986846233,147.29133643952,150.55799832938,32434021.973751
2017-07-28,149.8900026312,150.22442923234,149.19285179344,149.51398708095,17196258.193536
2017-07-31,149.90286519278,150.32904473321,148.11925665337,148.71565075874,19713817.218831
2017-08-01,149.09638258157,150.21585419129,148.40652052871,150.05078465098,34136713.763393
2017-08-02,159.30882772589,159.74358230737,156.16093015464,157.13205355411,69736735.273033
2017-08-03,157.03944311071,157.20451265102,155.01959219024,155.56839481775,26624774.684886
2017-08-04,156.0768947523,157.37729972828,155.68758788841,156.40617632881,20521045.540619
2017-08-07,157.0523056723,158.94524598516,156.67629012204,158.82691041861,21829586.447675
2017-08-08,158.61167688813,161.83546357271,158.28625408009,160.04799626482,36133179.773342
2017-08-09,159.28824762736,161.27765715209,159.13947066506,161.06628239009,26064478.825164
2017-08-10,159.89387263158,159.99338109548,154.63188214379,155.32246234173,39658539.811766
2017-08-11,156.58959372532,158.6015438258,156.07582255766,157.4894406499,26237147.691745
2017-08-14,159.32159219544,160.20478319688,158.74803053445,159.83920703768,22075126.739078
2017-08-15,160.65961802113,162.18214022622,160.12919093032,161.5846623679,29380212.843761
2017-08-16,161.92973892939,162.51525868905,160.14200317889,160.95045606367,27623605.962723
2017-08-17,160.53320383523,160.7100128655,157.84348578539,157.86911028253,27496491.038978
2017-08-18,157.86911028253,159.47619332819,156.7036227376,157.506523648,27398404.977573
2017-08-21,157.506523648,157.89857845425,155.10849779061,157.20330043184,26340865.551472
2017-08-22,158.24792576526,159.99338109548,158.03310706423,159.76660429578,21568837.154978
2017-08-23,159.06790967375,160.47811116638,158.87444472034,159.97672517233,19378689.044267
2017-08-24,160.43625782105,160.74289763683,158.58019007818,159.26607245164,19803306.079301
2017-08-25,159.62865908618,160.56267200695,159.26607245164,159.8515922113,25467661.918348
2017-08-28,160.12919093032,161.99337309729,159.92334080329,161.45098790781,25698065.503154
2017-08-29,160.09929568366,163.15928771717,159.99338109548,162.93678166701,29457848.162382
2017-08-30,163.79050449673,163.88317976139,162.62074620227,163.36983566868,27223123.567156
2017-08-31,163.63974703856,164.50201136733,163.49624985457,163.98909434957,26746233.038025
2017-09-01,164.78430791083,164.93079461948,163.62693478999,164.03052061995,16575669.121325
2017-09-05,163.74822407645,164.23252707241,160.56267200695,162.06981951375,29505378.929262
2017-09-06,162.7253795656,163.02048835766,160.53320383523,161.90027075768,21612364.643298
2017-09-07,162.0783610128,162.23765997002,160.36408215411,161.2656373785,21907296.479759
2017-09-08,160.85692664911,161.15160836622,158.55883633056,158.65663649465,28425331.978552
2017-09-11,160.50800641305,162.03608059252,159.88148745796,161.48387267914,31516876.431731
2017-09-12,162.62074620227,163.94681392929,158.76938428207,160.85692664911,71607413.950197
2017-09-13,159.86440445987,159.95622557462,157.91950512691,159.62865908618,44868012.968194
2017-09-14,158.98463005805,159.37967438896,158.0997307568,158.29832060964,23639905.933778
2017-09-15,158.49562923762,160.97052858643,158.00790964204,159.87294595892,48849126.331744
2017-09-18,160.11210793223,160.50800641305,158.00790964204,158.69848983998,28159416.828582
2017-09-19,159.48900557676,159.75379204721,158.46189031638,158.7394890354,20594332.568091
2017-09-20,157.91139070282,158.2816646865,153.82428340892,156.07582255766,52199167.564927
2017-09-21,155.81445268682,155.81445268682,152.75915847778,153.37756300877,37369911.329474
2017-09-22,152.01049608633,152.26247030821,150.57467009656,151.8960399991,46583291.740657
2017-09-25,149.99470231128,151.83325998111,149.16062492936,150.56185784799,44368819.09407
2017-09-26,151.78329221168,153.90414642501,151.68591912255,153.16359845765,36626224.072098
2017-09-27,153.79054448768,154.71687005931,153.52148726771,154.22402556431,25403369.456686
2017-09-28,153.86998042882,154.27911823316,152.70919070836,153.28574189402,21984309.425191
2017-09-29,153.23534704964,154.11853805108,151.99341308824,154.10999655203,26265064.571287
2017-10-02,154.25349373602,154.45507311353,152.73011738102,153.79908598673,18682698.098484
2017-10-03,153.99297801509,155.08714404299,153.89133417644,154.46361461257,16219180.174442
2017-10-04,153.61416253237,153.84051225711,152.46020601114,153.45785309981,20115962.673345
2017-10-05,154.16893289546,155.44930360257,154.03483136042,155.39421093372,21265357.872735
2017-10-06,154.96841720624,155.49158402286,154.56056062675,155.29683784459,17385745.661998
2017-10-09,155.82726493539,156.71216423664,155.49158402286,155.85716018206,16243794.823328
2017-10-10,156.06343738404,158.00790964204,155.09568554204,155.91994020005,15603772.039266
2017-10-11,155.99168879205,156.959867709,155.76064124283,156.53877180599,16881574.207268
2017-10-12,156.33292167897,157.37327626287,155.74355824474,156.00877179014,16381111.937522
2017-10-13,156.71216423664,157.2797468483,156.39612877191,156.97267995757,16373804.78925
2017-10-16,157.91139070282,159.99338109548,157.66710383008,159.87294595892,24096191.180506
2017-10-17,159.76660429578,160.86546814815,159.22421910631,160.47811116638,18972354.982649
2017-10-18,160.42344557248,160.7100128655,159.58210791637,159.74567762312,16256410.875781
2017-10-19,156.73266383436,157.0691988968,155.02393695004,156.00023029109,42386837.019586
2017-10-20,156.60197889894,157.75892494483,155.97887654348,156.22743416574,23911657.998291
2017-10-23,156.87530686844,157.70895717541,155.499271372,156.16379999784,21960123.272518
2017-10-24,156.26971458602,157.42238988239,156.18515374546,157.08628189489,17638332.238215
2017-10-25,156.90007721567,157.56161631685,155.26736967288,156.39612877191,21177497.182722
2017-10-26,157.22465417945,157.83494428635,156.76170493112,157.41384838334,16932722.371965
2017-10-27,159.28742619926,163.59746661828,158.71429161322,163.08326837566,44401408.92385
2017-10-30,163.88317976139,168.07492041861,163.71961005465,166.71639499522,44700771.59848
2017-10-31,167.90280921282,169.63673351932,166.92651587177,169.05633865909,36046826.711883
2017-11-01,169.86906229339,169.93952966053,165.62137481742,166.87142320292,33637763.39791
2017-11-02,167.63802274237,168.50028707114,165.28056900545,168.11677376394,41393372.060625
2017-11-03,174.00613735672,174.27135090212,171.11398577947,172.49002127591,59398629.352959
2017-11-06,172.35591974087,174.98627437234,171.73281738541,174.25853865355,34776224.919325
2017-11-07,173.91303501711,175.12080298232,173.91303501711,174.80092384302,24337387.250272
2017-11-08,174.66639523303,176.24401010698,174.3413911943,176.24401010698,24363582.417979
2017-11-09,175.10371998423,176.1103356469,173.13832105356,175.88654837187,29427300.362918
2017-11-10,175.11013737184,175.39525263915,174.26755792515,174.66118721211,25130493.836653
2017-11-13,173.5079597876,174.48501150962,173.40285012935,173.98244265783,16958895.370744
2017-11-14,173.05603081164,173.48668252884,171.18958967367,171.3393815753,24692541.508895
2017-11-15,169.96061520799,170.30445570946,168.39631114433,169.07080024686,28999800.073349
2017-11-16,171.18958967367,171.86450432137,170.28743390246,171.11767253908,23605546.456268
2017-11-17,171.05001085623,171.39427690289,169.65464822709,170.1482806302,21886418.986822
2017-11-20,170.27509309238,170.5516974562,169.56996473725,169.96912611149,16041773.704611
2017-11-21,170.78191739592,173.70413611332,170.78191739592,173.14709747911,25050753.536478
2017-11-22,173.36582769911,174.99268690351,173.0687971669,174.95055793118,25561616.337238
2017-11-24,175.10162646834,175.5088732009,174.64416540511,174.96289874125,14026672.018159
2017-11-27,175.0475822311,175.07737039336,173.34455044036,174.08244577398,20592910.254467
2017-11-28,174.29692054223,174.85778908301,171.85173796612,173.0807124318,26403426.610185
2017-11-29,172.62665572997,172.92879280429,167.16223013655,169.48570679258,41475324.20257
2017-11-30,170.42105508744,172.13259778168,168.46312173682,171.83897161086,41490375.48355
2017-12-01,169.93976349441,171.6623703632,168.52142142581,171.06277721149,39735865.636671
2017-12-04,172.47686382834,172.61814482647,169.64188187184,169.8082700353,32514237.053296
2017-12-05,169.0495229881,171.51598282297,168.42141830966,169.65464822709,27316622.958637
2017-12-06,167.50607063802,170.19083514771,166.43369679678,169.04143762978,28400453.599871
2017-12-07,169.01633046444,170.42956599094,168.90356099304,169.31889308394,25656352.695113
2017-12-08,170.48446131853,171.0078818839,168.80653669312,169.37293732118,23295478.31845
2017-12-11,169.19676161869,172.89943018721,168.77759962121,172.66921024748,34266394.623475
2017-12-12,172.14493859176,172.38026507359,171.45342768223,171.68364762195,19392999.81045
2017-12-13,172.49728999674,173.55008875993,171.99004014802,172.27047441841,23403466.618375
2017-12-14,172.39303142884,173.13475666904,171.64151864962,172.21643018118,20442878.944664
2017-12-15,173.6343467046,174.16202272172,172.45558656958,173.98244265783,40130511.868911
2017-12-18,174.86629998651,177.17701028729,174.8492781795,176.42677414359,29387841.601401
2017-12-19,175.02673051752,175.40376354266,174.08244577398,174.51862957845,27394405.064831
2017-12-20,174.85778908301,175.43738161149,173.26071804087,174.35096477946,23456925.807507
2017-12-21,174.16202272172,176.0284638597,174.09436103888,175.00545325876,20850977.567708
2017-12-22,174.67395356736,175.43738161149,174.48501150962,175.00545325876,16340801.416466
2017-12-26,170.79851365775,171.46193858573,169.69635165425,170.56446381145,33145028.836892
2017-12-27,170.09423639297,170.78191739592,169.72528872616,170.59340088336,21480250.123644
2017-12-28,171.0078818839,171.83897161086,170.47169496328,171.09256537374,16457922.001815
2017-12-29,170.50956848386,170.58488997985,169.21803887744,169.22654978094,25945878.713054
2018-01-02,170.16104698546,172.29600712892,169.26059339495,172.25813360834,25519353.609207
2018-01-03,172.53090806557,174.53522584028,171.94748563051,172.22877099125,29466655.795435
2018-01-04,172.5389934239,173.47817162534,172.07387254752,173.04326445639,22348889.745549
2018-01-05,173.44455355651,175.3824862839,173.0687971669,174.99268690351,23596446.129848
2018-01-08,174.35096477946,175.61270622363,173.94073923067,174.3930937518,20530354.968782
2018-01-09,174.53522584028,175.06034858635,173.41136103285,174.32628315931,21533191.388916
2018-01-10,173.16369374094,174.29692054223,173.01347629413,174.28457973215,23938928.452592
2018-01-11,174.57778035779,175.49653239083,174.48501150962,175.28588752915,18653781.70058
2018-01-12,176.18761775518,177.3459517218,175.65483519596,177.06466636106,25332835.926374
2018-01-16,177.89022400075,179.39282401402,176.14548878285,176.19612865869,29517765.762772
2018-01-17,176.15399968635,179.25750064834,175.06885948985,179.10217665943,34269203.490947
2018-01-18,179.37580220701,180.10433554678,178.25534176098,179.26601155184,31090543.552691
2018-01-19,178.61662961464,179.58048943624,177.38722960378,178.46939098406,31479768.03388
2018-01-22,177.28297103588,177.77277353242,176.60337539125,176.99828131374,27063087.244185
2018-01-23,177.28297103588,179.4460171609,176.81231807223,177.03530374398,32540740.937396
2018-01-24,177.22765016312,177.28297103588,173.20582271328,174.21266259756,51378605.56168
2018-01-25,174.49352241312,174.94204702767,170.52233483911,171.12618344258,41448316.49417
2018-01-26,171.99004014802,171.99004014802,170.05210742063,171.50364201289,39091378.714837
2018-01-29,170.16104698546,170.16104698546,167.06690801732,167.96353170125,50568640.321394
2018-01-30,165.53537093215,167.37287499822,164.69704693721,166.97073480775,45704072.653516
2018-01-31,166.8605186074,168.46312173682,166.47540022394,167.43628122931,32273638.860692
2018-02-01,167.1749964918,168.63504198756,166.74732359083,167.77118528211,45923903.133273
2018-02-02,166.00474726028,166.78945256316,160.10073350098,160.4986182397,85981614.505755
2018-02-05,159.08112726145,163.85404194534,155.98656274814,156.47338642845,72244563.912564
2018-02-06,154.83759077538,163.70297340818,153.99458578351,163.03231421223,68243838.726076
2018-02-07,163.07827309114,163.39317652071,159.04836028297,159.49603380717,51483031.372617
2018-02-08,160.28925001355,160.98969737176,155.05972535678,155.16057956328,54182478.968838
2018-02-09,157.09081638503,157.88377838887,150.24108260309,156.42288045876,70600236.483554
2018-02-12,158.48517501284,163.88206339171,157.51632886598,162.69622283226,60780640.957012
2018-02-13,161.97361448563,164.76402701009,161.67270426504,164.34995759387,32484550.667044
2018-02-14,163.03019079539,167.54469173867,162.88355004,167.37431721941,40483717.06052
2018-02-15,169.77947989807,173.1081402819,169.01999945399,172.99879544117,50916264.568679
2018-02-16,172.36985069842,174.82078563599,171.76379208512,172.43172801139,40121018.718849
2018-02-20,172.04859725165,174.25244675456,171.41710960562,171.84686025869,33894602.177317
2018-02-21,172.83308291124,174.1066536336,170.99922583449,171.05813642697,37385710.272412
2018-02-22,171.79684982766,173.94348400694,171.70572912706,172.50250548581,30955131.659285
2018-02-23,173.65952647484,175.65655317825,173.53492421448,175.51415059498,33784470.265097
2018-02-26,176.34567996512,179.39419717175,176.20751555398,178.97292286292,37860929.291957
2018-02-27,179.09328695116,180.49739337484,178.18292757957,178.40034580938,38928124.033199
2018-02-28,179.26069474994,180.61818128029,178.07019220115,178.14139349278,37782138.013437
2018-03-01,178.55080091967,179.76630868397,172.66186075756,175.00896047816,48801969.126166
2018-03-02,172.8034157064,176.29566953409,172.45249505478,176.20751555398,38453950.511542
2018-03-05,175.22129290142,177.74470058226,174.52368977031,176.80085965092,28401364.447615
2018-03-06,177.92058472528,178.26726720478,176.1278379181,176.64659018571,23788506.252647
2018-03-07,174.94157354144,175.85278054745,174.26516127093,175.0382038658,31703461.106381
2018-03-08,175.49295973438,177.11829874278,175.08016176979,176.92588572848,23774105.704897
2018-03-09,177.97398569401,179.99516997851,177.38106541428,179.97440293511,32185160.985885
2018-03-12,180.30031837122,182.38931340965,180.21682638043,181.71332495636,32207081.520811
2018-03-13,182.58554077886,183.51285283893,179.23526571721,179.96592659087,31693528.994424
2018-03-14,180.32913794164,180.52197477315,177.8197162288,178.44611806828,29368356.085284
2018-03-15,178.50841919846,180.24606976807,178.08714488964,178.65590758827,22743797.620341
2018-03-16,178.65590758827,179.11023963964,177.62391267681,178.0367106414,39404689.623821
2018-03-19,177.31071175707,177.46455740506,173.65952647484,175.30520870942,33446772.087878
2018-03-20,175.25519827839,176.78390696243,174.94157354144,175.25519827839,19649348.969933
2018-03-21,175.05091838216,175.10092881319,171.24927798963,171.25775433387,37054934.419054
2018-03-22,169.99181232133,172.67881344604,168.60211568286,168.86064418224,41490768.420907
2018-03-23,168.38427363584,169.91340613709,164.95940674487,164.95940674487,41028784.116329
2018-03-26,168.06302018907,173.11661662614,166.44191935279,172.77374850155,37541234.394883
2018-03-27,173.6722409912,175.15941558846,166.91023737216,168.33002503269,40922577.717166
2018-03-28,167.2480196902,170.01300318194,165.19759201806,166.48345343957,41668543.881292
2018-03-29,167.82059674375,171.74726321385,166.88480833943,167.79559152823,38398504.674683
2018-04-02,167.8994267452,168.95303633448,164.47964566077,166.6805284432,37586789.647121
2018-04-03,167.65361276218,168.75596133085,164.89668179747,168.38427363584,30278044.481587
2018-04-04,164.89668179747,172.00621553044,164.78097969857,171.60867498549,34605490.011503
2018-04-05,172.5864212938,174.22320336693,172.08165499419,172.8034157064,26933195.901751
2018-04-06,170.96532045752,172.48597661453,168.19652261088,168.37155911948,35005290.668868
2018-04-09,169.87187205031,173.1081402819,169.82991414631,170.0469085589,29017715.77206
2018-04-10,173.01150995754,173.98162755603,171.52942116683,173.26410501595,28575455.772586
2018-04-11,172.23931499709,173.91000244719,171.6930146107,172.44401871054,22431640.406752
2018-04-12,173.40396469594,175.00896047816,173.05346786153,174.12699685978,22889284.396809
2018-04-13,174.78391353854,175.84430420321,173.83922497277,174.74195563454,25124255.683861
2018-04-16,175.0382038658,176.18251033846,174.82883816302,175.8231133426,21578419.514167
2018-04-17,176.46604405336,178.94325565808,176.38255206257,178.25455268842,26605440.926175
2018-04-18,177.8197162288,178.8178057633,176.86739895321,177.84938343365,20754537.684851
2018-04-19,174.95386424059,175.39717704444,172.66186075756,172.8034157064,34808801.244601
2018-04-20,170.60549964445,171.20774390284,165.42348659211,165.71549665125,65491139.122275
2018-04-23,166.83437409119,166.91023737216,164.09100527727,165.25226443843,36515477.328891
2018-04-24,165.66548622022,166.33003160879,161.22600092348,162.91321724485,33692016.020953
2018-04-25,162.61188320705,165.41501024787,162.40802712803,163.64430193572,28382083.022117
2018-04-26,164.11601049279,165.72397299549,163.35525859707,164.22450769909,27963013.916546
2018-04-27,163.99479877013,164.3372430775,160.6241804823,162.32834949215,35655839.519007
2018-04-30,162.15670352125,167.25649603444,161.87232217194,165.2687933097,42427422.451624
2018-05-01,166.41352359958,169.19461214537,165.28150782606,169.11069633738,53569375.315245
2018-05-02,175.22976924566,177.75232929208,173.78497636962,176.55038367856,66539370.499665
2018-05-03,175.88626210721,177.49846278203,174.44062159674,176.87587529746,34068180.781252
2018-05-04,178.26726720478,184.24351371259,178.19564209593,183.84258262994,56201315.378451
2018-05-07,185.1793021169,187.66795678635,184.74446565729,185.1581112563,42451420.533131
2018-05-08,184.97883657558,186.22358772752,183.67559864838,186.05999428365,28402777.792762
2018-05-09,186.5486555292,187.38866124358,185.2212600209,187.35051769449,23211240.646118
2018-05-10,187.7433962501,190.36640097578,187.65100409787,190.02861865774,27989287.743285
2018-05-11,189.4818924968,190.05986951777,187.45960620721,188.59065108608,26212219.50215
2018-05-14,189.01199591218,189.52284484964,187.85477530263,188.14608585374,20778772.660055
2018-05-15,186.77354874988,187.07245870667,185.11265641935,186.42735360218,23695157.747246
2018-05-16,186.07355904881,188.46610527075,185.99925374881,188.17943880089,19183062.744201
2018-05-17,187.99156460489,188.91953647639,186.35684800503,186.98928743338,17294029.837901
2018-05-18,187.19742671121,187.80495697649,186.13182115903,186.30618530049,18297727.458483
2018-05-21,187.99156460489,189.2568656508,186.90527178169,187.63312597026,18400785.991329
2018-05-22,188.38293399746,188.88576134003,186.77354874988,187.1682956561,15240704.241832
2018-05-23,186.3441823289,188.49945821791,185.75776152383,188.36224672644,20058415.065042
2018-05-24,188.77430339004,188.84438679799,186.20697083743,188.14608585374,23233974.945978
2018-05-25,188.22883493782,189.64781285417,187.64579164639,188.58220730199,17460962.813087
2018-05-29,187.60103959072,188.75741582186,186.86431942885,187.88812824978,22514075.202558
2018-05-30,187.721363514,187.99156460489,186.77354874988,187.50140293845,18690546.597933
2018-05-31,187.23035746916,188.22883493782,186.14448683516,186.86431942885,27482792.966067
2018-06-01,187.97932111796,190.26800879559,187.75513865036,190.24309963253,23442508.700655
2018-06-04,191.64476779149,193.41754026122,191.35345724038,191.83601950114,26266174.221401
2018-06-05,193.05572411296,193.94569895606,192.33926903291,193.30566012203,21565963.086649
2018-06-06,193.63370113393,194.08417701514,191.92383485567,193.98327379526,20933619.584851
2018-06-07,194.14539444979,194.20745626286,192.310560167,193.45891480326,21347179.425168
2018-06-08,191.18331499097,191.99814015567,189.77320304791,191.71147368581,26656799.320856
2018-06-11,191.35345724038,191.96563158692,190.21354638821,191.22891142505,18308459.139804
2018-06-12,191.39525397163,192.58582752834,191.16220553074,192.25651994882,16911140.606547
2018-06-13,192.39373144029,192.86827210616,190.44237293705,190.71257402794,21638393.645445
2018-06-14,191.56201870741,191.58650568127,190.22621206435,190.81305505861,21610073.16763
2018-06-15,190.03031627345,190.15992835924,188.26218788498,188.84438679799,61719159.850072
2018-06-18,187.86701878956,189.20620294626,187.20967019814,188.74939422698,18484866.066378
2018-06-19,185.14178747446,186.32307286867,183.45260846722,185.68683373748,33578454.751165
2018-06-20,186.3441823289,187.20967019814,185.72863046872,186.49025979366,20628700.134933
2018-06-21,187.26328822711,188.34958105031,184.94589168357,185.47025067556,25711899.50878
2018-06-22,186.12337737494,186.1571525113,184.69680005291,184.92478222334,27200445.623389
2018-06-25,183.40279014109,184.92478222334,180.71935555724,182.1674645287,31663095.496675
2018-06-26,182.99917726158,186.52361274081,182.54996794798,184.42659896202,24569199.991955
2018-06-27,185.23720223468,187.29284147143,184.02256389331,184.14710970864,25285328.677321
2018-06-28,184.08969197682,186.20697083743,183.79415953367,185.50824770397,17365233.221784
2018-06-29,186.28634240788,187.19742671121,182.9164281775,185.11265641935,22737664.529315
2018-07-02,183.81442461548,187.31310655324,183.42305522291,187.18940511632,17731342.535688
2018-07-03,187.7965131924,187.93752438671,183.53577974051,183.91026156491,13954805.18472
2018-07-05,185.26253358695,186.40708852037,184.26827801033,185.41241075455,16604250.002485
2018-07-06,185.42929832273,188.44541799973,185.20891555797,187.96285573898,17485246.238363
2018-07-09,189.48991409168,190.69188675692,189.29021859795,190.58845040181,19756633.78158
2018-07-10,190.72481751487,191.28295164323,190.1839931439,190.35033569047,15939147.728429
2018-07-11,188.49945821791,189.781646832,187.60948337481,187.86701878956,18831471.091892
2018-07-12,189.52284484964,191.42016313469,189.29866238204,191.05412509439,18041130.418949
2018-07-13,191.10352123131,191.84446328523,190.91733579213,191.33699186141,12519791.230002
2018-07-16,191.53246546309,192.62593550277,190.42126347683,190.92957927906,15043111.079551
2018-07-17,189.74787169564,191.87739404318,189.18509348603,191.46238205515,15534523.692153
2018-07-18,191.78282366137,191.80351093239,189.92645772915,190.40057620581,16393381.038879
2018-07-19,189.69003177462,192.52756541812,189.69003177462,191.88583782727,20286751.5525
2018-07-20,191.78282366137,192.40639711643,190.17174965696,191.44971637901,20706041.525123
2018-07-23,190.69188675692,191.95718780283,189.55197590475,191.62788022331,15989364.313253
2018-07-24,192.41864060336,193.66325437825,192.048380671,192.99324011069,18697898.988679
2018-07-25,193.05572411296,194.84453977246,192.40639711643,194.8111868253,16826483.775869
2018-07-26,194.61106914237,195.96840743486,193.61681356575,194.21969974979,19075964.079628
2018-07-27,194.98175126392,195.18989054175,190.10166624902,191.00008487621,24023971.460429
2018-07-30,191.90272539545,192.17799275679,189.06181423831,189.90534826892,21029534.638025
2018-07-31,190.29756203991,192.12775224145,189.32737124795,190.28489636377,39373038.728866
2018-08-01,199.1377817931,201.75577705025,197.29492591542,201.51344044687,67935715.299562
2018-08-02,200.58209106172,208.38288099341,200.36128610776,207.39326949805,62404011.563267
2018-08-03,207.02300956569,208.74005306043,205.47906364481,207.99235597924,33447396.212933
2018-08-06,208.00459946618,209.24879105186,207.06522848615,209.07864880244,25425385.787661
2018-08-07,209.32351854106,209.48986108763,206.7616744481,207.10238113614,25587385.666553
2018-08-08,206.04859688169,207.81756964858,204.51773882614,207.24297014124,22525486.910742
2018-08-09,207.2763230884,209.76935034102,207.19272962591,208.88317520076,23492626.988319
2018-08-10,207.37316086488,209.09009357745,206.66846537516,207.53976350006,24611201.821091
2018-08-13,207.70468328034,210.94712396052,207.70468328034,208.84860389918,25890879.824783
2018-08-14,210.14776788263,210.55754305098,208.2646532486,209.75692483191,20748009.577491
2018-08-15,209.21336269894,210.73929138027,208.33533315443,210.23822133355,28807563.371042
2018-08-16,211.7561564541,213.80292872723,211.47343683076,213.31490080599,28500364.93121
2018-08-17,213.43943206866,217.94106892838,213.16091958257,217.56789585412,35426997.045621
2018-08-20,218.09126372828,219.18175370402,215.10966555773,215.45338867123,30287695.258092
2018-08-21,216.80514187032,217.19935063084,214.01538915846,215.03982707935,26159753.391825
2018-08-22,214.09826976233,216.36170960395,213.832378688,215.04824135385,19018130.668407
2018-08-23,214.64561831883,217.06303938387,214.5951326718,215.48241791827,18883223.256076
2018-08-24,216.611192843,216.90947887417,215.10966555773,216.16313272565,18476355.854934
2018-08-27,217.15769997204,218.74968070823,216.33352178436,217.92844751663,20525116.445223
2018-08-28,219.00757822178,220.53350690311,218.92848404145,219.69586587622,22776765.591044
2018-08-29,220.13971885632,223.48944153643,219.40136626858,222.96733580344,27254804.188592
2018-08-30,223.24122043855,228.27337730577,222.39053728618,225.02294306481,48793824.089874
2018-08-31,226.50343466382,228.87541864654,225.97670107986,227.62674031012,43340133.937823
2018-09-04,228.42693781547,229.16949754046,226.62754521275,228.37771430962,27390130.650717
2018-09-05,229.00037062293,229.67519543816,225.09404368437,226.86777274985,33332961.01301
2018-09-06,226.21356290715,227.34528282796,221.30888229867,223.09102563865,34289975.666622
2018-09-07,221.85538942772,225.37171474301,220.7068409579,221.30888229867,37619809.984024
2018-09-10,220.95674491067,221.85538942772,216.47782659211,218.33149126537,39516450.982854
2018-09-11,217.99954813619,224.32624113587,216.56912147048,223.86261461069,35749048.815938
2018-09-12,224.94006246094,225.00653522953,219.83175640947,221.08001403216,49278739.336932
2018-09-13,223.51847078347,228.36930003512,222.55966420372,226.40414622467,41706376.922503
2018-09-14,225.75330209177,226.83495707928,222.51001998414,223.84999319893,31999288.574055
2018-09-17,222.14147476086,222.93788584268,217.26582339942,217.87123045,37195132.134706
2018-09-18,217.78877055986,221.85538942772,217.13792642696,218.23977567328,31571712.792183
2018-09-19,218.50566674761,219.61677169589,215.29646245172,218.37314192417,27123833.182184
2018-09-20,220.23480015822,222.2655853098,219.148096606,220.01434616621,26608793.888201
2018-09-21,220.78130728726,221.37030650255,217.28980408176,217.65119717171,96246746.834727
2018-09-24,216.82617755658,221.26723163988,216.64484994102,220.78972156177,27693357.030928
2018-09-25,219.73751653502,222.81377529374,219.69586587622,222.18312541966,24554379.809905
2018-09-26,221.0055477028,223.75407046958,219.74929651933,220.41696920123,23984705.740248
2018-09-27,223.82937822639,226.43317547171,223.53950646973,224.95226315898,30181227.374312
2018-09-28,224.78734337869,225.83576198191,224.03594866547,225.74488781727,22929362.942053
2018-10-01,227.95826272559,229.41309078736,226.33683202863,227.24936009861,23600801.459682
2018-10-02,227.23715940058,229.99451715559,226.62754521275,229.27762096784,24788169.18759
2018-10-03,230.04836851242,233.47339894934,229.78668457534,232.0757879542,28654799.398419
2018-10-04,230.77830682566,232.35766615009,226.73566864013,227.99991338438,32042000.515509
2018-10-05,227.96667700009,228.42693781547,220.57515756191,224.31866828881,33580462.089777
2018-10-08,222.20374039219,224.799123363,220.19357021315,223.77889257937,29663923.119757
2018-10-09,223.6425813324,227.26156079664,222.22435536473,226.86777274985,26891028.797322
2018-10-10,225.4634303351,226.33683202863,216.05416787082,216.36170960395,41990552.81893
2018-10-11,214.51225206794,219.49602685675,212.33632068116,214.43904787975,53124392.575841
2018-10-12,220.41696920123,222.87562021135,216.84721324284,222.10066552951,40337851.330154
2018-10-15,221.17172962425,221.83856087871,217.26582339942,217.36132541505,30791007.100118
2018-10-16,218.9411054532,222.97953650147,216.76391192525,222.14147476086,29183961.835156
2018-10-17,222.28662099606,222.631185537,219.3433077745,221.20454529482,22885397.416586
2018-10-18,217.84640834021,219.72489512326,212.99894479836,216.02555933751,32581315.461528
2018-10-19,218.04961306949,221.26723163988,217.4240117601,219.31427852746,33078726.616575
2018-10-22,219.77832576637,223.35186814828,218.94909901398,220.64499604029,28792082.535477
2018-10-23,215.83118959646,223.24122043855,214.7003111031,222.71827327812,38767846.69179
2018-10-24,222.59332130173,224.25303694768,214.53286704047,215.08947129892,40925162.808708
2018-10-25,217.70588995599,221.39092147509,216.75549765075,219.79094717812,29855767.348181
2018-10-26,215.90271092975,220.18094880139,212.67162952015,216.30869967457,47258375.96614
2018-10-29,219.1897472648,219.68324446447,206.09208757162,212.25259864984,45935521.096775
2018-10-30,211.15074940352,215.17193118906,209.26342763224,213.30227939424,36659988.195942
2018-10-31,216.88844318791,220.45020558552,216.63643566651,218.86663912384,38358933.006089
2018-11-01,219.04880816685,222.34930734111,216.81355614482,222.21636180395,58323180.656543
2018-11-02,209.55329938891,213.64642322146,205.43324987794,207.49348499029,91328653.185711
2018-11-05,204.30826137674,204.39198340805,198.18561453378,201.60180998247,66163668.148052
2018-11-06,201.92071098618,204.71971939999,201.70993340985,203.76133353397,31882880.439341
2018-11-07,205.97176344621,210.05142443955,204.1357687494,209.9437217259,33424434.13997
2018-11-08,209.97384542494,210.11471372595,206.75944880638,208.48592399553,25362635.130841
2018-11-09,205.54026720121,206.0073126992,202.24411665796,204.47998168558,34365750.06098
2018-11-12,199.00372648385,199.85564430424,193.78950309202,194.17479466532,51135516.254471
2018-11-13,191.61652569878,197.18669310118,191.43540931176,192.23659777375,46882935.717133
2018-11-14,193.90228158301,194.4804285684,185.93567605986,186.79472114548,60800955.82778
2018-11-15,188.38577829527,191.97246970936,186.90246862571,191.39348422218,46478800.146588
2018-11-16,190.50089906489,194.98478739612,189.4766691263,193.52537502763,36928252.873988
2018-11-19,190.00534450598,190.70339724759,184.9898460388,185.86566116025,41920873.332679
2018-11-20,178.37406690211,181.48155454223,175.50303676726,176.98299242964,67825248.271932
2018-11-21,179.7223777832,180.25818042811,176.56458003558,176.79181402113,31124210.177782
2018-11-23,174.92866303993,176.60608587427,172.09871949286,172.27983587988,23623972.894943
2018-11-26,174.23857606534,174.93662880695,170.25946581272,174.59829333399,44998520.900612
2018-11-27,171.5075757297,174.75551241994,170.8791186368,174.23857606534,41387377.036767
2018-11-28,176.73940765915,181.30421141328,174.92027802201,180.94072088657,46062539.139819
2018-11-29,182.65084529079,182.78332857388,177.70074996336,179.54293839977,41769991.842325
2018-11-30,180.2791429729,180.32106806249,177.03204478446,178.57698433571,39531549.398278
2018-12-03,184.45655889926,184.93995518219,181.22203823769,184.82004942597,40798001.551969
2018-12-04,180.94910590449,182.39468299342,176.28410118624,176.71006009644,41344282.316688
2018-12-06,171.75954551811,174.76347818696,170.42506991659,174.70184830526,43098409.755079
2018-12-07,173.49985598683,174.4653908,168.29737162009,168.49106553398,42281630.820602
2018-12-10,165.0041558331,170.08589594184,163.33972977654,169.59872640085,62025992.923874
2018-12-11,171.65682904863,171.78847382993,167.00817511532,168.63654559484,47281664.978418
2018-12-12,170.40033411373,171.9125720951,169.02057941545,169.10275259104,35627673.661438
2018-12-13,170.49634256888,172.56953824892,169.54548153707,170.95416454716,31897826.413792
2018-12-14,169.00003612156,169.08179004625,165.27373415914,165.47916709812,40703710.280584
2018-12-17,165.44604627734,168.3476817276,162.74020099546,163.93842005583,44287923.015333
2018-12-18,165.37183886878,167.52049971006,164.38408375813,166.0778573774,33841517.191904
2018-12-19,166.01245423765,167.43832653447,159.08852569251,160.88082327231,49047297.22228
2018-12-20,160.41797028328,162.10419738643,155.31568688065,156.81912059321,64772959.504911
2018-12-21,156.85224141398,158.15820795459,149.63483724174,150.72153556381,95744382.889313
2018-12-24,148.14691581233,151.54368657059,146.59359124316,146.83717601366,37169231.249938
2018-12-26,148.29533062946,157.22076295145,146.72565527536,157.16626033498,58582544.348683
2018-12-27,155.83975050048,156.75707146062,150.08511270389,156.1420303964,53117065.747154
2018-12-28,157.49704929182,158.5015744383,154.55055399571,156.22462282288,42291423.04774
2018-12-31,158.51331346339,159.36481203288,156.45982257546,157.74524582217,35003466.289233
2019-01-02,154.90188624644,158.84410242022,154.22060354066,157.91839644216,37039735.998918
2019-01-03,143.98710842359,145.7089718529,141.99902067542,142.18936058214,91312194.626044
2019-01-04,144.53129608642,148.55191217773,143.80347653121,148.25508254346,58607069.996932
2019-01-07,148.69236122784,148.82484451093,145.89889250872,147.91548931781,54777765.120425
2019-01-08,149.5681763493,151.82416541992,148.51921060785,150.73369383979,41025314.363798
2019-01-09,151.27452749545,154.53001070181,149.63483724174,153.30286332963,45099081.687521
2019-01-10,152.50586737659,153.95228296731,150.84940708705,153.79506388137,35780669.398915
2019-01-11,152.8903204481,153.69192816098,151.5021807319,152.29582267777,27023239.811411
2019-01-14,150.84102206913,151.25440345245,149.21726334946,150.01467855339,32439186.497314
2019-01-15,150.28216062495,153.37790923998,150.06834266806,153.08443361288,28710324.339991
2019-01-16,153.09701113976,155.88125633917,153.01441871327,154.95177710305,30569706.651862
2019-01-17,154.19167522885,157.66265339568,153.25800348377,155.86071304527,29821161.322327
2019-01-18,157.49704929182,157.88150236332,155.97223378357,156.81073557529,33751022.69237
2019-01-22,156.40280445362,156.71640412373,152.63038489266,153.29447831171,30393969.639187
2019-01-23,154.13884961597,155.15469453664,151.70006715475,153.90197285981,23130570.252176
2019-01-24,154.09692452639,154.48179684879,151.74157299344,152.70039979227,25441549.452377
2019-01-25,155.50099577662,158.12466788292,154.31493499223,157.76578911607,33547893.490165
2019-01-28,155.79908316358,156.32775854326,153.6500030714,156.29463772249,26192057.806936
2019-01-29,156.24516611678,158.12466788292,154.09692452639,154.68764903865,41587239.698546
2019-01-30,163.26091060812,166.15709579672,160.24943142315,165.24061333837,61109778.781478
2019-01-31,166.11978246699,169.00003612156,164.55429962185,166.44637891487,40739648.903849
2019-02-01,166.96625002573,168.97907357676,165.93866607998,166.51639381448,32668138.423113
2019-02-04,167.4052057137,171.64844403071,167.28865396465,171.25937919935,31495580.64243
2019-02-05,172.87181814483,175.07372384989,172.34607752142,174.17610768186,36101626.614101
2019-02-06,174.63141415476,175.56508589984,172.85924061796,174.23857606534,28239592.370308
2019-02-07,172.39596837803,173.94971219809,170.34205823921,170.94158702029,31741688.405153
2019-02-08,168.98549880286,170.67704868045,168.40940333616,170.41655333899,23819966.445095
2019-02-11,171.0469186685,171.20304888918,169.25309097254,169.42633707304,20993425.855696
2019-02-12,170.10011829279,170.99765833149,169.70561813624,170.8861963825,22283523.773417
2019-02-13,171.38046959451,172.48298273042,169.92770711326,170.18235800796,22490233.159071
2019-02-14,169.7139673459,171.26107589634,169.38041641989,170.79894714152,21835747.738176
2019-02-15,171.24437747701,171.70149670602,169.75571339422,170.42907715348,24626813.592602
2019-02-19,169.7139673459,171.43390453635,169.49229582937,170.92376782598,18972825.741162
2019-02-20,171.17841872068,173.33042751115,170.98555197748,172.03796985542,26114360.378739
2019-02-21,171.80419198487,172.37152078143,170.30634377145,171.05485041768,17249670.786161
2019-02-22,171.57709348205,173.00146865045,171.37212038484,172.9680718118,18913154.46446
2019-02-25,174.14906751854,175.88528566782,173.93532775118,174.22295802405,21873357.525533
2019-02-26,173.70071495967,175.30459813581,173.17346236949,174.32607076338,17070210.925815
2019-02-27,173.21520841781,175.0006869041,172.7380510856,174.86876939143,27835389.623557
2019-02-28,174.31354694889,174.91009797926,172.91922893528,173.15718141065,28215415.294048
2019-03-01,174.27221836106,175.15264251995,172.88583209663,174.96812498641,25886167.043435
2019-03-04,175.69951575283,177.76135307895,173.95578331486,175.86023803884,27436202.37892
2019-03-05,175.95541902899,176.00801904986,174.53146132107,175.5396283878,19737419.068934
2019-03-06,174.66337883374,175.49829979997,173.92697854152,174.51058829692,20810384.578521
2019-03-07,173.85267057553,174.43711525189,172.02962064575,172.50761289892,24796374.072845
2019-03-08,170.32304219077,173.07494169548,169.50064503903,172.91087972561,23999359.233224
2019-03-11,175.49829979997,179.10098376927,175.35803307765,178.90102019786,32011033.95517
2019-03-12,180.00269841281,182.66901851847,179.35772196639,180.92069401518,32467585.192252
2019-03-13,182.23694691845,183.31065528102,180.93280036919,181.71094670972,31032522.65525
2019-03-14,183.89551741787,184.10090797556,182.55755656948,183.73020306656,23579508.475874
2019-03-15,184.84482255648,187.31785845846,183.74230942057,186.12058179288,39042912.465159
2019-03-18,185.79204039267,188.3999160307,185.78369118301,188.021696833,26219832.397722
2019-03-19,188.35900490336,189.00481627074,185.91477377471,186.52844068489,31646369.020028
2019-03-20,186.23246120236,189.49825456178,184.72250663493,188.16613816016,31035230.696
2019-03-21,190.00880873264,196.33208267041,189.80717531929,195.07677899768,51034236.919687
2019-03-22,195.33226481334,197.68089749136,190.76942173288,191.04452819125,42407665.913226
2019-03-25,191.51876330007,191.97880475247,186.60274865088,188.75809712522,43845293.004344
2019-03-26,191.66988399496,192.880519396,184.56971609811,186.7951979336,49800537.154491
2019-03-27,188.76644633488,189.75332291697,186.55348831388,188.48299066684,29848426.866568
2019-03-28,188.97141943209,189.56421331812,187.52366647664,188.73764156155,20780362.096138
2019-03-29,189.82345627813,190.06224367448,188.55604625139,189.9428499763,23563960.417405
2019-04-01,191.64149668211,191.68199034897,188.39198428152,191.24282192073,27861962.438107
2019-04-02,191.08627423956,194.46018986411,191.04452819125,194.02811826409,22765731.570661
2019-04-03,193.26207827757,196.50825099429,193.15562585437,195.34437116735,23271830.25196
2019-04-04,194.78497411998,196.37382871872,193.14727664471,195.67750463288,19114274.578568
2019-04-05,196.45565097341,197.09687027548,195.9242237784,197.00294166678,18526643.629242
2019-04-08,196.42684620008,200.24493977867,196.3446064849,200.11719687083,25881695.242929
2019-04-09,200.31841282369,202.85323287718,199.23593779097,199.50436488162,35768236.285529
2019-04-10,198.67695820408,200.73796060923,198.18310245255,200.61564468767,21695288.695054
2019-04-11,200.84524795339,200.98927182006,198.43817080774,198.94789005762,20900807.747962
2019-04-12,199.20713301764,200.15810799818,196.21185405127,198.86565034245,27760667.580965
2019-04-15,198.56967085992,199.86212851565,198.00985635206,199.23593779097,17536645.972664
2019-04-16,199.4626188333,201.3641513339,198.55338990108,199.25639335464,25696385.966653
2019-04-17,199.54485854848,203.38257276977,198.60265023808,203.12833933555,28906778.456963
2019-04-18,203.11999012589,204.14861275629,202.523856556,203.85305073425,24195765.607757
2019-04-22,202.83653445786,204.93427338552,202.34309616681,204.526831954,19439543.928582
2019-04-23,204.43749541061,207.74920942318,203.89396186159,207.47326804384,23322990.543445
2019-04-24,207.34928228035,208.46849383559,207.03702183898,207.15182347184,17540609.940672
2019-04-25,206.8312138208,207.7608983167,205.11920837954,205.28452273085,18543205.196815
2019-04-26,204.89294479769,204.99605753702,202.11224051965,204.30474297698,18649101.687112
2019-04-29,204.40827317679,205.97625475138,203.85305073425,204.60865420869,22204716.553739
2019-04-30,203.05361390908,203.40762039876,199.11362186942,200.66782724806,46534922.670885
2019-05-01,209.87951026852,215.31401083774,209.22576715196,210.52991370122,64827329.039465
2019-05-02,209.84653089036,212.63975898289,208.13494290958,209.15104172548,31996324.059866
2019-05-03,210.89560908443,211.83280786903,210.24144850739,211.74764593047,20892378.926212
2019-05-06,204.29639376732,208.83544160025,203.50321884939,208.46849383559,32443113.175347
2019-05-07,205.88900551041,207.40772674799,200.81185111474,202.86575669167,38763698.492306
2019-05-08,201.90184043616,205.34588942187,201.74612767595,202.89414400453,26339502.886356
2019-05-09,200.39230332921,201.67682923576,196.67314788512,200.7212621899,34908606.896609
2019-05-10,197.42283448084,198.86170670914,192.77519401161,197.18163624603,41208711.963193
2019-05-13,187.71834826127,189.45539141087,182.84156946898,185.72222493877,57430623.202331
2019-05-14,186.40257030452,189.68203457978,185.4065879384,188.67316058387,36529675.84618
2019-05-15,186.25494035046,191.75925041226,186.02497030935,190.92254205291,26544717.374267
2019-05-16,189.89495440085,192.48034996252,188.84532622043,190.06628831937,33031363.892564
2019-05-17,186.92780025376,190.90632355092,186.75022844986,189.00044163695,32879088.73172
2019-05-20,183.52524170694,184.34989015455,180.28736333423,183.08692629404,38612290.49886
2019-05-21,185.21404520958,188.01360816939,184.70669719845,186.59137030211,28364847.643296
2019-05-22,184.66926988615,185.71390775826,182.5583694726,182.76754656244,29748556.219246
2019-05-23,179.8045510056,180.55392896959,177.80801182408,179.66066378277,36529735.241308
2019-05-24,180.20627082426,182.14458974221,178.61186732041,178.96451577405,23714685.974744
2019-05-28,178.91128581878,180.60715892486,177.90324354092,178.23135631206,27948160.041571
2019-05-29,176.42403298714,179.35334396291,176.00484708941,177.37842945071,28481164.224232
2019-05-30,177.94441358445,179.23024969136,176.66897395317,178.30122062834,21218412.150463
2019-05-31,176.23065854027,177.98558362797,175.00137926083,175.07498630835,27043582.103101
2019-06-03,175.61227616932,177.91530345266,170.26807183235,173.28845593471,40396069.987763
2019-06-04,175.45175458547,179.83740386862,174.52189380441,179.6398708315,30967960.798392
2019-06-05,184.28002583826,184.98906547678,181.13654746435,182.55046815112,29773425.945199
2019-06-06,183.07902497256,185.47270952346,182.15207520467,185.21404520958,22526310.660825
2019-06-07,186.49697030332,191.92309886832,185.77129630378,190.14031122591,30684393.068072
2019-06-10,191.81705481681,195.37015433086,191.62284865189,192.57890855156,26220850.410381
2019-06-11,194.84492438163,196.01348824335,193.59901074117,194.79626887564,26932882.329441
2019-06-12,193.95581778507,195.9802195213,193.38650677913,194.18162923592,18253189.264043
2019-06-13,194.68523451583,196.79197633912,193.59901074117,194.15293496316,21674624.684896
2019-06-14,191.55464777171,193.5832080982,190.29625836048,192.74275700762,18761473.771599
2019-06-17,192.89870414219,194.95180015119,192.16928741143,193.89385479026,14669145.613357
2019-06-18,196.06255960836,200.27562739591,195.20505829773,198.45125385095,26551004.841508
2019-06-19,199.67304766793,199.87765030849,197.3163745703,197.86156575276,21124234.081462
2019-06-20,200.35297717466,200.59999743582,198.02208733661,199.47676220789,21513987.79619
2019-06-21,198.81180362608,200.84119567062,198.14393403109,198.78726794357,47800588.372666
2019-06-24,198.54191111851,200.15253312436,198.16431112334,198.58308116204,18220420.947946
2019-06-25,198.43046089967,199.27548643953,195.28823010284,195.57059838116,21070333.844545
2019-06-26,197.75926443248,200.98466703443,197.3571287548,199.79614193949,26067512.389354
2019-06-27,200.27562739591,201.57518685067,199.57033048863,199.73417894468,20899718.093423
2019-06-28,198.68954107257,199.50919921188,197.04565034469,197.91479570803,31110642.083055
2019-07-01,203.16044145595,204.49701236398,200.64033576129,201.55480975842,27316739.815279
2019-07-02,201.41009081753,203.12010313048,201.3606035935,202.73460181382,16935217.147619
2019-07-03,203.27563440602,204.44752513994,202.69759036055,204.41508813595,11362045.332736
2019-07-05,203.34924145354,205.08670046217,202.89387582059,204.23044672862,17265518.744003
2019-07-08,200.79960976807,201.40218949605,198.41049966645,200.00864590153,25338627.884274
2019-07-09,199.21768203499,201.51363971489,198.82012080659,201.2433313483,20578014.843548
2019-07-10,201.86129786022,203.72975246189,201.56686967016,203.22573132296,17897138.316695
2019-07-11,203.30848726904,204.39429518468,201.71782649642,201.75941239897,20191841.188188
2019-07-12,202.45181767647,203.9971498153,202.19772781187,203.2964273573,17595211.480208
2019-07-15,204.08614364676,205.86976300722,203.9971498153,205.21728019618,16947420.321504
2019-07-16,204.59889782523,206.11137710105,203.5001982798,204.50532954449,16866815.84272
2019-07-17,204.04622118031,205.10749341344,203.26731722551,203.34924145354,14107450.938804
2019-07-18,203.9971498153,205.87808018773,203.70188990718,205.66017005836,18582161.082867
2019-07-19,205.79241322848,206.48814537817,202.35741767767,202.59404146319,20929306.726217
2019-07-22,203.6532344012,207.23461232899,203.61164849864,207.22255241725,22277931.537947
2019-07-23,208.45599028694,208.91052420184,207.29574360574,208.83650129529,18355210.375516
2019-07-24,207.66045197112,209.15629688592,207.17680792444,208.66433565873,14991566.414088
2019-07-25,208.88973125056,209.24695415348,206.72518502272,207.02169250792,13909561.522079
2019-07-26,207.47996915404,209.73849952165,207.1435392024,207.73530659571,17618872.863985
2019-07-29,208.45599028694,210.64008188898,208.43145460444,209.68942815664,21673387.486787
2019-07-30,208.75499292629,210.16891361306,207.31612069799,208.77994446782,33935717.95709
2019-07-31,216.42260163885,221.37797778696,211.28341580146,213.03750917111,69281361.307203
2019-08-01,213.89750563589,218.02989677249,206.73350220323,208.42313742392,54017920.548538
2019-08-02,205.5337489146,206.41786520286,201.63590226839,204.0133683173,40862121.433339
2019-08-05,197.98091729309,198.65668820956,192.57890855156,193.34575259463,52392968.440903
2019-08-06,196.30833229244,198.06200980306,194.03774201309,196.99616312065,35824786.732297
2019-08-07,195.41049265634,199.55785471786,193.82898078228,199.05466529698,33364400.790889
2019-08-08,200.19370316788,203.52930841159,199.4102247638,203.43116568157,27009523.20542
2019-08-09,201.30189230186,202.75893251826,199.28432452995,200.99573571389,24619745.58644
2019-08-12,199.60249538186,202.05796236013,199.15382476647,200.48160807427,22481889.091091
2019-08-13,201.02432137636,212.13710123548,200.83209315333,208.97652124945,47539785.747499
2019-08-14,203.15540322826,206.4381972785,202.58783282836,202.75064681899,36547442.307692
2019-08-15,203.4574169666,205.13941391814,199.65593814215,201.74766292252,27883362.949708
2019-08-16,204.2901297431,207.15615312013,203.84435912245,206.50324001776,28813623.601234
2019-08-19,210.60548972567,212.7328430129,210.03046219643,210.34076163404,24431914.728773
2019-08-20,210.86731782256,213.35385617308,210.30761883696,210.34904733331,26919529.030438
2019-08-21,212.99094254512,213.65586991143,211.59770221309,212.64418603072,21564747.670239
2019-08-22,213.19021361253,214.4276827983,210.73723234404,212.45900065207,22267818.806557
2019-08-23,209.44259183332,212.05590138265,201.00816426279,202.63713273901,46882841.798231
2019-08-26,205.85446976503,207.18888163224,205.04909979611,206.49081146886,26066129.000974
2019-08-27,207.85422328352,208.56099343113,203.52701684046,204.1712299586,25897343.97093
2019-08-28,204.11033006897,205.70657003308,203.31366008429,205.5159989499,15957632.266502
2019-08-29,208.50796495581,209.33197774808,206.66646829335,209.01753546083,21007651.901936
2019-08-30,210.15350483057,210.43149004103,207.19716733151,208.75239308424,21162560.251658
2019-09-03,206.42991157923,206.97676773096,204.23295841815,205.68999863454,20059573.804325
2019-09-04,208.39693658561,209.49520602367,207.31979568069,209.19774941993,19216820.552778
2019-09-05,212.006601472,213.96948362874,211.51277379559,213.28467058419,23946983.539537
2019-09-06,214.05234062143,214.419811384,212.51244341235,213.25981348638,19362294.333677
2019-09-09,214.83989633692,216.43240773635,211.06368889523,214.16212613674,27309401.495665
2019-09-10,213.8679838127,216.77584997104,211.71287343293,216.69340726331,31777930.801342
2019-09-11,218.07753332614,223.71180882883,217.74237679073,223.59415189921,44289646.30521
2019-09-12,224.80593541725,226.42703247917,222.85009610489,223.0833385393,32226669.511189
2019-09-13,220.0006441264,220.80974265998,217.01572096487,218.74701782705,39763294.480943
2019-09-16,217.74237679073,220.13197245981,217.57210567076,219.89790145547,21158140.829855
2019-09-17,219.95921563005,220.83832832246,219.10993145502,220.71487140336,18386468.185775
2019-09-18,221.07405646665,222.83808184095,219.42934516182,222.75688198812,25643092.406675
2019-09-19,222.00992619905,223.75655160488,220.37598630327,220.97628521528,22187876.972015
2019-09-20,221.38021305463,222.54435380187,217.47764869909,217.74237679073,57977094.077911
2019-09-23,218.94338889972,219.83824442073,217.66076265293,218.71511788487,19419648.575557
2019-09-24,221.04588508914,222.47143964831,217.19220635929,217.69349116504,31434365.592456
2019-09-25,218.54691818971,221.5028414038,217.138763599,221.04588508914,22481005.882593
2019-09-26,220.0006441264,220.95598525207,218.82076055054,219.88588719153,19088312.871595
2019-09-27,220.55205741273,220.97628521528,217.28583476102,218.82076055054,25361284.447649
2019-09-30,220.91497104069,224.58180725204,220.80974265998,223.96576551141,26318583.493006
2019-10-01,225.08392062772,228.22751493024,224.19776509093,224.59382151598,36187162.999548
2019-10-02,223.05433859186,223.58172335031,217.93957643332,218.95167459899,35767257.100578
2019-10-03,218.42801840521,220.97628521528,215.13818151059,220.83832832246,30352685.976843
2019-10-04,225.63864819375,227.48014485621,223.88373708865,226.99543144899,34755552.991099
2019-10-07,226.27540418255,229.93022612995,225.84289068073,227.04721706942,30889269.535556
2019-10-08,225.82300500248,228.06387236969,224.32867913938,224.40200757791,29282699.520354
2019-10-09,227.01863140695,227.79003000886,225.63864819375,227.01863140695,19029425.144177
2019-10-10,227.9300583265,230.44435376957,227.2933023377,230.09304012058,28962983.837452
2019-10-11,232.93959210433,237.64669785885,232.31029324487,236.2049861861,41990209.723909
2019-10-14,234.90661711071,238.12809698636,234.67793181089,235.86278680631,24413485.143647
2019-10-15,236.3930715595,237.65498355812,234.88714571742,235.31841636436,23040482.862109
2019-10-16,233.36381990688,235.23763079649,233.18774879742,234.38047520715,19286693.47252
2019-10-17,235.10298818337,236.14822914611,233.51047678394,235.2782307229,17272896.029602
2019-10-18,234.59631767309,237.58579796922,234.29844678439,236.40922867308,24377167.14679
2019-10-21,237.52862664427,240.98542037915,237.32852700693,240.49697840727,22367482.573395
2019-10-22,241.16190577358,242.21460386566,239.61786571486,239.96545079918,22683999.974639
2019-10-23,242.10854691502,243.24368771482,241.21949138349,243.1827878252,19932544.091338
2019-10-24,244.50559971344,244.79932775251,241.80694746164,243.59085851418,17916254.885283
2019-10-25,243.16248786199,246.73859566634,242.88035980189,246.58365309002,18369295.947756
2019-10-28,247.43252298009,249.24999111467,246.72699568737,249.04533434274,24143240.9642
2019-10-29,248.96454877487,249.74340450612,242.58248891319,243.29671619014,35709866.168976
2019-10-30,244.76287067573,245.29771256352,241.21120568422,243.264401963,31130521.352112
2019-10-31,247.25355187589,249.16837697688,237.26721283234,248.75947771797,34790520.226888
2019-11-01,249.53584773944,255.92453616054,249.16009127761,255.81516493019,37781333.337104
2019-11-04,257.32564790686,257.84391839612,255.3776800088,257.49674759676,25817951.516694
2019-11-05,257.04020556706,258.19523204511,256.31313545624,257.12057684997,19974426.132762
2019-11-06,256.76636320623,257.48846189749,255.35323719596,257.23533378484,18966124.029449
2019-11-07,258.74122502409,260.34549133252,258.11422289839,259.43720564451,23735083.542335
2019-11-08,258.68752918987,260.43512207118,256.84410989674,260.13318626493,17520494.685114
2019-11-11,258.30133222839,262.47391159188,258.28522347813,262.19758456811,20507458.969044
2019-11-12,261.54993019848,262.79897791133,260.918797624,261.95223591023,21847225.247935
2019-11-13,261.12242874914,264.78159332855,261.06501551102,264.47263575937,25817593.082078
2019-11-14,263.75558985014,264.88774586235,262.09473639334,262.64491217162,22395555.494214
2019-11-15,263.68248090663,265.77083581276,263.01541342771,265.74605312005,25093665.452173
2019-11-18,265.78735760791,267.43168926956,264.22770014636,267.10249250133,21700895.870346
2019-11-19,267.90834305945,268.00540860592,265.39289974886,266.28838104563,19069597.054301
2019-11-20,265.53498718709,266.07194552925,260.39381758332,263.19797926405,26609919.57483
2019-11-21,263.6907418042,264.00424286705,261.17571153848,262.00180129566,30348777.941219
2019-11-22,262.59617287594,263.18600096257,260.83701473804,261.77380052268,16331262.653766
2019-11-25,262.71843416001,266.43088152875,262.52223784268,266.36479434817,21029517.978073
2019-11-26,266.93768759477,267.15990573945,262.50199864363,264.28883078839,26334881.423071
2019-11-27,265.57546558519,267.98888681078,265.3111168629,267.84349501352,16289256.08039
2019-11-29,266.58949076212,268.00540860592,265.89309709683,267.2516017025,11654363.604424
2019-12-02,267.27225394643,268.24580072526,263.45034968486,264.1595477414,23693548.588412
2019-12-03,258.31372357475,259.53881468464,256.27906450283,259.45744484356,29377268.740155
2019-12-04,261.06501551102,263.31280574029,260.67923159442,261.74571347093,16810386.860988
2019-12-05,263.79276388921,265.88070575047,262.73454291027,265.57546558519,18661342.38576
2019-12-06,267.48084161012,270.99791875129,267.30488449184,270.7120916953,26547492.944367
2019-12-09,270.00454581828,270.80585288274,264.91665900385,266.91497012645,32182645.008137
2019-12-10,268.60019323109,270.07435040276,265.85179260897,268.47793194703,22632382.54394
2019-12-11,268.81125916405,271.09952779142,268.4977581012,270.77363538221,19723391.385134
2019-12-12,267.78566873051,272.55592403332,267.32140628698,271.46135510506,34437042.165136
2019-12-13,271.46135510506,275.30391161056,270.92852721168,275.15769372354,33432806.253971
2019-12-16,276.98913471519,280.79534327137,276.97261292005,279.86723142919,32081104.226071
2019-12-17,279.57396956539,281.7767379029,278.80074955268,280.40501586111,28575797.962615
2019-12-18,279.80610078716,281.90230354599,279.12664196188,279.74868754903,29024687.440762
2019-12-19,279.50912151945,281.17823587382,278.95522833727,280.02171021378,24626947.644996
2019-12-20,282.22778291031,282.64371910305,278.55664002943,279.4484039223,69032742.876589
2019-12-23,280.52645105541,284.24715932173,280.36412441813,284.00718024727,24677882.788102
2019-12-24,284.69407388036,284.89481369135,282.91219827413,284.26781156566,12119713.763606
2019-12-26,284.82542215175,289.97898310188,284.70646522672,289.90546111349,23334004.365257
2019-12-27,291.12229132581,293.96362704561,288.11449851994,289.79104768212,36592936.708717
2019-12-30,289.45730742022,292.69392708883,285.21616260689,291.5179883195,36059614.274715
2019-12-31,289.92570031254,293.66623473303,289.51430761347,293.63814768128,25247625.235472
2020-01-02,296.2341347432,300.59919302011,295.18087030281,300.35012695833,33911864.124576
2020-01-03,297.15481177758,300.58308426985,296.49972260014,297.4398127438,36633878.022547
2020-01-06,293.77651771561,299.95608214415,292.75877513477,299.79251637223,29644643.56
2020-01-07,299.83299477033,300.90402014051,297.48855203947,298.39683772749,27877655.666344
2020-01-08,297.16265963027,304.43720603195,297.15481177758,303.19228876788,33090944.855077
2020-01-09,307.23351985998,310.41231324559,306.20834247133,309.64322368166,42621542.628048
2020-01-10,310.58785731899,312.66836437243,308.25126244082,310.32309555181,35217272.393634
2020-01-13,311.63781740036,317.07637931671,311.13720700751,316.96650937901,30521722.58647
2020-01-14,316.70216065671,317.56872881199,312.1751887874,312.68034267391,40653456.489853
2020-01-15,311.84970942307,315.50102614978,309.56639733424,311.33299027996,30480882.472298
2020-01-16,313.59606316974,315.69185288369,312.09423199119,315.23626438261,27207253.697078
2020-01-17,316.26598526493,318.7413632223,315.00041575693,318.73310232473,34454117.549351
2020-01-21,317.1982275559,319.01769024607,315.99337564506,316.5712254302,27710815.200398
2020-01-22,318.57821049526,319.99495442881,317.31677143605,317.69925099362,25458114.227122
2020-01-23,317.91486042025,319.56001817166,315.64352663289,319.22545182,26117992.642592
2020-01-24,320.25971619598,323.3245091951,317.51503297777,318.30601392027,36634379.420847
2020-01-27,310.05007288707,311.76833958199,304.87668578276,308.95550395881,40485004.818843
2020-01-28,312.59897283283,318.39853597307,312.19129753766,317.69099009605,40558485.696039
2020-01-29,324.45212171364,327.84693757075,321.36626342572,324.33770828228,54149928.396412
2020-01-30,320.55669546369,324.08575090634,318.74962411987,323.86559798605,31685808.439912
2020-01-31,320.93545761735,322.68965921671,308.29174083892,309.52509284638,49897096.098845
2020-02-03,304.30709689519,313.49858457839,302.21874198905,308.6663725438,43496401.072573
2020-02-04,315.309786371,319.64056192298,313.63695461272,318.85495056391,34154133.682165
2020-02-05,323.51616201877,324.76562277649,318.94499434744,321.43978541411,29706718.896916
2020-02-06,322.57565883022,325.22575477124,320.27995539504,325.21336342488,26356385.139642
2020-02-07,322.36777442058,323.40000203479,317.9949203519,320.03341536488,29421011.857596
2020-02-10,314.18082901571,321.54858539979,313.84829101784,321.54858539979,27337214.116785
2020-02-11,323.60273895542,323.90313573417,318.71315297928,319.62299672067,23580780.014839
2020-02-12,321.46699615125,327.22480711069,321.46699615125,327.20008309598,28432573.600906
2020-02-13,324.18704983644,326.21812764501,323.34725747007,324.86943264249,23686892.393051
2020-02-14,324.74416430128,325.97830470231,322.85195304201,324.95102189104,20028447.231342
2020-02-18,315.35563178143,319.75691846702,314.61185100552,319.00530841979,38190544.659139
2020-02-19,320.00086207884,324.57274446595,320.00086207884,323.6192216319,23495991.357962
2020-02-20,322.62820070887,324.65474578141,318.21001927989,320.30908812892,25141489.650793
2020-02-21,318.62414652631,320.43888920615,310.4944784222,313.04846914192,32426415.019925
2020-02-24,297.26713055144,304.17131165968,289.22729303411,298.18109496195,55548827.972127
2020-02-25,300.9514208104,302.53087328356,286.13308259295,288.07391774781,57668363.112802
2020-02-26,286.53402369819,297.89264812365,286.50600314818,292.64992080404,49678430.882799
2020-02-27,281.10957487044,286.00699011792,272.95518275162,273.51930235395,80151381.849123
2020-02-28,257.27191608617,278.41671760143,256.3699016161,273.35653592377,106721229.57249
2020-03-02,282.27077942807,301.43724769948,277.72279692185,298.79837119592,85349338.875869
2020-03-03,303.66323315736,303.99247461994,285.80342906346,289.3204201562,79868852.248593
2020-03-04,296.44340879463,303.40733960509,293.12173741812,302.74185154244,54794568.187967
2020-03-05,295.52079097898,299.55039331007,291.40753906477,292.90993502542,46893219.386891
2020-03-06,281.99098599491,290.81951958155,281.23484321165,289.02331991274,56544245.677827
2020-03-09,263.75290447592,278.09200887488,263.0017064956,266.16143557576,71686207.869873
2020-03-10,277.12983263568,286.44954998126,269.37349715372,285.34067792144,71322520.090811
2020-03-11,277.38572618795,281.22660187341,271.86279336827,275.43582556102,64094969.384189
2020-03-12,255.94011582703,270.00272332813,247.99587783325,248.23240424066,104618516.69976
2020-03-13,264.88155574751,279.91540495987,252.95922378662,277.97003706897,92683032.538261
2020-03-16,241.95374070463,259.07924156159,240.0005435424,242.21375492601,80605865.076505
2020-03-17,247.50963887726,257.61269542228,238.40502045968,252.86939319984,81013965.30285
2020-03-18,239.76525333573,250.00264369402,237.11277862408,246.66902237706,75058406.073613
2020-03-19,247.38725500443,252.85291052336,242.61222362978,244.77639905088,67964254.333076
2020-03-20,247.17998534777,251.83345698342,227.99291373076,229.23900407223,100423346.08489
2020-03-23,228.06873404254,228.49563536323,212.61334037935,224.37331797697,84188208.03467
2020-03-24,236.36199271067,247.69136038539,234.29918574989,246.87587996681,71882773.761646
2020-03-25,250.74972100522,258.24645433272,244.29304456327,245.52718496429,75900510.086363
2020-03-26,246.51779382041,258.68118492473,246.35626359096,258.436829246,63140170.081759
2020-03-27,252.7601954682,255.86635584981,247.04606360141,247.74492908393,51054152.84368
2020-03-30,250.73818313169,255.51733517546,249.40597080564,254.81022835471,41994109.941582
2020-03-31,255.59439168798,262.49362799328,252.00899748787,254.28237064061,49250501.10993
2020-04-01,246.50131114393,248.71493459445,239.11913241793,240.91780448821,44054637.432529
2020-04-02,240.33761427631,245.15014373994,236.89397109388,244.92968794209,41483492.384231
2020-04-03,242.79476927174,245.70602200404,238.97284866422,241.41805371921,32470017.161915
2020-04-06,250.89188408982,263.10637149121,249.38536746005,262.47343671459,50455070.770128
2020-04-07,270.79801246802,271.7041476072,259.00589365128,259.42867430285,50721831.087047
2020-04-08,262.73798367201,267.37085196207,261.21910503489,266.06295158382,42223820.935781
2020-04-09,268.69523501679,270.0711264355,264.7072514438,267.9971936681,40529122.866369
2020-04-13,268.32107826082,273.70555659812,265.82354070803,273.25187092816,32755730.226009
2020-04-14,279.99699420842,288.24410138241,278.05162631752,287.05446420787,48748671.445748
2020-04-15,282.39233916707,286.33540744667,280.62992898504,284.43083418005,32788640.65781
2020-04-16,287.37093159618,288.19135681769,282.34412733838,286.69720219528,39281289.601434
2020-04-17,284.68713979922,286.93990960637,276.85003920253,282.79781300834,53812478.172121
2020-04-20,277.94984579029,281.67369447278,276.84179786429,276.92173884519,32503750.03296
2020-04-21,276.27685412813,277.24273896953,265.42589613808,268.37835556157,45247892.18278
2020-04-22,273.61325360986,277.89710122557,272.19903996835,276.09430848618,29264341.185572
2020-04-23,275.87550095598,281.74333378089,274.8758266278,275.03447238887,31203581.821007
2020-04-24,277.19452714085,283.01373607015,276.9913781533,282.97335351279,31627182.685273
2020-04-27,281.79113354266,284.54085604551,279.94383757679,283.17609043343,29271893.599781
2020-04-28,285.07654303093,285.83598234949,278.20573934255,278.58278056691,28001187.350559
2020-04-29,284.72669822276,289.67397356657,283.8873179233,287.72448500656,34320204.056455
2020-04-30,289.9702496762,294.52317698536,288.34217330744,293.79958748813,45765968.237553
2020-05-01,286.25423026503,298.98957024303,285.85246502597,289.06452660393,60154174.204435
2020-05-04,289.16960366645,293.68585702046,286.31933683711,293.15387863724,33391986.359305
2020-05-05,295.05845190387,300.99551196997,294.46177901549,297.57206006622,36937794.959659
2020-05-06,300.46765425587,303.24498524182,298.85935709888,300.63866202429,35583438.460908
2020-05-07,303.22520603005,305.17469459007,301.96634161431,303.73287246546,28803763.316938
2020-05-08,305.63751981783,310.35240038523,304.28958917536,310.12555352101,33511984.905386
2020-05-11,308.10899996534,317.04684860653,307.24229700041,315.01015828211,36486560.208942
2020-05-12,317.83218258755,319.68394340309,310.90636700293,311.40485476796,40575262.356031
2020-05-13,312.15443571061,315.94918923273,303.20014889085,307.65489528243,50155638.634388
2020-05-14,304.51232649494,309.78980372378,301.5353723565,309.53377909261,39732268.715115
2020-05-15,300.3403167747,307.91009800468,300.20716752831,307.71530558866,41587094.167719
2020-05-18,313.17113705496,316.49616962454,310.32774311738,314.96084374641,33843124.756307
2020-05-19,315.03029505085,318.52957231324,313.00881004161,313.14237024247,25432384.391198
2020-05-20,316.67863340663,319.51339730046,316.20028241034,319.22942776572,27876215.490668
2020-05-21,318.66683110428,320.89461525453,315.86823120329,316.8487685548,25672210.96225
2020-05-22,315.77165690421,319.22942776572,315.35001762398,318.8936779685,20450753.873703
2020-05-26,323.50705278325,324.24348318304,316.49616962454,316.72753698787,31380454.099964
2020-05-27,316.13617351393,318.71984423015,313.08976807105,318.11615212229,28236273.874021
2020-05-28,316.76739957089,323.44582056809,315.62946665961,318.25834236689,33449102.999352
2020-05-29,319.24997548893,321.14940702232,316.46781376651,317.94272933841,38399532.249753
2020-06-01,317.75163551257,322.34446260412,317.20958657434,321.85049533819,20254652.585053
2020-06-02,320.74831546529,323.44582056809,318.93436246045,323.3447257699,21910704.190132
2020-06-03,324.66101291863,326.1959278423,322.29596997734,325.11388473814,26122803.950393
2020-06-04,324.38978297228,325.61689300229,320.78078086796,322.31610674609,21890090.227422
2020-06-05,323.35294485918,331.74833360767,323.23212424672,331.50176092917,34312550.487916
2020-06-08,330.25410317596,333.59845060536,327.31372398484,333.46201372325,23913633.642831
2020-06-09,332.14120607542,345.61517009209,332.00764587456,343.98737945953,36928090.392504
2020-06-10,347.8951454593,354.76466028233,346.08900058928,352.83646193646,41662938.093792
2020-06-11,349.30882881604,351.06689201375,335.47815632446,335.90390514934,50415612.936447
2020-06-12,344.72011126914,347.79405066111,334.22269043643,338.8003122128,50036512.5407
2020-06-15,333.24626262957,345.68421044208,332.57435208065,342.99122583838,34702230.15796
2020-06-16,351.46017543596,353.19686900153,344.72011126914,352.07948381346,41357181.833778
2020-06-17,355.14931366079,355.39999588394,351.09072737267,351.58921513771,28601626.031234
2020-06-18,351.41086090026,353.44796217914,349.22006265178,351.73099442784,24205096.105083
2020-06-19,354.63479867165,356.56669560771,345.15038059312,349.71813946235,66118951.049745
2020-06-22,351.34182055028,359.45447262742,351.15195958783,358.87132824276,33861315.822841
2020-06-23,363.99387563862,372.38597675139,362.26868879804,366.53357422718,53038869.267735
2020-06-24,364.99454975887,368.78930328099,358.51914026697,360.0544661451,48155848.458939
2020-06-25,360.69760988153,364.99454975887,357.56654781903,364.83181179106,34380627.860081
2020-06-26,364.40688487511,365.31468328645,353.01522712837,353.63453550587,51314210.791437
2020-06-29,353.24577258277,362.16759399985,351.28141024404,361.78252966693,32661519.147075
2020-06-30,360.07912341295,365.98289524519,359.99693252012,364.7923601625,35055820.914771
2020-07-01,365.11495941687,367.35918174569,363.91291760918,364.10360048055,27684309.314008
2020-07-02,367.85397092055,370.46558654034,363.64949579764,364.10360048055,28510367.015284
2020-07-06,369.99257795208,375.77183058167,369.86641493158,373.8481527349,29663912.824696
2020-07-07,375.40649206303,378.61851215496,372.23145787287,372.69337069059,28106113.954459
2020-07-08,376.71497107694,381.49396054075,376.35045446722,381.364920839,29272969.754336
2020-07-09,385.05816860848,385.27186492985,378.68796345941,382.73381015914,31410651.606213
2020-07-10,381.33204448187,383.91982474273,378.8211127058,383.67653969995,22564329.891812
2020-07-13,389.05470077251,399.84389927478,381.0197190891,381.90655882277,47912284.490842
2020-07-14,379.35946305386,389.01401628056,375.51210736032,388.22868229953,42747340.96286
2020-07-15,395.96079054286,396.99680674702,385.96966561,390.90563967912,38299482.965501
2020-07-16,386.24541605546,389.62222888753,383.61243080353,386.090075268,27644418.033028
2020-07-17,387.94553467372,388.59402081818,383.35681712682,385.31296037626,23046724.943539
2020-07-20,385.66103880741,394.00423633895,384.25187594978,393.42890008912,22579476.582121
2020-07-21,396.70133048729,397.00502583631,386.97033973025,387.99895875406,25911458.637048
2020-07-22,386.76691727049,391.89850566455,386.40240066077,389.08757712965,22250412.87363
2020-07-23,387.99895875406,388.3104622379,368.03972233835,371.3766725874,49251107.761965
2020-07-24,363.9412734672,371.87885894261,356.58683237645,370.45736745105,46359716.127114
2020-07-27,374.84759399176,379.62288486539,373.91678213042,379.24234103157,30303547.925223
2020-07-28,377.47605874458,378.19728382919,372.98843599586,373.00898371907,25906375.10546
2020-07-29,375.00663336939,380.91163806502,374.85992262568,380.1698652572,22582314.366113
2020-07-30,376.74784743407,385.19542739951,375.0707422658,384.76680189338,39532504.73356
2020-07-31,411.56267677499,425.68718170845,403.25441037291,425.07485955684,93573866.578749
2020-08-03,432.73916031357,446.54723030962,431.51862555499,435.73090881272,77037847.15928
2020-08-04,436.54459865177,443.18562279272,433.51175470621,438.65279505295,43198091.146034
2020-08-05,437.51856073185,441.61166719496,435.57474611633,440.23086019536,30497987.959259
2020-08-06,441.65276264138,457.64300084216,439.18292631173,455.61699533381,50607224.189921
2020-08-07,452.86487085947,454.71493976313,441.18195237248,444.41444526846,49511402.784874
2020-08-10,450.43639903914,455.12515459765,440.00463579743,450.95326973063,53100856.105695
2020-08-11,447.88486276846,449.95234553441,436.44807318218,437.54334679034,46975593.953801
2020-08-12,442.02289278324,453.15202124363,441.22297385594,452.09366697058,41486205.19812
2020-08-13,457.70950805509,464.14167666029,455.74047684942,460.01081327672,52520516.049779
2020-08-14,459.32985665143,459.96979179327,452.21673142094,459.61700703559,41391301.755522
2020-08-17,464.21961747884,464.3426819292,455.82251981632,458.43969046053,29890361.021435
2020-08-18,457.38133618748,463.97759072648,456.01942293689,462.20136049303,26408385.04246
2020-08-19,463.89554775958,468.67044843333,462.40236576194,462.80437629977,36384501.593289
2020-08-20,462.96436008523,473.56020926075,462.88641926667,473.10897294278,31726797.046209
2020-08-21,477.03883105744,499.43245887361,476.99780957398,497.44701907455,84513660.119077
2020-08-24,514.7868001295,515.11497199711,495.7979554398,503.43615565847,86484441.602287
2020-08-25,498.78431943507,500.68771626722,492.20037134111,499.2683729398,52873946.466725
2020-08-26,504.7283323872,508.00184676662,500.28160358105,506.09844993448,40755566.823341
2020-08-27,508.60486257336,509.90114145043,495.35082127018,499.99445319689,38888095.840958
2020-08-28,504.04327361356,505.77438021521,498.30026593035,499.22735145635,46907478.669689
2020-08-31,127.57681353415,130.98262219771,126.00056303253,129.04230603045,225702687.98172
2020-09-01,132.76090350533,134.79146693618,130.54779447312,134.17511914732,152470140.85669
2020-09-02,137.60041301552,137.97781066328,127.01071706252,131.38668380971,200118990.08252
2020-09-03,126.91944426184,128.83924968737,120.50265871294,120.87595421235,257599639.77156
2020-09-04,120.07808635922,123.70541103341,110.88106976939,120.95594610508,332607162.19912
2020-09-08,113.95562995408,118.99409365901,112.6901171896,112.82856469625,231366563.11375
2020-09-09,117.26503813153,119.136643314,115.25601097949,117.32657035671,176940454.34955
2020-09-10,120.37036442881,120.50265871294,112.50859712533,113.49618933942,182274390.17024
2020-09-11,114.56992666877,115.2252448669,110.00115894936,112.0019818047,180860323.31748
2020-09-14,114.72170615754,115.92363562267,112.80907949161,115.35856468812,140150087.13173
2020-09-15,118.32852009001,118.8228289656,113.60694734474,115.52982938153,184642039.30987
2020-09-16,115.2252448669,115.99439768162,112.04300328815,112.13325055175,155026675.41313
2020-09-17,109.71605963937,112.20298707362,108.70795668355,110.34471387326,178010967.56129
2020-09-18,110.40419502427,110.87081439853,106.09796479895,106.84558133485,287104881.85845
2020-09-21,104.53402074236,110.19395992158,103.10647311825,110.08115084209,195713815.40829
2020-09-22,112.6901171896,112.8695861797,109.16226961277,111.81225744374,183055374.11584
2020-09-23,111.61740539735,112.11273981002,106.77584481298,107.1111954402,150718672.26134
2020-09-24,105.17087927294,110.25549214676,104.99756350536,108.21159673379,167743346.68166
2020-09-25,108.42388291065,112.44706490015,107.65575563302,112.28503004052,149981441.97478
2020-09-28,115.00270331918,115.31754320467,112.78856874989,114.95347753904,137672402.96607
2020-09-29,114.54941592704,115.30728783381,113.56695139838,114.08382208987,100060525.72071
2020-09-30,113.79154402027,117.26503813153,113.61720271561,115.8015967094,142675183.5272
2020-10-01,117.63320594551,117.71319783824,115.82108191404,116.79329107184,116120439.32132
2020-10-02,112.90035229229,115.35856468812,112.22349781534,113.03367211351,144711985.53849
2020-10-05,113.91460847063,116.65074141684,113.54746619374,116.49793639099,106243839.89315
2020-10-06,115.69083870408,116.11643659489,112.25426392793,113.1762217685,161498210.2691
2020-10-07,114.62017798599,115.54008475239,114.12484357332,115.07346537813,96848985.110391
2020-10-08,116.24770534193,116.3994848307,114.58941187341,114.9637329099,83477152.747269
2020-10-09,115.27652172122,117.00660278579,114.91348159267,116.9758366732,100506864.52807
2020-10-12,120.06783098835,125.17192906681,119.29047387695,124.39149534414,240226770.23985
2020-10-13,125.2621763304,125.38318970658,119.65146293132,121.09747022299,262330449.67095
2020-10-14,120.99696758853,123.02958209355,119.62172235582,121.18874302367,151062307.81067
2020-10-15,118.72335186823,121.19899839453,118.14494895156,120.71289381563,112559217.54901
2020-10-16,121.28104136143,121.54357885552,118.81257359474,119.0248597716,115393806.40871
2020-10-19,119.96630281681,120.42061574604,115.6518682948,115.97388693989,120639336.84533
2020-10-20,116.1974540247,118.98383828815,115.62110218221,117.51014149515,124423727.53377
2020-10-21,116.67125215857,118.70489220068,116.44871061085,116.87430850165,89945979.753824
2020-10-22,117.45886464084,118.03213987207,114.58941187341,115.74109002131,101987952.84785
2020-10-23,116.38922945984,116.54818770822,114.27457198792,115.03244389468,82572643.283493
2020-10-26,114.00485573422,116.54818770822,112.89009692143,115.04269926555,111850655.16768
2020-10-27,115.4795780643,117.28554887326,114.53916055618,116.59946456253,92276770.158151
2020-10-28,115.04269926555,115.41804583913,111.09335594625,111.19385858071,143937822.40912
2020-10-29,112.37732837828,116.93584072683,112.20298707362,115.31754320467,146129172.70747
2020-10-30,111.0523344628,111.99172643384,107.70600695025,108.85973617232,190573474.73169
2020-11-02,109.11201829555,110.68826879717,107.31425178328,108.76743783455,122866898.41336
2020-11-03,109.65657848836,111.4861366503,108.7264163511,110.44521650772,107624447.20509
2020-11-04,114.13407340709,115.58110623585,112.35681763656,114.94322216818,138235481.57894
2020-11-05,117.94702029391,119.62172235582,116.87430850165,119.0248597716,126387073.40095
2020-11-06,118.31822090468,119.20685400247,116.12837505654,118.68882595237,114457919.95413
2020-11-09,120.50499544026,121.98946317276,116.04749715939,116.31674889294,154515313.65725
2020-11-10,115.54175435949,117.58212966353,114.12792681565,115.96661926224,138023388.73079
2020-11-11,117.19514428223,119.63888530117,116.43960139494,119.49658115302,112294953.50513
2020-11-12,119.62864759267,120.53570856576,118.56904476292,119.21709171097,103350674.61689
2020-11-13,119.44539261052,119.67778859347,117.85957156388,119.26623271177,81688585.878838
2020-11-16,118.92122193532,120.99026282316,118.14520363103,120.30536012451,91183017.176677
2020-11-17,119.55800740402,120.66777500541,118.96217276932,119.39522783887,74270973.822348
2020-11-18,118.60794805522,119.83033045012,117.99266177438,118.02337489988,76322110.558671
2020-11-19,117.58212966353,119.06454985432,116.81532529688,118.63866118072,74112970.69108
2020-11-20,118.64889888922,118.76868007867,117.28728365873,117.33847220123,73604285.568816
2020-11-23,117.18490657373,117.61181901818,113.75936930965,113.8484373736,127959317.26396
2020-11-24,113.9078160829,115.84479053109,112.59431808236,115.15988783244,113874217.06788
2020-11-25,115.53151665099,116.75389904589,115.15988783244,116.02702174239,76499233.202866
2020-11-27,116.57166783459,117.47975257853,116.21846689134,116.59214325159,46691330.389288
2020-11-30,116.97605732033,120.97081117701,116.81532529688,119.05431214582,169410175.13928
2020-12-01,121.01073824016,123.47188336355,120.02177559907,122.7153167054,128166802.17135
2020-12-02,122.02017629826,123.37155382025,120.88890950901,123.079779128,89004194.640352
2020-12-03,123.52307190605,123.7861810145,122.2136689889,122.9384987507,78967630.30561
2020-12-04,122.5924642034,122.8586446244,121.51443349836,122.25154851035,78260420.288833
2020-12-07,122.3119509905,124.56117554794,122.25154851035,123.755467889,86618061.06367
2020-12-08,124.36051646134,124.97580274219,123.0900168365,124.37075416984,82008727.832481
2020-12-09,124.52124848479,125.95452767478,121.00050053166,121.77651883596,114876426.69321
2020-12-10,120.50499544026,123.87627284929,120.16305597637,123.2394873806,81311839.461413
2020-12-11,122.4327559508,122.7562675394,120.55618398276,122.41330430465,86939786.379449
2020-12-14,122.5924642034,123.35107840325,121.53490891536,121.77651883596,79075987.561534
2020-12-15,124.32980333584,127.89047835212,124.11788276989,127.87000293512,157572262.38754
2020-12-16,127.40725851092,128.36653179737,126.57083772648,127.80141028817,98208590.331101
2020-12-17,128.90196395192,129.58789042141,128.03278250027,128.69925732362,94359811.085215
2020-12-18,128.96236643207,129.10159926766,126.12549740673,126.67014349893,192541495.00459
2020-12-21,125.01675357619,128.30612931722,123.44117023805,128.22525142007,121251551.55639
2020-12-22,131.6047189959,134.39961341638,129.65853061006,131.877042042,169351825.1677
2020-12-23,132.1575552549,132.4339733844,130.76727444061,130.94848188105,88223692.831764
2020-12-24,131.3119205328,133.46183931779,131.08976225835,131.96815764765,54930063.695719
2020-12-28,133.98498622214,137.35319231862,133.51200408944,136.69900274547,124486236.3494
2020-12-29,138.05140403831,138.78954282116,134.33921093623,134.86338161143,121047324.21392
2020-12-30,135.53907037243,135.99362462983,133.40041306679,133.72290088454,96452124.028109
2020-12-31,134.07610182779,134.73131517178,131.7152862477,132.69401118029,99116585.513817
2021-01-04,133.52224179794,133.61233363274,126.77149681308,129.41487314776,143301886.35556
2021-01-05,128.89172624342,131.7357616647,128.42488673582,130.9986466527,97664896.398026
2021-01-06,127.71029468252,131.0395974867,126.38860651518,126.60974101878,155087969.14945
2021-01-07,128.35629408887,131.6251944129,127.84952751812,130.9085548179,109578156.08897
2021-01-08,132.4339733844,132.63463247099,130.24310376541,132.04801177395,105158245.12938
2021-01-11,129.19169110246,130.18167751441,128.49552692447,128.98181807822,100620880.15163
2021-01-12,128.49552692447,129.69845767321,126.87285012723,128.79958686692,91951144.14572
2021-01-13,128.75965980377,131.4429632016,128.48528921597,130.8778416924,88636830.205233
2021-01-14,130.78774985761,130.9884089442,128.75965980377,128.91220166042,90221754.21436
2021-01-15,128.77911144992,130.23286605691,127.00389279603,127.13391169398,111598530.08185
2021-01-19,127.77172093352,128.70949503212,126.95270425353,127.81983816347,90757329.143069
2021-01-20,128.65830648962,132.491304552,128.54671546697,132.02753635695,104319489.07376
2021-01-21,133.80275501084,139.66589066875,133.59185821574,136.88225772762,120529543.3062
2021-01-22,136.28744686377,139.84812188005,135.01592346808,139.05981832556,114459357.77588
2021-01-25,143.07504759924,145.08266223607,136.54646088882,142.92455328429,157611711.64516
2021-01-26,143.61047975378,144.29640622328,141.3602314255,143.16718697573,98390554.879125
2021-01-27,143.43848625098,144.29640622328,140.41119584755,142.05537183264,140843759.12913
2021-01-28,139.51437258296,141.98473164399,136.70924045397,137.10339223122,142621127.57052
2021-01-29,135.83084506468,136.75019128797,130.22262834841,131.95791993915,177523810.1388
2021-02-01,133.75259023919,135.37833834898,130.9187925264,134.13752807879,106239822.12486
2021-02-02,135.73153929223,136.31815998927,134.59924873213,134.98521034258,83305366.626219
2021-02-03,135.76020487603,135.77044258453,133.61233363274,133.93379767964,89880936.735524
2021-02-04,136.30792228077,137.40438086112,134.57979708598,137.39414315262,84183060.106166
2021-02-05,137.35269589118,137.42220843413,135.86226519093,136.7679727358,75693829.068697
2021-02-08,136.03297981846,136.96833241842,134.91362342835,136.91722025448,71297214.198331
2021-02-09,136.62792540663,137.87608444985,135.85204275814,136.01253495289,76774212.792491
2021-02-10,136.48481134762,136.99899971677,134.38819038313,135.38692206636,73046561.968443
2021-02-11,135.90315492207,136.39383169582,133.76462198316,135.12625003031,64280029.395176
2021-02-12,134.34014494903,135.52901388209,133.705331873,135.36647720079,60145129.133838
2021-02-16,135.48812415094,136.01253495289,132.78735740878,133.19114350384,80576315.561189
2021-02-17,131.24683678787,132.2261458488,129.47426694271,130.8338505033,98085249.465662
2021-02-18,129.20132798731,129.99765550137,127.39809084379,129.71347186991,96856747.379866
2021-02-19,130.25014959119,130.70300336363,128.7995863788,129.87703079449,87668832.725641
2021-02-22,128.00325886474,129.72369430269,125.60609837633,126.00681774156,103916418.15569
2021-02-23,123.76299374494,126.72341027989,118.39212755897,125.86677041238,158273020.11245
2021-02-24,124.94061800194,125.56725313174,122.23065107026,125.35258204323,111039904.46483
2021-02-25,124.67892372261,126.46069375727,120.53781620083,120.98044754049,148199540.33012
2021-02-26,122.58332500139,124.84963835014,121.19307414244,121.25440873916,164560393.31831
2021-03-01,123.75277131216,127.92250164573,122.78572917056,127.78143207328,116307892.14695
2021-03-02,128.40602271653,128.71985140307,125.01115278816,125.12155506226,102260944.32147
2021-03-03,124.80977086227,125.71650065042,121.83810965126,122.05993644273,112966339.23936
2021-03-04,121.74610775619,123.60147930692,118.62213229666,120.13607459233,178154974.26629
2021-03-05,120.9702251077,121.94033397913,117.56819947639,121.41387869063,153766600.65608
2021-03-08,120.92115743032,120.99066997327,116.20452694268,116.3568411912,154376608.09074
2021-03-09,119.03920755435,122.05993644273,118.79489141075,121.08267186835,129525779.98474
2021-03-10,121.68477315947,122.16931647354,119.46037178515,119.9939827766,111943326.39902
2021-03-11,122.53221283746,123.20587115808,121.25440873916,121.9607788447,103026514.53
2021-03-12,120.40594681789,121.16342908736,119.16698796418,121.02133727163,88105049.827105
2021-03-15,121.40365625784,123.99197623936,120.42639168346,123.98277604985,92590554.496894
2021-03-16,125.70627821764,127.21715378347,124.70856877769,125.57645332125,115227935.91435
2021-03-17,124.04308840329,125.86677041238,122.34003110108,124.75968094162,111932636.18444
2021-03-18,122.87568657908,123.17724834628,120.32518959888,120.52759376805,121469754.40641
2021-03-19,119.91322555759,121.42410112342,119.68219857661,119.9939827766,185549522.27453
2021-03-22,120.33541203166,123.87237377576,120.266921732,123.38885270496,111912283.88628
2021-03-23,123.32854035152,124.23527013968,122.13864917518,122.53221283746,95467141.764763
2021-03-24,122.81537422564,122.89613144466,120.06451756282,120.09518486118,88530484.759364
2021-03-25,119.55032919367,121.65410586111,119.00854025599,120.58790612149,98844682.191924
2021-03-26,120.35585689724,121.47521328735,118.92778303698,121.20329657523,94071233.344706
2021-03-29,121.6449056716,122.57310256861,120.72897569394,121.38321139227,80819201.971095
2021-03-30,120.11562972676,120.40594681789,118.86644844026,119.91322555759,85671918.642023
2021-03-31,121.6449056716,123.52072208791,121.14298422179,122.14887160797,118323824.20838
2021-04-01,123.66076941708,124.17495778624,122.48110067353,122.99528904269,75089133.481143
2021-04-05,123.87237377576,126.16935442286,123.06582382891,125.90663790025,88651173.251602
2021-04-06,126.51180592121,127.12617413167,125.65516605371,126.22046658679,80171253.470146
2021-04-07,125.83610311403,127.91227921294,125.14097768455,127.89183434737,83466715.588011
2021-04-08,128.94781165421,130.38917467709,128.5174472339,130.36157410856,88844591.984825
2021-04-09,129.80547376498,133.04087374188,129.47426694271,132.99998401073,106686702.93934
2021-04-12,132.52668537272,132.8486920055,130.6232683879,131.23661435508,91419981.870003
2021-04-13,132.44695039699,134.65192914902,131.93071754128,134.41885768149,91266543.83497
2021-04-14,134.93304605064,134.99438064736,131.64960063965,132.03191962586,87222782.348468
2021-04-15,133.81573414709,134.99438064736,133.64399727628,134.48939246771,89347101.525102
2021-04-16,134.29005502838,134.6621515818,133.28212315564,134.15818564543,84922384.733598
2021-04-19,133.51315013661,135.46767928537,133.34243550908,134.83388845261,94264214.804327
2021-04-20,135.01482551293,135.52901388209,131.81213732096,133.11038628483,94812347.535261
2021-04-21,132.3651709347,133.74417711758,131.29692670852,133.5039499471,68847135.971031
2021-04-22,133.04087374188,134.14796321265,131.40835122589,131.94093997406,84566455.760913
2021-04-23,132.16481125209,135.11602759752,132.16481125209,134.31049989395,78756779.019481
2021-04-26,134.82468826311,135.0546930008,133.56221781399,134.71326374574,66905068.909811
2021-04-27,135.00460308015,135.40736693193,134.10911796806,134.37899019362,66015804.07531
2021-04-28,134.30027746116,135.01482551293,133.08074122975,133.58266267956,107760096.15495
2021-04-29,136.47458891483,137.07975693579,132.45717282978,133.48350508153,151100951.43448
2021-04-30,131.7814700226,133.56221781399,131.05669953804,131.45946338982,109839465.17054
2021-05-03,132.04214205865,134.06925048019,131.83053769997,132.54610799502,75135100.034294
2021-05-04,131.18550219115,131.49013068818,126.7131878471,127.84174442672,137564716.67595
2021-05-05,129.20132798731,130.44948703053,127.96339137688,128.09423851654,84000899.584531
2021-05-06,127.88161191458,129.75436160105,127.12617413167,129.74413916827,78128333.703749
2021-05-07,130.84467190653,131.25695789062,129.47412716238,130.20787375288,78973272.117851
2021-05-10,129.41391708055,129.54454234283,126.80957591371,126.85039630818,88071229.275597
2021-05-11,123.50210345223,126.27686976595,122.76733635187,125.91458876508,126142826.09353
2021-05-12,123.40209348579,124.6379309282,122.242794283,122.76733635187,112172281.03923
2021-05-13,124.57772084637,126.15849062201,124.25626023996,124.96857612337,105861338.59539
2021-05-14,126.25645956872,127.88723432758,125.85437868325,127.44229202791,81917951.158242
2021-05-17,126.81978101233,126.93101658725,125.17063707597,126.27686976595,74244623.055725
2021-05-18,126.56873558637,126.99122666908,124.77876128911,124.84917646956,63342927.326463
2021-05-19,123.15921213873,124.91857114015,122.85714121969,124.68895642129,92611988.923605
2021-05-20,125.23186766766,127.71578867083,125.10022189551,127.30350268673,76857122.062633
2021-05-21,127.81681914712,127.99744939263,125.21145747043,125.4329081104,79295434.609726
2021-05-24,126.01663975124,127.93723931079,125.94520406093,127.10348275386,63092944.440852
2021-05-25,127.81681914712,128.3199305089,126.32789525903,126.90142180126,72009481.49972
2021-05-26,126.96061137323,127.3841229658,126.42790522547,126.85039630818,56575919.716076
2021-05-27,126.4483154227,127.6341478819,125.07981169828,125.28289316074,94625601.018206
2021-05-28,125.5737384713,125.80335319017,124.54812606038,124.60833614222,71311108.042678
2021-06-01,125.07981169828,125.35432885106,123.93377912369,124.27667043719,67637118.068608
2021-06-02,124.28687553581,125.24207276628,124.04501469861,125.06042201091,59278861.749036
2021-06-03,124.67875132267,124.84917646956,123.12961735274,123.5429238467,76229170.267058
2021-06-04,124.06542489584,126.16767521076,123.84295374601,125.89417856785,75169343.174068
2021-06-07,126.17685979952,126.32789525903,124.83897137094,125.90438366646,71057549.493433
2021-06-08,126.60955598084,128.4607608698,126.21665968412,126.73916073326,74403773.894055
2021-06-09,127.20247221043,127.74640396667,126.52791519191,127.13205702998,56877936.395772
2021-06-10,127.02184196493,128.18828473675,125.94520406093,126.11767022754,71186421.349499
2021-06-11,126.53812029053,127.4320869293,126.10746512893,127.3443230812,53522372.54596
2021-06-14,127.81681914712,130.53137537901,127.07286745801,130.47116529718,96906488.334987
2021-06-15,129.94866424803,130.59158546085,129.39452739318,129.64659332899,62746331.425823
2021-06-16,130.36095023212,130.88345128127,128.4607608698,130.14868418091,91815026.512369
2021-06-17,129.80783388713,132.551984905,129.65679842761,131.78762301866,96721668.954896
2021-06-18,130.7018005259,131.50800331657,130.23848904873,130.45075509994,108953308.71611
2021-06-21,130.29971964043,132.4111545441,129.21593816739,132.30195998891,79663315.425113
2021-06-22,132.13051433216,134.0725445988,131.61719787177,133.98171922112,74783617.357192
2021-06-23,133.77047367977,134.31236441628,133.23674702214,133.70005849932,60214199.109219
2021-06-24,134.44401018843,134.63586604241,132.93569661297,133.41737726765,68710997.941037
2021-06-25,133.46840276073,133.89089384344,132.8152764493,133.11632685847,70783745.18197
2021-06-28,133.41737726765,135.23796686076,133.35614667595,134.77567589345,62111301.795657
2021-06-29,134.79608609069,136.49727602999,134.34297971213,136.335014962,64556080.718283
2021-06-30,136.17173338414,137.41063235614,135.87374450455,136.96671056633,63261392.592572
2021-07-01,136.60749109505,137.33001207707,135.76148841977,137.27082250509,52485781.877126
2021-07-02,137.90251810943,140.00476842435,137.75148264991,139.96394802989,78945572.238542
2021-07-06,140.0751836048,143.15304134742,140.0751836048,142.01823438131,108181791.4289
2021-07-07,143.53675305539,144.89403117133,142.66013508426,144.5705295452,104911587.85171
2021-07-08,141.57227157179,144.05823359467,140.65789473578,143.24284621525,105575457.96751
2021-07-09,142.75198097181,145.65737254782,142.64992998565,145.1154818113,99890799.525465
2021-07-12,146.20946838295,146.32070395787,143.99700300298,144.49909385489,76299718.335929
2021-07-13,144.05823359467,147.45653143384,143.63676302183,145.6471674492,100827097.18994
2021-07-14,148.09230907762,149.57204837696,147.67798207381,149.14649576467,127050784.00247
2021-07-15,149.23732114235,150.00066251884,147.09629145269,148.472959256,106820295.52155
2021-07-16,148.45254905877,149.76084270136,145.88086420751,146.39213964818,93251425.174588
2021-07-19,143.74595757702,144.06843869329,141.66411745933,142.44991005277,121434570.75888
2021-07-20,143.46531736508,147.10649655131,142.96118549344,146.14925830111,96350034.13365
2021-07-21,145.53695238415,146.12884810388,144.63073962704,145.40428610214,74993458.5435
2021-07-22,145.9369922499,148.18109343558,145.82065412568,146.80442563227,77338155.140769
2021-07-23,147.54633630166,148.71482009321,146.92280477622,148.55460004493,71447416.377592
2021-07-26,148.26069320479,149.83125788181,147.69839227104,148.9862757164,72434088.861491
2021-07-27,149.12608556744,149.20772635636,145.55736258138,146.77381033642,104818577.48153
2021-07-28,144.84300567825,146.9738302693,142.53971492059,144.98587705888,118931190.73669
2021-07-29,144.69094970887,146.55440071617,144.58073464382,145.6471674492,56699474.622053
2021-07-30,144.38071471094,146.33090905648,144.10823857789,145.86045401028,70440625.518778
2021-08-02,146.36152435233,146.95342007206,145.25427115248,145.52674728553,62879960.707744
2021-08-03,145.82065412568,148.03311950565,145.18487648189,147.35754197726,64786618.421886
2021-08-04,147.26773710944,147.78003305997,146.2798835634,146.95342007206,56368271.551202
2021-08-05,146.98403536791,147.83003804319,146.16966849835,147.06567615684,46397673.144704
2021-08-06,146.35451776221,147.10856532358,145.63307766296,146.14256925848,54126812.380379
2021-08-09,146.20370824994,146.70301001355,145.53117934385,146.09162009892,48908689.013112
2021-08-10,146.44418828302,147.69957557438,145.30904100821,145.61269799914,69023080.673635
2021-08-11,146.05086077128,146.72338967737,145.54136917576,145.86031091456,48493462.340365
2021-08-12,146.19351841803,149.04361440336,145.84095023393,148.88363404236,73779112.021973
2021-08-13,148.96413371446,149.44713174701,148.26103531264,149.09354457972,59375008.863934
2021-08-16,148.53310382465,151.19366893644,146.47271981237,151.12234011307,103558781.86042
2021-08-17,150.22971083772,151.68379985133,149.08335474781,150.19098947646,92229733.352511
2021-08-18,149.79664298153,150.72187971899,146.15275909039,146.36470759412,86325989.254554
2021-08-19,145.0369724962,147.98998578382,144.50404428729,146.70301001355,86960309.825968
2021-08-20,147.43667791109,148.49234449701,146.78452866883,148.18053564055,60549628.828746
2021-08-23,148.30179464028,150.19098947646,147.87993559919,149.70595347753,60131809.375251
2021-08-24,149.44713174701,150.86351838255,149.14449373927,149.61730193991,48606426.912315
2021-08-25,149.80683281344,150.31836237534,147.79128406157,148.35172481664,58991296.940676
2021-08-26,148.36191464855,149.11392424354,147.50800673446,147.52838639829,48597195.160425
2021-08-27,147.47743723873,148.74403334519,146.83547782838,148.59424281611,55802387.615592
2021-08-30,148.993684227,153.49249501542,148.60443264802,153.1307559826,90956722.167036
2021-08-31,152.66915659707,152.81079526062,151.29454827236,151.8356283468,86453116.964941
2021-09-01,152.84136475635,154.96900165923,152.34919587508,152.5173281016,80313711.47226
2021-09-02,153.86544286334,154.70712297914,152.40727791697,153.6545133428,71171316.306229
2021-09-03,153.76558251062,154.61745245833,153.10324343645,154.29647275315,57866066.406859
2021-09-07,154.95983081052,157.25865688949,154.38716225715,156.68802630251,82278260.070911
2021-09-08,156.97537956239,157.03651855385,153.96428423287,155.10045049088,74420206.993653
2021-09-09,155.48053122114,156.10516791724,153.94390456905,154.06516356879,57305729.391468
2021-09-10,154.98938132306,155.47034138922,148.69410316883,148.96413371446,140893234.80787
2021-09-13,150.63119021499,151.425997104,148.74403334519,149.54597311654,102404328.07713
2021-09-14,150.34791288788,151.07240993671,146.91597750047,148.10920681718,109296293.57939
2021-09-15,148.55348348847,149.4369419151,146.37489742603,149.02323473954,83281314.889667
2021-09-16,148.43324347193,148.96413371446,147.21657754183,148.78173572326,68034148.757128
2021-09-17,148.81230521899,148.81230521899,145.75943157865,146.06105060319,129868824.29863
2021-09-20,143.80196486866,144.84846060586,141.26062079022,142.93888610586,123478862.17043
2021-09-21,143.93341370031,144.60594260639,142.77788676167,143.43207397032,75833961.423237
2021-09-22,144.45411411093,146.43399845111,143.70210451594,145.85012108265,76404341.783887
2021-09-23,146.65206085399,147.07799582785,145.64224851168,146.83547782838,64838170.620642
2021-09-24,145.6626281755,147.46724740682,145.5719386715,146.92616733238,53477868.407783
2021-09-27,145.4802301843,145.96119025047,143.82234453249,145.37935084839,74150728.554346
2021-09-28,143.25069496231,144.75879008505,141.68553678088,141.90359918376,108972339.266
2021-09-29,142.46709688841,144.45411411093,142.02383920031,142.82781693803,74602043.162914
2021-09-30,143.6613451883,144.38380427075,141.27081062213,141.49294895778,89056663.346605
2021-10-01,141.89340935185,142.91952542523,139.1136232067,142.64847589641,94639580.758827
2021-10-04,141.75584662106,142.2062371915,138.26990512453,139.14317371924,98322007.547617
2021-10-05,139.49370393696,142.23680668723,139.36327408851,141.10064042923,80861062.012393
2021-10-06,139.47536223952,142.14509820004,138.36976547725,141.99428868777,83221117.625826
2021-10-07,143.05810713921,144.21363407784,142.7177667534,143.29145428995,61732655.212894
2021-10-08,144.03531201941,144.18510254849,142.5588053756,142.89914576141,58773153.989982
2021-10-11,142.26533821658,144.81891009332,141.80577679742,142.80743727421,64452218.22863
2021-10-12,143.23031529849,143.25069496231,141.03338753862,141.50313878969,73035858.348446
2021-10-13,141.23005129449,141.39105063867,139.20431271071,140.90193870697,78762720.235209
2021-10-14,142.1043388724,143.88246454076,141.50313878969,143.76120554102,69907100.162792
2021-10-15,143.77139537293,144.89839078222,143.51053567603,144.84846060586,67940334.648278
2021-10-18,143.45245363414,146.84566766029,143.16000545831,146.55423846765,85589175.333966
2021-10-19,146.99749615576,149.16487340309,146.55423846765,148.75320419391,76378892.885193
2021-10-20,148.69410316883,149.75690263708,148.10920681718,149.25658189028,58418787.006134
2021-10-21,148.80211538708,149.63768160373,147.86057491856,149.47668225955,61420989.620377
2021-10-22,149.68557381371,150.18079964455,148.63296417737,148.68391333692,58883442.364696
2021-10-25,148.67372350501,149.36765105811,147.61907590229,148.63296417737,50720555.014672
2021-10-26,149.32791071366,150.84313871873,149.00387405891,149.31772088175,60893394.067546
2021-10-27,149.3574612262,149.72633314135,148.48317364829,148.84287471472,56094928.260641
2021-10-28,149.81702264535,153.17151531025,149.71614330944,152.57846709306,100077887.34597
2021-10-29,147.20638770992,149.93828164509,146.41463777048,149.79664298153,124953168.13859
2021-11-01,148.98451337828,149.69576364562,147.79128406157,148.95394388255,74588257.852103
2021-11-02,148.65334384119,151.57476864989,148.64315400928,150.01980030037,69121986.132416
2021-11-03,150.38867221553,151.97726701035,149.81702264535,151.49732592737,54511533.152466
2021-11-04,151.5849584818,152.4378474127,150.6413800469,150.96134076889,60394615.476819
2021-11-05,151.89721675941,152.2055187099,150.06165003111,151.28570034937,65463882.775547
2021-11-08,151.41390512086,151.57365233613,150.15932985701,150.44117685465,55020867.601823
2021-11-09,150.20002978447,151.43323758641,150.06165003111,150.8115461945,56787929.228075
2021-11-10,150.02095010366,150.12880491142,147.84248648654,147.91371135959,65187091.127405
2021-11-11,148.95766449885,149.42978365735,147.67459928578,147.86283645026,40999949.244982
2021-11-12,148.42653044554,150.40149442538,147.47415214305,149.99144265625,63804007.581129
2021-11-15,150.37300447616,151.88704177755,149.42978365735,150.00060013993,59222802.364037
2021-11-16,149.94158524512,151.49225248122,149.33820882057,151.00385335174,59256208.811787
2021-11-17,150.99367836987,154.99448123887,150.99367836987,153.49163641753,88806999.566364
2021-11-18,153.70124104393,158.67375468096,153.0591996883,157.87298360825,137827671.70691
2021-11-19,157.65116900361,161.02010549884,156.52988600217,160.55002133671,117305596.79933
2021-11-22,161.67130433814,165.70364965092,160.99975553511,161.02010549884,117467887.99769
2021-11-23,161.11168033561,161.79340412051,159.06650898091,161.40268481693,96041898.948264
2021-11-24,160.75046847944,162.13426601296,159.64648294717,161.93381887024,69463622.582777
2021-11-26,159.56711808863,160.44928901626,156.35894630686,156.80766300707,76959750.931517
2021-11-29,159.3748109314,161.18188771048,158.79381946695,160.24884187353,88748216.169206
2021-11-30,159.98937983599,165.52253497374,159.92832994481,165.30173786728,174048055.67609
2021-12-01,167.47816648803,170.29460146804,164.53047424198,164.77060381397,152423001.89839
2021-12-02,158.73276957577,164.19876983321,157.8017587352,163.75819311849,136739173.45229
2021-12-03,164.01765515602,164.96087597483,159.7268653039,161.83410404797,118023115.52295
2021-12-06,164.2893271718,167.88007827167,164.27915218993,165.32208783101,107496981.77355
2021-12-07,169.07258614615,171.58173667385,168.34100495011,171.17880739203,120405351.71005
2021-12-08,172.13220319271,175.96308386457,170.69753074986,175.07887794057,116998899.44678
2021-12-09,174.90997324163,176.75367995542,173.92503499718,174.55893636731,108923738.12494
2021-12-10,175.19996022476,179.63421732117,174.68612364062,179.45106764761,115402730.50842
2021-12-13,181.10653719691,182.12912287426,175.52962963716,175.74228675812,153237019.0741
2021-12-14,175.25083513408,177.73556570531,172.21360304762,174.32694678081,139380381.10835
2021-12-15,175.10940288617,179.50194255693,172.31433536808,179.29946041784,131063256.70168
2021-12-16,179.27911045411,181.13502714613,170.74738816099,172.26447795694,150185843.11975
2021-12-17,169.92524962637,173.47428330059,169.68410255619,171.13810746458,195923441.10391
2021-12-20,168.27995505893,170.57746596386,167.4578165243,169.74413494918,107499113.47268
2021-12-21,171.56138671013,173.20261128482,169.1132860736,172.99605915298,91185905.035003
2021-12-22,173.0469340623,175.86235154412,172.15255315644,175.64053693948,92135301.321792
2021-12-23,175.85217656225,176.84423729401,175.27118509781,176.28156079692,68356567.046918
2021-12-27,177.084366866,180.42481341201,177.06401690228,180.33527357161,74919582.184575
2021-12-28,180.1633163781,181.32631680518,178.52717929434,179.28928543597,79144338.609088
2021-12-29,179.32998536343,180.63340054023,178.13951248532,179.37984277456,62348930.786141
2021-12-30,179.47141761134,180.57336814723,178.088637576,178.19750988194,59773013.664139
2021-12-31,178.088637576,179.22925304297,177.25530656132,177.56767850455,64062260.62129
