Date,Open,High,Low,Close,Volume
2012-01-03,5.52,5.59,5.44,5.48,12675559
2012-01-04,5.44,5.49,5.41,5.46,8034829
2012-01-05,5.45,5.56,5.35,5.46,11476972
2012-01-06,5.44,5.52,5.39,5.43,12940520
2012-01-09,5.43,5.6,5.38,5.59,12588110
2012-01-10,5.67,5.75,5.64,5.71,10131538
2012-01-11,5.68,5.84,5.68,5.81,11205495
2012-01-12,5.84,5.85,5.71,5.82,11480090
2012-01-13,5.76,5.79,5.63,5.66,9673392
2012-01-17,5.77,5.84,5.71,5.73,8262012
2012-01-18,5.75,6.03,5.73,5.97,19944587
2012-01-19,6.04,6.24,5.98,6.22,21726723
2012-01-20,6.23,6.49,6.18,6.42,28706287
2012-01-23,6.46,6.6,6.39,6.52,21910198
2012-01-24,6.47,6.81,6.39,6.53,38768491
2012-01-25,6.28,6.78,6.23,6.73,36787719
2012-01-26,6.71,6.95,6.68,6.77,25160925
2012-01-27,6.71,6.85,6.65,6.82,16428206
2012-01-30,6.74,6.78,6.61,6.74,13366530
2012-01-31,6.79,6.84,6.69,6.71,17476787
2012-02-01,6.83,6.92,6.8,6.9,14672436
2012-02-02,6.92,7,6.84,6.93,15775437
2012-02-03,7.02,7.12,6.98,7.08,15315444
2012-02-06,7.02,7.05,6.9,6.92,13144737
2012-02-07,6.98,7.19,6.95,7.13,18873569
2012-02-08,7.13,7.39,7.11,7.25,15607030
2012-02-09,7.3,7.33,7.13,7.24,13358114
2012-02-10,7.08,7.12,6.96,7.05,16446049
2012-02-13,7.24,7.37,7.17,7.29,19481642
2012-02-14,7.24,7.43,7.24,7.32,18756134
2012-02-15,7.36,7.5,7.3,7.3,15251705
2012-02-16,7.3,7.6,7.27,7.59,13140066
2012-02-17,7.66,7.68,7.42,7.42,13955025
2012-02-21,7.43,7.45,7.2,7.28,15662944
2012-02-22,7.24,7.27,7,7.14,20775687
2012-02-23,7.12,7.3,7.05,7.29,16384900
2012-02-24,7.42,7.57,7.38,7.46,19280677
2012-02-27,7.4,7.59,7.27,7.47,14767264
2012-02-28,7.43,7.61,7.43,7.52,10513602
2012-02-29,7.52,7.55,7.34,7.35,13950253
2012-03-01,7.47,7.7,7.42,7.51,19155266
2012-03-02,7.5,7.63,7.43,7.46,11203319
2012-03-05,7.34,7.44,7.03,7.07,25124416
2012-03-06,6.92,6.95,6.76,6.9,15021119
2012-03-07,7,7.23,6.92,7.17,18341811
2012-03-08,7.24,7.5,7.21,7.47,21251636
2012-03-09,7.54,7.65,7.52,7.58,15093736
2012-03-12,7.55,7.6,7.43,7.5,15385475
2012-03-13,7.56,7.79,7.54,7.76,17894261
2012-03-14,7.75,7.99,7.73,7.76,22706983
2012-03-15,7.96,8.28,7.92,8.25,27157794
2012-03-16,8.31,8.33,8.11,8.2,14111766
2012-03-19,8.19,8.23,8.08,8.18,12016790
2012-03-20,8.03,8.09,7.92,8.06,16428773
2012-03-21,8.09,8.18,8.01,8.04,9090246
2012-03-22,7.97,8.04,7.9,8.03,9352220
2012-03-23,8.04,8.12,7.95,8.09,8149170
2012-03-26,8.16,8.25,8.12,8.24,8694416
2012-03-27,8.25,8.35,8.17,8.19,9801989
2012-03-28,8.17,8.27,7.98,8.08,15385134
2012-03-29,7.98,8.12,7.93,8.12,13920520
2012-03-30,8.18,8.2,7.95,8.02,14586009
2012-04-02,8.03,8.24,7.95,8.2,12478712
2012-04-03,8.09,8.17,7.91,7.98,18450512
2012-04-04,7.89,7.89,7.6,7.81,16055694
2012-04-05,7.68,7.89,7.61,7.86,11634717
2012-04-09,7.66,7.85,7.66,7.75,11816084
2012-04-10,7.73,7.89,7.52,7.53,16439809
2012-04-11,7.64,7.8,7.62,7.64,9540800
2012-04-12,7.84,7.95,7.71,7.92,10959907
2012-04-13,7.85,7.86,7.68,7.73,11975448
2012-04-16,7.8,7.84,7.55,7.7,14930987
2012-04-17,7.83,8.01,7.8,7.94,15773758
2012-04-18,7.81,8.05,7.79,7.97,14003667
2012-04-19,8.01,8.06,7.75,7.97,25064795
2012-04-20,8.16,8.21,7.73,7.76,38764172
2012-04-23,7.59,7.65,7.39,7.39,23446095
2012-04-24,7.44,7.48,7.26,7.31,20561234
2012-04-25,7.42,7.48,7.21,7.39,17396259
2012-04-26,7.35,7.49,7.31,7.45,22488120
2012-04-27,7.44,7.49,7.22,7.33,17785723
2012-04-30,7.3,7.46,7.3,7.36,13328230
2012-05-01,7.34,7.64,7.31,7.59,18849970
2012-05-02,7.51,7.65,7.47,7.63,14124575
2012-05-03,7.57,7.72,7.37,7.41,15769356
2012-05-04,7.35,7.4,7.13,7.18,12320894
2012-05-07,7.13,7.32,7.13,7.18,10558210
2012-05-08,7.1,7.12,6.9,7.03,12569121
2012-05-09,6.9,6.96,6.72,6.86,19308545
2012-05-10,6.58,6.85,6.48,6.78,26548428
2012-05-11,6.73,7.03,6.72,6.78,17698772
2012-05-14,6.69,6.89,6.63,6.75,13394571
2012-05-15,6.76,6.82,6.53,6.6,12501406
2012-05-16,6.66,6.76,6.39,6.39,17262602
2012-05-17,6.37,6.42,6.11,6.13,22929215
2012-05-18,6.19,6.29,6,6.01,14979840
2012-05-21,6.1,6.34,6.06,6.3,16379175
2012-05-22,6.17,6.27,6.08,6.16,12602581
2012-05-23,5.98,6.08,5.89,6.08,19701258
2012-05-24,6.07,6.1,5.96,6.02,8088081
2012-05-25,6.02,6.22,5.99,6.22,10026498
2012-05-29,6.23,6.46,6.22,6.46,16984755
2012-05-30,6.35,6.39,6.15,6.15,18308575
2012-05-31,6.12,6.14,5.93,6.08,19853735
2012-06-01,5.9,5.9,5.63,5.73,25559242
2012-06-04,5.76,5.83,5.52,5.63,15579156
2012-06-05,5.66,5.84,5.64,5.83,12256378
2012-06-06,5.91,6.1,5.91,6.02,16972380
2012-06-07,6.1,6.14,5.72,5.76,17448514
2012-06-08,5.73,5.92,5.71,5.91,7582083
2012-06-11,6.01,6.02,5.68,5.69,11841237
2012-06-12,5.76,5.92,5.75,5.91,12517359
2012-06-13,5.89,5.95,5.75,5.76,12582999
2012-06-14,5.75,5.81,5.7,5.76,8485736
2012-06-15,5.77,5.88,5.73,5.87,9292697
2012-06-18,5.85,6,5.8,5.93,11949994
2012-06-19,5.93,6,5.8,5.81,21247320
2012-06-20,5.87,6.09,5.79,6.06,23323545
2012-06-21,6.04,6.04,5.71,5.72,17212920
2012-06-22,5.77,5.82,5.63,5.73,15996559
2012-06-25,5.64,5.64,5.38,5.41,16920627
2012-06-26,5.44,5.5,5.39,5.44,10162933
2012-06-27,5.47,5.53,5.4,5.5,10065941
2012-06-28,5.45,5.47,5.32,5.41,11535610
2012-06-29,5.59,5.73,5.58,5.73,20966045
2012-07-02,5.75,5.78,5.66,5.75,11169507
2012-07-03,5.79,6.08,5.77,6.03,11319307
2012-07-05,5.8,5.98,5.79,5.88,13359819
2012-07-06,5.8,5.82,5.68,5.75,9953111
2012-07-09,5.69,5.78,5.61,5.62,13512731
2012-07-10,5.08,5.4,4.95,4.99,75463625
2012-07-11,5.02,5.04,4.86,4.89,16161387
2012-07-12,4.85,4.96,4.81,4.88,19882347
2012-07-13,4.89,4.95,4.83,4.9,15546441
2012-07-16,4.85,4.87,4.74,4.83,14793800
2012-07-17,4.85,4.93,4.71,4.87,14275117
2012-07-18,4.83,5.02,4.76,4.89,15855097
2012-07-19,4.93,5.07,4.82,4.86,27587956
2012-07-20,4.62,4.62,4.2,4.22,52275356
2012-07-23,4.15,4.16,4.03,4.15,22166941
2012-07-24,4.18,4.2,4,4.06,21006569
2012-07-25,4.11,4.15,3.98,4.01,20288811
2012-07-26,4.05,4.09,4,4.04,11234009
2012-07-27,4.09,4.12,4.02,4.09,13878558
2012-07-30,4.08,4.13,4.06,4.1,9535696
2012-07-31,4.09,4.15,4.05,4.06,13541419
2012-08-01,4.09,4.15,3.99,4.05,16230059
2012-08-02,4.03,4.12,3.89,3.97,15798975
2012-08-03,4.01,4.1,3.98,4.09,8352180
2012-08-06,4.1,4.12,3.95,4.01,18015687
2012-08-07,4.04,4.12,4.01,4.02,17096859
2012-08-08,4.05,4.47,4.03,4.4,52649612
2012-08-09,4.41,4.41,4.23,4.37,23071970
2012-08-10,4.23,4.37,4.22,4.34,7843579
2012-08-13,4.31,4.32,4.21,4.26,12805112
2012-08-14,4.31,4.35,4.11,4.12,13195764
2012-08-15,4.11,4.23,4.1,4.19,10406534
2012-08-16,4.19,4.24,4.13,4.17,12980054
2012-08-17,4.17,4.2,4.08,4.1,9234011
2012-08-20,4.1,4.1,3.98,4.09,17270558
2012-08-21,4.09,4.18,4.03,4.07,15996458
2012-08-22,4.05,4.05,3.96,4.01,17671649
2012-08-23,3.98,3.98,3.88,3.9,24425919
2012-08-24,3.88,3.95,3.85,3.94,12557509
2012-08-27,3.95,3.95,3.82,3.85,13062806
2012-08-28,3.84,3.88,3.75,3.79,14491702
2012-08-29,3.8,3.84,3.76,3.77,10007226
2012-08-30,3.75,3.8,3.7,3.7,12159525
2012-08-31,3.77,3.78,3.6,3.72,23650953
2012-09-04,3.69,3.71,3.6,3.64,16163314
2012-09-05,3.57,3.63,3.43,3.51,34268266
2012-09-06,3.55,3.66,3.53,3.66,19937306
2012-09-07,3.62,3.62,3.43,3.45,31038084
2012-09-10,3.49,3.59,3.46,3.47,32412753
2012-09-11,3.52,3.77,3.48,3.75,33081859
2012-09-12,3.83,3.92,3.75,3.89,50272378
2012-09-13,3.82,3.94,3.75,3.92,38359297
2012-09-14,3.96,3.99,3.85,3.9,23587870
2012-09-17,3.9,4.02,3.82,4.01,42220400
2012-09-18,3.7,3.9,3.6,3.62,91354437
2012-09-19,3.66,3.71,3.58,3.66,31305344
2012-09-20,3.64,3.66,3.59,3.59,20842012
2012-09-21,3.63,3.68,3.58,3.6,20245891
2012-09-24,3.54,3.55,3.45,3.46,23697278
2012-09-25,3.48,3.5,3.28,3.28,29236475
2012-09-26,3.27,3.42,3.22,3.32,22951623
2012-09-27,3.36,3.5,3.34,3.43,19555184
2012-09-28,3.43,3.44,3.35,3.37,15552067
2012-10-01,3.39,3.41,3.26,3.28,25054100
2012-10-02,3.3,3.41,3.17,3.27,27052635
2012-10-03,3.28,3.29,3.1,3.12,27780359
2012-10-04,3.17,3.25,3.09,3.22,23219644
2012-10-05,3.24,3.28,3.17,3.22,11217515
2012-10-08,3.21,3.24,3.15,3.19,9897375
2012-10-09,3.18,3.26,3.15,3.25,19697445
2012-10-10,3.22,3.22,3.13,3.15,19234453
2012-10-11,3.19,3.24,3.13,3.2,18132289
2012-10-12,2.86,2.99,2.74,2.74,83842712
2012-10-15,2.79,2.83,2.73,2.75,26731594
2012-10-16,2.76,2.78,2.66,2.68,38370666
2012-10-17,2.66,2.8,2.64,2.77,32948958
2012-10-18,2.76,2.78,2.6,2.62,35661850
2012-10-19,2.54,2.62,2.17,2.18,110026137
2012-10-22,2.23,2.23,2.09,2.1,37939772
2012-10-23,2.06,2.21,2.03,2.14,33492000
2012-10-24,2.17,2.22,2.06,2.08,37306175
2012-10-25,2.1,2.15,2.07,2.12,21983322
2012-10-26,2.13,2.14,2.06,2.07,16694027
2012-10-31,2.13,2.14,2.05,2.05,17433389
2012-11-01,2.07,2.14,2.05,2.14,21776875
2012-11-02,2.15,2.15,2.07,2.1,20725283
2012-11-05,2.1,2.12,2.06,2.11,21065437
2012-11-06,2.12,2.14,2.06,2.07,24029019
2012-11-07,2.07,2.1,2.01,2.01,30003853
2012-11-08,2.03,2.06,1.96,1.98,35833156
2012-11-09,2,2.07,1.97,2.03,39581928
2012-11-12,2.04,2.06,1.99,1.99,15943933
2012-11-13,1.98,2.35,1.97,2.09,60031650
2012-11-14,2.04,2.05,1.92,1.93,40043981
2012-11-15,1.93,1.93,1.86,1.87,20265369
2012-11-16,1.87,1.9,1.81,1.86,23510500
2012-11-19,1.9,1.95,1.89,1.92,18753927
2012-11-20,1.92,1.92,1.86,1.88,11637861
2012-11-21,1.89,1.92,1.86,1.87,7525766
2012-11-23,1.92,1.97,1.92,1.95,8567478
2012-11-26,1.96,1.97,1.84,1.87,30168673
2012-11-27,1.87,1.89,1.85,1.88,22736197
2012-11-28,1.88,1.99,1.86,1.96,27459044
2012-11-29,2.01,2.12,2.01,2.04,42750756
2012-11-30,2.15,2.22,2.11,2.2,66874175
2012-12-03,2.28,2.46,2.26,2.36,70152800
2012-12-04,2.46,2.48,2.21,2.26,52168025
2012-12-05,2.3,2.32,2.25,2.29,20378942
2012-12-06,2.33,2.39,2.27,2.34,22216516
2012-12-07,2.38,2.39,2.29,2.36,34204622
2012-12-10,2.35,2.39,2.31,2.32,10017455
2012-12-11,2.34,2.36,2.3,2.33,14741727
2012-12-12,2.37,2.44,2.36,2.37,24567058
2012-12-13,2.4,2.44,2.38,2.41,25059278
2012-12-14,2.43,2.44,2.39,2.39,16553923
2012-12-17,2.41,2.46,2.39,2.46,15273639
2012-12-18,2.5,2.53,2.47,2.52,26631041
2012-12-19,2.55,2.57,2.49,2.52,20588044
2012-12-20,2.53,2.53,2.37,2.4,24805202
2012-12-21,2.32,2.59,2.25,2.59,40776225
2012-12-24,2.54,2.57,2.47,2.48,9625363
2012-12-26,2.49,2.53,2.42,2.43,12787771
2012-12-27,2.42,2.43,2.34,2.39,18486462
2012-12-28,2.3,2.36,2.25,2.28,26210681
2012-12-31,2.29,2.42,2.28,2.4,20696697
2013-01-02,2.55,2.57,2.45,2.53,27203138
2013-01-03,2.51,2.59,2.46,2.49,24957681
2013-01-04,2.51,2.59,2.49,2.59,22046627
2013-01-07,2.61,2.7,2.6,2.67,25561272
2013-01-08,2.72,2.76,2.64,2.67,29143859
2013-01-09,2.7,2.72,2.6,2.63,16665889
2013-01-10,2.69,2.7,2.61,2.62,19414066
2013-01-11,2.63,2.68,2.55,2.67,20032072
2013-01-14,2.68,2.7,2.62,2.64,17300205
2013-01-15,2.62,2.7,2.6,2.68,23689578
2013-01-16,2.67,2.76,2.63,2.72,31365903
2013-01-17,2.76,2.78,2.71,2.74,17859406
2013-01-18,2.65,2.68,2.43,2.46,41759534
2013-01-22,2.52,2.54,2.43,2.45,35125884
2013-01-23,2.62,2.75,2.59,2.73,69177875
2013-01-24,2.7,2.84,2.67,2.79,32497122
2013-01-25,2.84,2.93,2.82,2.85,33646025
2013-01-28,2.89,2.92,2.78,2.82,23613430
2013-01-29,2.86,2.86,2.69,2.74,20076580
2013-01-30,2.75,2.78,2.63,2.65,19770395
2013-01-31,2.7,2.71,2.45,2.6,27848822
2013-02-01,2.63,2.68,2.57,2.6,18808544
2013-02-04,2.64,2.64,2.52,2.52,15382209
2013-02-05,2.55,2.6,2.49,2.6,12415314
2013-02-06,2.59,2.64,2.56,2.6,8830973
2013-02-07,2.61,2.63,2.56,2.57,6780147
2013-02-08,2.58,2.6,2.58,2.59,5972768
2013-02-11,2.59,2.7,2.59,2.67,22415241
2013-02-12,2.71,2.78,2.69,2.77,13675442
2013-02-13,2.81,2.83,2.73,2.75,11495912
2013-02-14,2.74,2.75,2.69,2.75,13288946
2013-02-15,2.77,2.79,2.7,2.71,10710082
2013-02-19,2.75,2.82,2.73,2.82,19800862
2013-02-20,2.84,2.84,2.68,2.7,21317837
2013-02-21,2.69,2.69,2.52,2.6,30777206
2013-02-22,2.64,2.67,2.55,2.61,20252927
2013-02-25,2.64,2.65,2.53,2.53,16897452
2013-02-26,2.54,2.55,2.44,2.46,17535916
2013-02-27,2.48,2.55,2.45,2.53,10654929
2013-02-28,2.56,2.57,2.48,2.49,11380341
2013-03-01,2.5,2.51,2.42,2.42,19690305
2013-03-04,2.44,2.45,2.36,2.4,14571981
2013-03-05,2.45,2.47,2.4,2.43,13948897
2013-03-06,2.45,2.46,2.4,2.43,10835934
2013-03-07,2.44,2.57,2.43,2.55,21089752
2013-03-08,2.57,2.64,2.52,2.56,11330708
2013-03-11,2.57,2.6,2.51,2.59,13395462
2013-03-12,2.59,2.63,2.57,2.61,9511082
2013-03-13,2.62,2.63,2.57,2.6,7489600
2013-03-14,2.62,2.63,2.58,2.63,9228130
2013-03-15,2.6,2.62,2.58,2.6,15805091
2013-03-18,2.59,2.68,2.55,2.65,12998002
2013-03-19,2.66,2.7,2.62,2.67,19317178
2013-03-20,2.7,2.75,2.69,2.75,13508464
2013-03-21,2.72,2.75,2.63,2.64,17024519
2013-03-22,2.66,2.67,2.53,2.54,18524091
2013-03-25,2.57,2.6,2.49,2.51,11266048
2013-03-26,2.52,2.54,2.5,2.54,6330245
2013-03-27,2.5,2.62,2.5,2.55,5903148
2013-03-28,2.55,2.57,2.52,2.55,4877999
2013-04-01,2.53,2.57,2.42,2.44,14464380
2013-04-02,2.45,2.45,2.38,2.39,11401319
2013-04-03,2.4,2.41,2.32,2.32,14461762
2013-04-04,2.34,2.37,2.32,2.33,11177494
2013-04-05,2.3,2.31,2.28,2.29,13726636
2013-04-08,2.31,2.61,2.26,2.59,44707106
2013-04-09,2.58,2.63,2.44,2.63,33859581
2013-04-10,2.65,2.66,2.57,2.61,20690922
2013-04-11,2.55,2.57,2.46,2.52,12932366
2013-04-12,2.48,2.5,2.43,2.48,10717680
2013-04-15,2.45,2.47,2.4,2.4,11523363
2013-04-16,2.43,2.44,2.4,2.44,10954914
2013-04-17,2.41,2.47,2.4,2.4,14829184
2013-04-18,2.4,2.56,2.29,2.51,27237253
2013-04-19,2.44,2.5,2.39,2.47,25042848
2013-04-22,2.47,2.51,2.43,2.46,14131636
2013-04-23,2.5,2.55,2.47,2.53,14550355
2013-04-24,2.54,2.62,2.52,2.61,16537782
2013-04-25,2.63,2.72,2.63,2.68,20960669
2013-04-26,2.66,2.68,2.6,2.64,17306211
2013-04-29,2.66,2.7,2.65,2.68,11207562
2013-04-30,2.68,2.82,2.67,2.82,32636037
2013-05-01,2.81,3.28,2.79,3.22,87998162
2013-05-02,3.16,3.48,3.14,3.41,74166756
2013-05-03,3.47,3.8,3.47,3.6,87263494
2013-05-06,3.72,3.75,3.53,3.61,51372200
2013-05-07,3.65,3.67,3.44,3.54,35338428
2013-05-08,3.54,3.85,3.47,3.83,57009625
2013-05-09,3.91,3.99,3.83,3.86,47201269
2013-05-10,3.79,3.97,3.79,3.95,30580522
2013-05-13,3.95,4.22,3.94,4.17,54867387
2013-05-14,4.31,4.32,4.18,4.26,53268450
2013-05-15,4.29,4.42,4.26,4.38,39098397
2013-05-16,3.9,3.94,3.66,3.83,80199787
2013-05-17,3.93,4.1,3.9,4.07,33946025
2013-05-20,4.18,4.2,4.07,4.1,35453881
2013-05-21,4.15,4.2,3.95,4.02,36541947
2013-05-22,4.08,4.1,3.91,3.96,28742431
2013-05-23,3.81,4.05,3.79,4.01,33133085
2013-05-24,4.03,4.06,3.97,4.05,20622323
2013-05-28,4.13,4.15,4.02,4.05,19601756
2013-05-29,4.01,4.05,3.96,3.98,16284511
2013-05-30,4,4.06,3.99,4.04,15192222
2013-05-31,4.07,4.11,3.99,4,17708869
2013-06-03,4.02,4.03,3.81,3.96,23936230
2013-06-04,3.95,4.04,3.94,4.01,19592769
2013-06-05,4.01,4.03,3.89,3.91,15405712
2013-06-06,3.87,3.94,3.81,3.94,20834192
2013-06-07,3.98,3.99,3.88,3.91,12026614
2013-06-10,3.95,4.08,3.92,4.06,32357953
2013-06-11,4,4.11,3.96,3.96,20186853
2013-06-12,4,4.03,3.9,3.9,14598003
2013-06-13,3.9,3.96,3.87,3.95,14194847
2013-06-14,3.98,4.04,3.91,3.94,14397500
2013-06-17,4.12,4.14,4.01,4.05,31962266
2013-06-18,4.1,4.11,4.05,4.09,22819923
2013-06-19,4.15,4.18,4.04,4.07,24168655
2013-06-20,4.02,4.03,3.86,3.87,26683122
2013-06-21,3.97,4.04,3.9,4,32795197
2013-06-24,4.07,4.09,3.99,4.05,29097362
2013-06-25,4.11,4.15,4.06,4.15,26671403
2013-06-26,4.2,4.21,4.12,4.14,19826630
2013-06-27,4.19,4.19,4.06,4.08,17432506
2013-06-28,4.08,4.12,4.02,4.08,13324095
2013-07-01,4.11,4.13,4.07,4.1,10712046
2013-07-02,4.09,4.12,3.95,3.97,17741700
2013-07-03,4,4.07,3.95,4.06,11320780
2013-07-05,4.08,4.1,4.03,4.07,8967572
2013-07-08,4.08,4.09,3.98,4,16929814
2013-07-09,4.02,4.08,4.01,4.05,9554819
2013-07-10,4.06,4.06,3.96,3.98,19128653
2013-07-11,4.22,4.45,4.16,4.45,106912012
2013-07-12,4.48,4.5,4.26,4.32,50268519
2013-07-15,4.34,4.4,4.31,4.4,21946648
2013-07-16,4.41,4.49,4.25,4.43,39699828
2013-07-17,4.44,4.45,4.33,4.38,16974895
2013-07-18,4.38,4.65,4.37,4.64,70232544
2013-07-19,3.99,4.08,3.85,4.03,151510738
2013-07-22,4.01,4.01,3.89,3.9,49783381
2013-07-23,3.88,3.88,3.64,3.66,76786069
2013-07-24,3.69,3.75,3.58,3.63,50864034
2013-07-25,3.64,3.74,3.6,3.7,29308062
2013-07-26,3.7,3.83,3.66,3.82,42528528
2013-07-29,3.87,3.89,3.75,3.75,32292759
2013-07-30,3.79,3.85,3.75,3.82,19598000
2013-07-31,3.85,3.9,3.77,3.77,34337759
2013-08-01,3.81,3.87,3.78,3.81,22271622
2013-08-02,3.8,3.84,3.77,3.8,13455128
2013-08-05,3.83,3.84,3.8,3.82,11688135
2013-08-06,3.81,3.82,3.71,3.72,19408147
2013-08-07,3.68,3.7,3.57,3.69,27541444
2013-08-08,3.71,3.73,3.61,3.71,16993581
2013-08-09,3.69,3.7,3.63,3.65,13659627
2013-08-12,3.62,3.72,3.61,3.65,10631919
2013-08-13,3.67,3.71,3.63,3.69,12351102
2013-08-14,3.68,3.83,3.65,3.82,32075028
2013-08-15,3.76,3.84,3.65,3.69,28200744
2013-08-16,3.69,3.71,3.65,3.66,11640187
2013-08-19,3.67,3.68,3.59,3.6,14368428
2013-08-20,3.62,3.69,3.59,3.63,16664214
2013-08-21,3.62,3.68,3.6,3.61,13955653
2013-08-22,3.63,3.65,3.6,3.63,10071982
2013-08-23,3.67,3.74,3.61,3.65,22479516
2013-08-26,3.65,3.66,3.58,3.58,22461931
2013-08-27,3.55,3.55,3.33,3.39,51641659
2013-08-28,3.35,3.49,3.33,3.42,19457219
2013-08-29,3.43,3.48,3.37,3.38,13409730
2013-08-30,3.38,3.41,3.25,3.27,31692797
2013-09-03,3.32,3.35,3.25,3.27,15536378
2013-09-04,3.28,3.34,3.25,3.31,29577119
2013-09-05,3.32,3.49,3.3,3.41,23094373
2013-09-06,3.54,3.6,3.43,3.57,35962887
2013-09-09,3.63,3.72,3.62,3.69,23642527
2013-09-10,3.78,3.87,3.77,3.87,33197512
2013-09-11,3.87,3.89,3.74,3.82,23935978
2013-09-12,3.76,3.8,3.69,3.75,28875828
2013-09-13,3.75,3.87,3.72,3.83,25297283
2013-09-16,3.9,3.9,3.79,3.82,30602584
2013-09-17,3.83,3.9,3.77,3.85,25591017
2013-09-18,3.85,3.95,3.83,3.93,24056567
2013-09-19,3.96,4,3.92,3.95,24272922
2013-09-20,3.91,3.96,3.79,3.83,94589187
2013-09-23,3.81,3.87,3.77,3.79,20910439
2013-09-24,3.79,3.89,3.75,3.8,21462092
2013-09-25,3.83,3.94,3.79,3.91,23557362
2013-09-26,3.94,3.98,3.88,3.89,17450956
2013-09-27,3.87,3.91,3.83,3.86,11427397
2013-09-30,3.79,3.86,3.75,3.81,16553980
2013-10-01,3.82,3.94,3.81,3.86,26025184
2013-10-02,3.83,3.94,3.82,3.9,18579330
2013-10-03,3.93,3.94,3.86,3.9,25498337
2013-10-04,3.91,3.95,3.89,3.91,17123128
2013-10-07,3.87,3.91,3.83,3.86,16733495
2013-10-08,3.87,3.89,3.68,3.72,35900328
2013-10-09,3.75,3.75,3.55,3.65,36025591
2013-10-10,3.72,3.8,3.72,3.79,24017964
2013-10-11,3.78,3.85,3.75,3.83,17366070
2013-10-14,3.87,4.05,3.85,3.97,63610712
2013-10-15,4.03,4.1,4.01,4.02,51988403
2013-10-16,4.1,4.1,4.03,4.09,34110381
2013-10-17,4.12,4.13,4.06,4.09,45266862
2013-10-18,3.55,3.66,3.51,3.53,108852725
2013-10-21,3.56,3.56,3.3,3.37,68832362
2013-10-22,3.32,3.34,3.12,3.18,92449575
2013-10-23,3.2,3.25,3.04,3.14,65927525
2013-10-24,3.21,3.3,3.16,3.23,42985534
2013-10-25,3.29,3.39,3.29,3.34,43341384
2013-10-28,3.38,3.39,3.32,3.32,23820483
2013-10-29,3.34,3.37,3.32,3.33,15816458
2013-10-30,3.35,3.36,3.3,3.3,16207966
2013-10-31,3.31,3.35,3.25,3.34,18062595
2013-11-01,3.37,3.37,3.3,3.31,14422036
2013-11-04,3.34,3.38,3.29,3.32,16710614
2013-11-05,3.32,3.35,3.29,3.33,14000775
2013-11-06,3.33,3.35,3.3,3.32,15041494
2013-11-07,3.33,3.33,3.23,3.28,18841239
2013-11-08,3.26,3.29,3.2,3.27,12060105
2013-11-11,3.29,3.34,3.25,3.34,12990437
2013-11-12,3.34,3.45,3.33,3.44,20132012
2013-11-13,3.5,3.55,3.46,3.54,28909275
2013-11-14,3.55,3.57,3.47,3.52,15119903
2013-11-15,3.53,3.53,3.48,3.5,11576269
2013-11-18,3.53,3.54,3.47,3.47,13108981
2013-11-19,3.46,3.48,3.36,3.42,20116542
2013-11-20,3.44,3.46,3.4,3.42,9925153
2013-11-21,3.43,3.44,3.35,3.37,13648029
2013-11-22,3.38,3.39,3.33,3.34,11305599
2013-11-25,3.36,3.4,3.34,3.39,11606877
2013-11-26,3.42,3.48,3.4,3.45,16960948
2013-11-27,3.48,3.58,3.46,3.56,19872816
2013-11-29,3.6,3.68,3.58,3.64,15448409
2013-12-02,3.65,3.7,3.56,3.66,24114412
2013-12-03,3.64,3.71,3.58,3.62,23329326
2013-12-04,3.57,3.63,3.48,3.57,21613437
2013-12-05,3.56,3.65,3.55,3.64,14464219
2013-12-06,3.67,3.7,3.63,3.66,15811433
2013-12-09,3.66,3.7,3.63,3.63,10449970
2013-12-10,3.63,3.78,3.6,3.72,29562282
2013-12-11,3.74,3.77,3.66,3.68,13431295
2013-12-12,3.68,3.75,3.65,3.69,9983786
2013-12-13,3.7,3.72,3.65,3.69,9059569
2013-12-16,3.64,3.66,3.51,3.59,22226178
2013-12-17,3.6,3.67,3.58,3.65,14826180
2013-12-18,3.64,3.67,3.6,3.65,12627314
2013-12-19,3.64,3.68,3.6,3.65,10419904
2013-12-20,3.64,3.7,3.64,3.69,12765855
2013-12-23,3.74,3.78,3.72,3.75,14526384
2013-12-24,3.77,3.8,3.75,3.77,5798855
2013-12-26,3.8,3.85,3.79,3.8,9877052
2013-12-27,3.82,3.83,3.76,3.78,8244410
2013-12-30,3.79,3.88,3.78,3.85,17507425
2013-12-31,3.87,3.88,3.83,3.87,12347845
2014-01-02,3.85,3.98,3.84,3.95,20562380
2014-01-03,3.98,4,3.88,4,22906944
2014-01-06,4.01,4.18,3.99,4.13,42426478
2014-01-07,4.19,4.25,4.11,4.18,42959656
2014-01-08,4.23,4.26,4.14,4.18,30692744
2014-01-09,4.2,4.23,4.05,4.09,30691931
2014-01-10,4.09,4.2,4.07,4.17,20851372
2014-01-13,4.19,4.2,4.09,4.13,22871964
2014-01-14,4.14,4.3,4.13,4.3,42445731
2014-01-15,4.34,4.6,4.32,4.47,66657481
2014-01-16,4.5,4.51,4.32,4.38,47138059
2014-01-17,4.15,4.35,4.11,4.18,45867700
2014-01-21,4.31,4.34,4.13,4.17,59196550
2014-01-22,3.79,3.82,3.66,3.67,86538856
2014-01-23,3.67,3.68,3.58,3.62,29866494
2014-01-24,3.6,3.61,3.41,3.47,48336737
2014-01-27,3.48,3.49,3.35,3.41,31347391
2014-01-28,3.43,3.57,3.41,3.54,27981272
2014-01-29,3.52,3.56,3.45,3.48,21777702
2014-01-30,3.51,3.52,3.45,3.48,17112028
2014-01-31,3.45,3.47,3.43,3.43,13962339
2014-02-03,3.43,3.44,3.33,3.33,22348617
2014-02-04,3.35,3.43,3.3,3.37,22700014
2014-02-05,3.36,3.37,3.29,3.31,14898305
2014-02-06,3.32,3.46,3.32,3.41,16099161
2014-02-07,3.46,3.5,3.42,3.47,23139053
2014-02-10,3.5,3.64,3.45,3.63,21246659
2014-02-11,3.66,3.75,3.65,3.7,34232466
2014-02-12,3.71,3.73,3.63,3.69,18327658
2014-02-13,3.64,3.71,3.64,3.7,13368550
2014-02-14,3.7,3.72,3.64,3.69,12405898
2014-02-18,3.69,3.72,3.65,3.7,11967897
2014-02-19,3.7,3.74,3.68,3.72,14180080
2014-02-20,3.72,3.75,3.66,3.69,13280677
2014-02-21,3.71,3.75,3.66,3.69,13607009
2014-02-24,3.71,3.73,3.7,3.71,10724403
2014-02-25,3.73,3.74,3.66,3.69,9175398
2014-02-26,3.7,3.72,3.63,3.7,13222241
2014-02-27,3.69,3.77,3.68,3.71,18227447
2014-02-28,3.73,3.77,3.7,3.71,14654747
2014-03-03,3.66,3.7,3.6,3.67,19563714
2014-03-04,3.7,3.73,3.68,3.7,10525109
2014-03-05,3.7,3.73,3.69,3.71,10741169
2014-03-06,3.72,3.75,3.71,3.73,10818350
2014-03-07,3.75,4.02,3.75,3.95,55460700
2014-03-10,4.04,4.06,3.8,3.81,42225662
2014-03-11,3.86,4.01,3.83,3.85,34992925
2014-03-12,3.86,3.93,3.85,3.91,14745331
2014-03-13,3.94,3.99,3.84,3.86,19802984
2014-03-14,3.84,3.9,3.82,3.85,18169147
2014-03-17,3.88,3.91,3.78,3.8,20004147
2014-03-18,3.82,3.91,3.81,3.89,15273747
2014-03-19,3.91,4,3.9,3.98,28459309
2014-03-20,3.96,4.05,3.9,4.05,23600569
2014-03-21,4.07,4.14,4.01,4.04,23985330
2014-03-24,4.06,4.14,3.98,4.05,20670291
2014-03-25,4.09,4.12,4.02,4.05,14517030
2014-03-26,4.08,4.1,4.02,4.05,14808600
2014-03-27,3.99,4.07,3.87,3.91,24531987
2014-03-28,3.93,3.97,3.87,3.88,13189192
2014-03-31,3.93,4.02,3.9,4.01,15381972
2014-04-01,4.04,4.1,4.02,4.07,18764952
2014-04-02,4.12,4.12,4.06,4.06,14837291
2014-04-03,4.07,4.1,3.97,4,16798836
2014-04-04,4.03,4.11,3.92,4.01,23414839
2014-04-07,3.98,3.99,3.83,3.88,24826052
2014-04-08,3.89,4,3.83,3.99,17342269
2014-04-09,4.01,4.02,3.95,3.98,11270634
2014-04-10,3.97,4.01,3.84,3.85,21358689
2014-04-11,3.82,3.85,3.65,3.65,34415059
2014-04-14,3.72,3.78,3.65,3.71,22736812
2014-04-15,3.74,3.82,3.72,3.79,21723631
2014-04-16,3.82,3.83,3.73,3.76,18133098
2014-04-17,3.78,3.8,3.69,3.69,31834812
2014-04-21,4.01,4.2,3.96,4.12,102610425
2014-04-22,4.13,4.31,4.11,4.3,52751800
2014-04-23,4.28,4.3,4.16,4.25,29127672
2014-04-24,4.27,4.35,4.2,4.28,27522000
2014-04-25,4.21,4.26,4.04,4.05,37753641
2014-04-28,4.09,4.12,3.87,3.96,31642728
2014-04-29,4.02,4.03,3.96,4.03,14582939
2014-04-30,4,4.1,3.99,4.09,18408156
2014-05-01,4.13,4.24,4.1,4.2,37788275
2014-05-02,4.18,4.2,4.1,4.12,14479512
2014-05-05,4.1,4.14,4.06,4.09,8987850
2014-05-06,4.06,4.13,3.98,4.01,17903809
2014-05-07,4.04,4.04,3.89,3.97,22374880
2014-05-08,3.95,4.03,3.91,3.93,14552485
2014-05-09,3.91,3.93,3.85,3.87,15979791
2014-05-12,3.87,4,3.86,3.97,14785612
2014-05-13,3.99,4.09,3.98,4.03,11218870
2014-05-14,4.03,4.06,3.98,3.98,10350787
2014-05-15,3.96,3.98,3.89,3.96,18000950
2014-05-16,3.95,4.05,3.91,4.02,17154153
2014-05-19,4,4.1,3.96,4.09,18174033
2014-05-20,4.09,4.11,4,4.05,15648653
2014-05-21,4.06,4.1,4.05,4.1,13369483
2014-05-22,4.09,4.09,4.01,4.01,11902116
2014-05-23,4.03,4.06,3.97,4.02,9805773
2014-05-27,4.05,4.06,4.03,4.04,6919174
2014-05-28,4.04,4.06,3.99,4,12293821
2014-05-29,4.02,4.06,4.01,4.03,8877728
2014-05-30,4.02,4.03,3.98,4,10030644
2014-06-02,4.03,4.03,3.94,3.97,10861039
2014-06-03,3.96,3.98,3.92,3.94,10852663
2014-06-04,3.93,4.05,3.93,4.04,13267922
2014-06-05,4.04,4.09,4.02,4.08,13723806
2014-06-06,4.09,4.11,4.06,4.06,8470954
2014-06-09,4.05,4.1,4.04,4.07,7596191
2014-06-10,4.1,4.23,4.1,4.2,28309241
2014-06-11,4.18,4.3,4.17,4.29,20581460
2014-06-12,4.33,4.44,4.28,4.29,26670053
2014-06-13,4.36,4.39,4.24,4.28,17736656
2014-06-16,4.26,4.44,4.26,4.44,26182789
2014-06-17,4.41,4.5,4.41,4.47,19442728
2014-06-18,4.5,4.5,4.35,4.4,14691111
2014-06-19,4.42,4.45,4.33,4.36,10887057
2014-06-20,4.34,4.37,4.07,4.1,54687794
2014-06-23,4.06,4.08,3.9,4.01,49638062
2014-06-24,4.01,4.07,3.93,3.94,20380345
2014-06-25,3.95,4,3.94,3.96,13811203
2014-06-26,3.95,4.09,3.94,4.03,21634872
2014-06-27,4.06,4.11,4.04,4.11,16039403
2014-06-30,4.12,4.25,4.08,4.19,25833219
2014-07-01,4.21,4.26,4.17,4.22,29401132
2014-07-02,4.23,4.35,4.22,4.34,20486400
2014-07-03,4.36,4.4,4.14,4.24,22521686
2014-07-07,4.23,4.31,4.21,4.26,21168195
2014-07-08,4.25,4.3,4.1,4.22,41683887
2014-07-09,4.21,4.29,4.2,4.23,18464198
2014-07-10,4.18,4.36,4.14,4.29,39245042
2014-07-11,4.3,4.4,4.29,4.37,22423661
2014-07-14,4.44,4.65,4.39,4.64,72996656
2014-07-15,4.63,4.8,4.41,4.53,156227000
2014-07-16,4.6,4.77,4.57,4.66,61902481
2014-07-17,4.66,4.68,4.5,4.57,50588331
2014-07-18,3.73,3.84,3.67,3.83,137527325
2014-07-21,3.86,3.87,3.75,3.78,34207247
2014-07-22,3.82,3.86,3.78,3.8,33985619
2014-07-23,3.82,3.83,3.75,3.76,31744237
2014-07-24,3.75,3.8,3.71,3.73,27938650
2014-07-25,3.73,3.79,3.69,3.76,31781550
2014-07-28,3.77,3.78,3.68,3.73,31446375
2014-07-29,3.74,3.84,3.73,3.79,36142602
2014-07-30,3.82,3.88,3.77,3.82,42971587
2014-07-31,3.8,3.99,3.78,3.91,112151925
2014-08-01,3.91,4.02,3.87,3.97,33710228
2014-08-04,3.97,4.02,3.93,4,21491629
2014-08-05,3.99,4.11,3.97,4.08,40335412
2014-08-06,4.06,4.14,4.03,4.12,16274466
2014-08-07,4.14,4.2,4.07,4.1,32712281
2014-08-08,4.1,4.15,4.05,4.12,27166947
2014-08-11,4.03,4.19,3.99,4.14,29560659
2014-08-12,4.12,4.14,4.08,4.08,27357169
2014-08-13,4.08,4.15,4.03,4.11,30397187
2014-08-14,4.1,4.17,4.08,4.08,26148059
2014-08-15,4.12,4.14,4.07,4.13,33350187
2014-08-18,4.14,4.22,4.14,4.21,45381525
2014-08-19,4.2,4.3,4.2,4.27,23221505
2014-08-20,4.25,4.32,4.22,4.28,11987556
2014-08-21,4.29,4.29,4.21,4.24,11939849
2014-08-22,4.22,4.28,4.21,4.25,8364666
2014-08-25,4.27,4.27,4.18,4.18,8999467
2014-08-26,4.17,4.22,4.13,4.19,9172618
2014-08-27,4.2,4.21,4.15,4.16,7305774
2014-08-28,4.14,4.19,4.07,4.14,10331890
2014-08-29,4.15,4.19,4.14,4.17,7337111
2014-09-02,4.16,4.25,4.15,4.16,12603414
2014-09-03,4.17,4.23,4.17,4.19,9600619
2014-09-04,4.18,4.25,4.15,4.15,12796439
2014-09-05,4.17,4.19,4.15,4.15,6633243
2014-09-08,4.13,4.18,4.1,4.13,8396768
2014-09-09,4.15,4.16,4.08,4.08,8962828
2014-09-10,4.08,4.11,4.01,4.08,13277589
2014-09-11,4.03,4.08,4.02,4.08,8087351
2014-09-12,4.06,4.11,3.96,3.96,14187748
2014-09-15,3.98,4.02,3.9,3.91,18257027
2014-09-16,3.88,3.9,3.8,3.81,40153747
2014-09-17,3.82,3.88,3.8,3.82,24893928
2014-09-18,3.89,3.94,3.7,3.88,16140681
2014-09-19,3.93,3.94,3.81,3.81,23029956
2014-09-22,3.81,3.83,3.75,3.76,14201379
2014-09-23,3.76,3.79,3.69,3.69,16285681
2014-09-24,3.71,3.75,3.69,3.7,11785476
2014-09-25,3.7,3.72,3.6,3.63,17516783
2014-09-26,3.63,3.67,3.6,3.6,12964485
2014-09-29,3.56,3.66,3.54,3.55,26834494
2014-09-30,3.56,3.58,3.4,3.41,55951819
2014-10-01,3.39,3.42,3.3,3.35,33654922
2014-10-02,3.37,3.44,3.28,3.39,27904465
2014-10-03,3.43,3.46,3.37,3.4,16754894
2014-10-06,3.41,3.44,3.3,3.36,17867284
2014-10-07,3.33,3.38,3.28,3.28,17720417
2014-10-08,3.3,3.31,3.18,3.28,27925666
2014-10-09,3.03,3.2,2.94,2.95,69496637
2014-10-10,2.95,2.95,2.71,2.72,41034509
2014-10-13,2.78,2.85,2.73,2.74,38217506
2014-10-14,2.61,2.75,2.6,2.62,39957606
2014-10-15,2.62,2.7,2.54,2.61,36922278
2014-10-16,2.56,2.72,2.54,2.64,38740212
2014-10-17,2.68,2.86,2.66,2.72,75954037
2014-10-20,2.79,2.8,2.6,2.67,28714300
2014-10-21,2.7,2.78,2.68,2.77,24032734
2014-10-22,2.79,2.79,2.64,2.64,23007306
2014-10-23,2.7,2.71,2.65,2.69,23730959
2014-10-24,2.69,2.73,2.67,2.68,11945852
2014-10-27,2.68,2.71,2.65,2.66,13307480
2014-10-28,2.69,2.77,2.67,2.72,22879277
2014-10-29,2.75,2.81,2.73,2.77,15601066
2014-10-30,2.79,2.79,2.7,2.75,13026110
2014-10-31,2.79,2.83,2.75,2.8,14704783
2014-11-03,2.81,2.9,2.81,2.87,11738620
2014-11-04,2.9,2.91,2.75,2.83,12524608
2014-11-05,2.85,2.87,2.77,2.8,9635141
2014-11-06,2.78,2.8,2.75,2.76,8932899
2014-11-07,2.77,2.8,2.76,2.78,7293780
2014-11-10,2.78,2.81,2.75,2.76,12591423
2014-11-11,2.78,2.79,2.72,2.73,8113460
2014-11-12,2.73,2.75,2.65,2.71,15873150
2014-11-13,2.71,2.74,2.65,2.66,10908428
2014-11-14,2.68,2.7,2.61,2.61,12370575
2014-11-17,2.62,2.69,2.61,2.67,12593212
2014-11-18,2.69,2.73,2.63,2.65,14975259
2014-11-19,2.68,2.68,2.61,2.63,10322756
2014-11-20,2.6,2.72,2.59,2.69,15043856
2014-11-21,2.72,2.77,2.71,2.77,11310880
2014-11-24,2.8,2.85,2.8,2.83,12292891
2014-11-25,2.84,2.86,2.76,2.83,11073557
2014-11-26,2.81,2.84,2.8,2.84,10560747
2014-11-28,2.85,2.85,2.77,2.79,5665011
2014-12-01,2.77,2.79,2.64,2.67,16015936
2014-12-02,2.69,2.71,2.61,2.68,12438764
2014-12-03,2.71,2.82,2.69,2.74,18257992
2014-12-04,2.75,2.75,2.66,2.69,15542175
2014-12-05,2.69,2.7,2.66,2.66,9475795
2014-12-08,2.65,2.68,2.52,2.58,25394055
2014-12-09,2.55,2.59,2.49,2.59,22924905
2014-12-10,2.58,2.58,2.46,2.48,17686696
2014-12-11,2.49,2.54,2.46,2.49,10151258
2014-12-12,2.46,2.55,2.35,2.52,21209623
2014-12-15,2.52,2.6,2.46,2.47,19628508
2014-12-16,2.44,2.53,2.42,2.5,17049331
2014-12-17,2.5,2.57,2.46,2.55,12521460
2014-12-18,2.58,2.59,2.54,2.55,12423873
2014-12-19,2.53,2.57,2.51,2.57,14700400
2014-12-22,2.55,2.68,2.52,2.66,15035905
2014-12-23,2.69,2.72,2.66,2.67,8276449
2014-12-24,2.63,2.7,2.63,2.65,4624005
2014-12-26,2.65,2.69,2.65,2.65,4028105
2014-12-29,2.64,2.66,2.63,2.66,8526993
2014-12-30,2.63,2.7,2.63,2.63,7779509
2014-12-31,2.64,2.7,2.64,2.67,11176816
2015-01-02,2.7,2.73,2.64,2.69,8308255
2015-01-05,2.67,2.7,2.64,2.66,8878177
2015-01-06,2.65,2.66,2.55,2.63,13916644
2015-01-07,2.64,2.65,2.54,2.58,12375554
2015-01-08,2.59,2.64,2.56,2.61,11134276
2015-01-09,2.63,2.64,2.58,2.63,8907618
2015-01-12,2.62,2.64,2.55,2.63,9977017
2015-01-13,2.61,2.68,2.6,2.66,17900953
2015-01-14,2.6,2.66,2.58,2.63,9989420
2015-01-15,2.62,2.65,2.49,2.52,17742034
2015-01-16,2.52,2.53,2.39,2.39,30189272
2015-01-20,2.4,2.43,2.19,2.24,52423249
2015-01-21,2.18,2.45,2.14,2.45,46729432
2015-01-22,2.42,2.5,2.37,2.47,42441196
2015-01-23,2.48,2.5,2.43,2.45,10905862
2015-01-26,2.44,2.64,2.44,2.61,36570106
2015-01-27,2.57,2.84,2.56,2.7,51803747
2015-01-28,2.71,2.75,2.6,2.63,24442553
2015-01-29,2.63,2.69,2.51,2.61,17790203
2015-01-30,2.56,2.6,2.51,2.57,12908182
2015-02-02,2.69,2.75,2.65,2.67,25656119
2015-02-03,2.7,2.8,2.68,2.76,22590086
2015-02-04,2.78,2.92,2.76,2.85,34829278
2015-02-05,2.88,3.37,2.87,3.31,73317100
2015-02-06,3.2,3.21,3,3.03,38295109
2015-02-09,3.03,3.07,2.93,3.04,24128573
2015-02-10,3.07,3.1,3.01,3.04,13993862
2015-02-11,3.03,3.1,3,3.07,11740588
2015-02-12,3.08,3.15,3.05,3.12,12973194
2015-02-13,3.13,3.18,3.11,3.15,9625055
2015-02-17,3.16,3.17,3.08,3.11,8677624
2015-02-18,3.11,3.13,3.06,3.08,7282617
2015-02-19,3.06,3.08,3.01,3.06,6566634
2015-02-20,3.04,3.13,3.02,3.06,10667474
2015-02-23,3.05,3.1,3.03,3.06,6322036
2015-02-24,3.06,3.12,3.02,3.11,10901795
2015-02-25,3.09,3.14,3.06,3.1,6151341
2015-02-26,3.1,3.125,3.06,3.08,8680872
2015-02-27,3.08,3.12,3.07,3.11,7149249
2015-03-02,3.12,3.23,3.11,3.21,15638000
2015-03-03,3.21,3.23,3.13,3.14,8645000
2015-03-04,3.14,3.14,3.01,3.05,12122100
2015-03-05,3.09,3.1,2.98,2.98,11472200
2015-03-06,2.96,2.99,2.83,2.92,16785200
2015-03-09,2.92,2.98,2.9,2.93,12405900
2015-03-10,2.97,2.98,2.92,2.92,10312300
2015-03-11,2.92,2.94,2.8,2.84,11772800
2015-03-12,2.76,2.79,2.71,2.76,13847100
2015-03-13,2.74,2.78,2.71,2.75,8099000
2015-03-16,2.76,2.81,2.75,2.76,6132800
2015-03-17,2.75,2.8,2.74,2.77,7742200
2015-03-18,2.77,2.82,2.72,2.75,11385100
2015-03-19,2.76,2.78,2.73,2.74,8819400
2015-03-20,2.76,2.8,2.74,2.8,10764700
2015-03-23,2.81,2.85,2.8,2.84,7450200
2015-03-24,2.85,2.85,2.76,2.79,8724500
2015-03-25,2.78,2.79,2.56,2.63,26985200
2015-03-26,2.59,2.7,2.53,2.65,28286300
2015-03-27,2.7,2.8,2.63,2.72,16844000
2015-03-30,2.73,2.76,2.65,2.7,8558200
2015-03-31,2.66,2.7,2.65,2.68,7025016
2015-04-01,2.66,2.75,2.65,2.69,11240500
2015-04-02,2.66,2.7,2.65,2.69,7047500
2015-04-06,2.68,2.73,2.68,2.7,8178500
2015-04-07,2.7,2.74,2.69,2.7,5729558
2015-04-08,2.69,2.74,2.68,2.71,4348900
2015-04-09,2.69,2.75,2.69,2.72,7121836
2015-04-10,2.74,2.78,2.73,2.76,6184800
2015-04-13,2.75,2.8,2.73,2.78,8391500
2015-04-14,2.77,2.79,2.65,2.67,13364100
2015-04-15,2.7,2.74,2.65,2.7,15273420
2015-04-16,2.72,2.94,2.7,2.87,28617316
2015-04-17,2.54,2.58,2.45,2.58,53185200
2015-04-20,2.56,2.57,2.45,2.49,29164187
2015-04-21,2.52,2.53,2.35,2.35,31260156
2015-04-22,2.35,2.36,2.25,2.28,27624441
2015-04-23,2.28,2.36,2.26,2.33,15130400
2015-04-24,2.36,2.38,2.3,2.3,15001242
2015-04-27,2.3,2.36,2.29,2.34,13486800
2015-04-28,2.36,2.37,2.31,2.31,11448708
2015-04-29,2.3,2.33,2.27,2.28,11870200
2015-04-30,2.28,2.31,2.26,2.26,11465300
2015-05-01,2.26,2.31,2.25,2.31,11662800
2015-05-04,2.32,2.36,2.3,2.31,9670000
2015-05-05,2.34,2.34,2.25,2.28,12371500
2015-05-06,2.29,2.31,2.24,2.29,18491898
2015-05-07,2.31,2.32,2.26,2.32,15015105
2015-05-08,2.34,2.36,2.3,2.31,9758800
2015-05-11,2.31,2.35,2.31,2.32,10046900
2015-05-12,2.32,2.35,2.3,2.35,10017534
2015-05-13,2.36,2.38,2.35,2.37,7575944
2015-05-14,2.38,2.39,2.33,2.33,8865000
2015-05-15,2.33,2.38,2.32,2.32,8053112
2015-05-18,2.35,2.36,2.33,2.35,4729781
2015-05-19,2.36,2.37,2.28,2.28,9588414
2015-05-20,2.3,2.33,2.28,2.32,6947688
2015-05-21,2.31,2.35,2.28,2.28,7127700
2015-05-22,2.3,2.31,2.27,2.28,12845400
2015-05-26,2.27,2.28,2.22,2.22,10006606
2015-05-27,2.24,2.28,2.2,2.28,17511000
2015-05-28,2.28,2.33,2.27,2.27,12175111
2015-05-29,2.27,2.32,2.25,2.28,7750400
2015-06-01,2.29,2.3,2.25,2.25,6803664
2015-06-02,2.26,2.3,2.25,2.3,7103322
2015-06-03,2.3,2.32,2.28,2.28,8062300
2015-06-04,2.28,2.33,2.26,2.33,11575800
2015-06-05,2.31,2.34,2.29,2.33,7349600
2015-06-08,2.31,2.33,2.29,2.31,6212800
2015-06-09,2.34,2.36,2.28,2.29,12282655
2015-06-10,2.31,2.35,2.3,2.32,8161174
2015-06-11,2.34,2.35,2.31,2.32,7671031
2015-06-12,2.31,2.33,2.3,2.31,4553400
2015-06-15,2.32,2.35,2.29,2.32,8627800
2015-06-16,2.32,2.37,2.32,2.35,9795000
2015-06-17,2.37,2.54,2.35,2.47,27497800
2015-06-18,2.5,2.59,2.48,2.52,25400100
2015-06-19,2.53,2.59,2.46,2.58,25551600
2015-06-22,2.61,2.67,2.58,2.62,19410100
2015-06-23,2.62,2.64,2.55,2.61,17919551
2015-06-24,2.6,2.66,2.57,2.62,17516700
2015-06-25,2.62,2.66,2.57,2.58,18360100
2015-06-26,2.54,2.55,2.37,2.47,97054200
2015-06-29,2.41,2.42,2.31,2.34,22971500
2015-06-30,2.43,2.43,2.35,2.4,19381262
2015-07-01,2.47,2.48,2.36,2.42,19374900
2015-07-02,2.43,2.63,2.39,2.53,31185900
2015-07-06,2.46,2.54,2.44,2.47,20349300
2015-07-07,2.04,2.14,2.02,2.09,46418600
2015-07-08,2.07,2.07,2.01,2.01,15302900
2015-07-09,2.04,2.06,1.93,1.98,23378100
2015-07-10,2,2.03,1.95,1.96,17520800
2015-07-13,1.96,1.99,1.95,1.96,9080900
2015-07-14,2.03,2.06,1.97,2.05,15809522
2015-07-15,2.07,2.09,1.95,1.96,13515994
2015-07-16,1.97,2,1.87,1.87,20653200
2015-07-17,1.87,1.9,1.74,1.79,28127000
2015-07-20,1.82,1.84,1.77,1.8,12142300
2015-07-21,1.82,1.83,1.78,1.8,15034400
2015-07-22,1.8,1.81,1.76,1.79,16043300
2015-07-23,1.8,1.81,1.75,1.76,10641800
2015-07-24,1.76,1.77,1.65,1.67,16478300
2015-07-27,1.67,1.7,1.61,1.62,11916400
2015-07-28,1.62,1.77,1.62,1.77,14614500
2015-07-29,1.77,1.99,1.76,1.96,25582209
2015-07-30,1.94,1.99,1.88,1.93,15837900
2015-07-31,1.94,1.99,1.92,1.93,7733600
2015-08-03,1.93,2.2,1.9,2.2,26209714
2015-08-04,2.18,2.18,2.05,2.13,14328400
2015-08-05,2.11,2.21,2.1,2.16,13236000
2015-08-06,2.15,2.17,2.1,2.11,9475686
2015-08-07,2.1,2.14,2.06,2.09,7680800
2015-08-10,1.92,1.98,1.82,1.93,29926100
2015-08-11,1.91,1.93,1.88,1.9,7478978
2015-08-12,1.88,1.93,1.84,1.9,8527700
2015-08-13,1.9,1.91,1.79,1.79,7839700
2015-08-14,1.8,1.85,1.79,1.84,6183300
2015-08-17,1.82,1.88,1.79,1.8,9062400
2015-08-18,1.79,1.82,1.75,1.8,9751900
2015-08-19,1.8,1.81,1.76,1.8,7441100
2015-08-20,1.79,1.8,1.7,1.7,13745600
2015-08-21,1.68,1.8,1.68,1.78,12529400
2015-08-24,1.69,1.83,1.65,1.75,17217369
2015-08-25,1.81,1.82,1.66,1.66,12097600
2015-08-26,1.69,1.73,1.66,1.72,10715200
2015-08-27,1.74,1.84,1.74,1.78,11839200
2015-08-28,1.75,1.87,1.75,1.85,10924500
2015-08-31,1.82,1.87,1.79,1.81,6516000
2015-09-01,1.77,1.82,1.71,1.71,8470700
2015-09-02,1.75,1.77,1.72,1.77,6306100
2015-09-03,1.76,1.85,1.76,1.79,7154300
2015-09-04,1.76,1.84,1.76,1.82,6725200
2015-09-08,1.85,1.88,1.83,1.88,6009400
2015-09-09,1.9,1.97,1.83,1.85,12612200
2015-09-10,1.84,1.88,1.83,1.84,4290423
2015-09-11,1.88,2.14,1.81,2.01,31010200
2015-09-14,2,2,1.81,1.82,16458500
2015-09-15,1.84,1.87,1.81,1.86,6524300
2015-09-16,1.87,1.9,1.85,1.89,4928200
2015-09-17,1.9,1.94,1.87,1.89,5831567
2015-09-18,1.87,1.92,1.85,1.87,11814000
2015-09-21,1.87,1.9,1.81,1.81,5377700
2015-09-22,1.8,1.84,1.72,1.73,9975100
2015-09-23,1.76,1.775,1.69,1.7,9649200
2015-09-24,1.68,1.73,1.66,1.72,11246491
2015-09-25,1.75,1.75,1.68,1.71,5644600
2015-09-28,1.69,1.7,1.66,1.66,5689534
2015-09-29,1.67,1.69,1.65,1.67,7005300
2015-09-30,1.7,1.72,1.68,1.72,5739400
2015-10-01,1.77,1.77,1.72,1.74,5531700
2015-10-02,1.76,1.83,1.72,1.83,7146000
2015-10-05,1.82,1.87,1.77,1.8,7595560
2015-10-06,1.8,1.86,1.8,1.83,8665400
2015-10-07,1.82,1.87,1.82,1.86,7859214
2015-10-08,1.87,1.95,1.85,1.93,9198600
2015-10-09,1.92,1.96,1.89,1.96,8625800
2015-10-12,1.96,1.96,1.85,1.87,7687701
2015-10-13,1.87,1.94,1.86,1.92,6698400
2015-10-14,1.92,1.96,1.92,1.95,10184322
2015-10-15,1.97,2.06,1.95,1.97,27327100
2015-10-16,2,2,1.89,1.94,21544800
2015-10-19,1.91,2.01,1.91,2.01,10670760
2015-10-20,2,2.03,1.97,2.02,5584188
2015-10-21,2.02,2.12,2.01,2.1,14966400
2015-10-22,2.1,2.16,2.09,2.14,8208400
2015-10-23,2.1,2.21,2.1,2.21,9564200
2015-10-26,2.21,2.21,2.12,2.15,6313400
2015-10-27,2.12,2.16,2.1,2.15,5755500
2015-10-28,2.14,2.2,2.12,2.18,6950600
2015-10-29,2.15,2.18,2.11,2.13,4500400
2015-10-30,2.14,2.15,2.12,2.12,4897100
2015-11-02,2.13,2.19,2.11,2.19,5858746
2015-11-03,2.16,2.29,2.16,2.28,8705832
2015-11-04,2.27,2.3,2.18,2.2,8205318
2015-11-05,2.21,2.24,2.17,2.2,4302100
2015-11-06,2.19,2.21,2.13,2.15,8997100
2015-11-09,2.15,2.18,2.1,2.11,6231734
2015-11-10,2.09,2.1,2.02,2.02,6162100
2015-11-11,2.02,2.09,2.02,2.07,3532000
2015-11-12,2.05,2.07,2,2,3576800
2015-11-13,1.99,2.04,1.94,1.99,5920100
2015-11-16,1.99,2.02,1.95,1.99,4149600
2015-11-17,2.01,2.04,1.97,1.98,5825000
2015-11-18,1.99,2.15,1.98,2.12,9384600
2015-11-19,2.1,2.16,2.09,2.14,4704259
2015-11-20,2.14,2.25,2.13,2.22,10727000
2015-11-23,2.22,2.24,2.18,2.22,4863200
2015-11-24,2.2,2.4,2.17,2.34,15858600
2015-11-25,2.36,2.39,2.31,2.38,6915200
2015-11-27,2.37,2.38,2.32,2.33,2606500
2015-11-30,2.34,2.37,2.25,2.36,9924400
2015-12-01,2.36,2.37,2.31,2.34,5646364
2015-12-02,2.31,2.335,2.23,2.27,7501680
2015-12-03,2.25,2.31,2.2,2.23,7055734
2015-12-04,2.23,2.29,2.21,2.28,4573500
2015-12-07,2.26,2.36,2.21,2.36,8479500
2015-12-08,2.34,2.4,2.25,2.39,9056162
2015-12-09,2.37,2.4,2.32,2.35,8709900
2015-12-10,2.36,2.5,2.33,2.45,13069400
2015-12-11,2.41,2.47,2.36,2.36,11890000
2015-12-14,2.36,2.39,2.3,2.34,7697691
2015-12-15,2.35,2.43,2.32,2.36,7423800
2015-12-16,2.39,2.55,2.37,2.54,19543500
2015-12-17,2.52,2.6,2.52,2.56,11374000
2015-12-18,2.51,2.55,2.42,2.45,17988100
2015-12-21,2.47,2.53,2.43,2.53,6876500
2015-12-22,2.55,2.78,2.54,2.77,24893156
2015-12-23,2.76,2.94,2.75,2.83,30365300
2015-12-24,2.88,3,2.86,2.92,11900888
2015-12-28,2.91,3.02,2.86,3,16050492
2015-12-29,3.04,3.06,2.97,3,15300911
2015-12-30,2.99,3.04,2.93,2.98,8967190
2015-12-31,2.97,3.01,2.87,2.87,10555000
2016-01-04,2.77,2.82,2.63,2.77,31607294
2016-01-05,2.77,2.8,2.64,2.75,12807364
2016-01-06,2.66,2.71,2.47,2.505,21880786
2016-01-07,2.43,2.48,2.26,2.275,21530043
2016-01-08,2.36,2.425,2.1,2.14,31296413
2016-01-11,2.16,2.36,2.12,2.34,19629314
2016-01-12,2.4,2.46,2.28,2.39,17605422
2016-01-13,2.4,2.45,2.21,2.25,12616304
2016-01-14,2.29,2.35,2.21,2.21,15459694
2016-01-15,2.1,2.13,1.99,2.03,20681613
2016-01-19,2.08,2.11,1.9,1.95,18978800
2016-01-20,1.81,1.95,1.75,1.8,28910129
2016-01-21,1.82,2.18,1.81,2.09,25690658
2016-01-22,2.11,2.17,1.98,2.02,15642270
2016-01-25,2.01,2.15,2.01,2.12,12765014
2016-01-26,2.14,2.15,2.03,2.07,10604746
2016-01-27,2.08,2.18,2.07,2.13,10331703
2016-01-28,2.16,2.17,2.07,2.08,6815525
2016-01-29,2.09,2.2,2.07,2.2,10949637
2016-02-01,2.17,2.19,2.11,2.14,8552027
2016-02-02,2.11,2.14,1.96,1.99,10938545
2016-02-03,2.04,2.075,1.95,2.07,9560486
2016-02-04,2.06,2.17,2.03,2.09,8218756
2016-02-05,2.06,2.075,1.98,1.98,7742193
2016-02-08,1.97,1.98,1.87,1.93,10916620
2016-02-09,1.89,1.995,1.85,1.9,12718538
2016-02-10,1.92,1.98,1.83,1.84,9318138
2016-02-11,1.82,1.94,1.81,1.86,7614330
2016-02-12,1.89,1.91,1.82,1.83,9726079
2016-02-16,1.86,1.9,1.82,1.83,11644154
2016-02-17,1.85,1.94,1.85,1.9,13643005
2016-02-18,1.93,1.98,1.9,1.91,10167097
2016-02-19,1.93,1.93,1.83,1.91,7610603
2016-02-22,1.94,2.04,1.925,2.01,9528768
2016-02-23,2.04,2.06,1.97,1.97,6536539
2016-02-24,1.98,2.04,1.93,2.02,6790739
2016-02-25,2.02,2.04,1.98,2.03,5469430
2016-02-26,2.04,2.1,2.03,2.07,7772055
2016-02-29,2.06,2.15,2.05,2.14,10342976
2016-03-01,2.16,2.2,2.12,2.18,8824190
2016-03-02,2.2,2.33,2.18,2.32,10635569
2016-03-03,2.32,2.55,2.295,2.46,21747295
2016-03-04,2.42,2.5,2.34,2.37,14829560
2016-03-07,2.36,2.47,2.36,2.47,8603471
2016-03-08,2.44,2.46,2.3,2.3,9280938
2016-03-09,2.32,2.35,2.2,2.26,12860350
2016-03-10,2.29,2.31,2.15,2.26,9625514
2016-03-11,2.29,2.54,2.29,2.52,21100786
2016-03-14,2.53,2.75,2.5,2.72,33848017
2016-03-15,2.67,2.69,2.45,2.49,21573551
2016-03-16,2.5,2.64,2.49,2.63,13015657
2016-03-17,2.77,2.81,2.7,2.8,29000838
2016-03-18,2.8,2.93,2.77,2.93,26330503
2016-03-21,2.9,2.9,2.75,2.8,13464942
2016-03-22,2.73,2.85,2.71,2.79,10315800
2016-03-23,2.8,2.825,2.68,2.68,10167129
2016-03-24,2.69,2.81,2.62,2.79,10040161
2016-03-28,2.81,2.84,2.73,2.78,7586827
2016-03-29,2.74,2.88,2.7,2.86,13381818
2016-03-30,2.88,2.98,2.85,2.86,14756019
2016-03-31,2.84,2.88,2.8,2.85,8478863
2016-04-01,2.79,2.88,2.76,2.83,8125187
2016-04-04,2.83,2.87,2.8,2.83,5462320
2016-04-05,2.76,2.84,2.72,2.76,9095445
2016-04-06,2.75,2.8,2.72,2.8,12194676
2016-04-07,2.76,2.83,2.61,2.64,12722390
2016-04-08,2.7,2.76,2.68,2.74,8384149
2016-04-11,2.76,2.82,2.74,2.76,8942554
2016-04-12,2.79,2.85,2.76,2.81,15971366
2016-04-13,2.78,2.82,2.73,2.8,7790622
2016-04-14,2.77,2.79,2.7,2.72,8791160
2016-04-15,2.72,2.75,2.68,2.7,7344249
2016-04-18,2.67,2.8,2.65,2.76,8786582
2016-04-19,2.78,2.78,2.61,2.62,11225637
2016-04-20,2.62,2.72,2.61,2.7,7797752
2016-04-21,2.65,2.7,2.6,2.62,10688952
2016-04-22,3.19,3.99,3.18,3.99,141648417
2016-04-25,3.81,3.82,3.31,3.45,79856373
2016-04-26,3.45,3.75,3.44,3.66,36026619
2016-04-27,3.55,3.75,3.53,3.73,23714909
2016-04-28,3.69,3.8,3.6,3.6,19674435
2016-04-29,3.69,3.69,3.45,3.55,16837974
2016-05-02,3.58,3.75,3.57,3.74,16691890
2016-05-03,3.7,3.71,3.58,3.6,13546635
2016-05-04,3.54,3.67,3.54,3.6,8440121
2016-05-05,3.64,3.8,3.605,3.66,21408581
2016-05-06,3.65,3.75,3.64,3.68,11650227
2016-05-09,3.66,3.68,3.45,3.64,15914461
2016-05-10,3.66,3.68,3.56,3.64,9256512
2016-05-11,3.61,3.68,3.6,3.65,7290910
2016-05-12,3.65,3.68,3.55,3.59,9042725
2016-05-13,3.56,3.73,3.55,3.67,16330731
2016-05-16,3.67,3.85,3.65,3.79,14490464
2016-05-17,3.8,3.98,3.69,3.79,19490225
2016-05-18,3.79,3.97,3.77,3.84,19353092
2016-05-19,3.83,3.85,3.69,3.77,17472058
2016-05-20,3.83,3.9,3.81,3.87,13557423
2016-05-23,3.9,4.2,3.88,4.04,34336294
2016-05-24,4.09,4.21,3.92,4.2,33278563
2016-05-25,4.24,4.35,4.15,4.18,24396032
2016-05-26,4.19,4.38,4.17,4.35,21691209
2016-05-27,4.39,4.63,4.37,4.6,33684197
2016-05-31,4.67,4.71,4.5,4.57,24565435
2016-06-01,4.6,4.64,4.38,4.43,28581371
2016-06-02,4.37,4.4,4.07,4.24,34901457
2016-06-03,4.16,4.2,4.08,4.16,17267653
2016-06-06,4.2,4.51,4.17,4.47,20999500
2016-06-07,4.56,4.67,4.47,4.51,20070027
2016-06-08,4.54,4.56,4.38,4.46,15037677
2016-06-09,4.41,4.54,4.315,4.52,15940363
2016-06-10,4.4,4.47,4.3,4.325,14461002
2016-06-13,4.32,4.48,4.32,4.4,13276532
2016-06-14,4.4,4.51,4.33,4.39,16519020
2016-06-15,4.44,4.48,4.32,4.42,11158951
2016-06-16,4.5,4.75,4.455,4.75,33189894
2016-06-17,4.75,5.27,4.68,5.26,62699047
2016-06-20,5.39,5.45,5.09,5.095,42253641
2016-06-21,5.1,5.5,5.09,5.45,35423084
2016-06-22,5.46,5.52,4.96,5.025,46341479
2016-06-23,5.17,5.26,5.05,5.21,26980450
2016-06-24,4.82,5.0675,4.76,4.88,35124935
2016-06-27,4.88,5.05,4.65,4.72,30281748
2016-06-28,4.95,5.185,4.91,5.12,28557439
2016-06-29,5.31,5.4,5.1,5.13,32434392
2016-06-30,5.13,5.19,4.95,5.14,23341948
2016-07-01,5.09,5.14,5,5.07,17795361
2016-07-05,5.03,5.05,4.875,4.96,16050449
2016-07-06,4.91,5.11,4.9,5.04,18679279
2016-07-07,5.07,5.1,4.94,5.02,15606430
2016-07-08,4.84,5.15,4.82,5.1,27475937
2016-07-11,5.13,5.19,5,5,20315682
2016-07-12,5.01,5.17,5.01,5.14,20326313
2016-07-13,5.14,5.19,5.04,5.09,13793419
2016-07-14,5.15,5.235,5.06,5.17,19798561
2016-07-15,5.2,5.2,5.1,5.14,13952883
2016-07-18,5.19,5.57,5.13,5.51,38143742
2016-07-19,5.5,5.55,5.34,5.41,23037203
2016-07-20,5.48,5.5,5.4,5.41,19827092
2016-07-21,5.43,5.45,5.1,5.22,35241470
2016-07-22,5.73,5.97,5.45,5.84,98479005
2016-07-25,5.93,6.95,5.92,6.7,116517474
2016-07-26,6.76,7.1599,6.71,6.98,79149414
2016-07-27,6.93,6.98,6.68,6.85,38056947
2016-07-28,6.79,6.98,6.735,6.82,27181565
2016-07-29,6.88,6.96,6.75,6.86,21934658
2016-08-01,6.89,6.92,6.57,6.64,26160435
2016-08-02,6.56,6.6,6.15,6.26,40273308
2016-08-03,6.18,6.45,6.15,6.3,23137597
2016-08-04,6.39,6.61,6.37,6.47,22055126
2016-08-05,6.56,6.76,6.47,6.605,19575594
2016-08-08,6.7,6.85,6.65,6.68,21042794
2016-08-09,6.75,6.78,6.54,6.6,16612757
2016-08-10,6.35,6.58,6.25,6.49,28663762
2016-08-11,6.5,6.59,6.46,6.58,12901583
2016-08-12,6.6,6.79,6.55,6.73,24156521
2016-08-15,6.79,6.97,6.78,6.95,27873137
2016-08-16,6.94,6.94,6.65,6.78,23862176
2016-08-17,6.7,6.75,6.61,6.69,13401251
2016-08-18,6.74,7.07,6.725,7.04,29470598
2016-08-19,7.24,8,7.22,7.625,73729201
2016-08-22,7.83,7.95,7.37,7.58,41261447
2016-08-23,7.66,7.74,7.53,7.67,27129387
2016-08-24,7.67,7.67,7.37,7.43,22377462
2016-08-25,7.49,7.49,7.2,7.465,16072697
2016-08-26,7.49,7.8,7.46,7.67,31028989
2016-08-29,7.72,7.79,7.57,7.59,16463971
2016-08-30,7.61,7.64,7.41,7.49,15750906
2016-08-31,7.52,7.52,7.28,7.4,17880040
2016-09-01,7.18,7.44,7.09,7.35,21571469
2016-09-02,7.49,7.64,7.38,7.51,18239521
2016-09-06,7.56,7.6,7.25,7.34,23374520
2016-09-07,7.05,7.07,6.78,6.84,55371016
2016-09-08,6.64,6.65,6.15,6.225,89239281
2016-09-09,6.23,6.24,5.85,5.9,169538825
2016-09-12,5.83,6.065,5.77,5.94,75711411
2016-09-13,5.92,5.95,5.66,5.74,48636474
2016-09-14,5.75,6.0766,5.75,6.04,56577270
2016-09-15,6.09,6.2,5.95,6.02,50471962
2016-09-16,6.22,6.22,5.97,6.05,45746704
2016-09-19,6.12,6.275,6.08,6.16,36838510
2016-09-20,6.23,6.28,6.12,6.17,27649550
2016-09-21,6.2,6.32,6.14,6.29,31500832
2016-09-22,6.35,6.44,6.33,6.37,33627116
2016-09-23,6.31,6.65,6.31,6.55,46205217
2016-09-26,6.54,6.54,6.31,6.32,26153029
2016-09-27,6.45,6.58,6.29,6.54,28896492
2016-09-28,6.57,6.65,6.48,6.59,23904155
2016-09-29,6.57,6.73,6.54,6.67,30439698
2016-09-30,6.7,7.04,6.7,6.91,44216723
2016-10-03,6.95,7.15,6.87,6.95,27716105
2016-10-04,7,7.09,6.89,6.97,24016448
2016-10-05,6.97,7.01,6.7,6.78,29860628
2016-10-06,6.72,6.98,6.63,6.96,26602365
2016-10-07,6.92,6.96,6.62,6.75,30850518
2016-10-10,6.82,6.94,6.8,6.84,13498634
2016-10-11,6.8,6.84,6.38,6.5,30910164
2016-10-12,6.64,6.77,6.42,6.62,32844784
2016-10-13,6.5,6.54,6.24,6.49,29769296
2016-10-14,6.92,7.12,6.74,6.75,64850556
2016-10-17,6.92,6.97,6.64,6.67,23791928
2016-10-18,6.76,6.89,6.69,6.73,23108877
2016-10-19,6.7,6.8,6.57,6.77,28698311
2016-10-20,6.81,6.98,6.77,6.96,53655710
2016-10-21,6.5,6.65,6.37,6.52,61258166
2016-10-24,6.57,7.01,6.54,7.005,52580529
2016-10-25,6.9,7.5,6.87,7.5,76978723
2016-10-26,7.4,7.48,7.26,7.29,46577957
2016-10-27,7.44,7.46,7.1,7.11,36408031
2016-10-28,7.1,7.53,7.02,7.2,75727497
2016-10-31,7.24,7.46,7.2,7.23,42345904
2016-11-01,7.32,7.425,6.92,7.09,39906861
2016-11-02,7.03,7.055,6.67,6.76,33852218
2016-11-03,6.78,6.79,6.56,6.7,33673558
2016-11-04,6.69,6.72,6.46,6.56,32215709
2016-11-07,6.79,6.99,6.7632,6.96,36504295
2016-11-08,6.85,7.18,6.75,7,35736496
2016-11-09,6.7,7.05,6.64,6.94,37805777
2016-11-10,6.82,6.91,6.22,6.295,68402682
2016-11-11,6.64,6.69,6.47,6.685,38687774
2016-11-14,6.83,6.84,6.61,6.79,29596401
2016-11-15,6.82,7.08,6.79,6.97,28909399
2016-11-16,7.09,7.75,7.07,7.67,77006939
2016-11-17,7.79,8.77,7.77,8.46,123511661
2016-11-18,8.68,8.83,8.4,8.71,62075574
2016-11-21,8.87,9.22,8.86,8.94,63808906
2016-11-22,9.05,9.06,8.54,8.69,70632444
2016-11-23,8.72,8.86,8.5,8.8,33865609
2016-11-25,8.8,8.91,8.69,8.77,14013489
2016-11-28,8.72,8.98,8.72,8.83,25267019
2016-11-29,9,9.23,8.85,8.93,53220351
2016-11-30,9.02,9.12,8.9,8.91,34230828
2016-12-01,8.92,9.03,8.26,8.39,56081923
2016-12-02,8.38,8.74,8.38,8.53,41935803
2016-12-05,8.69,8.71,8.45,8.68,30790641
2016-12-06,8.95,9.54,8.82,9.45,90962521
2016-12-07,9.65,9.79,9.24,9.56,51715986
2016-12-08,9.9,10.66,9.8,10.34,103231231
2016-12-09,10.38,10.54,9.87,10.34,59671809
2016-12-12,10.4,10.93,10.38,10.68,61388082
2016-12-13,10.75,10.8,10.4,10.54,45147219
2016-12-14,10.43,10.74,10.27,10.55,46317133
2016-12-15,10.68,10.93,10.64,10.855,47316475
2016-12-16,10.94,11.23,10.595,10.66,65694429
2016-12-19,10.81,11,10.52,10.95,44532188
2016-12-20,11.19,11.51,11.15,11.51,58461253
2016-12-21,11.61,11.72,11.32,11.47,43324021
2016-12-22,11.65,11.75,11.47,11.6,35531537
2016-12-23,11.3,11.6,11.26,11.58,31754113
2016-12-27,11.65,12.08,11.6,12.07,43741116
2016-12-28,12.28,12.42,11.46,11.55,70581117
2016-12-29,11.24,11.62,11.01,11.6,49120656
2016-12-30,11.7,11.78,11.25,11.34,44095368
2017-01-03,11.42,11.65,11.02,11.43,53864365
2017-01-04,11.45,11.5204,11.235,11.43,40017838
2017-01-05,11.43,11.69,11.23,11.24,36949656
2017-01-06,11.29,11.49,11.11,11.32,34128083
2017-01-09,11.37,11.64,11.31,11.49,36877401
2017-01-10,11.55,11.63,11.33,11.44,28899898
2017-01-11,11.39,11.41,11.15,11.2,37167286
2017-01-12,10.98,11.0376,10.33,10.76,72307088
2017-01-13,10.79,10.87,10.56,10.58,33132391
2017-01-17,10.17,10.23,9.78,9.82,66070160
2017-01-18,9.54,10.1,9.42,9.88,50324619
2017-01-19,9.92,10.25,9.75,9.77,45322975
2017-01-20,9.88,9.96,9.67,9.75,26893060
2017-01-23,9.68,10.06,9.68,9.91,26455394
2017-01-24,9.95,10.49,9.95,10.44,43189990
2017-01-25,10.74,10.975,10.15,10.35,61533375
2017-01-26,10.35,10.66,10.3,10.52,35401408
2017-01-27,10.6,10.73,10.52,10.67,32034218
2017-01-30,10.62,10.68,10.3,10.61,36855517
2017-01-31,10.6,10.67,10.22,10.37,44578800
2017-02-01,10.9,12.14,10.81,12.06,165164858
2017-02-02,11.98,12.66,11.95,12.28,113413968
2017-02-03,12.37,12.5,12.04,12.24,60036740
2017-02-06,12.46,13.7,12.38,13.63,138168761
2017-02-07,14.05,14.27,13.06,13.29,155917253
2017-02-08,13.21,13.75,13.08,13.56,70150768
2017-02-09,13.78,13.89,13.4,13.42,70774545
2017-02-10,13.86,13.86,13.25,13.58,53598536
2017-02-13,13.7,13.95,13.38,13.49,55248909
2017-02-14,13.43,13.49,13.19,13.26,39788706
2017-02-15,13.2,13.44,13.15,13.3,31949018
2017-02-16,13.25,13.35,12.84,12.97,51334550
2017-02-17,12.79,13.14,12.6,13.13,39083813
2017-02-21,13.41,14.1,13.4,14,65418163
2017-02-22,14.3,14.5,14.04,14.28,70623241
2017-02-23,14.2,14.45,13.82,14.32,78310347
2017-02-24,14,14.32,13.86,14.12,45593112
2017-02-27,14.27,15.35,14.27,15.22,92927926
2017-02-28,15.45,15.55,14.35,14.46,128574042
2017-03-01,15.08,15.09,14.52,14.96,71114675
2017-03-02,14.59,14.78,13.87,13.9,100814623
2017-03-03,13.55,13.58,12.79,13.03,161199137
2017-03-06,13,13.34,12.38,13.04,114792418
2017-03-07,13.07,13.37,12.79,13.05,73921703
2017-03-08,13.25,13.55,13.1,13.22,69814250
2017-03-09,13.45,13.45,13.11,13.33,44266442
2017-03-10,13.5,13.93,13.45,13.91,61697714
2017-03-13,14.42,14.68,14.18,14.28,73078146
2017-03-14,14,14.15,13.6401,14.1,52554505
2017-03-15,14.03,14.06,13.62,13.98,55179561
2017-03-16,13.79,13.88,13.65,13.65,44494793
2017-03-17,13.62,13.74,13.36,13.49,149705800
2017-03-20,13.68,14.5,13.54,14.4,91565591
2017-03-21,14.4,14.49,13.78,13.82,72552725
2017-03-22,13.7,14.145,13.55,14.1,61239502
2017-03-23,13.96,14.115,13.77,13.79,44549945
2017-03-24,14.16,14.18,13.54,13.7,49501091
2017-03-27,13.35,13.78,13.21,13.7,41757929
2017-03-28,13.75,13.86,13.55,13.69,35893910
2017-03-29,13.74,13.87,13.63,13.71,36975598
2017-03-30,13.73,14.05,13.65,14.05,43573330
2017-03-31,14.1,14.75,14.01,14.55,83376352
2017-04-03,14.6,14.74,14.3,14.64,48423677
2017-04-04,14.31,14.67,14.03,14.16,57042129
2017-04-05,14.28,14.64,14.1,14.17,57744403
2017-04-06,13.42,13.46,12.83,13.27,138372183
2017-04-07,13.33,13.68,13.22,13.52,70440981
2017-04-10,13.52,13.59,13.04,13.1,45229095
2017-04-11,13.02,13.29,12.71,13.1,59916607
2017-04-12,12.94,13.1,12.74,12.76,36518982
2017-04-13,12.505,12.72,12.22,12.31,52287784
2017-04-17,12.53,12.8,12.37,12.79,37379843
2017-04-18,12.63,12.97,12.58,12.95,35233041
2017-04-19,13.09,13.205,12.8,12.84,35983047
2017-04-20,12.98,13.15,12.88,13.11,41299757
2017-04-21,13.08,13.12,12.9,13,25419209
2017-04-24,13.23,13.23,13.045,13.13,36092751
2017-04-25,13.24,13.525,13.16,13.49,35802709
2017-04-26,13.42,13.53,13.22,13.41,36614767
2017-04-27,13.43,13.7,13.37,13.62,31148375
2017-04-28,13.73,13.755,13.16,13.3,50375992
2017-05-01,13.43,13.63,13.25,13.62,65047117
2017-05-02,11.73,11.76,10.3,10.32,267705403
2017-05-03,10.29,10.68,9.85,10.39,140841166
2017-05-04,10.55,10.55,9.94,10.1,76967538
2017-05-05,10.13,10.26,9.94,10.19,51758963
2017-05-08,10.22,10.22,10,10.04,35071224
2017-05-09,10.04,10.4,10.04,10.18,50011504
2017-05-10,10.455,10.85,10.45,10.79,65899501
2017-05-11,10.74,11.26,10.51,11.07,72881097
2017-05-12,11.2,11.4,11.08,11.26,55976583
2017-05-15,11.41,11.6,11.3,11.42,52473073
2017-05-16,11.66,12.77,11.63,12.75,161771067
2017-05-17,11.81,12.2855,11.16,11.2,159893127
2017-05-18,10.99,11.49,10.81,11.275,86900076
2017-05-19,11.47,11.62,11.35,11.41,50220591
2017-05-22,11.49,11.55,10.77,11.04,78625589
2017-05-23,10.97,11.055,10.62,10.89,49716239
2017-05-24,11.05,11.06,10.71,10.89,42957387
2017-05-25,11.01,11.01,10.8,10.98,33525600
2017-05-26,10.85,11.02,10.74,11,31845135
2017-05-30,10.95,11.27,10.9,11.12,35287674
2017-05-31,11.29,11.49,11.1,11.19,42908097
2017-06-01,11.25,11.285,10.81,10.93,47947064
2017-06-02,10.93,10.96,10.565,10.9,43002083
2017-06-05,10.84,11.34,10.8,11.24,66157975
2017-06-06,11.27,12.24,11.24,12.03,114600678
2017-06-07,12.42,12.96,12.2348,12.38,150728267
2017-06-08,12.81,12.91,12.4,12.9,89243317
2017-06-09,13.1,13.4,11.63,12.28,167270103
2017-06-12,11.75,12.35,11.27,12.09,125626185
2017-06-13,12.33,12.48,11.67,11.96,87172509
2017-06-14,11.91,12.05,11.65,11.77,51683964
2017-06-15,11.34,11.58,11.21,11.5,61476257
2017-06-16,11.66,11.83,11.28,11.44,59708146
2017-06-19,11.63,12.12,11.62,11.93,61642539
2017-06-20,12.19,12.93,12.18,12.64,117711920
2017-06-21,13.36,14.01,13.13,13.98,188796125
2017-06-22,14.1,14.5,13.56,14.38,149207068
2017-06-23,14.15,14.67,13.9,14.17,200373005
2017-06-26,14.39,14.49,13.84,14.08,100545411
2017-06-27,13.76,14.04,13.37,13.4,89133828
2017-06-28,13.65,13.7,13.09,13.23,85013305
2017-06-29,13.06,13.15,12.45,12.6,87338075
2017-06-30,12.57,12.83,12.36,12.48,59180016
2017-07-03,12.57,12.73,12.13,12.15,39929101
2017-07-05,12.36,13.21,12.32,13.19,99209738
2017-07-06,12.94,13.32,12.665,13.03,88814772
2017-07-07,13.27,13.745,13.18,13.36,88174591
2017-07-10,13.61,13.88,13.27,13.81,78252037
2017-07-11,13.77,14.099,13.62,13.89,71003740
2017-07-12,14.17,14.39,13.96,14.29,78355922
2017-07-13,14.33,14.49,13.43,13.53,111438130
2017-07-14,13.46,13.93,13.32,13.92,82022130
2017-07-17,14.03,14.12,13.51,13.8,71641512
2017-07-18,13.29,13.53,13.15,13.49,78204408
2017-07-19,13.62,13.74,13.41,13.55,51870967
2017-07-20,13.61,13.89,13.45,13.8,47523453
2017-07-21,13.7,14.05,13.62,13.88,50976976
2017-07-24,14,14.44,13.97,14.16,70777161
2017-07-25,14.2895,14.32,13.87,14.11,94014844
2017-07-26,15.13,15.65,14.4,14.76,235646236
2017-07-27,14.99,15.04,13.7,14.13,130104749
2017-07-28,13.845,14.1,13.68,13.95,66580431
2017-07-31,14.09,14.22,13.47,13.61,69001191
2017-08-01,13.72,13.86,13.45,13.71,48928071
2017-08-02,13.81,13.93,13.12,13.37,67332702
2017-08-03,13.42,13.52,13.08,13.24,52425764
2017-08-04,13.2,13.36,13.02,13.12,64103626
2017-08-07,13.33,13.57,13.27,13.425,57375227
2017-08-08,13.48,13.55,13.08,13.11,47081662
2017-08-09,12.76,12.89,12.54,12.8208,58782279
2017-08-10,12.7,12.92,12.11,12.12,82648109
2017-08-11,12.04,12.39,11.88,12.23,63473185
2017-08-14,12.58,12.845,12.58,12.76,64308808
2017-08-15,13.01,13.14,12.75,13.02,57812932
2017-08-16,13.17,13.19,12.52,12.63,64503191
2017-08-17,12.46,12.65,12.32,12.34,47230689
2017-08-18,12.43,12.555,12.25,12.37,37459805
2017-08-21,12.42,12.42,11.86,12.05,58792401
2017-08-22,12.2,12.33,12.1,12.17,38961337
2017-08-23,12,12.535,11.95,12.48,44207537
2017-08-24,12.69,12.71,12.39,12.5,37163550
2017-08-25,12.51,12.57,12.25,12.43,29661514
2017-08-28,12.53,12.55,12.16,12.23,35484175
2017-08-29,12,12.18,11.93,12.15,33508830
2017-08-30,12.19,12.68,12.16,12.67,43802289
2017-08-31,12.82,13.16,12.79,13,51636102
2017-09-01,13.12,13.485,13.04,13.19,53095378
2017-09-05,12.88,13.18,12.65,12.92,51496401
2017-09-06,13.02,13.08,12.75,12.86,34000406
2017-09-07,12.84,12.94,12.6,12.63,35721442
2017-09-08,12.5712,12.61,12.035,12.25,60748667
2017-09-11,12.46,12.74,12.4001,12.55,43204448
2017-09-12,12.66,12.68,12.213,12.3,54323864
2017-09-13,12.22,12.36,12.12,12.22,37122138
2017-09-14,12.15,12.46,12.11,12.26,37013783
2017-09-15,12.33,12.66,12.31,12.52,50224464
2017-09-18,12.77,13.3,12.74,13.08,83103077
2017-09-19,13.25,13.29,12.88,13.12,65370450
2017-09-20,13.07,13.8,12.8,13.74,98377649
2017-09-21,14,14.24,13.32,13.41,166324348
2017-09-22,13.2,13.4,13.12,13.3,50323055
2017-09-25,13.25,13.28,12.49,12.61,83976618
2017-09-26,12.85,12.93,12.43,12.45,68190762
2017-09-27,12.65,12.87,12.5,12.74,59792884
2017-09-28,12.76,12.84,12.55,12.74,35755597
2017-09-29,12.765,12.82,12.6,12.75,33762281
2017-10-02,12.8,12.85,12.62,12.71,34406076
2017-10-03,12.73,13.48,12.7,13.42,84935249
2017-10-04,13.31,13.5,13.15,13.31,42169795
2017-10-05,13.38,13.46,13.21,13.34,34633452
2017-10-06,13.22,13.39,13.18,13.23,28165947
2017-10-09,13.26,13.83,13.26,13.47,53878539
2017-10-10,13.72,13.79,13.44,13.7,43207717
2017-10-11,13.62,13.96,13.61,13.88,38598552
2017-10-12,13.85,14.37,13.81,14.2,69532270
2017-10-13,14.32,14.41,14.12,14.22,37325954
2017-10-16,14.25,14.35,14.12,14.26,34065932
2017-10-17,14.24,14.345,14.135,14.16,28902432
2017-10-18,14.2,14.279,13.76,14.07,38945171
2017-10-19,13.85,14.04,13.69,13.95,33737612
2017-10-20,14.03,14.09,13.8,13.81,32453370
2017-10-23,13.94,14.19,13.8999,14.1,49720401
2017-10-24,14.2,14.36,14.15,14.25,80837589
2017-10-25,12.95,13.13,12.29,12.33,166437384
2017-10-26,12.45,12.46,12,12.005,87310963
2017-10-27,12.17,12.19,11.35,11.84,115538944
2017-10-30,11.255,11.42,10.65,10.89,137785101
2017-10-31,10.76,11.31,10.69,10.985,78600023
2017-11-01,11.25,11.29,10.72,10.8,66875483
2017-11-02,10.87,10.99,10.66,10.85,47942464
2017-11-03,10.95,11.13,10.82,11.12,44264291
2017-11-06,12.04,12.09,11.64,11.93,96064339
2017-11-07,11.94,12.27,11.94,12.05,67788385
2017-11-08,11.94,11.95,11.51,11.71,58773505
2017-11-09,11.25,11.35,11.03,11.12,76576274
2017-11-10,11.22,11.43,11.115,11.26,50153776
2017-11-13,11.18,11.2,10.92,11.09,54006314
2017-11-14,11.03,11.26,11,11.12,37197595
2017-11-15,11.01,11.13,10.77,11.07,33427703
2017-11-16,11.13,11.32,11.13,11.25,31760990
2017-11-17,11.3,11.75,11.28,11.38,56712587
2017-11-20,11.47,11.505,11.19,11.34,35891454
2017-11-21,11.421,11.49,11.24,11.4,31807690
2017-11-22,11.41,11.49,11.3,11.37,23789918
2017-11-24,11.38,11.42,11.3,11.38,11035758
2017-11-27,11.34,11.74,11.3358,11.55,41766917
2017-11-28,11.45,11.54,11,11.17,65252148
2017-11-29,11.08,11.17,10.73,10.83,63279086
2017-11-30,10.87,11.03,10.76,10.89,43119884
2017-12-01,10.81,10.97,10.53,10.73,42086798
2017-12-04,10.85,10.86,9.82,10.03,97183293
2017-12-05,9.89,10.34,9.7,9.91,67182908
2017-12-06,9.9,10.05,9.71,10,38832533
2017-12-07,10.0705,10.19,9.95,10.04,32553083
2017-12-08,10.15,10.2,9.92,9.92,34840299
2017-12-11,9.97,10.16,9.96,10.16,29910055
2017-12-12,10.13,10.14,9.88,9.9,36140084
2017-12-13,9.97,10.21,9.95,10.11,41384326
2017-12-14,10.1,10.17,9.96,10.12,28984934
2017-12-15,10.13,10.32,10.02,10.29,45428770
2017-12-18,10.6,11,10.51,10.98,63703053
2017-12-19,11,11.19,10.87,10.945,43682786
2017-12-20,11.1,11.18,10.8,10.98,31383470
2017-12-21,10.98,11.0793,10.87,10.89,21844176
2017-12-22,10.75,10.77,10.2,10.53,50686034
2017-12-26,10.38,10.579,10.34,10.46,20414604
2017-12-27,10.45,10.74,10.4,10.53,22860659
2017-12-28,10.57,10.64,10.43,10.55,18557836
2017-12-29,10.57,10.58,10.27,10.28,26612209
2018-01-02,10.42,11.02,10.34,10.98,43885015
2018-01-03,11.61,12.14,11.36,11.55,153336333
2018-01-04,12.095,12.43,11.97,12.12,109314694
2018-01-05,12.19,12.22,11.66,11.88,63654090
2018-01-08,12.01,12.3,11.85,12.28,63163299
2018-01-09,12,12.02,11.71,11.82,62433182
2018-01-10,11.63,12.15,11.56,11.96,52357706
2018-01-11,12.07,12.19,11.9001,12.14,37451251
2018-01-12,11.82,12.07,11.8,12.02,46997926
2018-01-16,12.05,12.2,11.8,11.91,41897666
2018-01-17,11.9,12.19,11.82,12.18,38920795
2018-01-18,12.18,12.68,12.15,12.47,62005453
2018-01-19,12.56,12.88,12.54,12.59,46283871
2018-01-22,12.61,12.74,12.37,12.65,34662833
2018-01-23,12.82,12.995,12.76,12.94,46358020
2018-01-24,13.02,13.05,12.6,12.71,41869597
2018-01-25,12.78,12.94,12.32,12.41,42615277
2018-01-26,12.7,12.95,12.62,12.95,43714731
2018-01-29,13.13,13.47,13.05,13.32,66280905
2018-01-30,13.12,13.27,12.69,12.87,89164861
2018-01-31,13.24,13.85,13.15,13.74,140610868
2018-02-01,13.62,13.84,13.21,13.25,67224190
2018-02-02,13.05,13.06,12.43,12.45,79237400
2018-02-05,12.05,12.18,10.93,11.57,116159766
2018-02-06,11.04,11.74,11,11.65,87123202
2018-02-07,11.7,11.9,11.53,11.59,55587058
2018-02-08,11.72,11.85,11.21,11.22,56227066
2018-02-09,11.54,11.56,10.63,11.31,85330916
2018-02-12,11.47,11.8,11.43,11.68,62938392
2018-02-13,11.6,11.82,11.53,11.78,32382129
2018-02-14,11.72,12.31,11.63,12.2,51708226
2018-02-15,12.4,12.625,12.07,12.19,57762873
2018-02-16,12.11,12.225,11.82,11.82,47247051
2018-02-20,11.72,12.19,11.71,12.025,47048725
2018-02-21,12.12,12.12,11.72,11.72,40078367
2018-02-22,11.82,11.995,11.63,11.84,37826738
2018-02-23,11.95,12.16,11.94,12.07,33281746
2018-02-26,12.14,12.43,12.05,12.42,42116138
2018-02-27,12.43,12.88,12.39,12.53,55975268
2018-02-28,12.66,12.73,12.1,12.11,43387460
2018-03-01,12.26,12.27,11.66,11.9,63207377
2018-03-02,11.67,11.93,11.43,11.81,58123518
2018-03-05,11.69,12.055,11.61,11.91,43734836
2018-03-06,12.01,12.045,11.71,11.76,46751179
2018-03-07,11.58,12.82,11.55,12.24,127603194
2018-03-08,12.395,12.59,11.74,11.97,76011217
2018-03-09,12.03,12.0392,11.58,11.7,89674365
2018-03-12,11.76,11.82,11.48,11.52,83748671
2018-03-13,11.5,12.035,11.095,11.64,174302560
2018-03-14,11.7,11.72,11.26,11.36,80540846
2018-03-15,11.43,11.55,11.19,11.46,66373911
2018-03-16,11.49,11.55,11.32,11.47,37590983
2018-03-19,11.41,11.74,11.351,11.43,53308617
2018-03-20,11.41,11.52,11,11.11,65116930
2018-03-21,11.16,11.34,11.11,11.26,44691711
2018-03-22,11.1,11.26,10.85,10.91,59944232
2018-03-23,10.91,10.97,10.57,10.63,54844461
2018-03-26,10.71,10.8,10.18,10.44,75878505
2018-03-27,10.51,10.59,9.9,10,68551265
2018-03-28,9.99,10.1689,9.79,9.81,64832148
2018-03-29,9.94,10.08,9.81,10.05,48681415
2018-04-02,9.99,10.14,9.51,9.53,64824596
2018-04-03,9.63,9.77,9.3,9.55,54891576
2018-04-04,9.08,9.81,9.04,9.77,67356888
2018-04-05,10.05,10.2,9.91,10.02,65758791
2018-04-06,9.83,10.1,9.5,9.61,51087146
2018-04-09,9.75,9.84,9.52,9.53,38316482
2018-04-10,9.75,10.04,9.71,9.98,43036502
2018-04-11,9.82,10.03,9.79,9.82,29169324
2018-04-12,9.98,10.1,9.82,10.08,47784419
2018-04-13,10.2,10.22,9.88,9.93,38935658
2018-04-16,10,10.17,9.9,10.09,28875069
2018-04-17,10.28,10.53,10.2,10.52,45360314
2018-04-18,10.51,10.65,10.33,10.36,42449590
2018-04-19,10.18,10.3284,9.99,10.11,57841640
2018-04-20,10.05,10.14,9.95,9.99,39011902
2018-04-23,10.09,10.19,9.97,10.04,42971272
2018-04-24,10.19,10.35,9.95,10.09,44992223
2018-04-25,10.06,10.09,9.56,9.71,90577981
2018-04-26,10.87,11.19,10.61,11.04,145284090
2018-04-27,11.2,11.36,11.02,11.11,74347782
2018-04-30,11.055,11.14,10.87,10.88,50608764
2018-05-01,10.83,11.15,10.77,11.13,43441602
2018-05-02,11.1,11.155,10.97,10.97,29267302
2018-05-03,10.902,11.06,10.83,10.93,33310596
2018-05-04,10.88,11.29,10.8701,11.28,47884940
2018-05-07,11.32,11.68,11.3,11.59,54001692
2018-05-08,11.49,11.66,11.4,11.61,35218414
2018-05-09,11.65,11.98,11.57,11.95,49605743
2018-05-10,11.98,12.18,11.95,12.13,49744484
2018-05-11,11.89,12.03,11.69,11.95,43863746
2018-05-14,12.14,12.36,12.11,12.23,50263792
2018-05-15,12.18,12.46,12.16,12.45,44183179
2018-05-16,12.64,12.98,12.62,12.82,73363996
2018-05-17,12.79,12.9,12.66,12.82,38692510
2018-05-18,13.06,13.26,12.91,13,54063411
2018-05-21,13.25,13.31,12.88,12.99,49714221
2018-05-22,13,13.14,12.71,12.98,43267033
2018-05-23,12.93,13.18,12.9,13.1,44517762
2018-05-24,13.06,13.43,13.03,13.41,47785726
2018-05-25,13.4,13.72,13.36,13.54,43850067
2018-05-29,13.45,13.63,13.26,13.36,39578498
2018-05-30,13.48,13.95,13.48,13.82,58186435
2018-05-31,13.74,13.93,13.69,13.73,46797677
2018-06-01,13.98,14.4,13.92,14.4,71677869
2018-06-04,14.76,14.98,14.52,14.85,74545986
2018-06-05,14.85,14.9185,14.63,14.85,56122654
2018-06-06,15.07,15.74,15.04,15.67,97089040
2018-06-07,15.83,15.97,14.85,14.89,99860297
2018-06-08,14.52,15.33,14.31,15.25,81930486
2018-06-11,15.21,15.89,15.01,15.73,80737640
2018-06-12,15.84,15.95,15.43,15.85,67002592
2018-06-13,15.81,16.52,15.78,16.32,90227322
2018-06-14,16.62,16.79,15.58,16.25,113048551
2018-06-15,16.06,16.52,15.82,16.34,77612174
2018-06-18,16.18,17.34,16.13,17.11,104317396
2018-06-19,16.85,17.29,16.31,16.69,92542859
2018-06-20,16.83,17.13,16.37,16.52,76280646
2018-06-21,16.65,16.87,15.46,15.65,95638369
2018-06-22,15.78,15.91,15.56,15.8,59257099
2018-06-25,15.64,15.74,14.54,15.11,94418420
2018-06-26,15.32,15.6,15.1,15.5,54213466
2018-06-27,15.65,15.76,14.96,14.97,56014335
2018-06-28,14.85,15.36,14.75,15.31,48716794
2018-06-29,15.41,15.49,14.98,14.99,41527791
2018-07-02,14.8,15.18,14.74,15.16,43398768
2018-07-03,15.21,15.34,14.96,15,32094031
2018-07-05,15.13,15.5,15.02,15.5,40703271
2018-07-06,15.52,16.39,15.48,16.36,65101672
2018-07-09,16.73,16.84,16.17,16.61,58525542
2018-07-10,16.59,16.65,16.31,16.55,37092975
2018-07-11,16.15,16.53,16.02,16.27,42544103
2018-07-12,16.41,16.79,16.38,16.56,44188137
2018-07-13,16.68,16.69,16.22,16.27,40698475
2018-07-16,16.42,17,16.41,16.58,65275291
2018-07-17,16.5,16.88,16.48,16.87,42313518
2018-07-18,16.94,16.99,16.55,16.85,40881493
2018-07-19,16.71,16.88,16.55,16.71,41267829
2018-07-20,16.66,16.88,16.44,16.5,42906009
2018-07-23,16.47,16.68,15.895,16.66,44940819
2018-07-24,16.75,16.86,16.11,16.19,58201458
2018-07-25,16.3,16.39,15.72,16.05,83639684
2018-07-26,17.16,18.45,16.83,18.35,192661124
2018-07-27,19.07,19.88,18.31,18.94,161903789
2018-07-30,19.4,20.18,19.31,19.42,160823407
2018-07-31,19.35,19.5,18.27,18.33,118403405
2018-08-01,18.34,18.95,18.32,18.48,75495240
2018-08-02,18.17,18.83,18,18.79,52867121
2018-08-03,18.94,19.0566,18.37,18.49,53232065
2018-08-06,18.89,19.44,18.46,19.43,83579668
2018-08-07,19.53,19.71,19.08,19.56,72822590
2018-08-08,19.46,19.77,19.255,19.58,52081364
2018-08-09,19.58,19.71,19.08,19.1,46653358
2018-08-10,19.09,19.48,18.85,19.06,65821056
2018-08-13,19.16,19.93,19.12,19.73,81411331
2018-08-14,19.97,20.28,19.63,20.02,89195509
2018-08-15,19.86,20.1,19.2,19.7,86355654
2018-08-16,19.86,20.07,19.25,19.33,69733708
2018-08-17,19.12,19.82,18.73,19.77,60616638
2018-08-20,19.79,20.08,19.35,19.98,62983236
2018-08-21,19.98,20.415,19.86,20.4,55628983
2018-08-22,20.28,20.92,20.21,20.9,62002721
2018-08-23,21.19,22.32,21.14,22.29,113444117
2018-08-24,22.91,24,22.67,23.98,164328182
2018-08-27,24.94,27.3,24.6261,25.26,325058416
2018-08-28,25.51,26.18,24.04,25.05,215771220
2018-08-29,24.36,25.41,24.01,25.2,143223187
2018-08-30,25.29,25.67,24.76,24.89,103607291
2018-08-31,24.89,25.24,24.72,25.17,65206352
2018-09-04,25.62,28.11,25.5675,28.06,192541253
2018-09-05,29.41,29.94,26.84,28.51,257349007
2018-09-06,28.12,28.58,27.19,27.84,143942935
2018-09-07,26.96,28.27,26.8,27.38,123348744
2018-09-10,28.15,29.925,27.84,29.89,162253798
2018-09-11,30.02,30.59,29.37,30.1,159902483
2018-09-12,29.91,32.29,29.45,32.21,197889598
2018-09-13,33.16,34.14,29.87,30.48,304147108
2018-09-14,31.43,33.09,30.54,32.72,217762820
2018-09-17,31.75,33.23,31.6,32.43,180410560
2018-09-18,32.99,33.37,31.2,31.93,176673169
2018-09-19,31.52,31.83,30.51,31.21,124287022
2018-09-20,32.1,32.2,30.64,31.18,123116549
2018-09-21,31.19,32.42,30.91,31.02,129792949
2018-09-24,31.13,32.65,30.91,32.61,118332614
2018-09-25,33.18,33.6,32.19,32.57,118570163
2018-09-26,32.4,32.6,31.72,32.19,79347320
2018-09-27,31.86,32.63,31.39,32.59,87934428
2018-09-28,32.24,32.78,29.98,30.89,165453485
2018-10-01,30.69,31.91,30.25,31.42,94742859
2018-10-02,30.73,30.82,28.65,29.02,145276455
2018-10-03,29.035,29.22,26.54,28.43,190137198
2018-10-04,27.99,28.83,27.37,27.78,95831156
2018-10-05,28.07,28.47,26.93,27.35,88008487
2018-10-08,26.73,27.54,25.96,26.46,103789499
2018-10-09,26.15,27.71,26,27.24,105461756
2018-10-10,27.38,27.4,24.91,25,147682923
2018-10-11,24.74,26.2,24.55,25.3,147013774
2018-10-12,26.77,26.9697,25.67,26.34,111059406
2018-10-15,26.38,26.77,25.75,26.26,70523486
2018-10-16,26.63,28.23,26.17,28.18,92528973
2018-10-17,28.41,28.53,26.9199,27.3,89466946
2018-10-18,27.08,27.75,26.4,26.62,79623723
2018-10-19,27.03,27.1,23.6,23.66,130799866
2018-10-22,24.46,25.64,24.0901,25.03,114158919
2018-10-23,24.18,25.26,23.85,25.09,101763018
2018-10-24,25.04,25.1,22.75,22.79,134489106
2018-10-25,17.92,20.15,17.72,19.27,189173672
2018-10-26,18.49,18.78,17.05,17.63,119688961
2018-10-29,18.21,18.23,16.27,16.85,94479590
2018-10-30,16.38,17.24,16.17,17.2,99049408
2018-10-31,17.87,18.34,17.12,18.21,110463663
2018-11-01,18.41,20.33,18.08,20.22,136896463
2018-11-02,20.59,21.06,19.47,20.23,123787953
2018-11-05,20.12,20.18,18.88,19.9,108016703
2018-11-06,19.5,21.65,19.48,20.68,144995728
2018-11-07,21.42,22.2235,21.07,21.84,121115776
2018-11-08,21.77,22.08,20.97,21.2,92387565
2018-11-09,20.77,21.19,20.11,21.03,85900699
2018-11-12,20.68,20.85,18.8,19.03,95948176
2018-11-13,19.28,20.02,18.97,19.61,76125994
2018-11-14,20.18,21.11,19.7599,20.81,106344252
2018-11-15,20.72,21.77,20.42,21.49,97715488
2018-11-16,19.87,20.97,19.72,20.66,112376589
2018-11-19,20.4,20.59,19.09,19.11,93578236
2018-11-20,17.4,19.58,17.18,19.21,109869425
2018-11-21,20.05,20.31,18.5,18.73,81585649
2018-11-23,18.61,19.83,18.56,19.38,54611295
2018-11-26,19.96,20.19,19.1101,20.08,83210988
2018-11-27,19.77,21.45,19.73,21.05,119230147
2018-11-28,21.82,21.88,20.18,21.34,134425292
2018-11-29,21.19,21.61,20.73,21.43,79853746
2018-11-30,21.3,21.36,20.52,21.3,82370737
2018-12-03,22.48,23.75,22.37,23.71,139605406
2018-12-04,23.35,23.42,21.07,21.12,127392924
2018-12-06,20.22,21.41,20.06,21.3,103434674
2018-12-07,21.3,21.3799,19.17,19.46,105764534
2018-12-10,19.35,20.13,19.27,19.99,77984520
2018-12-11,20.71,21.14,19.69,19.98,88027392
2018-12-12,20.32,21.02,19.71,20.48,100340657
2018-12-13,20.63,20.865,19.76,19.86,88108070
2018-12-14,19.58,20.7,19.52,19.9,84713551
2018-12-17,20.01,20.025,18.635,18.83,115437927
2018-12-18,19.15,19.84,18.88,19.5,101512938
2018-12-19,19.44,19.72,18,18.16,120644490
2018-12-20,18.11,18.86,17.34,17.94,119394487
2018-12-21,18.12,18.34,16.76,16.93,132245996
2018-12-24,16.52,17.2199,16.37,16.65,62933126
2018-12-26,16.88,17.91,16.03,17.9,108811809
2018-12-27,17.43,17.74,16.44,17.49,111373008
2018-12-28,17.53,18.31,17.135,17.82,109214352
2018-12-31,18.15,18.5101,17.85,18.46,84732181
2019-01-02,18.01,19,17.98,18.83,87148693
2019-01-03,18.42,18.68,16.94,17.05,117277563
2019-01-04,17.55,19.07,17.43,19,111878582
2019-01-07,19.44,20.68,19,20.57,107157014
2019-01-08,21.19,21.2,19.68,20.75,121270986
2019-01-09,20.89,21.44,20.07,20.19,163944073
2019-01-10,19.76,19.8342,18.9,19.74,115629372
2019-01-11,19.47,20.35,19.19,20.27,85110766
2019-01-14,19.96,20.62,19.75,20.23,71350248
2019-01-15,20.44,20.68,20.26,20.38,62785800
2019-01-16,20.4,20.54,19.71,19.73,70849266
2019-01-17,19.49,20.51,19.02,20.25,85018421
2019-01-18,20.37,21.05,20.02,20.77,88130950
2019-01-22,20.48,20.9199,19.7,19.76,78513667
2019-01-23,20.03,20.48,19.55,19.8,77811255
2019-01-24,20.06,21.01,20.04,20.85,97433423
2019-01-25,20.99,22.03,20.79,21.93,110555157
2019-01-28,20.315,21.01,20.02,20.18,135164064
2019-01-29,20.26,20.39,19.05,19.25,131202535
2019-01-30,21.49,23.13,21.37,23.09,211421150
2019-01-31,23.02,25.14,22.83,24.41,182575629
2019-02-01,24.61,24.84,24.065,24.51,105356175
2019-02-04,24.43,24.66,24.07,24.13,70843958
2019-02-05,23.42,23.86,22.98,23.31,122226034
2019-02-06,23.63,24.14,23.22,23.26,78684325
2019-02-07,22.99,23.22,22.32,22.67,86723886
2019-02-08,22.33,23.28,22.27,23.05,78129280
2019-02-11,23.05,23.2827,22.66,22.96,60578705
2019-02-12,23.43,23.56,22.75,22.82,67595405
2019-02-13,22.98,23.24,22.7138,22.85,57544167
2019-02-14,22.74,23.37,22.59,23.13,64441243
2019-02-15,23.58,24.05,23.2,23.68,78644109
2019-02-19,23.625,24.405,23.605,23.95,57517907
2019-02-20,24.14,24.37,23.9,23.95,57091617
2019-02-21,24.04,24.33,23.85,23.92,49608176
2019-02-22,24.05,24.36,23.88,24.36,52650728
2019-02-25,25.01,25.52,24.68,24.71,63221028
2019-02-26,24.65,24.72,24.15,24.21,48470089
2019-02-27,24.11,24.2299,23.21,23.48,62649329
2019-02-28,23.21,23.67,23.11,23.53,39384901
2019-03-01,23.97,24.19,23.45,23.68,48083975
2019-03-04,23.89,24.13,23.01,23.37,48147714
2019-03-05,23.34,23.68,23.01,23.5,35462587
2019-03-06,23.47,23.53,22.4,22.41,60479430
2019-03-07,22.33,22.4101,21.73,22.08,52186289
2019-03-08,21.35,22.085,21.035,22.01,49967725
2019-03-11,22.15,23.075,21.98,22.96,54420188
2019-03-12,23.1,23.795,22.78,23.49,56410616
2019-03-13,23.66,24.15,23.35,23.38,56705777
2019-03-14,23.37,23.49,22.8,22.82,42818582
2019-03-15,23.1,23.65,23.01,23.29,46519912
2019-03-18,23.3,23.62,23.04,23.25,34731839
2019-03-19,23.6,26.08,23.59,26,156052222
2019-03-20,26.49,26.88,25.31,25.7,151292138
2019-03-21,25.78,28.11,25.71,27.89,129610272
2019-03-22,27.54,27.75,26.33,26.37,115323257
2019-03-25,26.29,26.99,25.54,25.97,78438159
2019-03-26,26.69,26.98,25.46,25.69,75754079
2019-03-27,25.7,25.88,24.55,24.89,88585265
2019-03-28,25.1,25.56,24.65,25.06,64667453
2019-03-29,25.58,25.73,25.25,25.52,53502807
2019-04-01,26.42,26.555,25.83,26.36,63000322
2019-04-02,26.51,26.8,26.09,26.75,53358772
2019-04-03,28.02,29.9498,27.88,29.02,197650478
2019-04-04,28.88,29.385,28.61,29.09,82191092
2019-04-05,29.64,29.69,28.8,28.98,65662738
2019-04-08,28.69,28.95,28.18,28.53,58002493
2019-04-09,28.24,28.38,27.19,27.24,75539793
2019-04-10,27.46,28.12,27.32,27.83,64368144
2019-04-11,27.81,28.05,27.46,27.79,44801179
2019-04-12,28.21,28.38,27.66,27.85,41048838
2019-04-15,27.8,27.84,26.96,27.33,40812497
2019-04-16,27.72,28.18,27.49,27.93,47340055
2019-04-17,28.21,28.27,27.22,27.49,48240768
2019-04-18,27.6,27.88,27.34,27.68,39880890
2019-04-22,27.62,28.23,27.39,28.18,36477286
2019-04-23,28.18,28.49,27.79,27.97,41777470
2019-04-24,28.1,28.85,27.93,28.46,51784738
2019-04-25,28.67,28.86,27.36,27.66,57329711
2019-04-26,27.66,27.9,27.05,27.88,48827903
2019-04-29,27.9,28.14,27.5,27.69,44532725
2019-04-30,27.59,27.8,26.94,27.63,73165869
2019-05-01,28.95,29.15,26.78,26.81,136066941
2019-05-02,26.94,28.64,26.61,28.29,100514792
2019-05-03,28.3,28.4201,27.66,28.22,55503062
2019-05-06,26.72,27.5,26.45,27.42,70344092
2019-05-07,27.2,27.35,26.21,26.66,75868821
2019-05-08,26.41,27.71,26.27,27.09,65967544
2019-05-09,26.7,27.38,26.03,27.21,73150883
2019-05-10,27.03,28.1,26.93,27.96,82930144
2019-05-13,26.98,27.23,26.1,26.24,99017893
2019-05-14,26.53,27.48,26.15,27.32,82980397
2019-05-15,26.87,27.79,26.73,27.58,55689874
2019-05-16,27.37,28.37,27.2699,28.01,67330064
2019-05-17,27.69,28.46,27.4,27.5,65385351
2019-05-20,26.98,27.24,26.49,26.68,69757402
2019-05-21,27.18,27.37,26.93,27.35,46079177
2019-05-22,27.12,27.59,27.07,27.41,40035288
2019-05-23,26.99,27.1,26.03,26.36,67809153
2019-05-24,26.61,26.925,26.4,26.44,39835788
2019-05-28,27.27,29.67,27.06,29.03,146949629
2019-05-29,29,29.32,27.73,28.09,99969597
2019-05-30,28.4,28.56,27.6,28.03,65289093
2019-05-31,27.57,28.36,27.4,27.41,68667809
2019-06-03,28.75,29.62,27.29,27.58,147532180
2019-06-04,28.39,29.59,27.91,29.57,107549523
2019-06-05,29.93,29.99,29.03,29.5,79481540
2019-06-06,29.87,31.98,29.84,31.82,131267796
2019-06-07,31.94,32.6,31.57,32.41,86841098
2019-06-10,33.53,34.3,33.08,33.23,97668791
2019-06-11,33.43,33.49,31.82,32.41,82834914
2019-06-12,32,32.57,31.92,32.18,56298671
2019-06-13,32.39,32.5,31.06,31.39,63555986
2019-06-14,30.7,30.96,30.02,30.36,70373015
2019-06-17,30.25,30.45,29.18,29.2,70865743
2019-06-18,29.76,30.97,29.58,30.45,86444542
2019-06-19,30.665,30.79,30.06,30.5,63233939
2019-06-20,31.24,31.36,29.84,30.01,72418162
2019-06-21,29.65,30.35,28.97,29.1,81861322
2019-06-24,29.32,29.4,28.67,29.26,55724826
2019-06-25,29.26,29.72,28.8,28.86,53680887
2019-06-26,29.98,30.48,29.78,29.92,65064199
2019-06-27,30.41,30.96,30.21,30.74,55623309
2019-06-28,31.08,31.11,30.33,30.37,50090925
2019-07-01,31.79,32.04,30.87,31.2,60525532
2019-07-02,30.96,31.26,30.73,31.24,37721679
2019-07-03,31.13,31.33,30.74,31.19,23462004
2019-07-05,30.88,31.56,30.75,31.5,34011867
2019-07-08,31.8,32.15,31.26,32.04,49689399
2019-07-09,31.76,33.18,31.71,33.15,61419773
2019-07-10,33.56,34.03,33.36,33.79,60388439
2019-07-11,33.91,34,32.76,33.06,63081800
2019-07-12,32.76,33.39,32.59,33.21,51509682
2019-07-15,33.34,34.55,33.27,34.39,65565248
2019-07-16,34.3,34.86,33.8,33.85,66912699
2019-07-17,34.01,34.3,33.49,33.6,42557903
2019-07-18,33.03,33.46,32.42,33,58610857
2019-07-19,33.08,33.35,32.45,32.51,44617702
2019-07-22,32.8,33.31,32.735,32.85,37777312
2019-07-23,33.17,33.5,32.93,33.49,38532460
2019-07-24,33.64,34.36,33.45,34.11,41952256
2019-07-25,34.05,34.25,33.62,33.67,36705616
2019-07-26,34.23,34.77,33.865,34.02,43502776
2019-07-29,34.14,34.18,32.98,33.48,45921978
2019-07-30,33.21,33.94,32.94,33.87,72198880
2019-07-31,32.08,32.3,30.3,30.45,119190001
2019-08-01,30.5,31.48,29.1,29.86,80878890
2019-08-02,29.48,29.7301,28.94,29.44,60410852
2019-08-05,28.26,28.49,27.65,27.99,74333240
2019-08-06,28.86,29.05,28.2,28.86,60578444
2019-08-07,28.47,29.28,28.37,29.19,58577543
2019-08-08,31.53,34.27,31.48,33.92,167278810
2019-08-09,33.45,35.55,33.08,34.19,132483947
2019-08-12,34.16,34.65,32.08,32.43,106936040
2019-08-13,32.36,33.14,31.72,32.11,102579321
2019-08-14,31,31.05,29.51,30.24,127521456
2019-08-15,30.63,30.73,29.21,29.67,72606817
2019-08-16,30.32,31.48,30.21,31.18,71588978
2019-08-19,32,32.19,31.42,31.48,67781613
2019-08-20,30.94,31.305,30.45,30.72,48016381
2019-08-21,31.05,31.74,30.84,31.7,41635046
2019-08-22,31.76,31.92,30.98,31.9,47742174
2019-08-23,31.3,31.83,29.4,29.54,83931683
2019-08-26,30.34,30.72,29.94,30.28,50858859
2019-08-27,30.6,30.89,29.6,30.2,53351711
2019-08-28,29.92,31.1801,29.7,30.78,55896445
2019-08-29,31.47,31.83,31.33,31.45,44485479
2019-08-30,31.6,31.865,31.13,31.45,40347321
2019-09-03,30.83,31.14,30.68,30.9,38080254
2019-09-04,31.32,31.83,30.85,30.95,46709780
2019-09-05,31.79,32.05,31.12,31.5,57932080
2019-09-06,31.5,31.51,30.48,30.56,51672982
2019-09-09,30.93,31.1752,30.24,30.5,54413163
2019-09-10,30.22,30.38,29.77,30.23,48604766
2019-09-11,30.38,30.43,29.51,29.76,50631683
2019-09-12,30.08,30.84,29.95,30.21,53618344
2019-09-13,30.27,30.85,29.95,30.69,47758753
2019-09-16,30.37,31.15,30.26,30.83,52248540
2019-09-17,31.07,31.32,30.74,30.99,35125750
2019-09-18,30.75,30.893,29.88,30.42,47277309
2019-09-19,30.57,30.96,30.14,30.29,41930831
2019-09-20,30.36,30.47,29.65,30.05,83555555
2019-09-23,30.12,30.8,30.07,30.64,45185837
2019-09-24,30.54,30.75,29.29,29.52,73220942
2019-09-25,29.48,29.65,28.5501,29.54,58691579
2019-09-26,29.67,29.77,29,29.47,41182228
2019-09-27,29.17,29.77,28.35,28.72,54144672
2019-09-30,28.89,29.05,28.36,28.99,40332052
2019-10-01,29.05,29.54,28.64,28.76,37366072
2019-10-02,28.5,28.85,28.03,28.31,44048752
2019-10-03,28.28,28.778,27.43,28.68,56905408
2019-10-04,28.83,29.06,28.57,29.01,34609211
2019-10-07,28.9,29.63,28.8431,28.93,39745268
2019-10-08,28.55,28.64,27.92,28.23,44432078
2019-10-09,28.8,28.95,28.35,28.46,36321583
2019-10-10,28.52,28.89,28,28.38,41171995
2019-10-11,28.83,30.2,28.81,29.75,66632445
2019-10-14,29.71,30.61,29.38,30.53,44818233
2019-10-15,30.7,30.92,30.17,30.72,42142385
2019-10-16,30.6,31.41,30.53,30.81,43064255
2019-10-17,31.3,31.4,30.86,31.14,37010205
2019-10-18,31.06,31.33,30.29,30.97,39711244
2019-10-21,31.5,32.26,31.41,32.03,52648067
2019-10-22,32.06,32.15,31.5,31.51,36860307
2019-10-23,31.09,31.65,30.83,31.36,26858110
2019-10-24,31.58,31.86,31.34,31.72,28448977
2019-10-25,31.9,32.86,31.83,32.71,45368837
2019-10-28,33.16,33.9103,33.15,33.69,51223609
2019-10-29,33.73,33.9,32.7,33.03,78700076
2019-10-30,32.93,33.34,32.035,33.13,78228769
2019-10-31,32.98,34.34,32.82,33.93,67881623
2019-11-01,34.37,35,34.1,34.89,64238609
2019-11-04,35.19,36.45,34.76,36.29,83343783
2019-11-05,36.56,37.18,35.98,36.15,84848638
2019-11-06,36.06,36.48,35.52,35.93,51675119
2019-11-07,36.52,36.99,36.03,36.28,54350178
2019-11-08,36.06,36.58,36,36.29,39396230
2019-11-11,35.96,36.6648,35.58,36.31,43572264
2019-11-12,36.43,37.13,36.4,36.71,58664523
2019-11-13,36.65,37.96,36.5779,37.52,69178093
2019-11-14,37.51,38.5,37.36,38.35,65936947
2019-11-15,38.94,39.37,38.34,38.56,63020866
2019-11-18,38.65,39.985,38.6,39.88,66332767
2019-11-19,40.14,41.79,39.685,41.29,94600235
2019-11-20,40.96,41.75,40.07,40.98,79968318
2019-11-21,40.42,40.7095,38.64,39.52,88069355
2019-11-22,39.36,39.89,38.19,39.15,56931883
2019-11-25,39.5,40.17,39.495,39.79,45879404
2019-11-26,39.3,39.48,38.81,38.99,43764146
2019-11-27,39.46,39.76,39.07,39.41,33613061
2019-11-29,39.1,39.515,39.02,39.15,17609932
2019-12-02,39.32,39.41,38.44,38.73,37942678
2019-12-03,37.34,38.93,37.15,38.9,52991201
2019-12-04,39.38,39.82,39.13,39.69,44372195
2019-12-05,39.95,40.22,39.55,39.62,35710943
2019-12-06,40.1,40.19,39.56,39.63,31150377
2019-12-09,39.46,39.84,38.91,38.93,28035391
2019-12-10,39.2,39.73,38.82,39.44,33863025
2019-12-11,39.44,39.61,39.04,39.47,31794689
2019-12-12,39.4,42.62,39.25,42.59,87398169
2019-12-13,42.35,42.95,41.06,41.15,79985411
2019-12-16,41.73,42.98,41.73,42.35,58890776
2019-12-17,42.51,43.105,42.15,42.77,44935574
2019-12-18,42.79,43.06,42.24,42.3,39182983
2019-12-19,42.63,43.34,42.6,42.83,45950709
2019-12-20,43.44,44.26,43.26,44.15,68216726
2019-12-23,44.58,45.625,44.39,45.46,56065288
2019-12-24,46.1,46.61,45.77,46.54,44432192
2019-12-26,46.99,47.31,45.66,46.63,57712693
2019-12-27,46.85,46.88,45.975,46.18,36624234
2019-12-30,46.14,46.17,44.66,45.52,41235735
2019-12-31,45.07,46.09,44.9223,45.86,31791204
2020-01-02,46.86,49.25,46.63,49.1,80764599
2020-01-03,48.03,49.39,47.54,48.6,73362157
2020-01-06,48.02,48.86,47.86,48.39,48176286
2020-01-07,49.35,49.39,48.04,48.25,59935556
2020-01-08,47.85,48.3,47.14,47.83,53868957
2020-01-09,48.94,49.96,48.39,48.97,76649637
2020-01-10,49.26,49.29,48,48.165,44215594
2020-01-13,48.66,48.86,48.24,48.745,34474728
2020-01-14,48.64,49.035,47.91,48.21,38694180
2020-01-15,48.23,49.08,48.12,48.545,40199943
2020-01-16,49.17,50.31,48.99,49.77,58898926
2020-01-17,50.2,51.05,49.9,50.93,57722501
2020-01-21,50.96,51.81,50.7,51.05,49094965
2020-01-22,51.63,51.875,51.195,51.43,40772219
2020-01-23,51.34,51.745,50.74,51.71,40135442
2020-01-24,52.2803,52.81,49.47,50.35,80004909
2020-01-27,48.45,49.79,47.9,49.26,48878578
2020-01-28,50.03,50.85,49.48,50.53,62343844
2020-01-29,47.84,48.07,46.1,47.51,112559197
2020-01-30,46.49,48.81,46.13,48.78,70460163
2020-01-31,48.4,48.58,46.79,47,60322431
2020-02-03,46.4,48.1,46.23,48.02,47076956
2020-02-04,49.21,49.75,48.61,49.45,46302078
2020-02-05,50.29,50.42,49.31,49.84,42737104
2020-02-06,48.8,49.39,47.63,49.32,48670617
2020-02-07,48.91,50.665,48.635,49.73,53107582
2020-02-10,49.47,52.3,49.35,52.26,60971719
2020-02-11,53.22,54.48,52.91,53.8,74719054
2020-02-12,54.53,54.85,53.53,53.89,45994933
2020-02-13,53.43,55.03,53.34,54.53,51640035
2020-02-14,55.19,55.4,54.56,55.31,52365370
2020-02-18,54.94,58.13,54.84,56.89,70346387
2020-02-19,57.99,59.27,57.51,58.9,58597294
2020-02-20,58.44,59.02,56.15,57.27,74203373
2020-02-21,56.71,56.8,52.89,53.28,88553374
2020-02-24,48.175,50.275,47.49,49.12,86624116
2020-02-25,51.14,51.24,47.12,47.57,88699382
2020-02-26,47.7,49.29,47.07,47.49,86897680
2020-02-27,45.38,46.24,42.21,44.01,106416222
2020-02-28,41.355,46.15,41.04,45.48,100667707
2020-03-02,47.42,47.68,44.66,47.46,102324726
2020-03-03,49.03,50.2,45.67,46.75,141972288
2020-03-04,48.25,50.14,47.2101,50.11,93311779
2020-03-05,48.68,49.72,47.51,48.11,98302748
2020-03-06,49.44,49.54,46.74,48.59,124590861
2020-03-09,43.03,46.34,42.51,43.27,80859774
2020-03-10,45.41,45.44,43.1,45.38,76228247
2020-03-11,44.19,45.97,43.8,45.7,102319010
2020-03-12,42,42.5,39,39.01,107461521
2020-03-13,42.2,43.91,39.6,43.9,86689681
2020-03-16,39.08,43.37,38.51,38.71,84545868
2020-03-17,40.19,42.88,38.3,41.88,92741881
2020-03-18,39.54,41.95,36.75,39.12,106949287
2020-03-19,39.56,41.7,37.69,39.82,88939024
2020-03-20,41.51,42.4825,39.58,39.61,106859502
2020-03-23,40.62,42.32,38.95,41.64,101704663
2020-03-24,44.04,46.81,43.99,46.22,106794151
2020-03-25,46.79,47.875,44.425,44.63,93760389
2020-03-26,45.78,47.5,45.4,47.5,73915608
2020-03-27,46.32,47.975,45.9,46.58,74599218
2020-03-30,47.24,48.46,46.66,47.86,68486602
2020-03-31,47.925,48.53,45.16,45.48,83483749
2020-04-01,44.18,46.85,43.16,43.66,92083081
2020-04-02,43.4,45.28,43.1,44.49,79024133
2020-04-03,44.3,44.8393,41.7,42.59,79334966
2020-04-06,44.3,47.58,44.06,47.52,82293964
2020-04-07,48.96,49.65,46.675,47.56,102098689
2020-04-08,48.07,49,47.61,48.79,64930779
2020-04-09,49.65,50.25,47.72,48.38,80357393
2020-04-13,48.47,51.07,48.23,50.94,64290112
2020-04-14,52.235,55.14,52.11,54.93,85306750
2020-04-15,53.73,55.5699,53.41,54.99,83814033
2020-04-16,55.96,58.08,55.63,56.95,103106456
2020-04-17,57.35,57.755,55.55,56.6,76908783
2020-04-20,55.98,58.63,55.85,56.97,72367258
2020-04-21,56.9,57.73,51.41,52.92,123906390
2020-04-22,54.91,56.15,54.34,55.92,63164076
2020-04-23,56.65,57.285,55.64,55.9,69662688
2020-04-24,55.1,56.78,54.42,56.18,72854752
2020-04-27,57.44,58,56.25,56.49,62568062
2020-04-28,57.16,57.35,55.3,55.51,80501820
2020-04-29,54.53,54.86,52.74,53.66,110800859
2020-04-30,53.43,54.29,52.03,52.39,65543944
2020-05-01,51.07,51.95,49.09,49.88,69562656
2020-05-04,49.815,52.61,49.73,52.56,62590577
2020-05-05,53.43,53.51,51.29,52.19,56560532
2020-05-06,52.42,53.31,51.88,52.16,48138123
2020-05-07,52.93,52.9666,51.62,51.95,48956641
2020-05-08,52.15,53.27,51.81,53.19,40774186
2020-05-11,52.9,55.89,52.75,55.74,68746373
2020-05-12,56.2065,56.58,53.75,53.76,55631098
2020-05-13,54.04,55.22,51.295,52.18,76824714
2020-05-14,52.1,54.54,51.61,54.51,73813999
2020-05-15,53.32,54.435,52.86,54.2,66950863
2020-05-18,54.98,55.25,54.24,54.59,48679061
2020-05-19,54.39,56.73,54.36,55.47,60388543
2020-05-20,56.55,56.98,55.625,56.39,50888191
2020-05-21,56.68,56.72,54.61,54.65,48496114
2020-05-22,54.77,55.3748,53.78,55.17,43524110
2020-05-26,56.01,56.08,53.02,53.19,51618865
2020-05-27,53.27,53.28,49.09,52.74,102414487
2020-05-28,52.25,53.54,51.25,51.74,53754227
2020-05-29,52.07,53.8,51.85,53.8,64948312
2020-06-01,53.31,54.11,52.89,53.63,36949860
2020-06-02,53.45,53.57,52.01,53.54,42855210
2020-06-03,53.5965,53.65,52.33,52.73,46765332
2020-06-04,52.59,53.74,52.2,52.63,44869090
2020-06-05,52.99,53.57,52.08,53.1,53908273
2020-06-08,53.3,53.35,52.26,52.97,39681749
2020-06-09,52.9497,56.46,52.72,56.39,79919140
2020-06-10,57.2,59,57.03,57.44,78719416
2020-06-11,55.94,56.68,52.8,52.83,78715402
2020-06-12,55.01,55.6,52.11,53.5,71189070
2020-06-15,52.58,54.73,52.4128,54.68,56740683
2020-06-16,55.72,56.07,53.59,54.46,50949745
2020-06-17,54.79,55.82,54.3,54.55,45146545
2020-06-18,54.62,55.1225,53.65,54.04,40354724
2020-06-19,54.41,55.455,53.815,54.23,52801461
2020-06-22,54.67,55.17,53.74,54.76,44704781
2020-06-23,55.05,55.37,53.87,53.99,48089011
2020-06-24,53.94,54.74,51.92,52.39,53535548
2020-06-25,52.56,52.7,50.54,51.93,51129614
2020-06-26,51.85,51.95,49.45,50.1,65485729
2020-06-29,50.15,50.28,48.42,50.28,49905813
2020-06-30,51.16,52.77,50.82,52.61,42275739
2020-07-01,52.63,52.87,51.6,52.58,32370945
2020-07-02,53.0335,53.19,52.0508,52.34,29081425
2020-07-06,52.9,53.52,52.33,53.4,36769425
2020-07-07,53.28,54.17,52.86,52.93,32153094
2020-07-08,53.01,53.47,52.07,53.43,35608338
2020-07-09,53.52,57.58,53.31,57.255,87216264
2020-07-10,57.54,58.15,55.51,55.88,59839688
2020-07-13,56.68,58.35,53.38,53.59,57741821
2020-07-14,53.3,54.86,52.26,54.72,54890110
2020-07-15,54.96,55.37,53.59,55.34,42360279
2020-07-16,54.68,55.15,53.74,54.92,36887082
2020-07-17,55.31,55.81,54.68,55.04,34710407
2020-07-20,55.23,57.53,54.83,57.46,45034250
2020-07-21,57.805,58.5,56.3173,57,44800687
2020-07-22,57.07,62,56.97,61.79,135159420
2020-07-23,61.63,62.33,58.6342,59.57,106829109
2020-07-24,64.18,69.94,64.05,69.4,205314531
2020-07-27,69.28,71.63,67.79,68.97,107918075
2020-07-28,68.1,69.8,67.02,67.61,94181374
2020-07-29,75.5,77.19,73.9,76.09,132969679
2020-07-30,75.37,78.96,75.07,78.2,80286888
2020-07-31,78.67,78.96,75.36,77.43,71699667
2020-08-03,78.19,78.5,77.06,77.67,42628817
2020-08-04,78.03,85.805,77.99,85.04,155676106
2020-08-05,84.96,86.32,83.32,85.31,65737306
2020-08-06,85.49,86.98,84.7801,86.71,53961739
2020-08-07,86.67,87.29,82.6702,84.85,66543157
2020-08-10,85.05,85.16,79.3221,82.24,70536143
2020-08-11,80.71,80.71,76.1,76.88,77877661
2020-08-12,78.43,82.88,77.55,82.61,88607829
2020-08-13,82.88,84.02,81.54,81.84,57407355
2020-08-14,81.81,83.24,80.88,81.3,42389477
2020-08-17,82.09,83.06,81.552,82.42,31450155
2020-08-18,82.8,82.88,81.03,81.66,30970483
2020-08-19,81.7757,81.85,80.45,81.09,37507391
2020-08-20,79.74,82.84,79.12,82.77,42948860
2020-08-21,83.29,84.41,82.23,83.81,48280318
2020-08-24,84.55,85.33,82.55,83.08,38036068
2020-08-25,83.36,86.62,82.35,86.35,49234399
2020-08-26,86.9694,87.72,85.2,86.02,47157273
2020-08-27,86.35,86.58,82.94,83.8,42194222
2020-08-28,84.3,86.04,84.19,85.55,40723268
2020-08-31,85.05,92.64,85.05,90.82,90655945
2020-09-01,91.92,92.51,90.1899,92.18,56117100
2020-09-02,94.01,94.28,88.74,90.22,50366918
2020-09-03,87.84,88.47,81.59,82.54,87462687
2020-09-04,81.45,84.39,76.33,82.01,82267760
2020-09-08,78.05,81.88,78,78.69,54955672
2020-09-09,81.4,82.44,79.28,81.91,54163878
2020-09-10,83.07,83.31,78.38,78.98,51499396
2020-09-11,79.82,79.99,75.04,76.34,54762990
2020-09-14,76.8,78.82,76.26,77.9,47448681
2020-09-15,77.66,80.33,75.97,78.93,57874428
2020-09-16,79.35,79.72,76.54,76.66,38445668
2020-09-17,74.88,76.625,74.2,76.55,55619100
2020-09-18,77,77.4,73.85,74.93,51082857
2020-09-21,74.23,77.98,73.88,77.94,61311970
2020-09-22,78.365,78.79,75.27,77.7,56044742
2020-09-23,77.39,77.91,74.34,74.73,42327514
2020-09-24,74.54,77.25,73.9,75.82,57540926
2020-09-25,76.35,78.2,74.67,78.055,48206242
2020-09-28,79.1165,79.57,77.52,79.48,48005488
2020-09-29,79.3,82.55,79.3,81.77,61633672
2020-09-30,81.75,82.94,80.66,81.99,51533664
2020-10-01,83.06,85.25,82.86,84.86,52177123
2020-10-02,82.58,84.65,81.66,81.8,52855053
2020-10-05,82.55,86.2819,82.55,86.15,47056522
2020-10-06,86.21,87.25,83.54,84.48,52725432
2020-10-07,86.1,87.79,85.65,86.69,43045723
2020-10-08,88.11,88.72,85.95,86.51,54240704
2020-10-09,84.74,85.75,82.3465,83.1,80354389
2020-10-12,83.65,85.13,83.12,84.29,47669699
2020-10-13,84.86,86.09,83.9733,85.28,42764096
2020-10-14,85.86,85.96,83.46,84.21,40446735
2020-10-15,83.4,84.7201,82.42,83.13,33696414
2020-10-16,83.54,83.99,82.41,83.17,31474294
2020-10-19,83.62,84.65,81.53,82,36689114
2020-10-20,82.16,82.69,80.58,81.56,38219415
2020-10-21,81.72,81.9299,79.19,79.2,36426409
2020-10-22,79.65,80.82,78.42,79.42,38006798
2020-10-23,80.93,81.99,79.33,81.96,46557675
2020-10-26,82.55,84.97,80.86,82.23,69423675
2020-10-27,82,82.37,77.57,78.88,156669494
2020-10-28,78.73,78.96,75.76,76.4,76529910
2020-10-29,76.75,79.18,76.29,78.02,52784087
2020-10-30,77.09,77.7,74.23,75.29,51426174
2020-11-02,75.85,76.3398,73.7573,74.7,45760659
2020-11-03,74.93,77.08,74.6,76.58,41231803
2020-11-04,80.25,81.85,78.975,81.35,66579711
2020-11-05,83.27,83.5,81.85,83,46542267
2020-11-06,83.52,86.09,82.67,85.88,53829936
2020-11-09,84.24,87.05,82.77,83.12,58580684
2020-11-10,81.93,82.13,77.63,77.99,67137196
2020-11-11,79.39,81.47,78.97,81.28,44611250
2020-11-12,81.32,83,80.3,81.84,37303106
2020-11-13,82.73,83.11,80.7,81.43,30448461
2020-11-16,81.21,83.78,80.48,83.73,38640842
2020-11-17,83.9298,84.81,82.91,83.36,29473512
2020-11-18,83.0135,83.955,82.22,82.54,29967958
2020-11-19,82.39,85.64,81.72,85.54,50116759
2020-11-20,85.28,86.1,84.47,84.64,35008427
2020-11-23,85.52,87.54,84.615,85.31,46504964
2020-11-24,85.7235,86.11,83.32,85.07,36839174
2020-11-25,85.76,87.84,85.52,86.71,41349727
2020-11-27,87.99,88,86.3598,87.19,22717638
2020-11-30,87.33,92.74,86.53,92.66,84482979
2020-12-01,92.25,93.9,90.78,92.63,58670527
2020-12-02,92.89,96.37,92.5253,93.74,57988822
2020-12-03,94.06,94.7,92.01,92.31,35859716
2020-12-04,92.58,94.58,90.63,94.04,45570273
2020-12-07,94.95,95,92.97,94.07,39794203
2020-12-08,94.05,94.74,91.9,92.92,33842226
2020-12-09,92.76,94.43,89.16,89.83,52065816
2020-12-10,89.55,92.09,89.0297,91.66,33804412
2020-12-11,91.54,92.33,90.16,91.65,28368145
2020-12-14,92.205,95.41,91.85,94.78,48026426
2020-12-15,95.93,97.98,95.45,97.12,57305100
2020-12-16,97.04,97.27,95.46,96.85,34909037
2020-12-17,97.55,97.92,96.25,96.84,32023734
2020-12-18,97.27,97.68,93.56,95.92,51823103
2020-12-21,94.25,95.28,91.08,93.23,47093891
2020-12-22,93.36,93.55,90.53,93.16,35717836
2020-12-23,93.08,93.13,91.46,91.55,25993348
2020-12-24,91.8,92.51,91.31,91.81,16705909
2020-12-28,92.93,93.14,90.82,91.6,30627297
2020-12-29,91.66,92.46,89.4301,90.62,31748211
2020-12-30,90.78,92.85,90.19,92.29,25844973
2020-12-31,92.1,92.3,90.87,91.71,24930684
2021-01-04,92.11,96.06,90.915,92.3,51802552
2021-01-05,92.1,93.2077,91.41,92.77,34207989
2021-01-06,91.62,92.28,89.46,90.33,51911657
2021-01-07,91.33,95.51,91.2,95.16,42897157
2021-01-08,95.98,96.4,93.27,94.58,39816400
2021-01-11,94.025,99.23,93.76,97.25,48669103
2021-01-12,97.86,98.97,94.07,95.355,67672311
2021-01-13,93.01,93.89,90.84,91.78,60712896
2021-01-14,91.77,92.36,90.45,90.79,53408241
2021-01-15,90.75,91.59,87.86,88.21,49340338
2021-01-19,89.56,89.58,87.24,89.45,45115055
2021-01-20,90.55,90.78,88.6,88.75,35185810
2021-01-21,89.34,92.07,88.43,91.53,54596079
2021-01-22,94.42,95.95,91.88,92.79,71294707
2021-01-25,94.14,95.74,91.4,94.13,55086943
2021-01-26,94.91,95.7171,93.63,94.71,59449053
2021-01-27,91.1,91.88,86.22,88.84,73341193
2021-01-28,89.83,89.88,87.3,87.52,47048362
2021-01-29,87.56,88.33,85.02,85.64,56735828
2021-02-01,86.77,87.95,84.66,87.66,42359344
2021-02-02,88.49,89.28,86.95,88.86,33850049
2021-02-03,88.6,89.48,87.34,87.89,32312885
2021-02-04,88.22,88.6,87.06,87.84,30791641
2021-02-05,88.15,88.36,86.875,87.9,30268677
2021-02-08,88.31,91.99,87.98,91.47,47639887
2021-02-09,91.39,93.3,90.55,90.91,37596446
2021-02-10,91.5,93.27,90.46,92.35,42441300
2021-02-11,92.9,93.65,91.33,92.66,35571025
2021-02-12,92.75,94.22,91.9,93.77,38538353
2021-02-16,93.9,94,90.7499,91.46,35105917
2021-02-17,90.56,90.96,88.5701,89.94,32284075
2021-02-18,89.09,89.6,87.31,88.64,35624948
2021-02-19,89.75,90.4163,88.69,89.58,29548273
2021-02-22,88.15,88.3,85.21,85.37,36930182
2021-02-23,83.4,85.11,79.36,84.74,49720914
2021-02-24,84.33,87.09,82.81,86.94,40821150
2021-02-25,86.17,87.09,81.92,82.42,54625140
2021-02-26,83.565,85.59,82.91,84.51,48962907
2021-03-01,85.365,86.5,83.97,86.39,32746181
2021-03-02,86.92,86.95,84.04,84.13,34828157
2021-03-03,84.28,84.38,80.85,80.86,43541041
2021-03-04,80.23,81.8067,76.78,77.75,60549371
2021-03-05,79,79.48,74.2,78.52,58548912
2021-03-08,78.03,79,73.86,73.96,54563874
2021-03-09,76.73,79.215,75.77,78.53,45088336
2021-03-10,79.75,80.04,77.41,77.52,45416616
2021-03-11,79.4,81.89,79.37,81.23,43583719
2021-03-12,79.73,81.19,79.23,81.05,32937950
2021-03-15,81.91,83.39,81.2,82.5,39365424
2021-03-16,83.66,84.75,82.255,82.75,42971552
2021-03-17,81.75,83.25,80.411,82.63,43320573
2021-03-18,81.055,81.62,78.01,78.12,51036502
2021-03-19,78.49,79.34,77.59,79.06,42283391
2021-03-22,79.99,81.265,79.22,80.3,39648614
2021-03-23,80.13,80.34,77.95,78.38,40466635
2021-03-24,77.55,78.8,76.4,76.48,43753642
2021-03-25,75.85,76.95,74.96,76.22,44735103
2021-03-26,76.62,77.4995,75.03,77.41,49148659
2021-03-29,77.03,78.02,76.26,77.14,37144298
2021-03-30,76.47,76.56,74.85,76,39169250
2021-03-31,76.57,79.13,76.52,78.5,43659455
2021-04-01,80.155,81.31,79.48,81.09,40182380
2021-04-05,81.74,81.9,80.39,81.43,32610554
2021-04-06,81.21,82.455,80.88,81.44,29327948
2021-04-07,81.32,83.1,80.35,82.2,35590925
2021-04-08,83.32,83.79,82.435,83.35,41925284
2021-04-09,82.8,83.59,82.16,82.76,32759867
2021-04-12,82.055,82.18,78.03,78.58,62098804
2021-04-13,79.67,80.72,78.98,80.19,37767257
2021-04-14,79.88,80.13,77.935,78.55,34263832
2021-04-15,80.32,83.95,79.97,83.01,68942819
2021-04-16,83.3,83.59,81.53,82.15,47280570
2021-04-19,82.13,83.18,80.39,81.11,39115461
2021-04-20,80.82,81.11,78.51,79.27,34977750
2021-04-21,78.99,81.66,78.86,81.61,35068955
2021-04-22,81.61,81.79,78.59,79.06,38846050
2021-04-23,80.21,83.3,79.96,82.76,49267281
2021-04-26,83.35,85.9,82.7,85.41,57594535
2021-04-27,85.67,87.15,85.13,85.21,61909865
2021-04-28,88.85,89.2,83.92,84.02,108920306
2021-04-29,84.7,85.27,82.63,83.91,51294528
2021-04-30,82.97,84.1,81.415,81.62,46601858
2021-05-03,81.97,82,78.46,78.55,66323268
2021-05-04,77.95,78.67,77.04,78.61,59194328
2021-05-05,79.05,79.3,77.36,77.83,42310154
2021-05-06,77.63,78.0599,76.47,77.89,38661325
2021-05-07,78.75,79.5718,78.22,78.81,36954179
2021-05-10,78.2,78.3,75.92,75.99,45134490
2021-05-11,73.57,76.93,72.75,76.83,51008239
2021-05-12,75.09,76.13,74.16,74.64,42531423
2021-05-13,75.21,75.7,72.5,73.09,48646754
2021-05-14,74.02,75.0274,72.72,74.59,38355787
2021-05-17,74.215,75.52,73.41,74.65,40779244
2021-05-18,74.74,75.7699,74.24,74.44,31982482
2021-05-19,73.16,76.97,72.76,76.23,73966162
2021-05-20,76.81,78.27,76.25,78.06,49135012
2021-05-21,78.55,78.81,77.04,77.17,40201088
2021-05-24,77.26,78.01,76.8,77.44,33194287
2021-05-25,77.33,78.77,76.8365,77.86,47353101
2021-05-26,77.83,78.59,77.59,78.34,30353997
2021-05-27,78.11,78.43,77.47,78.42,35883219
2021-05-28,78.66,81.09,78.66,80.08,40952663
2021-06-01,81.01,82.91,80.66,80.81,43433042
2021-06-02,81,82.6,80.66,81.97,35203224
2021-06-03,81.13,81.89,80.26,80.28,29811969
2021-06-04,80.92,82.19,80.81,81.58,26387799
2021-06-07,81.4,81.68,80.38,81.35,29006782
2021-06-08,81.87,82.645,80.45,80.89,26956625
2021-06-09,81.09,81.677,79.8,79.96,28454646
2021-06-10,80.02,81.71,79.7,81.56,28606356
2021-06-11,81.61,82.33,80.7,81.31,24310894
2021-06-14,81.51,81.55,80.2,81.55,27830243
2021-06-15,81.59,81.68,80.225,80.47,26194342
2021-06-16,80.75,81.45,78.96,80.11,29598309
2021-06-17,80.77,85.37,80.57,84.56,77822823
2021-06-18,84.28,85.77,83.48,84.65,58736805
2021-06-21,83.49,84.19,82.21,82.59,44417112
2021-06-22,82.9,84.04,82.48,83.58,32107700
2021-06-23,83.83,84.485,83.1603,83.82,25992435
2021-06-24,84.39,87.1399,84.365,86.1,42217665
2021-06-25,86.34,86.36,85.1,85.62,27804535
2021-06-28,86.38,88,86.15,87.08,30262042
2021-06-29,87.41,90.3,86.66,89.52,46181000
2021-06-30,90.82,94.335,90.6,93.93,70721525
2021-07-01,94.04,94.175,91.7,93.31,58059019
2021-07-02,93.28,95.27,92.205,94.7,51342975
2021-07-06,94.875,95.41,93.32,94.47,44930119
2021-07-07,95.02,95.44,90.31,90.54,51498481
2021-07-08,87.86,90.3399,87.45,89.74,45673454
2021-07-09,90.04,91.26,88.53,90.9,35278416
2021-07-12,91.22,91.9,89.65,90.81,28526559
2021-07-13,90.48,91.41,89.8299,90.26,30367595
2021-07-14,90.76,91.395,88.94,89.05,28108505
2021-07-15,89.78,89.78,86.1801,86.93,38944741
2021-07-16,87.32,88.03,85.68,85.89,35860740
2021-07-19,84.99,87.2294,84.24,86.58,39244796
2021-07-20,87.09,87.77,85.165,87.11,28088956
2021-07-21,87.25,89.49,86.9,89.41,29469864
2021-07-22,89.4,91.36,89.08,91.21,33730078
2021-07-23,91.3484,92.37,90.19,92.15,31708899
2021-07-26,92.01,92.75,91.12,91.82,27668459
2021-07-27,92.94,94.1,89.1,91.03,69427021
2021-07-28,93.44,98.71,89.65,97.93,140561028
2021-07-29,96.58,105.74,96.58,102.95,164091761
2021-07-30,101.6,106.97,101.38,106.19,125632018
2021-08-02,105.93,110.33,103.83,108.63,115581854
2021-08-03,108.15,114.85,107.66,112.56,157723142
2021-08-04,114.36,122.49,114.16,118.77,225368699
2021-08-05,116.63,117.68,111.59,112.35,137860865
2021-08-06,110.55,116.2599,109.7,110.11,143899026
2021-08-09,111.31,112.33,107.06,107.58,115749943
2021-08-10,107.895,109.17,104.36,106.48,113012297
2021-08-11,107.6,109.79,105.62,107.68,91788289
2021-08-12,107.39,108.44,105.86,106.5,60625725
2021-08-13,107.17,111.71,106.57,110.55,100135745
2021-08-16,110.2,111.58,105.865,107.48,73398938
2021-08-17,106.6435,108.7,105.35,107.56,74053905
2021-08-18,107.35,108.07,103.27,103.44,79387943
2021-08-19,103.315,106.18,101.975,103.7,71117494
2021-08-20,104.32,105.98,103.99,104.65,55227562
2021-08-23,105.295,109.02,104.86,108.77,68835281
2021-08-24,109.45,109.61,107.28,107.65,51239297
2021-08-25,108.13,109.91,107.45,108.3,45485504
2021-08-26,108.57,109.2299,106.84,107.27,51442548
2021-08-27,108.01,111.78,107.8,111.4,61030014
2021-08-30,112.61,114.4899,111.26,111.32,56130467
2021-08-31,111.26,111.26,109.0343,110.72,49338955
2021-09-01,111.3,111.85,109.85,109.99,38579559
2021-09-02,110.32,110.88,108.77,109.2,40108763
2021-09-03,108.85,111.17,108.5,109.92,42623780
2021-09-07,109.955,110.58,108.66,109.15,28815232
2021-09-08,108.88,109.3,105.52,106.17,43067911
2021-09-09,106.56,107.2953,105.84,106.15,31857873
2021-09-10,106.99,106.9913,104.98,105.2,32602293
2021-09-13,105.26,105.28,102.63,104.8,37767787
2021-09-14,105.52,106.82,104.42,105.73,40629527
2021-09-15,106,106.32,104.03,105.6,37998941
2021-09-16,104.915,106.75,103.76,106.22,38150269
2021-09-17,105.555,105.98,103.71,103.88,44528337
2021-09-20,101.58,102.51,99.51,101.55,45228411
2021-09-21,102.15,103.4299,101.18,102.82,35481501
2021-09-22,102.815,104.56,102.21,104.38,34126280
2021-09-23,104.89,106.86,103.89,106.15,32816657
2021-09-24,105.185,106.0499,104.68,105.8,26482610
2021-09-27,105.065,108.44,103.44,108.16,51944349
2021-09-28,106.835,107.65,101.42,101.52,74468968
2021-09-29,102.295,102.66,99.81,100.35,52224721
2021-09-30,102.08,104.44,101.99,102.9,57636700
2021-10-01,102.6,103,100.64,102.45,41491585
2021-10-04,101.742,101.85,99.82,100.34,41967149
2021-10-05,100.92,102.8699,100.6101,101.81,31455249
2021-10-06,100.445,103.72,100.35,103.64,39071703
2021-10-07,104.6,107.95,104.46,106.45,41543109
2021-10-08,106.55,107.28,104.89,105.06,30623047
2021-10-11,104.62,107.2,104.022,104.68,31284389
2021-10-12,105.165,106.04,104.34,105.04,34039906
2021-10-13,106.275,109.88,106.25,109.16,55631917
2021-10-14,110.5,112.22,109.6301,111.99,46900157
2021-10-15,112.505,112.835,111.11,112.12,34203008
2021-10-18,111.9,116.88,111.37,116.43,47537763
2021-10-19,116.16,117.17,114.47,116.33,39593938
2021-10-20,116.29,118.3001,115.421,116.39,34244811
2021-10-21,116.5,119.68,116.26,119.33,34794945
2021-10-22,120.825,121.56,118.37,119.82,38992694
2021-10-25,120.515,123.4599,118.6,122.36,47834118
2021-10-26,122.99,127.2,122.5782,122.93,59458928
2021-10-27,121.63,128.08,121.05,122.28,98245324
2021-10-28,122.855,123.5,120.26,121.16,58002459
2021-10-29,120.98,122.57,119.88,120.23,43320125
2021-11-01,119.45,125.67,118.1301,125.23,54559780
2021-11-02,124.98,128.455,124.2,127.63,53491937
2021-11-03,127.75,130.6,126.7901,130.53,59537815
2021-11-04,132.01,139,130.77,137.5,84825156
2021-11-05,139.185,141.22,134.42,136.34,64920597
2021-11-08,137.7,153.6,137.7,150.16,141493842
2021-11-09,154.01,155.65,143.89,148.92,98442597
2021-11-10,143.93,146.3,138.52,139.87,82989151
2021-11-11,142.955,146.47,140.84,146.01,67934845
2021-11-12,146.025,148.59,144.25,147.89,52162136
2021-11-15,148,148.98,142.86,146.49,52271271
2021-11-16,145.93,153.08,145.34,152.45,53100810
2021-11-17,151.98,154.6599,149.69,151.34,54527482
2021-11-18,157.07,158.89,152.56,155.02,60612733
2021-11-19,155.76,156.92,153.445,155.41,41668862
2021-11-22,157.14,161.8799,152.39,152.52,58674078
2021-11-23,150.41,152.66,145.2996,149.92,62852705
2021-11-24,149.46,157.93,147.19,157.8,60677062
2021-11-26,155.8,158.1,152.81,154.81,36245068
2021-11-29,157.5,162.505,156.1,161.91,57438867
2021-11-30,163.28,164.4599,155.6801,158.37,75182545
2021-12-01,160.37,160.88,148.92,149.11,64185119
2021-12-02,147.675,152.53,146.47,150.68,56161216
2021-12-03,151.645,152.38,140.72,144.01,65910028
2021-12-06,141.135,141.31,134.2,139.06,66776493
2021-12-07,143.9,145.76,141.0001,144.85,53359432
2021-12-08,144.96,147.04,142.7,145.24,40977478
2021-12-09,145.16,146.69,137.8,138.1,53019926
2021-12-10,141.29,141.365,135.82,138.55,42224275
2021-12-13,138.25,139.4,133.415,133.8,42173963
2021-12-14,131.67,137.24,130.6,135.6,50754642
2021-12-15,135.11,146.69,133.81,146.5,72425783
2021-12-16,147,147.93,137.02,138.64,63369550
2021-12-17,136.3,142.04,136.11,137.75,55692280
2021-12-20,135.97,138.26,133.52,135.8,38195396
2021-12-21,138.185,144.5,135.15,144.25,57785243
2021-12-22,142.64,144.5,140.27,143.88,46923682
2021-12-23,143.89,149.018,143.85,146.14,48653789
2021-12-27,147.51,154.89,147.25,154.36,53296375
2021-12-28,155.88,156.73,151.38,153.15,58699069
2021-12-29,152.82,154.3399,147.29,148.26,51300205
2021-12-30,147.44,148.85,144.85,145.15,44357997
2021-12-31,146.16,148.61,143.55,143.9,49448144
