Date,Open,High,Low,Close,Volume
2012-01-03,5.7597260802242,5.8900210001959,5.7399772586274,5.8001461234682,239724526.26569
2012-01-04,5.7101411646822,5.8800401586224,5.6201362058961,5.8099022778499,243439873.11862
2012-01-05,5.7498634950675,6.3499083792829,5.7101411646822,6.309843105289,547168800.44483
2012-01-06,6.2099755613463,6.3001933816825,6.0595770505276,6.1803523289512,299507728.48896
2012-01-09,6.2597851640801,6.3700001444882,6.1900020525577,6.2697660056535,240348923.22178
2012-01-10,6.4501188668342,6.6599767039932,6.4402562816775,6.6298922715728,353933721.31846
2012-01-11,6.6001626084027,6.8998953222893,6.5198073732231,6.8702839155359,353386348.84304
2012-01-12,6.9899002810754,7.0199728878541,6.6599767039932,6.7899286803564,361560923.93622
2012-01-13,6.490184140828,6.6899428799969,6.4099471620653,6.6101552756178,337235274.7695
2012-01-17,6.6280474714716,6.8183811742257,6.4381631431011,6.4780037299031,293879099.70166
2012-01-18,6.5002950644599,6.8001460347633,6.459650334024,6.8001460347633,301793451.41576
2012-01-19,7.2194951141895,7.2899877642123,6.7502063499711,6.9600523614885,490392051.87817
2012-01-20,6.9400906783416,7.0800234962782,6.8296510107417,7.0700426547048,236437751.16989
2012-01-23,7.1300696118455,7.3702365686167,7.1097531594484,7.250159003052,339658727.10172
2012-01-24,7.1097531594484,7.3501329777698,7.060038161848,7.2899877642123,228527024.68427
2012-01-25,7.2100700777748,7.3702365686167,7.1498066078005,7.3501329777698,248844051.17944
2012-01-26,7.449657578104,7.5000584629215,7.2301854942634,7.300323375036,265459549.74492
2012-01-27,7.2100700777748,7.3501329777698,7.1999709797846,7.2899877642123,230836972.92063
2012-01-30,7.1197340010218,7.1498066078005,7.0199728878541,7.0700426547048,230703500.79067
2012-01-31,7.169094229372,7.1889494817438,7.0486618945569,7.128922524603,212626570.14814
2012-02-01,7.250159003052,7.4401379365558,7.2100700777748,7.3595580141845,318368598.86314
2012-02-02,7.4300388385657,7.4901840521231,7.3301594689812,7.449657578104,232058875.55951
2012-02-03,7.6598583588716,7.890020822786,7.6297857520928,7.839856450802,363903399.34149
2012-02-06,7.7899285916515,7.9700449399987,7.7699550828629,7.9700449399987,236109125.49849
2012-02-07,7.9498467440183,7.989663679537,7.7994482331996,7.8498491180171,253273551.68494
2012-02-08,7.959709329175,8.1500548575708,7.9298732352297,8.129726579532,434613052.3032
2012-02-09,8.3100794407127,8.3503694018984,8.1001151727786,8.1801274643495,479558598.15328
2012-02-10,8.0498207187361,8.1203133687589,7.979919350797,8.0698060531663,254217924.5689
2012-02-13,8.2701205974939,8.3098429278792,8.2099635582948,8.2499224015135,308274271.53465
2012-02-14,8.1500548575708,8.1700165407177,7.9500832568518,7.9801558636305,384895550.1587
2012-02-15,8.0096371883255,8.1203133687589,7.7694938828376,7.779474724411,372152677.39134
2012-02-16,7.7096679616054,8.129726579532,7.6598583588716,8.0897795619549,336816951.81749
2012-02-17,8.039828051521,8.0799051511565,7.9194193679893,8.0195115991239,355185525.63418
2012-02-21,8.0195115991239,8.2001009731381,7.9998928595856,8.1098713271602,333102651.20034
2012-02-22,8.0601563295598,8.129726579532,7.9498467440183,7.9498467440183,229049749.05033
2012-02-23,7.979919350797,8.0498207187361,7.8995522899758,8.0195115991239,143834737.97578
2012-02-24,8.0498207187361,8.0897795619549,7.8798034683791,7.8798034683791,162987436.66047
2012-02-27,7.779474724411,8.0498207187361,7.6696145132532,8.039828051521,298408972.53709
2012-02-28,8.0498207187361,8.1500548575708,7.9998928595856,8.1203133687589,193189262.61033
2012-02-29,8.1611242409072,8.241037995175,7.970800528777,7.970800528777,266527376.81471
2012-03-01,8.0901396616654,8.1700534159332,8.0502300288437,8.1197146011698,197626875.52246
2012-03-02,8.1103129830206,8.2107662020641,8.0998838010788,8.1302737049705,143726487.21903
2012-03-05,8.0901396616654,8.1302737049705,7.9499067316591,7.9700918640924,196150813.33684
2012-03-06,7.7801106732265,7.7898430015618,7.6601691753563,7.7101654688555,263024074.52556
2012-03-07,7.8100281339951,8.0200763465136,7.7698940906901,8.0200763465136,2298769673.9779
2012-03-08,8.0699545292321,8.1197146011698,7.9997731032995,8.0598678685544,160421428.03339
2012-03-09,8.1197146011698,8.190002326805,8.0096353534937,8.0502300288437,195035200.04859
2012-03-12,8.0096353534937,8.0598678685544,7.9096663886513,7.9900407749642,165298797.97845
2012-03-13,8.0798167794262,8.5002557257273,8.0502300288437,8.4898265437855,386987150.49425
2012-03-14,8.6600950453411,8.8998481192228,8.5598898589373,8.8397533539679,488076948.96974
2012-03-15,8.9801043947549,9.2495505189218,8.850076236207,9.2402670115534,489592800.75597
2012-03-16,9.4099567702833,9.8004900668938,9.3299249052346,9.8004900668938,582315902.62997
2012-03-19,9.780068712899,10.09997176261,9.5099493572818,9.5297801573728,669480048.72745
2012-03-20,9.6300916434793,9.9718097543983,9.5897331896908,9.8109310599138,451688402.64712
2012-03-21,9.9610144290361,10.029105294149,9.7388952947231,9.8211358313721,327449898.08146
2012-03-22,9.6605996581518,9.7693914983175,9.5201541287401,9.5998198503684,264520499.23393
2012-03-23,9.4701460241628,9.8514076244831,9.4002126308699,9.8514076244831,283694647.45843
2012-03-26,10.010420168632,10.038613212001,9.8514076244831,9.930400114661,241755276.40139
2012-03-27,9.8721714997422,9.901510217685,9.5798827505747,9.5998198503684,249527174.90225
2012-03-28,9.6205955367056,9.780068712899,9.5798827505747,9.7494425874458,233794799.97215
2012-03-29,9.6300916434793,9.6792847836694,9.4297875703743,9.5297801573728,253090226.68548
2012-03-30,9.6133907790787,9.6437806829704,9.3521887874095,9.5724653935425,250086026.05463
2012-04-02,9.5500715895088,9.780068712899,9.4099567702833,9.6792847836694,178968787.66669
2012-04-03,9.6605996581518,9.670934351469,9.4099567702833,9.4898705245511,190156284.24854
2012-04-04,9.3497675164037,9.3600903986429,9.1501484858271,9.2001447793264,228131472.68753
2012-04-05,9.139825603588,9.4002126308699,9.1097782209605,9.2495505189218,132619179.38636
2012-04-09,9.0395023064033,9.0395023064033,8.8301273253353,8.930001801553,401034319.31757
2012-04-10,8.9700177340773,9.0900537205722,8.5002557257273,8.5398228372847,376756925.26486
2012-04-11,8.7800247321333,8.9100528906812,8.7200716998153,8.8602810076654,251558651.66581
2012-04-12,8.930001801553,9.1801840573765,8.9100528906812,9.1700973966989,223637949.83212
2012-04-13,9.0799670598946,9.0799670598946,8.6799258454322,8.6799258454322,281898052.71371
2012-04-16,8.8699188473761,8.930001801553,8.6200791128168,8.7900050931083,217032072.5972
2012-04-17,8.9722264056777,9.0021438664463,8.8717849977123,8.9221238124757,193008298.77441
2012-04-18,8.8801236188345,9.0000533056267,8.8397533539679,8.9200332516561,159704274.60463
2012-04-19,9.160117035724,9.1700973966989,8.6699454844572,8.7698199606749,348551148.97494
2012-04-20,8.7800247321333,8.7800247321333,8.329880924469,8.3600346067991,277379697.02984
2012-04-23,8.0200763465136,8.2998453529196,7.9499067316591,8.1803762981724,255823525.06555
2012-04-24,8.2496128378588,8.2700341918537,8.0998838010788,8.2107662020641,191542752.36869
2012-04-25,8.2998453529196,8.3500660569023,8.1700534159332,8.2601719416595,164744514.55599
2012-04-26,8.190002326805,8.39982612884,8.1700534159332,8.2700341918537,131059673.7931
2012-04-27,8.3400856959274,8.3400856959274,8.190002326805,8.2496128378588,107404211.77767
2012-04-30,8.2204985303994,8.241037995175,8.0408402217727,8.1112460581887,137322500.54325
2012-05-01,8.1112460581887,8.4013261357558,8.080856154297,8.3113139097322,177733863.34143
2012-05-02,8.2107662020641,8.2297820377678,8.1197146011698,8.1600730549583,136069800.17878
2012-05-03,8.1811794514816,8.1811794514816,7.9103396201017,8.0004817679841,204345627.76121
2012-05-04,7.9001348486433,7.9201073816712,7.699948886319,7.7402010404049,194695086.94695
2012-05-07,7.7101654688555,7.9997731032995,7.6601691753563,7.9600052034148,167433040.04383
2012-05-08,7.8700992770939,7.9001348486433,7.6900866361249,7.7898430015618,180362047.89261
2012-05-09,7.6700196144723,7.8205872377958,7.6501888143813,7.7305632006942,174576535.12561
2012-05-10,7.9103396201017,7.9407295239934,7.6700196144723,7.7000669970998,157522549.01227
2012-05-11,7.4803927559487,7.7702484230324,7.4099751084546,7.5501017387582,245427298.46044
2012-05-14,7.3698528762276,7.5201724669115,7.3499039653559,7.3499039653559,170414014.91465
2012-05-15,7.3698528762276,7.5499836279775,7.2497932675766,7.2996832613732,201082376.14717
2012-05-16,7.399888447777,7.4699517629288,7.0802216196275,7.109820181288,215859729.10333
2012-05-17,7.1001705304993,7.2497932675766,6.9302563612859,6.9800164332236,185855994.12969
2012-05-18,7.0097094835088,7.0293158731163,6.8892010538908,7.0192174013606,223837925.53128
2012-05-21,7.0300009156448,7.109820181288,6.7200900379867,6.8299330641013,230196601.32627
2012-05-22,6.9187759933952,7.1497061919535,6.8592717820441,6.9793195796171,221309049.87774
2012-05-23,6.899063304085,7.1695369920445,6.8488307890242,7.1695369920445,193383060.40954
2012-05-24,7.2603523713773,7.3297188329226,7.0097094835088,7.1395014204951,164161462.53929
2012-05-25,7.0693318056406,7.2495806681712,7.0693318056406,7.1497061919535,108580398.78607
2012-05-29,7.2797343505014,7.4502390736186,7.219875806808,7.4397862695206,159484364.87683
2012-05-30,7.3300581158132,7.4102065200088,7.0999101154209,7.1995206045206,206574863.29239
2012-05-31,7.2101716728044,7.3700202634827,7.0399079179017,7.3500981656628,203156602.87863
2012-06-01,7.1198322132409,7.1901316229548,6.9399435727129,7.019867868052,240655598.93929
2012-06-04,7.0999101154209,7.0999101154209,6.8500523308623,6.9002173291027,163445437.70057
2012-06-05,6.9094765634359,7.140096371947,6.9002173291027,7.0999101154209,147046225.12882
2012-06-06,7.2398366082793,7.769877644238,7.1798226155571,7.6399063026881,308796182.16802
2012-06-07,7.810075695967,7.8997074433522,7.3802113188507,7.42029141855,275878824.98336
2012-06-08,7.3500981656628,7.5800220571986,7.1995206045206,7.5599820073489,234087647.952
2012-06-11,7.7201726589134,7.769877644238,7.2803649256916,7.2803649256916,204415451.7554
2012-06-12,7.3198670604452,7.4998736530029,7.2200088720832,7.4898005496647,148067835.83137
2012-06-13,7.4000154646409,7.6097931495002,7.3500981656628,7.4998736530029,162117974.61633
2012-06-14,7.5202675589417,7.6897174448394,7.4498266067922,7.6597104484783,157341912.27214
2012-06-15,7.7201726589134,7.8997074433522,7.5502627600999,7.8997074433522,211345472.89761
2012-06-18,7.769877644238,7.9099102939231,7.7299154965684,7.7598045408998,140079539.58336
2012-06-19,7.8797971407353,8.2094494734004,7.8601109469748,8.109721032271,248545726.0296
2012-06-20,8.1599921873383,8.2199943848575,8.0198415856234,8.1397280286321,213461501.66297
2012-06-21,8.109721032271,8.1701832427062,7.7999907974258,7.8199128952458,226643473.06586
2012-06-22,7.9699242866453,8.0102284952011,7.7901535981471,7.9399172902842,142387711.78468
2012-06-25,7.7397526958472,7.7397526958472,7.5599820073489,7.6000739022512,129301414.5402
2012-06-26,7.650109153259,7.6799864023874,7.47993975998,7.6202201089276,129722586.82567
2012-06-27,7.6799864023874,7.8199128952458,7.6097931495002,7.769877644238,96029559.393994
2012-06-28,7.6202201089276,7.7499555464181,7.5301047582205,7.7397526958472,133019724.95145
2012-06-29,7.999683583744,8.2006502519832,7.9500965504492,8.1800322371879,258458048.32843
2012-07-02,8.2006502519832,8.2094494734004,7.8700660982833,8.0498367867815,152708038.12527
2012-07-03,8.0599098901197,8.1200300396687,8.0102284952011,8.0599098901197,57655355.563953
2012-07-05,8.0300326409913,8.0599098901197,7.8199128952458,7.8199128952458,120005901.82513
2012-07-06,7.6897174448394,7.7999907974258,7.650109153259,7.6597104484783,116506999.40795
2012-07-09,7.6299511513796,7.700026452237,7.5301047582205,7.5599820073489,86934925.202403
2012-07-10,7.650109153259,7.6700194558759,7.4000154646409,7.47993975998,101333400.42295
2012-07-11,7.4898005496647,7.6897174448394,7.4498266067922,7.6299511513796,128498350.23682
2012-07-12,7.5301047582205,7.5502627600999,7.4297865569425,7.47993975998,107264250.31656
2012-07-13,7.5599820073489,7.8301157458167,7.5502627600999,7.8199128952458,176981224.17764
2012-07-16,7.9300565005995,7.9600870873666,7.769877644238,7.810075695967,109439802.5134
2012-07-17,7.9198654452316,7.9300565005995,7.7499555464181,7.9198654452316,126695235.82349
2012-07-18,7.8797971407353,7.9300565005995,7.4998736530029,7.5301047582205,253967750.59993
2012-07-19,7.5599820073489,7.650109153259,7.1198322132409,7.2597587060993,260663776.2037
2012-07-20,7.2101716728044,7.2101716728044,7.0598300157216,7.0703631319757,160280624.3233
2012-07-23,6.9399435727129,7.1502874273149,6.9002173291027,7.0900611209392,168405561.92759
2012-07-24,7.1599005177372,7.1798226155571,6.969938773871,7.0399079179017,138090687.58005
2012-07-25,7.1101011707889,7.1599005177372,7.0097829695109,7.0703631319757,117048052.52499
2012-07-26,7.2200088720832,7.2398366082793,7.1101011707889,7.1702095251348,121202378.30928
2012-07-27,7.1995206045206,7.4000154646409,7.140096371947,7.3100298611665,146016376.61198
2012-07-30,7.2803649256916,7.3802113188507,7.2597587060993,7.2803649256916,74691470.665412
2012-07-31,7.2803649256916,7.3399071102949,7.2101716728044,7.3399071102949,85946450.507907
2012-08-01,7.3500981656628,7.3598292081148,7.2101716728044,7.2200088720832,97066885.138859
2012-08-02,7.1198322132409,7.2597587060993,7.0999101154209,7.1798226155571,112803927.48552
2012-08-03,7.300062914655,7.4898005496647,7.2699497614672,7.4297865569425,130134425.74178
2012-08-06,7.4498266067922,7.6799864023874,7.4402253115729,7.6399063026881,112503700.5071
2012-08-07,7.7098754467188,7.8499080964039,7.6597104484783,7.6700194558759,119428634.95869
2012-08-08,7.5800220571986,7.769877644238,7.5700669058901,7.6700194558759,73251445.989773
2012-08-09,7.6799864023874,7.7598045408998,7.6700194558759,7.7201726589134,59569528.525839
2012-08-10,7.6597104484783,7.7598045408998,7.6299511513796,7.7397526958472,50320854.458592
2012-08-13,7.7201726589134,7.8301157458167,7.6799864023874,7.7201726589134,58275270.515369
2012-08-14,7.7798445907494,7.8997074433522,7.7397526958472,7.7798445907494,104530856.85166
2012-08-15,7.7499555464181,7.8700660982833,7.7299154965684,7.8700660982833,73348622.327684
2012-08-16,7.8901061481329,7.9600870873666,7.8301157458167,7.9300565005995,78074191.583897
2012-08-17,7.9699242866453,8.1200300396687,7.9399172902842,7.999683583744,138232300.8052
2012-08-20,7.9801153420133,8.1898812316696,7.9801153420133,8.1501549880595,100464111.58617
2012-08-21,8.2500013812186,8.3998830253855,8.1599921873383,8.1898812316696,189228785.53529
2012-08-22,8.1397280286321,8.3198407780166,8.1200300396687,8.2199943848575,140205575.89764
2012-08-23,8.2199943848575,8.2700296358653,8.1200300396687,8.1501549880595,98770578.578224
2012-08-24,8.1200300396687,8.2094494734004,8.0300326409913,8.1599921873383,88739981.225916
2012-08-27,8.2006502519832,8.2006502519832,8.0498367867815,8.0699947886609,96153856.115336
2012-08-28,8.0401175395325,8.109721032271,7.9500965504492,7.9600870873666,91008725.531676
2012-08-29,7.9801153420133,8.1003438459082,7.9801153420133,7.999683583744,106859122.86225
2012-08-30,7.9500965504492,7.9500965504492,7.8301157458167,7.9099102939231,91735159.686903
2012-08-31,7.999683583744,8.0198415856234,7.8797971407353,7.9897284324355,91747031.221656
2012-09-04,7.999683583744,8.109721032271,7.9500965504492,7.999683583744,81411647.689765
2012-09-05,7.9896839789098,8.0199950998342,7.9298863691888,7.9501369781546,55717003.935834
2012-09-06,8.039892295031,8.3505076566374,8.0301734163824,8.3505076566374,200268334.50756
2012-09-07,8.469902608277,8.7999557271805,8.4502292418006,8.7999557271805,232607699.67492
2012-09-10,8.8398679221637,8.9201517500299,8.529711998457,8.5799203145782,189912263.61887
2012-09-11,8.6301286306993,9.0501962365765,8.5799203145782,9.0304050655104,201361350.16777
2012-09-12,9.1500238458704,9.1900538454433,8.8701790430881,8.9701362374307,203974850.78171
2012-09-13,8.8900762382849,9.4799591601842,8.810028019598,9.4003821598561,331083324.86423
2012-09-14,9.6005085968026,9.7904684976599,9.4500014530288,9.5498526232407,329509299.71126
2012-09-17,9.3901920628488,9.4900196721428,9.2698782354097,9.3002953804648,141409202.2843
2012-09-18,9.1599783336983,9.2897754306065,9.0897432373317,9.2298482358368,150545322.66335
2012-09-19,9.3298054301794,9.4597085512184,9.2601593567612,9.2897754306065,126252226.79078
2012-09-20,9.1399633339118,9.2500870643437,9.0800361391421,9.1900538454433,111252136.81368
2012-09-21,9.3499382345555,9.3499382345555,9.0800361391421,9.1101116508872,155845221.51023
2012-09-24,8.9899156280378,9.1997609436328,8.9501094571852,9.1001689435183,113254173.24025
2012-09-25,9.1699210410672,9.2099510406401,8.9097378243023,8.9299766528091,146521698.7644
2012-09-26,8.8603423598499,8.9097378243023,8.7002341420173,8.8198529223772,158551692.02341
2012-09-27,8.9400489452267,9.0700816513143,8.9002545548331,8.9701362374307,118916086.26339
2012-09-28,8.8900762382849,8.9299766528091,8.7898952152219,8.8301490435152,118918161.69274
2012-10-01,8.8701790430881,9.1302444552633,8.850046238712,8.9599461404234,133109012.29095
2012-10-02,9.1001689435183,9.1101116508872,8.8800039458673,8.9299766528091,109452835.51764
2012-10-03,8.9797373114895,9.1198187490767,8.9097378243023,9.1101116508872,115561250.23886
2012-10-04,9.1997609436328,9.4201615504632,9.1500238458704,9.4100892580456,160314302.04518
2012-10-05,9.5599131351993,9.6500218658447,9.2298482358368,9.3200865515309,204141127.16212
2012-10-08,9.1599783336983,9.3801315508903,9.1302444552633,9.2802803806784,81807468.301444
2012-10-09,9.3298054301794,9.3801315508903,9.0397823108488,9.2099510406401,152885874.49617
2012-10-10,9.1900538454433,9.2698782354097,9.0600211393557,9.2099510406401,110525935.35437
2012-10-11,9.3901920628488,9.4201615504632,9.3002953804648,9.339877722597,122769624.36205
2012-10-12,9.1599783336983,9.2802803806784,9.0501962365765,9.1198187490767,158464415.07613
2012-10-15,9.2402621615645,9.4395875273012,9.1599783336983,9.4395875273012,154258423.95241
2012-10-16,9.529931867126,9.6005085968026,9.3801315508903,9.4597085512184,172368199.47879
2012-10-17,9.4201615504632,9.6005085968026,9.3002953804648,9.4395875273012,229524046.4581
2012-10-18,9.3801315508903,9.5699736471579,9.3700710389317,9.4696630390462,149677826.04319
2012-10-19,9.4201615504632,9.5498526232407,9.3901920628488,9.4395875273012,169358012.65752
2012-10-22,9.4696630390462,9.5599131351993,9.4100892580456,9.5498526232407,132351810.78055
2012-10-23,9.4395875273012,9.4696630390462,9.2802803806784,9.3598809419244,160545940.18741
2012-10-24,9.4500014530288,9.4900196721428,9.3002953804648,9.3099082349826,120978750.12169
2012-10-25,9.3700710389317,9.4100892580456,9.1699210410672,9.2402621615645,121676536.09207
2012-10-26,9.1699210410672,9.2698782354097,9.0501962365765,9.1198187490767,124718951.27976
2012-10-31,9.1997609436328,9.3499382345555,9.1500238458704,9.3200865515309,95041630.681662
2012-11-01,9.339877722597,9.7492840131082,9.2698782354097,9.7389878919702,207421063.61249
2012-11-02,9.8713295680155,9.970945129048,9.769876255384,9.8529402715667,220993501.95958
2012-11-05,9.8320063959807,9.9299844732167,9.6205353770481,9.7492840131082,120921847.39844
2012-11-06,9.8320063959807,9.970945129048,9.7492840131082,9.940516203534,132395833.9131
2012-11-07,9.630478084417,9.6694478426827,9.2203649663677,9.2298482358368,285955849.52566
2012-11-08,9.4900196721428,9.6005085968026,9.3801315508903,9.3901920628488,223990476.39535
2012-11-09,9.3002953804648,9.5906719135644,9.2698782354097,9.4299864532424,140995362.01808
2012-11-12,9.4997385507913,9.5198595747084,9.3801315508903,9.3901920628488,68529724.498118
2012-11-13,9.3099082349826,9.5498526232407,9.2802803806784,9.3298054301794,119565637.73435
2012-11-14,9.3801315508903,9.4201615504632,8.9501094571852,8.9899156280378,197463775.10612
2012-11-15,9.0304050655104,9.1997609436328,9.0200029202418,9.0897432373317,144416039.54758
2012-11-16,9.1198187490767,9.2099510406401,8.9201517500299,9.1198187490767,178995105.03052
2012-11-19,9.3598809419244,9.529931867126,9.3200865515309,9.4900196721428,146117975.4599
2012-11-20,9.4696630390462,9.67963793969,9.4201615504632,9.630478084417,150517362.7143
2012-11-21,9.6694478426827,9.7803962052424,9.630478084417,9.769876255384,132409935.76832
2012-11-23,9.842526345839,9.9012990556299,9.8013418612873,9.9012990556299,59047949.616205
2012-11-26,9.8218280794324,9.8713295680155,9.7492840131082,9.842526345839,99558421.023959
2012-11-27,9.8914623723917,9.9502233017235,9.6596229399035,9.6596229399035,149434102.69574
2012-11-28,9.5599131351993,9.7595919147051,9.3801315508903,9.7595919147051,152756648.98128
2012-11-29,9.842526345839,9.8811662512537,9.7595919147051,9.8320063959807,125713810.62837
2012-11-30,9.7803962052424,9.8713295680155,9.7595919147051,9.861257275598,108655776.4282
2012-12-03,9.9299844732167,9.940516203534,9.7803962052424,9.8013418612873,99748538.477617
2012-12-04,9.7904684976599,9.9102050826096,9.769876255384,9.9102050826096,144213675.24553
2012-12-05,9.9705809334661,10.559068352425,9.9505861304502,10.462448380229,463149950.27689
2012-12-06,10.510299392038,10.57789806686,10.289556295999,10.462448380229,176459862.97766
2012-12-07,10.559068352425,10.679837433384,10.480136543227,10.640659858787,191928952.64857
2012-12-10,10.599399247031,10.629338492983,10.462448380229,10.567965392496,147843662.59854
2012-12-11,10.640659858787,10.71011796791,10.499895974812,10.510299392038,158811864.13632
2012-12-12,10.588183798371,10.699938153544,10.510299392038,10.610497009977,166616013.87158
2012-12-13,10.588183798371,10.660878264662,10.510299392038,10.539073549409,105581935.69383
2012-12-14,10.549241595204,10.599399247031,10.521503072127,10.57789806686,91597592.495212
2012-12-17,10.651534018874,11.001131204507,10.640659858787,11.001131204507,170356287.9022
2012-12-18,11.240350957836,11.357071650191,11.050818113473,11.357071650191,255311049.3807
2012-12-19,11.398685319093,11.49345762556,11.172175623008,11.19066404887,192774259.88708
2012-12-20,11.099363471002,11.521184380066,11.078544867979,11.521184380066,184061564.27575
2012-12-21,11.198760826077,11.350139961565,11.1189934483,11.291214723954,244859398.96305
2012-12-24,11.270396120931,11.291214723954,11.21030579474,11.249601055052,50657069.859449
2012-12-26,11.291214723954,11.62869028092,11.270396120931,11.539684574498,145919987.9785
2012-12-27,11.6621718669,11.691110784272,11.228805989172,11.470344151091,210232626.74743
2012-12-28,11.320094798469,11.49345762556,11.270396120931,11.357071650191,131533209.61345
2012-12-31,11.368640155997,11.650662203951,11.300441284027,11.607859909326,170675014.61579
2013-01-02,12.045956752805,12.154580667953,11.897908123058,12.028539266952,235605600.04793
2013-01-03,12.00888575251,12.045956752805,11.878254608616,11.959222380687,157024812.14308
2013-01-04,11.970755580779,12.111743067613,11.930271694743,12.111743067613,132502277.16298
2013-01-07,12.154580667953,12.199536611167,11.999588581008,12.089735838867,201226887.52079
2013-01-08,12.089735838867,12.101386724673,11.889787808707,11.981111923718,168114524.27638
2013-01-09,11.869075122829,11.999588581008,11.330486447123,11.431048890779,335902600.98861
2013-01-10,11.607859909326,11.810114579503,11.539684574498,11.77892786497,199770825.78647
2013-01-11,11.70029027006,11.719943784501,11.510792731412,11.62869028092,146063599.43303
2013-01-14,11.607859909326,11.62869028092,11.379031804651,11.470344151091,109874438.73667
2013-01-15,11.379031804651,11.617110006542,11.300441284027,11.551241311733,125983174.44212
2013-01-16,11.578968066239,11.790461065061,11.470344151091,11.77892786497,164378964.26503
2013-01-17,11.691110784272,11.70029027006,11.172175623008,11.279646218148,323211378.68721
2013-01-18,11.259992703706,11.330486447123,11.019619630368,11.140953602761,179804374.84414
2013-01-22,11.1189934483,11.357071650191,11.088948285205,11.350139961565,137075263.48638
2013-01-23,11.379031804651,11.441452308004,11.228805989172,11.420645473553,121475848.66155
2013-01-24,11.45070240522,11.672634126983,11.420645473553,11.528127837264,127798700.91145
2013-01-25,11.691110784272,11.719943784501,11.510792731412,11.617110006542,100123457.02136
2013-01-28,11.639046623859,11.672634126983,11.431048890779,11.481889119754,91241444.360016
2013-01-29,11.420645473553,11.578968066239,11.398685319093,11.49345762556,96752699.627699
2013-01-30,11.49345762556,11.539684574498,11.350139961565,11.379031804651,89064912.965815
2013-01-31,11.320094798469,11.357071650191,11.221862531974,11.320094798469,96880976.67523
2013-02-01,11.410242056328,11.730358970298,11.368640155997,11.70964628442,160791799.81476
2013-02-04,11.578968066239,11.691110784272,11.461094053874,11.481889119754,139675938.07109
2013-02-05,11.588218163455,11.981111923718,11.560491408949,11.878254608616,187669087.78606
2013-02-06,11.730358970298,11.970755580779,11.730358970298,11.930271694743,173544486.93956
2013-02-07,11.970755580779,11.981111923718,11.730358970298,11.838947579732,173135313.87519
2013-02-08,11.857424237022,11.897908123058,11.719943784501,11.759250813385,145287839.55351
2013-02-11,11.730358970298,11.897908123058,11.672634126983,11.857424237022,103529829.14201
2013-02-12,11.869075122829,12.341700955153,11.77892786497,12.250376840142,231948698.74338
2013-02-13,12.352057298093,12.418078984331,12.045956752805,12.17188046809,192621236.83427
2013-02-14,12.089735838867,12.267794325995,12.066669438683,12.132573439207,143983302.21538
2013-02-15,12.209892954107,12.209892954107,11.970755580779,12.028539266952,158131173.77295
2013-02-19,12.101386724673,12.308278212031,12.056313095744,12.189180268228,170686748.6127
2013-02-20,12.178823925288,12.288624697589,11.75001248474,11.800817408001,193154235.97058
2013-02-21,11.730358970298,11.730358970298,11.350139961565,11.420645473553,235687599.58226
2013-02-22,11.617110006542,11.62869028092,11.259992703706,11.441452308004,179044278.1762
2013-02-25,11.59977490069,11.607859909326,10.980324370056,11.028857959013,206700437.55661
2013-02-26,11.1189934483,11.221862531974,11.028857959013,11.130573722678,172914410.84867
2013-02-27,11.151731901056,11.358425744079,11.098609267074,11.301846258749,147064750.59435
2013-02-28,11.331864427088,11.368808056121,11.20023364191,11.23025181025,143460289.50838
2013-03-01,11.130943760977,11.550104623933,11.017808306311,11.339942171565,188986811.52049
2013-03-04,11.269511764846,11.45079657466,11.218717214425,11.410384336281,116332638.97168
2013-03-05,11.561639219758,11.709413735891,11.529316483853,11.550104623933,135783711.53482
2013-03-06,11.768344820778,12.018907753528,11.757927234743,11.920728472043,182348738.86747
2013-03-07,11.999271897231,12.278641924549,11.981987640491,12.257947848451,212128876.02093
2013-03-08,12.419502737986,12.44149019384,12.018907753528,12.068526504171,209565126.95937
2013-03-11,12.080049341998,12.217500336079,12.018907753528,12.152831348274,106427760.36874
2013-03-12,12.111208036123,12.179404423263,11.910381433994,12.008443135502,128135224.00066
2013-03-13,12.036309590247,12.111208036123,11.981987640491,12.056886086367,86219299.062273
2013-03-14,12.122848453928,12.189751461311,12.100860998074,12.111208036123,115431203.91001
2013-03-15,12.523443438385,12.658660412887,12.351423930824,12.568594149871,319033627.38007
2013-03-18,12.289106542575,12.680412708785,12.257947848451,12.559305331623,189783215.09981
2013-03-19,12.790232408075,12.940382039761,12.58705420639,12.711806562865,242939499.70726
2013-03-20,12.790232408075,12.888411689561,12.711806562865,12.782119389605,219123447.39813
2013-03-21,12.711806562865,12.83867535894,12.55130989313,12.568594149871,154528839.78784
2013-03-22,12.617037100736,12.670183250714,12.480761906434,12.559305331623,101974376.49808
2013-03-25,12.680412708785,12.723211820714,12.3202652367,12.39763286211,154320175.49923
2013-03-26,12.451837231888,12.50263178231,12.152831348274,12.278641924549,135654661.79575
2013-03-27,12.143660110003,12.278641924549,12.122848453928,12.229023173906,107177175.35917
2013-03-28,12.240546011733,12.278641924549,12.111208036123,12.179404423263,92023048.857458
2013-04-01,12.152831348274,12.278641924549,12.100860998074,12.152831348274,86242198.37809
2013-04-02,12.240546011733,12.248776610181,12.143660110003,12.152831348274,102501418.4419
2013-04-03,12.122848453928,12.143660110003,11.719819563929,11.81102635273,199676272.94099
2013-04-04,11.81102635273,11.989983078983,11.719819563929,11.94036432834,117722037.05325
2013-04-05,11.672481864856,12.008443135502,11.641358444725,11.971523022464,140944674.82426
2013-04-08,11.999271897231,12.20715329803,11.910381433994,12.20715329803,101263693.1442
2013-04-09,12.248776610181,12.351423930824,12.20715329803,12.248776610181,132222236.13931
2013-04-10,12.308742398873,12.39763286211,12.257947848451,12.3202652367,105749396.39264
2013-04-11,12.308742398873,12.330612274748,12.162002586544,12.2672366667,100354680.98204
2013-04-12,12.152831348274,12.248776610181,12.068526504171,12.168939805236,88104812.323626
2013-04-15,12.189751461311,12.3202652367,11.971523022464,11.981987640491,176366916.38507
2013-04-16,12.20715329803,12.360595169094,12.080049341998,12.278641924549,147317099.47844
2013-04-17,11.910381433994,12.018907753528,11.45079657466,11.700289529612,335307450.83494
2013-04-18,11.607824635049,11.652857766556,11.23025181025,11.440414262618,220114900.04183
2013-04-19,11.561639219758,11.689777879594,11.431172476361,11.663310626585,119725699.9066
2013-04-22,11.681782441102,11.748685448486,11.568564680452,11.719819563929,88419317.854452
2013-04-23,11.910381433994,12.162002586544,11.899916815967,12.068526504171,176647836.36816
2013-04-24,12.143660110003,12.368825767542,12.122848453928,12.308742398873,120516701.04531
2013-04-25,12.388461623839,12.541903494904,12.360595169094,12.44149019384,118639197.04505
2013-04-26,12.342135112576,12.463477649693,12.289106542575,12.419502737986,83068214.290849
2013-04-29,12.451837231888,12.480761906434,12.368825767542,12.380231025392,65393299.302487
2013-04-30,12.388461623839,12.39763286211,12.20009849936,12.308742398873,89344909.74137
2013-05-01,12.20009849936,12.2672366667,12.080049341998,12.143660110003,88351022.62179
2013-05-02,12.168939805236,12.20715329803,12.046656628296,12.189751461311,76489169.233902
2013-05-03,12.360595169094,12.409273279915,12.20715329803,12.240546011733,94222080.348846
2013-05-06,12.388461623839,12.888411689561,12.360595169094,12.879122871313,264894524.68052
2013-05-07,12.919570383685,13.112401547322,12.763659333086,12.897582927832,218096774.96411
2013-05-08,12.847964177189,13.179304554706,12.83867535894,13.018807884972,149407837.06461
2013-05-09,13.051142378874,13.061606996901,12.871127432821,12.90792996588,112848989.72562
2013-05-10,12.940382039761,13.039619541047,12.888411689561,13.018807884972,87523091.237435
2013-05-13,12.980711972156,13.105346748653,12.948377478253,12.980711972156,94249905.775943
2013-05-14,13.039619541047,13.358261280959,13.018807884972,13.342152823997,154076637.84161
2013-05-15,13.289006674019,13.551092444596,13.289006674019,13.439156305704,139597301.98001
2013-05-16,13.410231631159,13.551092444596,13.321341167921,13.358261280959,117874075.31163
2013-05-17,13.500297894174,13.518875530671,13.389419975083,13.429867487456,107206699.98287
2013-05-20,13.389419975083,13.598594755638,13.389419975083,13.508410912644,88818719.994015
2013-05-21,13.53028078852,13.561557062622,13.358261280959,13.439156305704,111731899.59294
2013-05-22,13.488775056347,13.730049170849,13.170133316435,13.309818330094,174505138.18098
2013-05-23,12.929917421734,13.420696249185,12.821273522222,13.209287449052,190466900.97356
2013-05-24,13.170133316435,13.257847979895,13.120396985814,13.239387923376,83421692.221042
2013-05-28,13.488775056347,13.508410912644,13.309818330094,13.349090042689,133506250.25483
2013-05-29,13.309818330094,13.561557062622,13.269370817722,13.480662037877,126430300.17746
2013-05-30,13.500297894174,13.930993352956,13.429867487456,13.830462471913,153293990.65322
2013-05-31,13.912533296437,13.988725122069,13.649271726082,13.657384744552,159961647.68765
2013-06-03,13.688425858698,13.730049170849,13.209287449052,13.551092444596,197039648.09076
2013-06-04,13.508410912644,13.666555982822,13.309818330094,13.358261280959,129896926.27948
2013-06-05,13.288224185914,13.449775643094,12.970995869997,13.095537356986,185639548.78806
2013-06-06,13.084140636007,13.238642575056,12.849861650104,13.199400257457,142307113.2067
2013-06-07,13.332166182267,13.388679819288,13.14864372691,13.379397953748,120972122.50453
2013-06-10,13.490192880382,13.551406196157,13.259438653544,13.299855890831,104598973.2954
2013-06-11,13.110576329,13.279059812343,13.072626423059,13.121033114229,106327425.05684
2013-06-12,13.238642575056,13.247924440596,12.970995869997,13.063344557519,117174384.93428
2013-06-13,12.998723974647,13.259438653544,12.970995869997,13.209857042686,103538026.85053
2013-06-14,13.229478201485,13.238642575056,13.029859346395,13.072626423059,101327068.19147
2013-06-17,13.16826488571,13.259438653544,13.1301974878,13.209857042686,115341549.31154
2013-06-18,13.209857042686,13.33909820843,13.199400257457,13.268720519084,67202094.690875
2013-06-19,13.288224185914,13.400194032236,13.16826488571,13.189060964198,103792434.23633
2013-06-20,13.084140636007,13.139479353339,12.800280039245,12.887929048014,185699852.18319
2013-06-21,12.990617028796,12.998723974647,12.388353196428,12.689485112612,195962849.02123
2013-06-24,12.398809981656,12.4529737793,12.134570543694,12.298354348282,159697823.48956
2013-06-25,12.607593210318,12.771377014906,12.431002781123,12.669863953812,132727561.20259
2013-06-26,12.838347437155,12.849861650104,12.680320739041,12.762212641335,105243661.81383
2013-06-27,12.838347437155,13.029859346395,12.780658880446,13.009063267907,124534887.61572
2013-06-28,12.979102815848,13.006713428529,12.847511810726,12.867132969526,90187745.44542
2013-07-01,12.950317283477,13.102586875118,12.92023933945,12.930696124678,83059033.559833
2013-07-02,12.950317283477,13.102586875118,12.800280039245,12.898268341273,83629221.236885
2013-07-03,12.821076117733,12.838347437155,12.732134697307,12.829065571616,37971763.806681
2013-07-05,12.990617028796,13.084140636007,12.90990004619,13.063344557519,80685327.323521
2013-07-08,13.110576329,13.3678837408,13.084140636007,13.279059812343,107370000.01839
2013-07-09,13.3678837408,13.531785037358,13.247924440596,13.531785037358,106017949.15629
2013-07-10,13.508756611461,13.531785037358,13.311370103779,13.3678837408,104209292.78729
2013-07-11,13.540949410929,13.579016808839,13.332166182267,13.508756611461,93651988.201243
2013-07-12,13.540949410929,13.799431742417,13.470571721582,13.780985503306,123661235.48352
2013-07-15,13.931022747538,13.941362040798,13.75901450513,13.878973805334,90679194.108065
2013-07-16,13.931022747538,14.019729184026,13.769471290358,13.92056596231,145886298.8549
2013-07-17,14.061321341002,14.440820400415,14.041700182203,14.311814218608,249582676.50319
2013-07-18,14.400520655096,14.849339976135,14.400520655096,14.757226272551,221621197.41795
2013-07-19,14.757226272551,14.757226272551,14.602371857595,14.746651995353,136140312.32301
2013-07-22,14.737605113751,14.98786300742,14.656770639177,14.92089258517,112268001.97193
2013-07-23,14.980930981257,15.029337672427,14.860971681052,14.941688663658,113641261.03317
2013-07-24,14.999494712336,14.999494712336,14.682031412481,14.707409677755,117691058.96006
2013-07-25,14.623167936083,14.849339976135,14.53904368638,14.828661389616,89297858.250441
2013-07-26,14.70165257128,14.757226272551,14.623167936083,14.727030836554,73734473.098709
2013-07-29,14.656770639177,14.70165257128,14.450219757924,14.517072688204,88665598.239388
2013-07-30,14.580518351387,14.634799641,14.458209211806,14.517072688204,71598901.050533
2013-07-31,14.580518351387,14.849339976135,14.569004138439,14.602371857595,128051463.57463
2013-08-01,14.849339976135,14.970591687997,14.818322096357,14.950970529198,108264251.92487
2013-08-02,14.880592839852,14.910553291911,14.776729939381,14.840175602565,83293118.515998
2013-08-05,14.767448073841,14.840175602565,14.70165257128,14.797526017869,61667208.004137
2013-08-06,14.737605113751,14.757226272551,14.634799641,14.646313853948,84087716.154249
2013-08-07,14.430598599124,14.569004138439,14.249425983145,14.528586901152,128597599.40314
2013-08-08,14.682031412481,14.70165257128,14.440820400415,14.612946134792,88490029.538723
2013-08-09,14.55866484518,14.612946134792,14.400520655096,14.450219757924,72945700.564926
2013-08-12,14.363628176875,14.467491077346,14.319686180522,14.410977440325,60812447.376489
2013-08-13,14.467491077346,14.623167936083,14.330260457719,14.509083234322,75714280.588032
2013-08-14,14.548208059951,14.746651995353,14.53904368638,14.602371857595,78465855.050244
2013-08-15,14.458209211806,14.467491077346,14.311814218608,14.319686180522,99149149.947919
2013-08-16,14.289843220432,14.467491077346,14.209126237826,14.421316733584,104917298.22387
2013-08-19,14.372910042415,14.383249335674,14.131816522317,14.151437681117,98286989.418181
2013-08-20,14.17893080183,14.383249335674,13.978254519019,14.289843220432,114259225.66064
2013-08-21,14.258590356716,14.477830370605,14.197494532909,14.341657178698,91630030.391196
2013-08-22,14.467491077346,14.602371857595,14.400520655096,14.569004138439,76298385.766579
2013-08-23,14.590975136616,14.690138358332,14.509083234322,14.569004138439,67685081.741426
2013-08-26,14.528586901152,14.70165257128,14.488287155834,14.488287155834,68858604.982077
2013-08-27,14.258590356716,14.410977440325,14.10173857829,14.109845524141,122351436.34628
2013-08-28,14.071778126231,14.249425983145,13.988711304248,14.1201848174,96398379.785207
2013-08-29,14.140863403919,14.300065021723,14.1201848174,14.168709000539,76664668.786198
2013-08-30,14.238969197916,14.257532928996,14.079767580113,14.130641602629,73120276.891741
2013-09-03,14.300065021723,14.383249335674,14.17893080183,14.249425983145,74576260.063392
2013-09-04,14.218644901087,14.400864473571,14.209369549137,14.320204134462,71030721.875166
2013-09-05,14.411196511186,14.54844823814,14.362823789624,14.373155827239,71172069.23254
2013-09-06,14.467670489513,14.498901421395,14.26830912735,14.362823789624,75437795.477652
2013-09-09,14.411196511186,14.488451974262,14.373155827239,14.478119936647,53391558.327692
2013-09-10,14.518391401442,14.691335621976,14.518391401442,14.612906063716,93134067.097347
2013-09-11,14.558780275755,14.681003584361,14.518391401442,14.655643128396,81067119.728092
2013-09-12,14.655643128396,14.681003584361,14.457338451898,14.478119936647,63294576.80653
2013-09-13,14.457338451898,14.54844823814,14.448063099949,14.488451974262,56769853.144605
2013-09-16,14.612906063716,14.681003584361,14.528840848575,14.528840848575,65758976.811546
2013-09-17,14.528840848575,14.624529606033,14.400864473571,14.54844823814,73634483.096081
2013-09-18,14.528840848575,14.819429406499,14.488451974262,14.717870173123,127307636.38856
2013-09-19,14.79864792175,14.830818129779,14.580735855687,14.612906063716,79628649.393038
2013-09-20,14.664918480346,14.664918480346,14.440079252701,14.440079252701,145089037.15419
2013-09-23,14.309637277811,14.331592857743,14.091842621266,14.140332752346,127186087.99956
2013-09-24,14.178373436292,14.248584328267,14.009890777456,14.091842621266,96798698.466585
2013-09-25,14.120725362781,14.239426385836,14.031846357388,14.140332752346,86524272.399326
2013-09-26,14.187531378724,14.218644901087,13.978894664611,14.082684678834,89267709.669914
2013-09-27,13.990283387891,14.031846357388,13.880857716786,13.900465106351,79107591.682031
2013-09-30,13.700986334669,13.939679885481,13.609876548427,13.810412005774,104314982.01055
2013-10-01,13.849626784904,13.921246591099,13.810412005774,13.900465106351,57603436.721456
2013-10-02,13.810412005774,14.099943878032,13.789747930544,14.061903194086,88938350.170935
2013-10-03,14.071061136518,14.099943878032,13.827671204972,14.000850244542,95196029.739477
2013-10-04,14.021631729291,14.082684678834,13.958113179862,14.051453746953,63423041.998261
2013-10-07,13.910797143966,13.950011923096,13.800197377677,13.810412005774,64747119.25749
2013-10-08,13.827671204972,13.900465106351,13.680322259439,13.691710982719,92688017.016539
2013-10-09,13.720711133753,13.931578628714,13.691710982719,13.838238061624,95952819.026117
2013-10-10,14.031846357388,14.248584328267,14.009890777456,14.228976938702,102257487.75309
2013-10-11,14.239426385836,14.279815260149,14.109101820464,14.187531378724,83401428.333838
2013-10-14,14.061903194086,14.390415026437,14.051453746953,14.353548437674,78332500.40526
2013-10-15,14.390415026437,14.430686491232,14.209369549137,14.239426385836,101911544.40645
2013-10-16,14.320204134462,14.612906063716,14.320204134462,14.558780275755,153434549.50803
2013-10-17,14.448063099949,14.664918480346,14.411196511186,14.664918480346,93951211.667421
2013-10-18,14.681003584361,14.717870173123,14.528840848575,14.636035738831,96862711.199185
2013-10-21,14.528840848575,14.592124578968,14.467670489513,14.518391401442,91214299.175137
2013-10-22,14.54844823814,14.636035738831,14.448063099949,14.518391401442,102812804.23625
2013-10-23,14.448063099949,14.478119936647,14.168980674824,14.209369549137,108434823.12877
2013-10-24,14.120725362781,14.19915492104,14.071061136518,14.168980674824,92538818.762813
2013-10-25,14.150547380442,14.26830912735,14.140332752346,14.2590337754,58560259.943145
2013-10-28,14.290029888246,14.320204134462,14.209369549137,14.228976938702,62327995.472296
2013-10-29,14.2590337754,14.290029888246,14.061903194086,14.150547380442,79563055.553049
2013-10-30,14.187531378724,14.290029888246,14.150547380442,14.168980674824,76624192.369095
2013-10-31,14.150547380442,14.168980674824,13.967271122294,13.978894664611,105637887.53304
2013-11-01,14.000850244542,14.099943878032,13.958113179862,14.021631729291,75610404.181446
2013-11-04,14.091842621266,14.120725362781,14.000850244542,14.039947614154,53014537.504499
2013-11-05,13.990283387891,14.021631729291,13.900465106351,13.931578628714,71742592.273989
2013-11-06,13.990283387891,14.021631729291,13.910797143966,13.958113179862,66673564.604683
2013-11-07,14.000850244542,14.031846357388,13.800197377677,13.800197377677,80721574.477062
2013-11-08,13.860193641556,14.320204134462,13.838238061624,14.320204134462,158176336.51837
2013-11-11,14.279815260149,14.420471863136,14.239426385836,14.400864473571,66291075.387606
2013-11-12,14.331592857743,14.457338451898,14.2590337754,14.320204134462,69475348.467159
2013-11-13,14.2590337754,14.646485185965,14.19915492104,14.646485185965,127957599.88513
2013-11-14,14.681003584361,14.819429406499,14.612906063716,14.79864792175,128965334.24418
2013-11-15,14.788198474617,14.949636562352,14.767534399387,14.920871230356,105452760.93409
2013-11-18,14.977345208683,15.1700142283,14.860874966477,14.920871230356,145480399.82689
2013-11-19,14.977345208683,15.301278069819,14.9704180471,15.198662150778,161339013.5618
2013-11-20,15.249500472225,15.26910786179,15.07878703254,15.1386658869,107144884.95282
2013-11-21,15.218269540343,15.602198665357,15.198662150778,15.593158132444,141958339.59042
2013-11-22,15.700235613182,15.789114618575,15.602198665357,15.641413444487,110254400.18767
2013-11-25,15.672644376369,15.980374723972,15.661020834052,15.809896103323,153740724.92502
2013-11-26,15.838544025802,15.970160095875,15.809896103323,15.880106995298,114805751.79034
2013-11-27,15.8686008625,15.939985849658,15.760114467542,15.828329397705,75460696.816356
2013-11-29,15.850167568118,15.932119411929,15.800503341855,15.82938608337,44259924.239745
2013-12-02,15.838544025802,15.970160095875,15.700235613182,15.727944259513,92958735.905304
2013-12-03,15.650806205955,15.800503341855,15.399315017643,15.548072877397,106322299.7428
2013-12-04,15.38940554857,15.729322045907,15.360658727083,15.631348184921,96573231.904119
2013-12-05,15.612926752376,15.640734902141,15.360658727083,15.431997777956,95134849.855488
2013-12-06,15.612926752376,15.718996656964,15.459805927721,15.560009134047,92051136.281486
2013-12-09,15.622313469596,15.671711068967,15.560009134047,15.583123925202,50138883.502202
2013-12-10,15.518472910348,15.67980711257,15.506856847788,15.560009134047,66882804.744796
2013-12-11,15.54956641114,15.54956641114,15.179847086628,15.251186137502,117489963.54282
2013-12-12,15.259282181105,15.350216004175,15.120945436072,15.251186137502,76000860.334426
2013-12-13,15.282279638294,15.329447892326,15.128924145709,15.179847086628,61530041.171872
2013-12-16,15.218919297058,15.340007949198,15.199441858826,15.239687408907,71416837.039878
2013-12-17,15.239687408907,15.300818404804,15.139484202582,15.179847086628,74202758.66835
2013-12-18,15.282279638294,15.709727273709,15.0577024288,15.690132501512,152894036.8372
2013-12-19,15.662559019678,15.790335707838,15.603774703086,15.751146163444,97887568.545567
2013-12-20,15.751146163444,15.869888136279,15.603774703086,15.603774703086,131937478.68264
2013-12-23,15.718996656964,15.790335707838,15.690132501512,15.690132501512,52530986.065985
2013-12-24,15.718996656964,15.751146163444,15.671711068967,15.699401884767,21770354.728336
2013-12-26,15.739764768814,15.751146163444,15.640734902141,15.650942957118,48755561.676814
2013-12-27,15.671711068967,15.699401884767,15.583123925202,15.671711068967,40031707.014302
2013-12-30,15.640734902141,15.690132501512,15.518472910348,15.538067682545,56190662.745034
2013-12-31,15.603774703086,15.622313469596,15.506856847788,15.571390528676,57213264.299831
2014-01-02,15.690132501512,16.156769681322,15.67980711257,16.101622717653,149134224.54637
2014-01-03,16.274338314505,16.501379537269,16.229282071848,16.409037706615,130008751.4254
2014-01-06,16.629273559394,16.730532771407,16.557817174555,16.659193720534,114643538.41573
2014-01-07,16.770895655454,16.789434421964,16.450573930314,16.501379537269,110886711.59483
2014-01-08,16.669519109476,16.69016988736,16.518627630161,16.579758626058,101112082.60878
2014-01-09,16.669519109476,16.931173851989,16.617657496834,16.829679972046,101193411.49581
2014-01-10,16.75024487757,16.789434421964,16.609561453232,16.770895655454,87613549.418501
2014-01-13,16.789434421964,16.798586471254,16.397656311986,16.429805818465,90716895.928687
2014-01-14,16.539395742011,16.770895655454,16.527779679451,16.770895655454,98392462.712806
2014-01-15,17.230727465279,17.417288470031,17.109756147104,17.151175036838,329856075.5584
2014-01-16,17.091334714559,17.139676308243,16.988784828928,17.080891991652,163819505.46114
2014-01-17,17.199633964487,17.219111402719,16.988784828928,17.010608946465,96444248.321399
2014-01-21,17.080891991652,17.15927108044,16.86886951644,17.010608946465,118319797.47085
2014-01-22,17.080891991652,17.151175036838,16.99911021787,17.151175036838,68190779.905285
2014-01-23,17.071739942362,17.091334714559,16.739802154662,16.858544127498,123961822.70332
2014-01-24,16.669519109476,16.72255406177,16.450573930314,16.450573930314,114173450.14122
2014-01-27,16.367736150846,16.539395742011,16.058913154301,16.313527858899,134984338.19269
2014-01-28,16.450573930314,16.760570266512,16.367736150846,16.730532771407,93541298.007919
2014-01-29,16.549603796988,16.849274744243,16.489763474709,16.679961832383,130328761.68935
2014-01-30,16.809029194161,16.988784828928,16.770895655454,16.931173851989,91082688.026658
2014-01-31,16.72255406177,16.977168766368,16.609561453232,16.75024487757,139509690.06041
2014-02-03,16.770895655454,16.879312239348,16.302029130305,16.346968038996,160618889.91103
2014-02-04,16.479438085767,16.557817174555,16.264012925563,16.346968038996,125721989.80832
2014-02-05,16.313527858899,16.450573930314,16.149846977372,16.397656311986,110758207.0759
2014-02-06,16.450573930314,16.730532771407,16.441421881025,16.69016988736,110157636.40863
2014-02-07,16.818181243451,16.879312239348,16.629273559394,16.818181243451,151861312.45649
2014-02-10,16.71093799921,16.730532771407,16.59923606429,16.72255406177,95967632.802929
2014-02-11,16.730532771407,16.920731129082,16.638425608684,16.879312239348,92818619.017445
2014-02-12,16.86886951644,16.91040574014,16.648868331591,16.75024487757,97239869.111329
2014-02-13,16.648868331591,16.818181243451,16.629273559394,16.75024487757,95890274.417312
2014-02-14,16.739802154662,16.760570266512,16.648868331591,16.700729944233,113343561.53744
2014-02-18,16.71093799921,16.739802154662,16.471342042164,16.471342042164,122125411.55669
2014-02-19,16.378061539788,16.450573930314,16.177537793172,16.195959225716,138034249.99857
2014-02-20,16.217900677218,16.357293427939,16.177537793172,16.302029130305,107790138.80346
2014-02-21,16.291586407397,16.489763474709,16.252396863003,16.291586407397,106598863.40556
2014-02-24,16.302029130305,16.629273559394,16.302029130305,16.527779679451,102971043.59984
2014-02-25,16.501379537269,16.557817174555,16.320450562849,16.337698655741,81556895.354586
2014-02-26,16.367736150846,16.397656311986,16.130252205175,16.328429272486,89968060.229529
2014-02-27,16.274338314505,16.489763474709,16.207457954311,16.489763474709,71420468.204453
2014-02-28,16.490936814361,16.648868331591,16.338871995394,16.527779679451,126291659.99407
2014-03-03,16.302029130305,16.409037706615,16.187863182114,16.302029130305,87988220.685865
2014-03-04,16.479438085767,16.739802154662,16.429805818465,16.730532771407,101600344.93141
2014-03-05,16.788545475566,17.310252261398,16.779398896718,17.25033044356,207476675.72896
2014-03-06,17.417431403284,17.629209882765,17.310252261398,17.350473755563,138199949.32679
2014-03-07,17.540558426238,17.590043763082,17.25033044356,17.331007959553,109717374.00563
2014-03-10,17.269913503401,17.471490029552,17.25033044356,17.471490029552,81974097.524069
2014-03-11,17.511711523717,17.520975366397,17.25033044356,17.269913503401,90642718.693468
2014-03-12,17.179034034078,17.331007959553,17.070682253878,17.280232720563,83501626.274414
2014-03-13,17.340154538401,17.471490029552,17.070682253878,17.159333710405,100875677.85318
2014-03-14,17.081118734871,17.220428166557,16.760871211359,16.798981956559,131297239.89544
2014-03-17,16.978630146241,17.169770191398,16.967021026934,17.108675735247,79942181.974118
2014-03-18,17.140923288878,17.220428166557,17.070682253878,17.18935325124,67402406.815217
2014-03-19,17.159333710405,17.49330110219,17.118056841758,17.437014463125,104974838.45952
2014-03-20,17.437014463125,18.000115381436,17.427633356614,17.918265227129,167048671.85802
2014-03-21,18.029900394608,18.029900394608,17.560258749911,17.560258749911,156026300.0428
2014-03-24,17.617718027289,17.649848317089,17.298760405922,17.372402092032,118499989.36537
2014-03-25,17.49330110219,17.580779920403,17.198617093919,17.20881904725,98348563.051009
2014-03-26,17.383893947507,17.399020981756,17.179034034078,17.179034034078,97573702.845336
2014-03-27,17.280232720563,17.49330110219,16.83122951019,17.012050338185,175139464.89907
2014-03-28,17.090265313719,17.149014493243,16.848467293403,16.978630146241,79909501.920144
2014-03-31,17.149014493243,17.269913503401,17.118056841758,17.198617093919,62064113.52913
2014-04-01,17.280232720563,17.399020981756,17.261822299036,17.340154538401,57358249.149265
2014-04-02,17.350473755563,17.383893947507,17.129431433402,17.230747383719,65296679.13475
2014-04-03,17.20881904725,17.242356503026,17.030460759713,17.149014493243,56485631.007832
2014-04-04,17.20881904725,17.220428166557,16.700949393521,16.720532453362,110266362.96111
2014-04-07,16.69074744019,16.700949393521,16.186278437572,16.376363108247,129313327.10964
2014-04-08,16.368271903882,16.499490131201,16.254291459775,16.440740951678,75732489.441275
2014-04-09,16.547920093563,16.628480345725,16.347516205726,16.619333766877,83055144.469866
2014-04-10,16.619333766877,16.619333766877,16.103372908783,16.120610691996,98295788.493578
2014-04-11,15.870838731146,16.13104717299,15.620832242633,15.76952278083,133724826.98665
2014-04-14,16.049314282514,16.219581365685,15.77972473416,15.998539043525,99214129.880082
2014-04-15,16.091998317138,16.408610661878,15.960545562156,16.387854963723,134811212.78325
2014-04-16,16.197770293048,16.219581365685,15.77972473416,16.13104717299,172891589.01371
2014-04-17,16.140193751838,16.254291459775,15.931933187298,16.147112317889,104733131.2817
2014-04-21,16.147112317889,16.167868016045,16.030903860987,16.091998317138,51257300.853958
2014-04-22,16.091998317138,16.337196988565,16.038877801521,16.292284941144,77872753.789735
2014-04-23,16.30377679662,16.399229555367,16.231307748824,16.368271903882,52381595.270008
2014-04-24,16.419985253522,16.499490131201,16.208206774041,16.337196988565,73599732.308998
2014-04-25,16.103372908783,16.231307748824,15.931933187298,15.950343608825,84542214.144541
2014-04-28,15.329666149304,15.41139903978,14.860845351427,14.950669446268,344728425.00859
2014-04-29,15.038148264481,15.301874621266,14.911503326585,15.240897428946,155481098.99674
2014-04-30,15.260480488787,15.272089608094,15.129262261467,15.140636853112,82345207.572853
2014-05-01,15.140636853112,15.220141730791,15.029118949464,15.088923503471,68354279.276155
2014-05-02,15.17863033448,15.290500029622,15.100415358946,15.248988633311,73515689.696833
2014-05-05,15.078487022477,15.129262261467,15.020910481267,15.078487022477,51594184.249346
2014-05-06,15.029118949464,15.029118949464,14.716845366486,14.727399111311,96191518.836928
2014-05-07,14.860845351427,14.920767169265,14.746982171152,14.799868159107,91611550.776389
2014-05-08,14.850526134265,15.038148264481,14.799868159107,14.930031011944,65210297.084715
2014-05-09,14.950669446268,14.989952829782,14.672050582897,14.737601064641,86713033.600996
2014-05-12,14.788376303631,15.100415358946,14.788376303631,15.068167805316,70624918.221997
2014-05-13,15.038148264481,15.100415358946,14.940350229106,15.029118949464,58452405.283667
2014-05-14,14.989952829782,15.020910481267,14.810187376268,14.840089653272,52390162.788211
2014-05-15,14.819333955117,14.830943074424,14.391086442898,14.549978934425,104163032.67692
2014-05-16,14.509640176429,14.539542453432,14.371386119226,14.509640176429,80449370.194128
2014-05-19,14.427907285953,14.697262306645,14.380649961905,14.672050582897,51001745.489153
2014-05-20,14.651294884742,14.688232991628,14.478565261112,14.528167861787,59682533.645934
2014-05-21,14.592428441386,14.707816051469,14.498148320953,14.615529416169,64764699.299377
2014-05-22,14.571790007063,14.716845366486,14.549978934425,14.707816051469,51917316.71723
2014-05-23,14.707816051469,14.810187376268,14.651294884742,14.716845366486,51627855.134281
2014-05-27,14.998982144798,15.311255727777,14.978226446643,15.220141730791,125346277.87712
2014-05-28,15.272089608094,15.281118923111,15.029118949464,15.140636853112,72406130.092141
2014-05-29,15.118825780474,15.208649875315,15.100415358946,15.150017959622,39410274.583985
2014-05-30,15.118825780474,15.22940557347,15.068167805316,15.140636853112,45766182.529775
2014-06-02,15.159047274639,15.281118923111,15.047529370992,15.260480488787,46319860.781662
2014-06-03,15.198213394322,15.281118923111,15.111907214422,15.208649875315,49002410.996918
2014-06-04,15.189184079305,15.260480488787,15.150017959622,15.208649875315,39742257.664632
2014-06-05,15.281118923111,15.478004896006,15.220141730791,15.429809461307,60258499.081548
2014-06-06,15.450565159462,15.652024421782,15.429809461307,15.593392506089,73878345.117884
2014-06-09,15.602421821106,15.882213322791,15.602421821106,15.838473913684,77850155.723023
2014-06-10,15.77972473416,15.942135140628,15.729184022833,15.920206804159,49840481.181311
2014-06-11,15.69001790315,15.818890853843,15.549535833151,15.593392506089,73693655.442356
2014-06-12,15.582838761265,15.662343638944,15.379034222317,15.42160099311,66109084.973617
2014-06-13,15.458421836165,15.549535833151,15.329666149304,15.440011414638,61577480.058342
2014-06-16,15.301874621266,15.311255727777,15.17863033448,15.281118923111,55402871.600459
2014-06-17,15.272089608094,15.620832242633,15.260480488787,15.593392506089,57980609.094048
2014-06-18,15.630213349144,15.69001790315,15.440011414638,15.652024421782,70168200.725472
2014-06-19,15.662343638944,15.669262204995,15.497587955848,15.549535833151,40915529.176426
2014-06-20,15.630357158265,15.630357158265,15.440629105369,15.448480729546,54739309.512242
2014-06-23,15.468051195781,15.652271392911,15.379573938254,15.641958811901,58478708.358039
2014-06-24,15.562622251178,15.698326442193,15.440629105369,15.487621662016,73250307.367197
2014-06-25,15.440629105369,15.487621662016,15.280666911296,15.468051195781,71755573.360163
2014-06-26,15.440629105369,15.529106362896,15.271291837651,15.411683565489,68509480.9574
2014-06-27,15.379573938254,15.419886754928,15.31043277012,15.33117512056,58132260.045829
2014-06-30,15.31043277012,15.448480729546,15.292034188091,15.369144168823,47760904.526716
2014-07-01,15.379573938254,15.652271392911,15.379573938254,15.602935067853,74005704.744698
2014-07-02,15.780123959749,16.028563411349,15.759381609308,15.850202635247,87685796.795914
2014-07-03,16.069930923808,16.232236886293,15.998680364104,16.028563411349,70582291.535053
2014-07-07,15.988250594674,15.998680364104,15.828288400601,15.940086153821,62407459.451308
2014-07-08,15.820319588003,15.828288400601,15.51762189768,15.583364601618,73290867.20775
2014-07-09,15.620161765676,15.689068556969,15.539536132326,15.602935067853,46402677.753477
2014-07-10,15.33117512056,15.529106362896,15.250666675631,15.440629105369,61443761.567384
2014-07-11,15.389886519263,15.430082147518,15.301409261736,15.379573938254,56824661.60239
2014-07-14,15.630357158265,15.669498090734,15.51762189768,15.572817643767,59148369.338859
2014-07-15,15.750006535663,15.850202635247,15.659185509724,15.808717934367,100074939.4288
2014-07-16,15.659185509724,15.659185509724,15.430082147518,15.50719212825,123852433.19979
2014-07-17,15.448480729546,15.478598153632,15.130900109812,15.198869393741,114774176.87397
2014-07-18,15.271291837651,15.498168619866,15.250666675631,15.487621662016,74844567.96029
2014-07-21,15.419886754928,15.551020597542,15.358831587813,15.51762189768,61778336.587367
2014-07-22,15.592388110002,15.620161765676,15.468051195781,15.51762189768,58300284.857377
2014-07-23,15.51762189768,15.630357158265,15.50719212825,15.51762189768,47230206.424001
2014-07-24,15.562622251178,15.641958811901,15.551020597542,15.620161765676,46508394.718184
2014-07-25,15.592388110002,15.630357158265,15.551020597542,15.592388110002,35614573.500525
2014-07-28,15.583364601618,15.610786692031,15.457855803192,15.498168619866,39313170.069548
2014-07-29,15.51762189768,15.529106362896,15.340433005785,15.340433005785,51465681.047022
2014-07-30,15.430082147518,15.659185509724,15.31043277012,15.583364601618,83218835.55285
2014-07-31,15.440629105369,15.551020597542,15.250666675631,15.250666675631,70648626.95138
2014-08-01,15.179416115927,15.389886519263,14.840975957332,14.980312989385,115943226.05809
2014-08-04,15.068790246912,15.119532833017,14.980312989385,15.049219780678,51918733.518858
2014-08-05,15.011250732414,15.198869393741,14.901913936026,15.001055339825,65058318.793276
2014-08-06,15.140275183458,15.358831587813,15.140275183458,15.198869393741,95817152.852868
2014-08-07,15.440629105369,15.440629105369,15.090704481558,15.119532833017,80026219.019306
2014-08-08,15.079220016343,15.198869393741,14.989336497768,15.198869393741,54478250.886848
2014-08-11,15.262268329267,15.271291837651,15.149298691841,15.219611744181,41489220.243924
2014-08-12,15.179416115927,15.301409261736,15.149298691841,15.210353858956,33655342.120313
2014-08-13,15.250666675631,15.292034188091,15.198869393741,15.250666675631,34385125.54619
2014-08-14,15.262268329267,15.319807843765,15.262268329267,15.319807843765,29929938.535392
2014-08-15,15.340433005785,15.411683565489,15.140275183458,15.219611744181,61520452.225477
2014-08-18,15.280666911296,15.448480729546,15.271291837651,15.448480729546,54922127.278039
2014-08-19,15.51762189768,15.652271392911,15.440629105369,15.448480729546,44809352.147389
2014-08-20,15.411683565489,15.630357158265,15.369144168823,15.51762189768,57707881.957061
2014-08-21,15.689068556969,16.220869609498,15.620161765676,16.157470673971,177150551.48315
2014-08-22,16.157470673971,16.293292053407,16.050360457574,16.129814206718,107600549.03483
2014-08-25,16.271377818762,16.399230385599,16.197783490646,16.293292053407,89359779.803291
2014-08-26,16.338175218484,16.460168364294,16.31860475225,16.327745449054,73288123.941974
2014-08-27,16.378488035159,16.389855311954,16.136728323531,16.197783490646,63048951.776231
2014-08-28,16.102274927885,16.102274927885,15.988250594674,16.008992945114,62095186.825816
2014-08-29,16.050360457574,16.136728323531,16.02059459875,16.09301704266,50070441.475008
2014-09-02,16.136728323531,16.281807588192,16.059735531219,16.271377818762,59394949.568826
2014-09-03,16.268455382303,16.277567988459,16.042392652666,16.097418774453,67399487.838946
2014-09-04,16.097418774453,16.268455382303,16.042392652666,16.107816491734,56348910.522755
2014-09-05,16.051622087105,16.071132410542,15.901264085533,16.019377480708,80942483.957125
2014-09-08,16.193918937079,16.371731585404,16.148005421447,16.34883324173,99357167.594337
2014-09-09,16.243220472948,16.258057665023,16.097418774453,16.137607704167,82406337.413573
2014-09-10,16.159337765,16.402691080677,16.12615853233,16.360165585283,75567830.952875
2014-09-11,16.316588635332,16.631090375996,16.297195140179,16.567886274324,106905750.87124
2014-09-12,16.620575830431,16.829464802313,16.610411769719,16.789392700884,117097250.4513
2014-09-15,16.789392700884,16.929352985176,16.620575830431,16.738689225606,87291797.489647
2014-09-16,16.669994194584,16.83974569131,16.669994194584,16.709014841457,64962143.575855
2014-09-17,16.709014841457,16.929352985176,16.680275083581,16.771050660288,82844600.382858
2014-09-18,16.88215435842,17.149574300611,16.871990297707,17.039288400468,111905925.60031
2014-09-19,17.149574300611,17.171421189729,16.88215435842,16.949914763169,88432426.002932
2014-09-22,17.089991875745,17.171421189729,16.991271975723,17.030292622596,109233949.29767
2014-09-23,17.049802946032,17.199927291037,17.030292622596,17.049802946032,91834918.743478
2014-09-24,17.119666259894,17.190931513165,16.970593369446,17.181585250441,86359356.765054
2014-09-25,17.161023472448,17.181585250441,16.851311691431,16.851311691431,104476918.03271
2014-09-26,16.907506096059,17.049802946032,16.889164055463,17.030292622596,66759173.325623
2014-09-29,16.907506096059,17.049802946032,16.88215435842,17.010782299159,68029742.920537
2014-09-30,17.081813895862,17.110553653738,16.970593369446,17.049802946032,82168955.395068
2014-10-01,17.070481552309,17.089991875745,16.799556761596,16.820235367873,91207274.180742
2014-10-02,16.860424297586,16.991271975723,16.631090375996,16.88215435842,117995486.84179
2014-10-03,17.110553653738,17.300983756741,17.058798723904,17.290702867744,110798900.87107
2014-10-06,17.367575878649,17.4111528286,17.219437614473,17.290702867744,66195324.788122
2014-10-07,17.190931513165,17.199927291037,16.88215435842,16.88215435842,91333617.191649
2014-10-08,16.88215435842,17.119666259894,16.72034718501,17.119666259894,101198455.00857
2014-10-09,17.039288400468,17.110553653738,16.548375950888,16.589733163442,121321049.03004
2014-10-10,16.518467910171,16.771050660288,16.360165585283,16.480615546139,129481096.88257
2014-10-13,16.480615546139,16.669994194584,16.402691080677,16.402691080677,92600992.278525
2014-10-14,16.509355304015,16.631090375996,16.360165585283,16.518467910171,97307489.302652
2014-10-15,16.231771301111,16.243220472948,15.428693676549,15.758967235559,216519351.54237
2014-10-16,15.608842890554,16.250113341707,15.523791899766,16.080245016698,148168674.3109
2014-10-17,16.250113341707,16.410752232276,16.159337765,16.212260977675,94288361.060874
2014-10-20,16.204199826075,16.328154635453,16.159337765,16.258057665023,76482169.755788
2014-10-21,16.431430838553,16.610411769719,16.307476029176,16.599897224154,78241155.660413
2014-10-22,16.589733163442,16.700953689858,16.371731585404,16.402691080677,85167336.331282
2014-10-23,16.579335446161,16.728525164894,16.518467910171,16.599897224154,68382631.899763
2014-10-24,16.631090375996,16.72034718501,16.559825122725,16.72034718501,41922860.861447
2014-10-27,16.680275083581,16.690672800861,16.500125869575,16.589733163442,51499976.791548
2014-10-28,16.620575830431,16.799556761596,16.610411769719,16.799556761596,71850834.755502
2014-10-29,16.771050660288,17.019894905315,16.709014841457,16.991271975723,99875651.502788
2014-10-30,16.960195652165,17.119666259894,16.83974569131,17.030292622596,72579144.237241
2014-10-31,17.171421189729,17.219437614473,17.100155936458,17.161023472448,82788920.935754
2014-11-03,17.181585250441,17.346897272372,17.100155936458,17.271192544308,64057107.633603
2014-11-04,17.219437614473,17.300983756741,17.019894905315,17.210441836601,53465812.539465
2014-11-05,17.322713817574,17.367575878649,17.210441836601,17.337667837932,58574312.033827
2014-11-06,17.346897272372,17.40075511132,17.280305150464,17.357178161369,57240674.221097
2014-11-07,17.312549756862,17.377856767646,17.219437614473,17.357178161369,53893569.80468
2014-11-10,17.357178161369,17.40075511132,17.300983756741,17.367575878649,54244080.989108
2014-11-11,17.367575878649,17.461505819026,17.300983756741,17.322713817574,62190904.799902
2014-11-12,17.23894793791,17.300983756741,17.070481552309,17.290702867744,48645779.300238
2014-11-13,17.280305150464,17.300983756741,17.119666259894,17.219437614473,50517166.563359
2014-11-14,17.171421189729,17.24934565519,17.100155936458,17.138125128774,41116439.774641
2014-11-17,17.058798723904,17.138125128774,16.970593369446,17.089991875745,43375250.697227
2014-11-18,17.070481552309,17.219437614473,17.058798723904,17.138125128774,39486940.834683
2014-11-19,17.149574300611,17.149574300611,17.010782299159,17.058798723904,49416647.648035
2014-11-20,16.960195652165,17.010782299159,16.829464802313,17.001552864719,49641970.725547
2014-11-21,17.149574300611,17.190931513165,17.058798723904,17.119666259894,62989373.174194
2014-11-24,17.161023472448,17.280305150464,17.081813895862,17.181585250441,52769292.117139
2014-11-25,17.228783877197,17.259626544187,17.081813895862,17.100155936458,44763085.321816
2014-11-26,17.119666259894,17.149574300611,17.039288400468,17.110553653738,27329057.25416
2014-11-28,17.070481552309,17.149574300611,17.030292622596,17.039288400468,27834925.252816
2014-12-01,16.918838439612,16.940685328729,16.728525164894,16.789392700884,61156506.535452
2014-12-02,16.871990297707,17.149574300611,16.860424297586,17.149574300611,62933786.11941
2014-12-03,17.099575541857,17.297488104756,17.060668657803,17.288285578288,70080148.292729
2014-12-04,17.240292655442,17.339773131438,17.131493165303,17.209306933411,49766230.795396
2014-12-05,17.411762515706,17.712650184904,17.351188923765,17.67956768469,131744291.30382
2014-12-08,17.657784489127,17.869326110212,17.50798133675,17.657784489127,101001908.33025
2014-12-09,17.178554186734,17.591386513345,17.169235172589,17.561798643436,95947362.754776
2014-12-10,17.479441855932,17.67956768469,17.372972119328,17.384387911655,103578056.20154
2014-12-11,17.439370095109,17.647533573567,17.439370095109,17.470122841787,80144873.351028
2014-12-12,17.372972119328,17.449504522992,17.131493165303,17.131493165303,88846182.015686
2014-12-15,17.297488104756,17.307739020315,16.759780988604,16.847845672272,101290686.556
2014-12-16,16.739279157486,17.188688614616,16.591572783292,16.720990592227,95193499.339354
2014-12-17,16.868463991067,17.272210278888,16.82163594499,17.262075851006,92013718.398005
2014-12-18,17.470122841787,17.528483167868,17.339773131438,17.528483167868,79269548.665541
2014-12-19,17.487363017955,17.701350880253,17.487363017955,17.618994092749,105558901.00942
2014-12-22,17.647533573567,17.733268503699,17.550266363432,17.712650184904,70912511.68361
2014-12-23,17.828205960299,17.991754658539,17.781377914221,17.93001618983,94342589.467116
2014-12-24,17.97125282742,18.09938927191,17.920930151039,17.981620230656,35091253.990389
2014-12-26,18.019362237943,18.048950107852,17.949469631857,17.981620230656,34325331.340886
2014-12-29,17.97125282742,18.18850234467,17.909397871035,18.10964018747,58355200.198515
2014-12-30,18.03881567997,18.179532793555,18.011208100566,18.130258506265,41407688.485368
2014-12-31,18.18850234467,18.207955786697,17.889944429007,17.889944429007,57808507.343853
2015-01-02,17.991754658539,18.028331789057,17.67956768469,17.90042831992,48916940.768082
2015-01-05,17.791628829781,17.806539252412,17.288285578288,17.384387911655,105552050.97983
2015-01-06,17.42108152985,17.439370095109,16.779234430632,16.85704819874,144882738.1099
2015-01-07,17.140812179447,17.178554186734,16.868463991067,16.94173473978,104570725.67045
2015-01-08,17.160265621474,17.339773131438,17.099575541857,17.288285578288,73344368.349546
2015-01-09,17.384387911655,17.384387911655,16.95198565534,16.980641623835,84105756.103939
2015-01-12,17.020713384657,17.032012689308,16.660300512609,16.678589077868,92721011.053252
2015-01-13,16.82163594499,16.890130698954,16.321670836125,16.449690792938,100824686.10588
2015-01-14,16.002611089344,16.217530853057,15.771383050878,16.039071732186,164722173.91832
2015-01-15,15.589662275056,15.759967258551,15.14922236904,15.201758311281,193158464.18181
2015-01-16,15.16052167369,15.397341120644,14.968433494632,15.377887678617,149774537.78696
2015-01-20,15.589662275056,15.629734035878,15.201758311281,15.258953760594,123071064.61348
2015-01-21,15.27957207939,15.56904395626,15.14922236904,15.408873400648,100668493.01781
2015-01-22,15.551687292416,16.192369514867,15.428326842675,16.087297630385,183020712.35316
2015-01-23,16.039071732186,16.192369514867,15.729214511873,15.729214511873,103289229.8962
2015-01-26,15.720011985405,15.931553606491,15.698228789842,15.850361695755,69952979.538837
2015-01-27,15.551687292416,15.792001369673,15.482027661684,15.629734035878,86134323.833688
2015-01-28,15.720011985405,15.729214511873,15.181139992486,15.201758311281,103667523.56742
2015-01-29,15.311606190512,15.492278577243,15.201758311281,15.428326842675,76065991.93234
2015-01-30,15.230414279776,15.472825135216,15.14922236904,15.14922236904,99764447.336617
2015-02-02,15.26932116383,15.492278577243,15.120566400545,15.461409342889,101571682.8824
2015-02-03,15.609115717083,15.931553606491,15.609115717083,15.888220190718,105139460.82939
2015-02-04,15.792001369673,16.002611089344,15.749832830668,15.792001369673,83832004.93392
2015-02-05,15.980827893781,16.087297630385,15.8983546186,15.969412101454,92179086.819246
2015-02-06,16.29883925147,16.749413585368,16.217530853057,16.489762553761,160806052.38484
2015-02-09,16.352540070479,16.49780020346,16.248633062765,16.352540070479,95522198.481587
2015-02-10,16.559655159846,16.620228751787,16.352540070479,16.420102923029,100306243.94117
2015-02-11,16.331921751684,16.449690792938,16.209609691034,16.360577720179,99889562.65514
2015-02-12,16.408570643025,16.729960143341,16.370828635738,16.670551428168,116381674.15538
2015-02-13,16.720990592227,16.789485346191,16.539036841051,16.611026225319,93575901.915125
2015-02-17,16.528785925492,16.678589077868,16.370828635738,16.630479667346,93341400.29575
2015-02-18,16.54928775661,16.559655159846,16.236984295085,16.29883925147,84033660.329193
2015-02-19,16.209609691034,16.382360915742,16.07797861624,16.209609691034,83592121.023553
2015-02-20,16.14332820293,16.430237350911,16.012745517227,16.382360915742,89732925.165523
2015-02-23,16.321670836125,16.321670836125,16.098596935035,16.201572041335,87524612.344457
2015-02-24,16.267970017116,16.54928775661,16.248633062765,16.382360915742,74085425.986051
2015-02-25,16.370828635738,16.49780020346,16.321670836125,16.489762553761,57184449.191932
2015-02-26,16.420102923029,16.438391488288,15.8983546186,16.039071732186,161040823.24989
2015-02-27,15.781750454114,15.87901766425,15.619250144965,15.810406422609,130422675.30135
2015-03-02,15.792001369673,16.029985693395,15.720011985405,16.012745517227,71402400.694069
2015-03-03,16.020899654603,16.153462630812,15.960209574986,16.039071732186,65689800.329224
2015-03-04,15.96283047583,15.980016910801,15.760076992996,15.838693320533,78441600.64819
2015-03-05,15.919632139281,16.027860229775,15.751948273753,15.998364591378,69509902.103671
2015-03-06,16.409910034198,16.620792236275,16.160126104315,16.217259388138,163207197.9753
2015-03-09,16.320958620767,16.331293706662,16.12134050107,16.168138698998,72912702.387357
2015-03-10,16.037150194624,16.130514341358,15.790733876999,15.790733876999,85633501.890116
2015-03-11,15.919632139281,16.160126104315,15.870511450141,16.031343966593,85953931.006416
2015-03-12,16.048414277004,16.209246793455,15.900239337659,16.058865487459,126379805.61771
2015-03-13,16.081393652218,16.151068388587,15.942276428601,16.09300610828,88581799.12013
2015-03-16,16.112282785342,16.217259388138,15.848796157306,16.130514341358,63406400.37719
2015-03-17,16.070129569839,16.12134050107,15.96283047583,16.09300610828,67314896.713553
2015-03-18,16.008467428152,16.103108945053,15.910458298993,15.980016910801,86387602.238984
2015-03-19,15.96283047583,15.970959195073,15.609347313318,15.609347313318,109169098.00097
2015-03-20,15.688079765415,15.931012346222,15.640236446442,15.838693320533,99867599.555502
2015-03-23,15.808965433015,15.881891657082,15.72117526519,15.72117526519,73773504.874302
2015-03-24,15.731394226524,15.799907717287,15.609347313318,15.609347313318,77010898.428902
2015-03-25,15.629901360547,15.64929416217,15.399626356847,15.410890439227,88541399.102018
2015-03-26,15.389291270952,15.53990482607,15.261670378836,15.422502895288,76741503.591301
2015-03-27,15.47952005455,15.489622891324,15.27177321561,15.308236327643,73140801.884012
2015-03-30,15.422502895288,15.609347313318,15.399626356847,15.519350778841,70835200.008385
2015-03-31,15.501119222825,15.519350778841,15.377911064012,15.389291270952,61381736.953118
2015-04-01,15.422502895288,15.461288498534,15.250174047336,15.410890439227,73153802.041779
2015-04-02,15.431444486456,15.619798523773,15.431444486456,15.53990482607,50443499.791331
2015-04-06,15.389291270952,15.599244476544,15.339241585327,15.510176938553,51189500.143077
2015-04-07,15.53990482607,15.64929416217,15.451998533685,15.461288498534,50042411.820965
2015-04-08,15.519350778841,15.741613187859,15.501119222825,15.609347313318,71732400.306354
2015-04-09,15.629901360547,15.760076992996,15.530730985782,15.709678933689,44913301.076267
2015-04-10,15.688079765415,15.790733876999,15.599244476544,15.72117526519,43817602.180502
2015-04-13,15.77017982977,15.859247367762,15.741613187859,15.799907717287,49191200.074357
2015-04-14,15.881891657082,15.952727639057,15.709678933689,15.81930051891,84385398.176847
2015-04-15,15.699576096916,15.848796157306,15.591115757301,15.640236446442,123662326.29845
2015-04-16,15.640236446442,15.942276428601,15.579851674922,15.790733876999,105591002.09922
2015-04-17,15.709678933689,15.751948273753,15.501119222825,15.559297627693,88994200.954602
2015-04-20,15.619798523773,15.688079765415,15.559297627693,15.569400464466,53648700.307689
2015-04-21,15.599244476544,15.640236446442,15.431444486456,15.501119222825,64016400.225182
2015-04-22,15.548962541798,15.829519480244,15.489622891324,15.741613187859,73087679.687902
2015-04-23,15.72117526519,15.799907717287,15.679022049687,15.688079765415,50292099.910136
2015-04-24,15.709678933689,15.751948273753,15.609347313318,15.640236446442,40766113.074232
2015-04-27,15.629901360547,15.760076992996,15.559297627693,15.559297627693,73523294.148097
2015-04-28,15.579851674922,15.709678933689,15.501119222825,15.64929416217,58080053.781891
2015-04-29,15.599244476544,16.037150194624,15.569400464466,15.980016910801,134499398.99476
2015-04-30,15.998364591378,16.048414277004,15.790733876999,15.931012346222,78313798.355225
2015-05-01,15.998364591378,16.151068388587,15.919632139281,16.112282785342,78171298.211041
2015-05-04,16.141894548299,16.447534391838,16.12134050107,16.439521797155,76592199.51969
2015-05-05,16.418967749926,16.609528153896,16.331293706662,16.349525262678,106148703.1675
2015-05-06,16.358466853846,16.489803731901,16.081393652218,16.29134685781,96396888.026078
2015-05-07,16.228639595078,16.331293706662,16.09300610828,16.239903677458,73740255.162192
2015-05-08,16.320958620767,16.458914598778,16.217259388138,16.447534391838,86333598.750559
2015-05-11,16.447534391838,16.591296597879,16.429302835821,16.489803731901,56245999.416362
2015-05-12,16.458914598778,16.479468646007,16.349525262678,16.429302835821,59627055.894856
2015-05-13,16.439521797155,16.520460615904,16.358466853846,16.468088439066,47330643.802049
2015-05-14,16.530911826359,16.591296597879,16.447534391838,16.520460615904,55395599.686354
2015-05-15,16.520460615904,16.520460615904,16.302727064751,16.349525262678,54878300.389996
2015-05-18,16.310739659433,16.542175908739,16.310739659433,16.51035777913,51047229.74873
2015-05-19,16.580961511984,16.780463507121,16.580961511984,16.771521915954,89115476.423008
2015-05-20,16.780463507121,16.85013824349,16.628920955518,16.739471537224,67683969.657956
2015-05-21,16.709859774267,16.750967868725,16.561568710362,16.72925257589,52056500.614177
2015-05-22,16.720078735601,16.798695063138,16.709859774267,16.750967868725,47032895.905353
2015-05-26,16.72925257589,16.72925257589,16.429302835821,16.499906568675,100019436.13677
2015-05-27,16.561568710362,16.750967868725,16.542175908739,16.739471537224,70026701.562597
2015-05-28,16.720078735601,16.72925257589,16.580961511984,16.671190295582,60649087.522248
2015-05-29,16.660739085127,16.671190295582,16.468088439066,16.499906568675,74266097.294096
2015-06-01,16.580961511984,16.639023792292,16.468088439066,16.55367224024,62941631.364193
2015-06-02,16.520460615904,16.759909459892,16.499906568675,16.720078735601,65498460.302136
2015-06-03,16.79060266788,17.021462600442,16.737229333421,16.930461644076,89614801.183941
2015-06-04,16.871299444709,16.979435441204,16.721367843571,16.779372269957,61025400.920393
2015-06-05,17.040797409237,17.350038572664,16.969131261667,17.187371468727,119087402.69555
2015-06-08,17.262510935243,17.329545990887,17.048670265513,17.078309253846,69749598.756866
2015-06-09,17.048670265513,17.350038572664,16.999928022981,17.310211182091,82056408.941448
2015-06-10,17.387550417272,17.622809887165,17.359069201921,17.591086907465,102630545.36042
2015-06-11,17.632072071019,17.680814313551,17.439881756048,17.491055321841,77191529.617355
2015-06-12,17.451227931269,17.580782727927,17.359069201921,17.491055321841,52959499.436136
2015-06-15,17.329545990887,17.500085951099,17.251164760022,17.472878286028,68053297.19621
2015-06-16,17.462458329192,17.558090377485,17.369373381459,17.547901975245,47291100.606586
2015-06-17,17.591086907465,17.591086907465,17.301180552834,17.369373381459,88712097.06087
2015-06-18,17.350038572664,17.397738819512,17.218168230042,17.377246237735,97599906.550969
2015-06-19,17.282887739722,17.387550417272,17.1192944174,17.171509978877,83395398.200812
2015-06-22,17.359069201921,17.52856716645,17.350038572664,17.472878286028,58477699.566137
2015-06-23,17.558090377485,17.718441935458,17.558090377485,17.671783684293,63865713.124076
2015-06-24,17.52856716645,17.688802947125,17.451227931269,17.491055321841,59079401.167982
2015-06-25,17.569436552706,17.622809887165,17.350038572664,17.369373381459,59772100.64799
2015-06-26,17.480751142304,17.518262986912,17.350038572664,17.408042999049,63080699.977097
2015-06-29,17.129367042341,17.251164760022,16.861226819767,16.889476480522,98604098.801603
2015-06-30,17.078309253846,17.129367042341,16.853122408895,17.021462600442,89039750.4622
2015-07-01,17.251164760022,17.310211182091,17.089655429067,17.218168230042,62317299.716715
2015-07-02,17.16247934962,17.209021823486,16.889476480522,17.0304932297,64736398.546795
2015-07-06,16.779372269957,17.010000647923,16.709790113754,16.939608050632,58726799.672069
2015-07-07,16.899896437358,16.930461644076,16.338144986611,16.689413309275,115450400.59877
2015-07-08,16.417683990458,16.503011859213,16.222136133839,16.252817117856,83032896.625483
2015-07-09,16.531377297266,16.721367843571,16.449406970158,16.48031950877,81534401.395745
2015-07-10,16.799749074436,16.841892010972,16.65989009824,16.700875261794,72965201.017998
2015-07-13,16.979435441204,17.048670265513,16.899896437358,17.021462600442,67934199.838903
2015-07-14,16.930461644076,17.1510173971,16.861226819767,17.129367042341,69974443.844134
2015-07-15,17.52856716645,17.851470051061,17.491055321841,17.680814313551,172997162.87292
2015-07-16,17.909474477447,18.06982603542,17.861658453301,17.950343863703,117054302.29773
2015-07-17,17.961690038924,18.158395668524,17.891297441633,18.098075696175,96894895.298432
2015-07-20,18.149365039266,18.229946038796,18.078740887379,18.119726050933,71979999.75127
2015-07-21,18.109537648694,18.169741843745,18.020736460993,18.078740887379,63732699.716969
2015-07-22,18.029998644847,18.481298553135,18.029998644847,18.450617569119,110327001.31706
2015-07-23,18.389139823787,18.432440533305,18.078740887379,18.179930245985,103650100.50082
2015-07-24,18.200422827762,18.229946038796,17.840008098542,17.901370066575,86364300.615138
2015-07-27,17.660321731774,17.779688126192,17.500085951099,17.671783684293,93231903.734104
2015-07-28,17.790108083028,17.891297441633,17.602317305388,17.882035257779,82166797.99329
2015-07-29,17.950343863703,18.200422827762,17.918389329406,18.158395668524,96388575.192005
2015-07-30,18.200422827762,18.291423784127,18.049333453643,18.129914453173,65667899.622618
2015-07-31,18.029998644847,18.059406078584,17.861658453301,17.882035257779,67176894.776669
2015-08-03,17.909474477447,17.971878441163,17.643302468942,17.769615501251,62356560.532727
2015-08-04,17.790108083028,17.928809286242,17.706979982938,17.799022934988,69741499.091679
2015-08-05,17.928809286242,18.049333453643,17.799022934988,17.871962632838,65228598.550613
2015-08-06,17.909474477447,17.982182620701,17.769615501251,17.810484887507,47582757.157314
2015-08-07,17.918389329406,18.06982603542,17.602317305388,17.747965146492,71020706.155058
2015-08-10,17.871962632838,18.049333453643,17.861658453301,18.040071269789,65791101.783641
2015-08-11,17.851470051061,17.971878441163,17.718441935458,17.790108083028,65851900.725522
2015-08-12,17.622809887165,17.652564652796,17.021462600442,17.518262986912,143433497.5178
2015-08-13,17.558090377485,17.688802947125,17.439881756048,17.622809887165,67456097.069708
2015-08-14,17.569436552706,17.696791580699,17.537597795708,17.696791580699,52710202.313698
2015-08-17,17.611579489242,17.810484887507,17.558090377485,17.769615501251,42309898.86749
2015-08-18,17.718441935458,17.901370066575,17.652564652796,17.688802947125,50360701.323374
2015-08-19,17.547901975245,17.688802947125,17.439881756048,17.462458329192,78540494.596402
2015-08-20,17.187371468727,17.198949198545,16.721367843571,16.721367843571,149185408.47783
2015-08-21,16.199443783397,16.65989009824,16.101611966439,16.101611966439,148874208.59335
2015-08-24,15.019210005797,15.978772253075,14.599748854508,15.28873955595,214623375.76555
2015-08-25,16.199443783397,16.21067418132,15.251227711341,15.2601425633,194376898.90466
2015-08-26,15.809505843142,16.061900353165,15.338639571463,16.061900353165,174208495.99098
2015-08-27,16.379014372867,16.449406970158,16.091307786901,16.439334345216,124185401.80015
2015-08-28,16.39719140868,16.439334345216,16.199443783397,16.35979534137,75899296.596604
2015-08-31,16.330040575739,16.368825970628,16.17895120162,16.338144986611,66695097.94799
2015-09-01,15.948207046356,16.052638169311,15.460321511846,15.579687906264,119063999.94919
2015-09-02,15.820049751794,15.862865281608,15.569388482912,15.853979039571,74820303.158939
2015-09-03,15.969500186049,16.191656236969,15.870943683459,15.93672495568,77175699.982792
2015-09-04,15.789236419017,15.862865281608,15.499221792543,15.650980341613,104539399.15581
2015-09-08,15.958305829198,16.160958309933,15.898179438273,16.160958309933,73960199.165345
2015-09-09,16.368457831779,16.461359453073,15.831244108645,15.898179438273,70466094.523536
2015-09-10,15.870943683459,16.10891032086,15.810817292535,16.041974991232,71085993.657848
2015-09-11,15.992235116974,16.060093692528,15.898179438273,16.041974991232,54287598.811042
2015-09-14,15.969500186049,16.068056688639,15.898179438273,15.958305829198,50640900.680913
2015-09-15,16.041974991232,16.38888464789,16.012546527344,16.309485498262,62327099.545359
2015-09-16,16.348031015668,16.38888464789,16.087329447342,16.329912314373,83776400.725222
2015-09-17,16.288020030485,16.481786269183,15.781504234388,15.862865281608,119088187.13052
2015-09-18,15.680639616983,15.70995267513,15.499221792543,15.559232777727,136531103.6384
2015-09-21,15.669099042909,15.748498192537,15.569388482912,15.699796969945,79096100.009986
2015-09-22,15.491143390692,15.579659593837,15.449251106804,15.569388482912,92235096.779414
2015-09-23,15.598932352541,15.853979039571,15.579659593837,15.719069728648,78117499.058438
2015-09-24,15.540075424764,15.620513226059,15.400665289953,15.550115724209,99441368.736793
2015-09-25,15.880060736977,16.021548175122,15.810817292535,15.889062384755,88654894.913067
2015-09-28,15.789236419017,15.820049751794,15.380238473843,15.469677922914,91315924.310263
2015-09-29,15.499221792543,15.529688908098,15.248675929402,15.351733255881,79829297.179913
2015-09-30,15.550115724209,15.598932352541,15.321266140326,15.579659593837,71347000.383065
2015-10-01,15.519648608654,15.640940042169,15.36096571514,15.550115724209,71516796.551269
2015-10-02,15.079837330703,15.380238473843,14.631139810715,15.380238473843,181838304.42133
2015-10-05,15.449251106804,15.789236419017,15.440249459026,15.691833973834,75307629.773671
2015-10-06,15.680639616983,15.820049751794,15.569388482912,15.691833973834,67473699.122746
2015-10-07,15.781504234388,15.928646553828,15.569388482912,15.748498192537,67019899.027549
2015-10-08,15.719069728648,15.781504234388,15.510416149395,15.748498192537,79056802.792542
2015-10-09,15.748498192537,15.820049751794,15.499221792543,15.579659593837,76651504.432061
2015-10-12,15.598932352541,15.620513226059,15.429978348101,15.519648608654,50685522.117192
2015-10-13,15.449251106804,15.587507184208,15.400665289953,15.519648608654,73689797.849815
2015-10-14,15.769963660314,15.917452196976,15.550115724209,15.640940042169,122272445.8836
2015-10-15,15.810817292535,16.279941628633,15.719069728648,16.191656236969,127028701.86592
2015-10-16,16.279941628633,16.288020030485,16.03066522864,16.117911968638,66989499.62627
2015-10-19,16.003429473826,16.210928995672,15.980694542901,16.140531493822,62953542.333447
2015-10-20,16.160958309933,16.288020030485,16.098754615675,16.202965999561,50797793.956836
2015-10-21,16.258360755115,16.288020030485,15.898179438273,15.898179438273,64861300.649793
2015-10-22,16.003429473826,16.202965999561,16.003429473826,16.160958309933,74116600.078968
2015-10-23,16.288020030485,16.549875656219,16.249474513079,16.520216380849,82285798.572348
2015-10-26,16.520216380849,16.549875656219,16.33891396215,16.510176081405,67702800.241587
2015-10-27,16.400079004741,16.470476506591,16.299214387336,16.400079004741,56159198.499007
2015-10-28,16.453396456962,17.309014618791,16.453396456962,17.279701560643,147720095.99447
2015-10-29,17.157256069721,17.439538511565,16.971222015652,17.090320740093,95542199.926022
2015-10-30,17.179875594905,17.179875594905,16.759452481398,16.780917949175,87645696.027053
2015-11-02,16.899901267876,17.137983311017,16.871511455654,17.060892276205,56933526.450638
2015-11-03,17.009767533058,17.26042880194,16.989456122688,17.179875594905,66127073.235597
2015-11-04,17.300128376754,17.309014618791,16.961181716207,17.009767533058,78693368.826546
2015-11-05,17.029040291761,17.369141009715,17.029040291761,17.309014618791,85505399.761842
2015-11-06,17.841612112295,18.088811208955,17.760135659334,17.949401074144,158037502.07989
2015-11-09,18.027646166364,18.079694155436,17.562907248413,17.677389743225,129920725.065
2015-11-10,17.630996635449,17.940284020625,17.562907248413,17.850844571554,59905698.820025
2015-11-11,17.989100648957,17.989100648957,17.677389743225,17.749979954149,59234999.014348
2015-11-12,17.583218658783,17.630996635449,17.348714193604,17.369141009715,77850802.813325
2015-11-13,17.127712200092,17.309014618791,17.090320740093,17.201456468423,103574799.64683
2015-11-16,17.127712200092,17.458695864527,17.009767533058,17.431460109713,70384302.380817
2015-11-17,17.498395439341,17.60145276582,17.337404431012,17.421304404528,70488598.480642
2015-11-18,17.431460109713,17.86896327285,17.431460109713,17.841612112295,85708305.088706
2015-11-19,17.779408418037,17.850844571554,17.62187958193,17.688699505817,51829659.15598
2015-11-20,17.81114499674,17.831571812851,17.59360517545,17.64680722193,56288298.011406
2015-11-23,17.62187958193,17.730707195446,17.458695864527,17.467697512305,50362896.867955
2015-11-24,17.26042880194,17.574332416746,17.251196342681,17.467697512305,58724202.247678
2015-11-25,17.508551144526,17.574332416746,17.413341408417,17.439538511565,34938997.555618
2015-11-27,17.458695864527,17.498395439341,17.327133320086,17.479122680638,22937498.875274
2015-11-30,17.479122680638,17.583218658783,17.421304404528,17.431460109713,61893599.247731
2015-12-01,17.519860907118,17.81114499674,17.479122680638,17.81114499674,74351782.489856
2015-12-02,17.879791066091,17.889918260032,17.552038244005,17.616484023629,76862588.083892
2015-12-03,17.680929803253,17.771268976475,17.250408979017,17.298858395484,95795524.739077
2015-12-04,17.437877148672,17.829960668632,17.381372009752,17.800729904303,103021695.28846
2015-12-07,17.791523364357,17.800729904303,17.437877148672,17.543061867558,81633302.445055
2015-12-08,17.390578549698,17.458246618303,17.129458060473,17.19160220511,84873479.775755
2015-12-09,17.107937773349,17.381372009752,16.868337571248,17.097695497658,82417999.696488
2015-12-10,17.150863265848,17.408531302593,16.959827561963,17.201614317301,68395001.193626
2015-12-11,16.970069837654,17.06144474662,16.637828827344,16.730469635553,91503799.469318
2015-12-14,16.761081380874,16.889742776623,16.498810074156,16.798367867656,121073060.89164
2015-12-15,17.019785153363,17.491044916861,16.989288489791,17.417507679041,99737100.063695
2015-12-16,17.649282322187,17.781511252165,17.230039509386,17.750899506844,171576600.1928
2015-12-17,17.800729904303,17.829960668632,17.298858395484,17.298858395484,97265700.578643
2015-12-18,17.19160220511,17.260421091208,16.761081380874,16.761081380874,136737792.47011
2015-12-21,16.979046214101,17.029912347304,16.769942675572,16.970069837654,65150201.386365
2015-12-22,17.051432634428,17.107937773349,16.850269736603,17.078476845521,56160981.64263
2015-12-23,17.162141277282,17.34063307049,17.097695497658,17.34063307049,65770600.742813
2015-12-24,17.319227865115,17.381372009752,17.219682151946,17.269512549405,29373414.062959
2015-12-28,17.219682151946,17.230039509386,16.979046214101,17.129458060473,41739332.584862
2015-12-29,17.250408979017,17.352026163673,17.162141277282,17.277338108359,45628948.405981
2015-12-30,17.201614317301,17.240051621577,17.040154622994,17.051432634428,35024958.853449
2015-12-31,17.010693695166,17.069500469073,16.828749449479,16.828749449479,47071395.580139
2016-01-04,16.451281311683,16.488452716716,16.249082678114,16.430911842052,114793847.67024
2016-01-05,16.521481178773,16.590300064871,16.229748944227,16.430911842052,66535216.235896
2016-01-06,16.190275904207,16.289706535627,16.018458852461,16.078301362111,102645823.52646
2016-01-07,15.730294152143,15.897392852167,15.439942898589,15.500936225733,115980211.94339
2016-01-08,15.941584243909,15.941584243909,15.161905392212,15.199191878995,124590837.22979
2016-01-11,15.259034388645,15.370893848992,14.940373024756,15.312087075085,104597247.48933
2016-01-12,15.539373530008,15.581033123265,15.060173125806,15.312087075085,99865177.35078
2016-01-13,15.470324480411,15.519004060377,14.850033851534,14.899634085494,119153654.48082
2016-01-14,15.009191910854,15.199191878995,14.648755871959,14.99112407621,125698454.81854
2016-01-15,14.408004852365,14.660033883393,14.132268980975,14.457720168074,171807073.6534
2016-01-19,14.687193176234,14.78892544264,14.009016427445,14.239640253098,185727399.02349
2016-01-20,13.792087329961,13.999004315253,13.271227332503,13.688168510318,249829798.05717
2016-01-21,13.66894985818,13.84191772742,13.250857862872,13.359264870739,188563874.16859
2016-01-22,13.650882023536,13.719815991383,13.471124331086,13.556975316084,169824524.07115
2016-01-25,13.53890748144,13.547998939637,12.938871240444,12.959240710075,186175631.47957
2016-01-26,13.068798535435,13.351324230035,13.041639242594,13.308513819285,124056085.533
2016-01-27,13.201027465413,13.729828103575,13.192051088965,13.359264870739,123812398.54971
2016-01-28,13.588622797149,13.704049791725,13.260869975063,13.531081922485,110831226.09656
2016-01-29,13.659858399984,14.151487633113,13.588622797149,14.141360439172,159669331.51147
2016-02-01,14.0509061842,14.091530041713,13.803480423145,13.958265375991,105395086.59028
2016-02-02,13.740185461014,13.745709384982,13.131057761821,13.228186758254,146848098.16319
2016-02-03,13.281239444694,13.290445984641,12.519628427642,13.031627130402,257504072.75883
2016-02-04,12.889155924734,13.588622797149,12.883401837268,13.250857862872,179304051.07201
2016-02-05,13.31967674897,13.387574981074,12.889155924734,12.950149251878,125735091.30775
2016-02-08,12.670960928008,12.700421855836,12.127429825932,12.272087584837,221114610.85318
2016-02-09,11.989561890237,12.430324990163,11.957914409172,12.19970116451,247114196.60388
2016-02-10,12.420197796222,12.539997897273,11.909349910956,11.98047043204,227240372.71819
2016-02-11,11.460623153976,11.549949607804,10.989374898653,11.160029624731,374400528.75272
2016-02-12,11.479841806114,12.03018574775,11.401862412769,11.947787215231,245281443.93157
2016-02-16,12.378308039467,12.389701132651,12.109361991288,12.2528689327,194068811.94731
2016-02-17,12.568192925858,12.690179580146,12.472099665169,12.559216549411,219610209.75116
2016-02-18,12.710549049777,12.737708342618,12.101421350584,12.242741738759,161327168.92734
2016-02-19,12.221221451634,12.242741738759,11.98047043204,12.127429825932,120916046.22877
2016-02-22,12.378308039467,12.539997897273,12.356787752343,12.539997897273,88710856.479548
2016-02-23,12.472099665169,12.477738670886,12.101421350584,12.159077306997,104370916.02965
2016-02-24,11.957914409172,12.148835031307,11.650531056717,12.127429825932,159355685.32746
2016-02-25,12.137557019873,12.327441906264,12.09014333915,12.317314712323,102994611.68152
2016-02-26,12.4924691348,12.950149251878,12.399828326591,12.700421855836,160181896.38258
2016-02-29,12.700421855836,12.860845814399,12.510536969445,12.519628427642,123398729.37024
2016-03-01,12.639428528692,13.21011892361,12.617908241568,13.192051088965,153361773.76639
2016-03-02,13.200627166394,13.506730659739,13.131839864519,13.409969855101,139470451.4123
2016-03-03,13.381767061332,13.55075453294,13.24889292321,13.496641855464,104891317.82452
2016-03-04,13.761243676678,13.888500185148,13.488731315749,13.53940462813,171219652.86587
2016-03-07,13.452732627767,13.618280734281,13.371678257057,13.529315823855,97429043.763115
2016-03-08,13.400912860354,13.465114342105,13.049753684281,13.058696033524,125576760.90015
2016-03-09,13.1678385525,13.269185177263,13.00240509149,13.142043314297,92088373.216098
2016-03-10,13.230893579219,13.400912860354,13.00240509149,13.269185177263,123481564.19264
2016-03-11,13.441497368461,13.838858682294,13.371678257057,13.791624735007,120304724.95725
2016-03-14,13.720659168572,13.742097877656,13.488731315749,13.638458342831,87697740.173305
2016-03-15,13.506730659739,13.600166744787,13.390824056079,13.571046786993,80299336.299204
2016-03-16,13.506730659739,13.81191698906,13.090108901381,13.308623230338,149578866.94267
2016-03-17,13.220919420447,13.475317791883,13.049753684281,13.400912860354,122129018.73635
2016-03-18,13.678928205434,13.879443190401,13.55075453294,13.791624735007,146530924.54546
2016-03-21,13.801713539282,14.032494937074,13.720659168572,13.838858682294,104644290.27348
2016-03-22,13.670100501693,13.838858682294,13.627223083524,13.761243676678,83196782.990999
2016-03-23,13.770300671425,13.828884523522,13.600166744787,13.618280734281,95747960.501744
2016-03-24,13.409969855101,13.690392755747,13.269185177263,13.678928205434,94772908.032773
2016-03-28,13.73086261835,13.742097877656,13.53940462813,13.618280734281,54391714.895311
2016-03-29,13.53940462813,13.53940462813,13.25806456346,13.421205114408,101407191.46867
2016-03-30,13.488731315749,13.659782406412,13.459496712452,13.480935421536,85794068.75849
2016-03-31,13.488731315749,13.709423909266,13.452732627767,13.518080564549,79559364.810392
2016-04-01,13.470731971758,13.64980824764,13.318826680116,13.561875146743,73067973.020917
2016-04-04,13.53940462813,13.64980824764,13.409969855101,13.506730659739,59441898.131674
2016-04-05,13.300712690623,13.337972479138,13.160042658288,13.189277261585,78334470.018392
2016-04-06,13.200627166394,13.300712690623,13.109254700403,13.269185177263,62492284.024535
2016-04-07,13.150985663541,13.205098341016,12.751331439645,12.848092244283,105541528.3755
2016-04-08,13.029461430227,13.142043314297,12.859442149092,12.878587948114,76364282.406265
2016-04-11,12.919057810717,13.090108901381,12.878587948114,12.969731123099,79223285.121776
2016-04-12,13.00240509149,13.32776902936,12.929261260496,13.269185177263,100408637.56334
2016-04-13,13.55075453294,13.849062132073,13.529315823855,13.791624735007,138322472.99594
2016-04-14,13.709423909266,14.282536779391,13.700366914519,14.138427381962,179197604.87855
2016-04-15,14.271186874581,14.293772038697,13.949262301804,14.001082069217,87739547.842078
2016-04-18,13.849062132073,14.239774006725,13.818566428241,14.167661985259,80474473.916593
2016-04-19,14.261212715809,14.541291679945,14.239774006725,14.449116695432,106945416.55175
2016-04-20,14.560437478967,14.939914094313,14.531317521173,14.931086390572,115164802.98857
2016-04-21,14.979352147388,15.134696804123,14.749717204627,14.900590686741,121389512.67529
2016-04-22,14.863445543728,15.139282624248,14.863445543728,15.109933375448,83389116.564695
2016-04-25,15.018790200463,15.139282624248,14.810593966787,14.960206348366,70384196.744884
2016-04-26,15.018790200463,15.139282624248,14.800275871506,15.089641121395,84647513.271983
2016-04-27,15.018790200463,15.30035955614,14.979352147388,15.018790200463,115642151.54406
2016-04-28,14.919736485763,15.080698772151,14.760952463934,14.790301712734,78436362.277055
2016-04-29,14.729539596077,14.850032019862,14.428824441379,14.560437478967,121977641.91582
2016-05-02,14.58072973302,14.781244717987,14.398558028554,14.772302368743,68846458.122583
2016-05-03,14.51102526712,14.51102526712,14.148401540734,14.359119975478,110455803.15802
2016-05-04,14.092110598699,14.271186874581,14.001082069217,14.128223932183,99179644.520182
2016-05-05,14.148401540734,14.321860186963,14.001082069217,14.051640736095,73006510.800434
2016-05-06,13.828884523522,14.138427381962,13.801713539282,14.109078133161,76502741.830486
2016-05-09,14.082136439927,14.18898604884,13.908792439201,13.990878619439,55238774.734957
2016-05-10,14.082136439927,14.329770726678,14.051640736095,14.303860842972,59776595.748596
2016-05-11,14.250894620528,14.501968272373,14.18898604884,14.196896588556,67991289.714492
2016-05-12,14.303860842972,14.469408949485,14.051640736095,14.138427381962,72224665.026284
2016-05-13,14.148401540734,14.36909413425,13.869354386126,13.879443190401,86121662.384784
2016-05-16,13.818566428241,14.021259677767,13.801713539282,13.928970047751,57748372.672154
2016-05-17,13.888500185148,14.128223932183,13.818566428241,14.01220268302,76192378.801113
2016-05-18,14.021259677767,14.749717204627,14.01220268302,14.691247998033,151586261.23939
2016-05-19,14.594372547892,14.863445543728,14.428824441379,14.531317521173,105999662.04862
2016-05-20,14.638281775589,14.701222156805,14.428824441379,14.521114071395,79844457.955626
2016-05-23,14.541291679945,14.599875532042,14.398558028554,14.469408949485,66195592.206731
2016-05-24,14.599875532042,14.749717204627,14.531317521173,14.680929902752,96102056.862763
2016-05-25,14.83088622084,15.148224973492,14.83088622084,14.919736485763,123492261.03675
2016-05-26,14.979352147388,14.989555597166,14.691247998033,14.701222156805,65246201.327305
2016-05-27,14.760952463934,14.880298432688,14.691247998033,14.880298432688,62362567.35847
2016-05-31,15.03002545977,15.051349523351,14.729539596077,14.790301712734,85571221.244559
2016-06-01,14.598849380536,14.899690497995,14.451913688529,14.858100613166,62427403.309636
2016-06-02,14.950078243077,14.980242335371,14.769322205165,14.93990928772,64286978.768573
2016-06-03,14.460825806707,14.500130533029,14.189348976063,14.420492759056,148536765.91714
2016-06-06,14.440602153919,14.699853386549,14.367819855468,14.520354185817,80929292.259252
2016-06-07,14.540577838604,14.598849380536,14.338455568651,14.348738781933,67341546.41211
2016-06-08,14.348738781933,14.460825806707,14.300407679508,14.430547456488,58231535.864464
2016-06-09,14.319374495117,14.319374495117,14.078176014693,14.189348976063,74746448.368295
2016-06-10,13.981742325693,14.000823399227,13.751626864028,13.830236316672,90637109.494195
2016-06-13,13.639539839255,13.904389710228,13.578868880891,13.599092533679,74706453.358286
2016-06-14,13.559787807357,13.727061410077,13.170511055672,13.26134610633,85128155.141377
2016-06-15,13.380288606624,13.658620912789,13.278256279282,13.340983880302,100541966.94613
2016-06-16,13.230039434782,13.33218602005,13.019119304577,13.309677208755,89976578.66015
2016-06-17,13.380288606624,13.530652036392,13.278256279282,13.401654838666,88914359.820014
2016-06-20,13.741686424522,13.849317390207,13.511570962857,13.540820991748,89833364.511196
2016-06-21,13.614745869453,13.65073711594,13.444273044823,13.620458765721,73672400.18134
2016-06-22,13.599092533679,13.778705992337,13.587895256994,13.609261489036,77836718.839647
2016-06-23,13.839262692775,14.051325402234,13.820181619241,14.042299026131,81350764.765461
2016-06-24,13.050425976124,13.439702727809,12.970788202152,12.999923973117,231088930.83855
2016-06-27,12.769922769378,12.769922769378,12.047355649433,12.181951485501,259488929.70866
2016-06-28,12.570199915857,12.722848504132,12.351510246728,12.70148227209,149892173.95514
2016-06-29,13.069507049659,13.218727900172,12.919257877817,13.19073470846,117977589.07149
2016-06-30,13.370233909193,13.380288606624,13.069507049659,13.269229903179,125388903.45519
2016-07-01,13.19073470846,13.269229903179,13.019119304577,13.099785399878,88781441.204436
2016-07-05,12.930340896576,12.941538173261,12.630756616295,12.741929577666,98111550.862341
2016-07-06,12.518555333597,12.919257877817,12.450229094234,12.86087207796,94898638.592865
2016-07-07,12.864185557796,13.108811775981,12.839505845919,13.009978670549,101058604.51103
2016-07-08,13.278256279282,13.320760227514,13.108811775981,13.170511055672,92668479.189013
2016-07-11,13.28716839746,13.401654838666,13.198504247384,13.208673202741,66888117.825169
2016-07-12,13.410681214769,13.599092533679,13.401654838666,13.540820991748,88985183.499945
2016-07-13,13.500373686172,13.578868880891,13.320760227514,13.439702727809,74360219.704471
2016-07-14,13.730374889912,13.778705992337,13.639539839255,13.65073711594,97633453.813805
2016-07-15,13.778705992337,13.788646431843,13.52059733896,13.658620912789,78276661.27605
2016-07-18,13.839262692775,14.231967182221,13.820181619241,14.108568622837,186933267.81544
2016-07-19,14.059209199084,14.367819855468,14.0322443287,14.263388111693,96835518.784251
2016-07-20,14.348738781933,14.430547456488,14.263388111693,14.399126527015,79209684.184374
2016-07-21,14.430547456488,14.470994762063,14.263388111693,14.272414487796,70870399.297019
2016-07-22,14.263388111693,14.399126527015,14.179180020707,14.378902874227,46560104.096505
2016-07-25,14.309434055611,14.38792925033,14.279041447467,14.367819855468,46330080.206154
2016-07-26,14.319374495117,14.549489956782,14.309434055611,14.530408883248,60099239.376064
2016-07-27,14.569599351645,14.699853386549,14.451913688529,14.631298631336,100927320.41833
2016-07-28,14.569599351645,14.689684431193,14.460825806707,14.679743991687,71921730.82451
2016-07-29,14.558516332885,14.699853386549,14.481049459495,14.491104156926,63252985.304295
2016-08-01,14.520354185817,14.598849380536,14.263388111693,14.329657708399,61203659.921208
2016-08-02,14.279041447467,14.451913688529,14.088344970049,14.1286780177,83684173.610211
2016-08-03,14.108568622837,14.481049459495,14.092915287064,14.481049459495,65153953.227908
2016-08-04,14.481049459495,14.540577838604,14.358679221439,14.481049459495,46145081.449629
2016-08-05,14.750241131631,15.059880109343,14.750241131631,15.051082249091,120838401.58598
2016-08-08,15.080103762131,15.171167328639,14.920942472111,15.127406543228,71930330.339877
2016-08-09,15.108325469694,15.19253356068,15.070163322625,15.19253356068,49923754.311046
2016-08-10,15.159855794029,15.182250347398,14.780747997701,14.808626931487,78892042.203528
2016-08-11,14.829993163529,14.969159316611,14.744756751214,14.880609424461,68891589.22695
2016-08-12,14.769322205165,14.910773516755,14.699853386549,14.910773516755,62922635.220056
2016-08-15,14.969159316611,15.030858596303,14.945507926063,15.022974799453,48498845.184155
2016-08-16,14.969159316611,15.19253356068,14.929854590289,15.171167328639,80222815.64682
2016-08-17,15.159855794029,15.239493568001,15.080103762131,15.148658517344,93368682.406413
2016-08-18,15.108325469694,15.239493568001,15.059880109343,15.159855794029,62757969.072464
2016-08-19,15.127406543228,15.250805102611,15.051082249091,15.219269915213,58854224.018233
2016-08-22,15.202474000186,15.250805102611,15.118265909199,15.182250347398,60864498.20795
2016-08-23,15.260859800042,15.409052329228,15.260859800042,15.350780787297,67754692.120509
2016-08-24,15.370775924234,15.502172538392,15.360721226803,15.398883373871,65339410.969862
2016-08-25,15.420249605913,15.539192106207,15.398883373871,15.531194051432,67586331.80863
2016-08-26,15.609803504077,15.900361408255,15.579525153858,15.788160125556,126447191.06284
2016-08-29,15.809526357597,16.011534369625,15.771364210529,15.843118187652,120015046.7847
2016-08-30,15.871225637289,16.229309975352,15.798443338838,16.188862669776,121008170.04734
2016-08-31,16.212129472324,16.241130272146,15.878222224176,16.139456879829,127499132.049
2016-09-01,16.14957872761,16.14957872761,15.750732433586,15.979895616494,128748377.53749
2016-09-02,15.941796526531,16.060074298355,15.821244182173,15.999911854802,100750588.96312
2016-09-06,16.04904262156,16.060074298355,15.697166250385,15.782121534569,96393612.410827
2016-09-07,15.71729621732,15.847856680833,15.650310056162,15.697166250385,63251401.170242
2016-09-08,15.773136973056,15.941796526531,15.678173569717,15.858092257241,69114839.509288
2016-09-09,15.910521154174,16.14957872761,15.73970075679,15.73970075679,131958953.03765
2016-09-12,15.650310056162,15.941796526531,15.479375930152,15.899375748752,109634452.38347
2016-09-13,15.668279179189,15.858092257241,15.551024965007,15.71729621732,89168893.053865
2016-09-14,15.668279179189,15.837962290305,15.558644782999,15.633478219403,75457461.05844
2016-09-15,15.641439223276,15.745273459501,15.581049322469,15.668279179189,67725615.419577
2016-09-16,15.659180889049,15.678173569717,15.479375930152,15.488360491665,89640062.597846
2016-09-19,15.551024965007,15.782121534569,15.551024965007,15.59014761261,66119116.21807
2016-09-20,15.73970075679,15.761991567634,15.508490458601,15.601179289405,68165594.342361
2016-09-21,15.707401826793,15.828977728792,15.390098958151,15.650310056162,95386752.118253
2016-09-22,15.687271859857,15.707401826793,15.49836861082,15.601179289405,75441026.327509
2016-09-23,15.529757711804,15.668279179189,15.49836861082,15.518498577755,51522890.420565
2016-09-26,15.401244363572,15.439115996281,15.019343634934,15.089627926268,94897061.60401
2016-09-27,15.010245344794,15.338579890231,14.810537876215,15.290700138368,81721527.19035
2016-09-28,15.357800028153,15.390098958151,15.149904098447,15.379977110369,65919165.846603
2016-09-29,15.379977110369,15.49836861082,15.05732899627,15.160139674855,78612498.71848
2016-09-30,15.260562052278,15.728441622742,15.170034065383,15.650310056162,119286265.87679
2016-10-03,15.59014761261,15.728441622742,15.49836861082,15.633478219403,69704339.115962
2016-10-04,15.697166250385,16.04904262156,15.668279179189,15.802251501505,98266034.602135
2016-10-05,15.960902935826,16.229984866724,15.960902935826,16.108181507471,85966231.832468
2016-10-06,16.169708694545,16.229984866724,16.03573637223,16.221000305211,75820164.064418
2016-10-07,16.18983866148,16.251252119927,15.979895616494,16.128311474407,99351511.197906
2016-10-10,16.216451160141,16.400805264108,16.184152230143,16.29913187179,64049361.75135
2016-10-11,16.258985666547,16.331544530415,16.024363509554,16.108181507471,76990214.833148
2016-10-12,16.090326113071,16.241130272146,16.009919973957,16.030049940892,66758502.911014
2016-10-13,16.090326113071,16.090326113071,15.601179289405,15.828977728792,78274640.763651
2016-10-14,16.14957872761,16.229984866724,15.941796526531,15.999911854802,108417606.28145
2016-10-17,16.169708694545,16.195297635565,15.899375748752,16.04904262156,101364419.67186
2016-10-18,16.18983866148,16.269107514328,16.108181507471,16.258985666547,71290334.972137
2016-10-19,16.29913187179,16.53034216998,16.279001904855,16.468928711533,97756607.189293
2016-10-20,16.448798744598,16.629740989763,16.410927111889,16.560593984697,88019103.877412
2016-10-21,16.457783306111,16.668863637366,16.400805264108,16.668863637366,77121839.523189
2016-10-24,16.74926977648,16.798400543238,16.609611022827,16.769399743416,68020598.917535
2016-10-25,16.711284415145,16.819667796441,16.678985485147,16.722543549193,49153509.00644
2016-10-26,16.638725551276,16.869935849466,16.620870156876,16.869935849466,58374751.35241
2016-10-27,16.951479274848,17.09887157512,16.864249418128,16.907921210801,97881669.626922
2016-10-28,16.951479274848,16.981503632311,16.50020408389,16.678985485147,115048556.85183
2016-10-31,16.678985485147,16.730277095813,16.50020408389,16.50020408389,70352567.7031
2016-11-01,16.560593984697,16.74926977648,16.331544530415,16.609611022827,88566063.004588
2016-11-02,16.457783306111,16.560593984697,16.279001904855,16.479050559314,119145680.2068
2016-11-03,16.473364127977,16.668863637366,16.448798744598,16.479050559314,69655424.414206
2016-11-04,16.53034216998,16.711284415145,16.352698054991,16.551495694556,82431001.675887
2016-11-07,16.860837559326,17.039618960582,16.850943168798,17.009594603119,91477198.692113
2016-11-08,16.819667796441,17.104444277831,16.711284415145,17.000496312979,95635636.889871
2016-11-09,17.661714548923,18.048164422631,17.398205320735,17.971170142319,318933471.84684
2016-11-10,18.262656612688,18.988472708628,18.251397478639,18.758513425333,304821480.10756
2016-11-11,18.64125921115,19.029869928766,18.631137363369,19.019861809612,212847958.80902
2016-11-14,19.409609813496,20.199227669045,19.398464408074,20.080836168595,320701094.08819
2016-11-15,19.787075125691,20.181372274645,19.599422891547,20.158967735174,190177770.08712
2016-11-16,19.777067006536,19.963581954412,19.68096631693,19.747952478087,126533410.96357
2016-11-17,19.756937039601,20.217083063445,19.707806272843,20.080836168595,167833174.38166
2016-11-18,20.058431629124,20.142249627041,19.86975583734,19.995994613037,120525907.50129
2016-11-21,20.102103421797,20.348894541852,20.006002732191,20.329901861185,117362195.38342
2016-11-22,20.449316919276,20.468309599943,20.123256946374,20.300787332736,104691658.03401
2016-11-23,20.421453405721,20.661648265424,20.199227669045,20.558837586839,110900783.54539
2016-11-25,20.619113759018,20.876026726854,20.499584972301,20.86146946263,62610385.778002
2016-11-28,20.671542655952,20.851461343476,20.24949572207,20.300787332736,108384271.2211
2016-11-29,20.38119347185,20.539844906171,20.24949572207,20.292030228476,114021497.6437
2016-11-30,20.772119790719,21.189434038659,20.718751609677,21.120429320496,191521200.36413
2016-12-01,21.420922772989,21.939421279253,21.338547682506,21.499785308033,199068143.4414
2016-12-02,21.488681100513,21.499785308033,21.018111979771,21.228298764981,128390977.14482
2016-12-05,21.469758624432,21.87143633525,21.459900807551,21.840389877489,130205653.95591
2016-12-06,22.09068777966,22.160825580224,21.721302917243,22.160825580224,120634685.54329
2016-12-07,22.190852263825,22.569075168962,21.949279096134,22.569075168962,167607581.17406
2016-12-08,22.789459695773,23.239066792113,22.688162129208,22.94865777298,182476392.38896
2016-12-09,22.94865777298,23.17006207395,22.778468796492,23.092219313067,129962853.88399
2016-12-12,22.999759789222,23.248924608994,22.533496381601,22.610319368324,136775495.85726
2016-12-13,22.799544129133,22.879539746577,22.287617500789,22.610319368324,117288733.62701
2016-12-14,22.30767305927,23.301386324116,22.212040904706,22.671505817927,225162737.57413
2016-12-15,22.900728387458,23.39033329252,22.799544129133,23.15884455819,161852771.82526
2016-12-16,23.319175717797,23.319175717797,22.651450259446,22.661648001047,147313331.9072
2016-12-19,22.599215160804,22.719435203449,22.328861700151,22.480128200558,97375099.739758
2016-12-20,22.631394700965,22.830703895135,22.610319368324,22.708217687689,83770664.819445
2016-12-21,22.719435203449,22.719435203449,22.470270383678,22.631394700965,62082013.913645
2016-12-22,22.599215160804,22.73053941097,22.470270383678,22.538028711201,67051748.996429
2016-12-23,22.51117465832,22.651450259446,22.430159266716,22.599215160804,38143358.636992
2016-12-27,22.708217687689,22.73495843233,22.538028711201,22.610319368324,39931777.124524
2016-12-28,22.620403801685,22.671505817927,22.258723899588,22.328861700151,52184499.72848
2016-12-29,22.328861700151,22.392314314554,21.770365385166,21.999474646456,79116709.938058
2016-12-30,22.020663287337,22.258723899588,21.949279096134,22.099639130621,72593011.976171
2017-01-03,22.599215160804,22.679437394728,22.200823388945,22.529190668481,99228562.803444
2017-01-04,22.719435203449,22.95964867226,22.599215160804,22.94865777298,76811274.424113
2017-01-05,22.821639235934,22.927469132099,22.345518011432,22.679437394728,86766815.208544
2017-01-06,22.778468796492,22.851779227775,22.558084269682,22.679437394728,65797459.751716
2017-01-09,22.51117465832,22.708217687689,22.401152357275,22.548113144561,75870725.323487
2017-01-10,22.589130727443,23.137769225549,22.538028711201,22.938460031379,100941314.93625
2017-01-11,22.938460031379,23.071143980426,22.719435203449,23.071143980426,92247991.76023
2017-01-12,23.009844222583,23.118846749468,22.610319368324,22.919537555299,120084154.05997
2017-01-13,23.209946574432,23.410388851001,22.799544129133,23.009844222583,161631885.7434
2017-01-17,22.679437394728,22.789459695773,22.009445771577,22.049443580298,152310648.20534
2017-01-18,22.29872170831,22.651450259446,22.099639130621,22.631394700965,124297677.6435
2017-01-19,22.73053941097,22.810648336654,22.412369873035,22.529190668481,75931317.721702
2017-01-20,22.661648001047,22.927469132099,22.52137239992,22.642725524966,102466072.64249
2017-01-23,22.620403801685,22.759546320411,22.416675586155,22.558084269682,61271780.438645
2017-01-24,22.610319368324,23.096525026187,22.480128200558,22.94865777298,98429138.936073
2017-01-25,23.319175717797,23.421606366762,23.101057355787,23.369144651639,99627794.829366
2017-01-26,23.411521933401,23.549531369728,23.280197683235,23.440528842843,84078308.157897
2017-01-27,23.431577491882,23.448233803163,23.280197683235,23.358153752359,54518651.520497
2017-01-30,23.198955675152,23.198955675152,22.708217687689,22.94865777298,91504978.62295
2017-01-31,22.769404137292,23.025367451464,22.501316841439,22.642725524966,90933665.516163
2017-02-01,22.968713331461,23.221277398433,22.821639235934,22.889624179937,103539563.38084
2017-02-02,22.74062384433,22.789459695773,22.51117465832,22.719435203449,88557706.928548
2017-02-03,23.148986741309,23.349089093158,22.94865777298,23.291301890756,116000652.22595
2017-02-06,23.148986741309,23.3803621674,23.071143980426,23.118846749468,92162469.322466
2017-02-07,23.280197683235,23.291301890756,22.861750352896,22.900728387458,87913355.276551
2017-02-08,22.73053941097,22.73053941097,22.449081742797,22.671505817927,102239656.83701
2017-02-09,22.759546320411,23.148986741309,22.642725524966,23.118846749468,102557522.0309
2017-02-10,23.190004324191,23.239066792113,22.95964867226,23.082134879706,90485701.284226
2017-02-13,23.17006207395,23.540466710527,23.17006207395,23.401550808281,105219077.85746
2017-02-14,23.401550808281,24.170347216716,23.328013760517,24.060324915671,139566320.31968
2017-02-15,24.340536193204,24.770087731064,24.110293849514,24.579843196095,151025175.741
2017-02-16,24.538712304973,24.619954313057,24.300538384482,24.579843196095,98018913.068264
2017-02-17,24.279349743601,24.579843196095,24.198221043758,24.518656746492,85592253.560392
2017-02-21,24.590947403616,24.801247497066,24.579843196095,24.780172164425,78498037.844463
2017-02-22,24.612022736257,24.948208284352,24.538712304973,24.791276371945,81281359.030024
2017-02-23,24.791276371945,24.89030777371,24.509705395532,24.579843196095,85796829.069508
2017-02-24,24.120264974634,24.349600852405,24.02134688111,24.229380809759,97014741.140673
2017-02-27,24.198221043758,24.663238060739,24.189269692797,24.569758762735,68998381.567329
2017-02-28,24.480811794331,24.698930156341,24.420758427128,24.6789879061,90025809.457307
2017-03-01,25.368191819328,25.606771592682,25.218401677534,25.503522580918,143770799.33795
2017-03-02,25.680988880132,25.800843586348,25.200779307912,25.228455465332,99639185.270703
2017-03-03,25.301769041519,25.648907130306,25.301769041519,25.439246117358,92605587.499416
2017-03-06,25.33046187411,25.350456485797,25.078665323538,25.250596391268,75601240.786744
2017-03-07,25.218401677534,25.359380634517,25.099676610396,25.209590492723,63950331.80026
2017-03-08,25.598864119134,25.770908150771,25.218401677534,25.261779818144,105206930.26569
2017-03-09,25.350456485797,25.532441341325,25.228455465332,25.350456485797,78767847.07472
2017-03-10,25.61784205565,25.61784205565,25.089735786507,25.311596901501,86876766.34941
2017-03-13,25.301769041519,25.406938439716,25.128595370803,25.301769041519,56385738.997934
2017-03-14,25.190725520114,25.340515661908,25.053135480367,25.320634014128,63159161.373496
2017-03-15,25.387056791937,25.550176674855,24.95892358123,25.180784696224,114625608.43743
2017-03-16,25.2395259283,25.49245211795,25.190725520114,25.218401677534,70250281.127514
2017-03-17,25.218401677534,25.271607678126,24.830144726294,24.860193125779,105155299.21333
2017-03-20,24.582866732036,24.761349706421,24.420763524289,24.439628496898,87212935.197487
2017-03-21,24.500741971038,24.560612842192,22.949860480327,23.022044417435,259403691.06139
2017-03-22,22.649263521569,23.179403141054,22.451802610668,22.939919656437,167926748.12635
2017-03-23,23.041813101307,23.488924248531,22.908741617874,23.067455908386,111630727.05127
2017-03-24,23.20052739182,23.351447172692,22.761323718145,23.1195322699,113377067.43964
2017-03-27,22.279871542938,23.048590935777,22.160016836722,23.030855602247,119365334.71793
2017-03-28,23.011990629638,23.670909104058,23.001033130577,23.479096388549,95614360.123046
2017-03-29,23.508918860218,23.652044131449,23.310441274146,23.351447172692,67134266.528065
2017-03-30,23.377993691034,23.979300572457,23.331452561004,23.870742257024,79076494.866354
2017-03-31,23.831882672728,23.970489387645,23.589913982138,23.589913982138,77073729.085366
2017-04-03,23.652044131449,23.748628272651,23.078639335262,23.589913982138,87992795.218251
2017-04-04,23.20052739182,23.508918860218,23.20052739182,23.440236804253,75195056.856654
2017-04-05,23.768622884338,23.879440477928,23.151839947541,23.169575281072,97241224.150459
2017-04-06,23.169575281072,23.46023141594,22.961043907203,23.258138984817,82879762.438728
2017-04-07,23.030855602247,23.341506348802,22.929865868639,23.160538168445,79502292.394416
2017-04-10,23.129586057697,23.279263235583,22.908741617874,23.022044417435,63175587.468829
2017-04-11,22.831135413189,22.949860480327,22.581485176866,22.918795405671,94194858.647145
2017-04-12,22.878919146204,22.939919656437,22.609387262102,22.649263521569,76361572.846625
2017-04-13,22.561490565179,22.961043907203,22.342001692249,22.342001692249,87946124.807008
2017-04-17,22.360866664858,22.831135413189,22.258747292172,22.810011162423,84864066.665966
2017-04-18,23.108461806932,23.151839947541,22.378601998389,22.709247356631,146325321.28495
2017-04-19,22.918795405671,23.151839947541,22.680215632317,22.740199467379,101690188.17096
2017-04-20,22.961043907203,23.169575281072,22.820064950221,23.067455908386,103664923.58018
2017-04-21,23.030855602247,23.078639335262,22.591651928572,22.709247356631,127005978.66497
2017-04-24,23.240516615194,23.853006923493,23.240516615194,23.63216248367,138480727.64981
2017-04-25,23.989354360254,24.349822190166,23.908359238334,23.979300572457,131450801.45608
2017-04-26,23.999295184144,24.191220863561,23.861705144397,23.889494265725,95066571.207903
2017-04-27,23.898305450537,23.924964932786,23.46023141594,23.652044131449,79928282.831293
2017-04-28,23.567660092294,23.718579873166,23.320382098036,23.341506348802,69341538.187529
2017-05-01,23.520102287094,23.768622884338,23.351447172692,23.611038232904,72296260.28563
2017-05-02,23.611038232904,23.670909104058,23.331452561004,23.528913471906,57073453.509704
2017-05-03,23.370312145301,23.77845074432,23.341506348802,23.768622884338,64126192.522805
2017-05-04,23.979300572457,24.050241906579,23.728633660964,23.853006923493,68100652.244147
2017-05-05,23.979300572457,23.989354360254,23.601097409014,23.737444845775,56635269.252634
2017-05-08,23.748628272651,24.059279019206,23.748628272651,23.960435599848,55962010.281681
2017-05-09,24.029230619721,24.308816291621,23.870742257024,23.979300572457,61468815.021881
2017-05-10,23.908359238334,24.170096612795,23.870742257024,24.150102001108,48462608.038142
2017-05-11,24.094636722359,24.231097123028,23.84171053271,24.069106879188,68316172.855301
2017-05-12,23.919429701302,23.999295184144,23.748628272651,23.999295184144,62536555.389197
2017-05-15,24.059279019206,24.140274141126,23.979300572457,24.059279019206,50483078.160713
2017-05-16,24.069106879188,24.170096612795,23.94044098816,23.989354360254,55574616.03061
2017-05-17,23.370312145301,23.450064664234,22.459597120309,22.572786955963,189985464.40891
2017-05-18,22.609387262102,23.001033130577,22.499586343683,22.740199467379,108420356.60446
2017-05-19,22.908741617874,23.29925784727,22.868752394499,23.048590935777,88450528.169392
2017-05-22,23.19058656793,23.240516615194,22.820064950221,23.041813101307,74661338.56615
2017-05-23,23.030855602247,23.498978036328,22.840059561908,23.389290081817,78811570.668617
2017-05-24,23.440236804253,23.471188915,23.221651642585,23.361387996581,59103005.671044
2017-05-25,23.410188404768,23.578956483078,23.221651642585,23.249440763914,60383340.565362
2017-05-26,23.231705430383,23.420242192565,23.169575281072,23.240516615194,50297129.388949
2017-05-30,23.129586057697,23.210581179617,22.878919146204,22.908741617874,60909070.267519
2017-05-31,22.779587975067,22.799517130802,22.090849864174,22.408027444423,138620584.16332
2017-06-01,22.48121360955,22.638282379322,22.299711920036,22.628148910305,69526809.512571
2017-06-02,22.272126365488,22.589416539838,22.158181136091,22.449011696894,79432365.195635
2017-06-05,22.439103416077,22.701109887231,22.388210882789,22.408027444423,51510860.971305
2017-06-06,22.200178735463,22.408027444423,22.070920708439,22.231254707117,71641224.159401
2017-06-07,22.299711920036,22.61936657049,22.266609254578,22.600450761657,66273291.971024
2017-06-08,22.61936657049,23.207558149909,22.600450761657,22.969759410297,93291105.98757
2017-06-09,23.218479777628,23.668630990207,23.207558149909,23.668630990207,108067773.20723
2017-06-12,23.818944113968,24.035687756843,23.551420531904,23.781337684503,85746652.840226
2017-06-13,23.949440676094,24.110900615774,23.661875344196,23.772667938788,67932023.676513
2017-06-14,23.551420531904,23.809148427251,23.198663215993,23.761408528768,102010336.23683
2017-06-15,23.551420531904,23.945162100287,23.468438680061,23.541512251087,69681118.885917
2017-06-16,23.561441406822,23.621116279925,23.37014403059,23.429818903694,57350628.752577
2017-06-19,23.611095405008,24.000333209382,23.601299718291,23.909694958725,58520684.866744
2017-06-20,23.909694958725,23.989298987563,23.47958549598,23.487354488893,59587205.74031
2017-06-21,23.487354488893,23.571349687639,23.071544476873,23.131219349976,72346368.796032
2017-06-22,23.121198475059,23.193258699184,22.901302197378,22.93102703983,64553705.648231
2017-06-23,23.11027684734,23.11027684734,22.7408556046,22.819446286536,85322137.462033
2017-06-26,22.910084537193,23.141127630794,22.731059917883,22.891281322461,61281432.581046
2017-06-27,23.099242625521,23.601299718291,22.998583499947,23.270610846018,88185539.527653
2017-06-28,23.530365435168,23.959461551011,23.530365435168,23.879744928073,118418461.05711
2017-06-29,24.577490566982,24.671506640645,24.035687756843,24.319875265736,150365181.62955
2017-06-30,24.620726701457,24.620726701457,24.169449547875,24.260087798532,82361207.205735
2017-07-03,24.460280108679,24.910431321259,24.440350952945,24.681414921462,58129709.302819
2017-07-05,24.798625379765,24.952316326532,24.620726701457,24.921352948978,75968061.882148
2017-07-06,24.899171911239,25.109385096304,24.690309855378,24.710239011112,84382999.148002
2017-07-07,24.921352948978,24.998817689912,24.65157748491,24.828575410417,53526924.420015
2017-07-10,24.719021350927,24.988796814995,24.640655857192,24.890502165524,54470609.17186
2017-07-11,24.879355349605,24.910431321259,24.460280108679,24.598545663719,69330777.279531
2017-07-12,24.42053439131,24.598545663719,24.299946110001,24.35095123739,68618025.702686
2017-07-13,24.430442672127,24.630522388174,24.36862851112,24.620726701457,55342447.182831
2017-07-14,24.198386231625,24.319875265736,23.818944113968,24.209307859344,92464645.53198
2017-07-17,24.21820279326,24.21820279326,23.930637461361,24.020262365117,81264793.978354
2017-07-18,23.909694958725,24.060120676586,23.611095405008,23.899674083808,107930366.23616
2017-07-19,24.048861266566,24.198386231625,23.809148427251,24.060120676586,74099164.825713
2017-07-20,24.020262365117,24.117543667685,23.827839047883,23.939532395277,62586527.032766
2017-07-21,23.838873269702,23.959461551011,23.65872270939,23.799014958233,65844567.497628
2017-07-24,23.741591967134,24.030170645934,23.725040634405,23.909694958725,51360941.573918
2017-07-25,24.251418052817,24.671506640645,24.240271236898,24.480209264414,86063966.524885
2017-07-26,24.671506640645,24.671506640645,24.135220941416,24.209307859344,65569435.205379
2017-07-27,24.260087798532,24.451497768864,24.034561815841,24.110900615774,62298980.894201
2017-07-28,24.048861266566,24.209307859344,23.959461551011,24.030170645934,49510854.307348
2017-07-31,24.120921490691,24.299946110001,24.089845519037,24.120921490691,62249554.323089
2017-08-01,24.290037829184,24.491243486233,24.27010867345,24.451497768864,52692475.365812
2017-08-02,24.440350952945,24.587511441899,24.260087798532,24.587511441899,55295989.769338
2017-08-03,24.549792418334,24.598545663719,24.319875265736,24.36862851112,53164169.871716
2017-08-04,24.681414921462,25.079547659752,24.65157748491,24.973371423268,104964378.55392
2017-08-07,25.009851911731,25.048584282198,24.899171911239,24.962337201449,41812351.35054
2017-08-08,24.952316326532,25.348197182817,24.819680476502,24.899171911239,73304435.376824
2017-08-09,24.598545663719,24.769913884216,24.460280108679,24.740076447664,56839255.339528
2017-08-10,24.577490566982,24.577490566982,24.089845519037,24.120921490691,76745700.812762
2017-08-11,24.069916363303,24.240271236898,23.799014958233,23.859928366439,68070193.05996
2017-08-14,24.229237015079,24.485838969423,24.169449547875,24.42053439131,54832601.307771
2017-08-15,24.749984728481,24.849517913053,24.451497768864,24.469175042594,45093046.225747
2017-08-16,24.538870790615,24.620726701457,24.08004983232,24.18937870361,59075680.387427
2017-08-17,24.069916363303,24.16618431897,23.621116279925,23.638906147756,78193081.493947
2017-08-18,23.561441406822,23.899674083808,23.449635465328,23.621116279925,60261100.513049
2017-08-21,23.580244621554,23.638906147756,23.141127630794,23.380052311407,68202294.798431
2017-08-22,23.601299718291,23.889878397091,23.571349687639,23.827839047883,59151273.168768
2017-08-23,23.611095405008,23.97038317873,23.591166249273,23.761408528768,39694726.974687
2017-08-24,23.930637461361,23.939532395277,23.678539271025,23.838873269702,39106839.192844
2017-08-25,23.889878397091,24.069916363303,23.751612842051,23.772667938788,43431337.223006
2017-08-28,23.838873269702,23.899674083808,23.571349687639,23.719410929395,36829566.748115
2017-08-29,23.218479777628,23.698468426759,23.121198475059,23.580244621554,60806720.079719
2017-08-30,23.729766148958,24.040960770956,23.559158010259,23.869344442338,58375842.314885
2017-08-31,24.03110291396,24.040960770956,23.780287666064,23.889172177433,62326897.092496
2017-09-01,23.900262266554,24.180651085439,23.800115401159,24.0883456972,56210891.277881
2017-09-05,23.829688972148,23.829688972148,23.231496286233,23.309462973386,108809285.96086
2017-09-06,23.490937159001,23.574616922367,23.211668551138,23.410618028701,63218295.437432
2017-09-07,23.378804035667,23.389670082584,22.749581504434,22.969478928114,103447630.41807
2017-09-08,22.928815268004,23.231496286233,22.850624538647,22.889159797814,67471827.183404
2017-09-11,23.22029417601,23.410618028701,23.078587481687,23.358976300572,73642256.617451
2017-09-12,23.460243376989,24.03110291396,23.451393709913,23.949663572638,99580267.295215
2017-09-13,23.918969790626,24.350026992012,23.87046465336,24.331431489042,86249857.579957
2017-09-14,24.38307321717,24.542591266748,24.200478820534,24.239014079701,69783584.729366
2017-09-15,24.211568909654,24.409510197297,24.15107751445,24.38307321717,85767474.506332
2017-09-18,24.419480075396,24.769321977664,24.409510197297,24.69886070436,67966834.864122
2017-09-19,24.69886070436,24.990451633468,24.619549763981,24.860619175982,56111947.01062
2017-09-20,24.879326700055,25.240146670342,24.668166922349,25.06180907559,82228611.150464
2017-09-21,25.052063239696,25.281930541474,24.917861959223,25.157587117998,57819806.912591
2017-09-22,25.009047136439,25.071778953688,24.851769508906,25.019017014537,61355548.659822
2017-09-25,24.938697884238,25.081636810685,24.581126525915,24.760472310588,62272902.53517
2017-09-26,24.831941773811,24.955277007368,24.683513813355,24.812114038716,52973333.150847
2017-09-27,25.312624323486,25.639389878694,25.17730283199,25.407282154871,92748015.014615
2017-09-28,25.589876551508,25.639389878694,25.341301725657,25.450186237026,64929512.386782
2017-09-29,25.407282154871,25.481104061241,25.312624323486,25.341301725657,63889635.826922
2017-10-02,25.460156115124,25.649359756793,25.387454419776,25.619562143599,53966605.566375
2017-10-03,25.75264321305,25.92986059678,25.619562143599,25.860519534499,55884242.29575
2017-10-04,25.860519534499,25.950808542897,25.699993295001,25.71097136302,53305100.880279
2017-10-05,25.76922233618,26.230189171862,25.658097402767,26.130042306467,62558265.197815
2017-10-06,26.252145307899,26.298298002019,26.041993720113,26.210361436767,53870219.309221
2017-10-09,26.262003164896,26.270852831972,25.761604901229,25.84954146648,55067206.231826
2017-10-10,25.828593520363,25.950808542897,25.71097136302,25.92986059678,46093163.177722
2017-10-11,25.92986059678,25.92986059678,25.649359756793,25.828593520363,51603610.550739
2017-10-12,25.871497602517,25.871497602517,25.341301725657,25.450186237026,71579894.148533
2017-10-13,25.378716773802,25.998081448039,25.120172069852,25.828593520363,104028325.98318
2017-10-16,25.871497602517,26.329103805132,25.871497602517,26.241167239881,71849207.888496
2017-10-17,26.372119908389,26.432499282492,26.110214571372,26.199383368748,48565255.415445
2017-10-18,26.340193894253,26.549113249914,26.329103805132,26.477755807793,55320596.495229
2017-10-19,26.199383368748,26.592129353171,26.14874983054,26.582159475073,54467819.194143
2017-10-20,27.04088588871,27.17945599217,26.899067173285,27.169710156276,83582441.181028
2017-10-23,27.220231673382,27.431391451088,27.090399215896,27.159740278177,69568913.68504
2017-10-24,27.350064130868,27.840716558641,27.339086062849,27.679966276939,89930017.81463
2017-10-25,27.888997653703,27.919915477919,27.339086062849,27.632693371798,81204390.812377
2017-10-26,27.688927965118,27.979286662101,27.679966276939,27.738329271202,55254716.372109
2017-10-27,27.679966276939,27.959458927006,27.620595092757,27.801061088451,58760607.395856
2017-10-30,27.640422827852,27.759277217319,27.459956832157,27.600879378764,51319945.955923
2017-10-31,27.640422827852,27.718501536107,27.339086062849,27.389719601058,50274481.589338
2017-11-01,27.640422827852,27.728583435308,27.358801776842,27.53041810546,46507184.47663
2017-11-02,27.508461969423,27.934142157902,27.275234034578,27.87029012963,59680008.406513
2017-11-03,27.728583435308,27.820888823546,27.622835514801,27.820888823546,37807506.641579
2017-11-06,27.738329271202,27.820888823546,27.622835514801,27.748187128198,37218461.636938
2017-11-07,27.738329271202,27.770255285338,27.019937942592,27.17945599217,68282384.591311
2017-11-08,26.96056675841,26.96056675841,26.488733875812,26.791190851836,82995186.965268
2017-11-09,26.488733875812,26.66035020443,26.121304660493,26.488733875812,95371790.706646
2017-11-10,26.592129353171,26.738428912685,26.460168494743,26.508561610907,61095240.678967
2017-11-13,26.262003164896,26.477755807793,26.138891973543,26.40180550048,55878196.337962
2017-11-14,26.262003164896,26.350051751249,26.079408768259,26.241167239881,61430957.234236
2017-11-15,25.98710338002,26.928752765376,25.80988599629,26.791190851836,98208168.490986
2017-11-16,26.908925030281,27.050855766808,26.738428912685,26.758144626678,54536426.40693
2017-11-17,26.508561610907,26.728571055689,26.443589371613,26.621814945263,48404136.230889
2017-11-20,26.738428912685,26.839583968,26.538135181896,26.738428912685,46301960.979937
2017-11-21,26.801048708833,26.86165212514,26.687795374477,26.728571055689,57717021.085021
2017-11-22,26.769122694697,26.899067173285,26.592129353171,26.66035020443,38078862.971702
2017-11-24,26.720729578533,26.738428912685,26.571181407054,26.592129353171,14273573.676236
2017-11-27,26.518419467903,26.917774697358,26.508561610907,26.592129353171,44745646.359734
2017-11-28,26.621814945263,27.698673801012,26.565692373045,27.640422827852,99234759.579016
2017-11-29,28.018830111189,28.489766824969,27.840716558641,28.280735448205,119550693.10441
2017-11-30,28.619743152177,28.719465066237,28.078523099583,28.170548355846,121879502.34224
2017-12-01,28.248295754168,28.510093665017,27.502389222491,28.099382157669,136666177.99541
2017-12-04,28.849750519953,29.310992258922,28.82119480407,29.061129744946,145535295.69065
2017-12-05,29.270389600401,29.299837682406,28.849750519953,28.928613375927,91136801.865542
2017-12-06,28.730285005458,28.971335403986,28.569324466321,28.64160612215,74256536.096719
2017-12-07,28.452201412895,28.971335403986,28.368876726315,28.779588233663,80639492.307642
2017-12-08,29.080873345381,29.090689372716,28.759844633228,29.050086714195,60944021.734139
2017-12-11,29.050086714195,29.169552228689,28.898942202392,28.939544860913,53925615.240049
2017-12-12,29.050086714195,29.499281510526,28.908869775492,29.320696740492,75886112.834122
2017-12-13,29.310992258922,29.439046797335,28.832237834822,28.84082685874,78519060.08757
2017-12-14,29.061129744946,29.179479801789,28.709425947372,28.730285005458,60513292.820983
2017-12-15,28.908869775492,29.179479801789,28.740101032793,29.040382232625,129670027.17807
2017-12-18,29.290133200836,29.499281510526,29.270389600401,29.478533998204,70475531.323464
2017-12-19,29.600118882237,29.639494537342,29.370111514461,29.449866736556,65794737.727728
2017-12-20,29.761079421375,29.838826819697,29.449866736556,29.478533998204,81178682.384081
2017-12-21,29.590191309137,29.979151392278,29.580486827568,29.819083219262,72803753.182531
2017-12-22,29.979151392278,30.029458532368,29.61874702502,29.879429478218,54153114.46767
2017-12-26,29.780823021809,29.941895106712,29.780823021809,29.780823021809,42306468.579418
2017-12-27,29.659126592011,29.73163133937,29.601122794124,29.73163133937,35047030.88771
2017-12-28,29.73163133937,29.819083219262,29.659126592011,29.799451164592,37841841.426068
2017-12-29,29.849758304683,29.879429478218,29.521256026264,29.521256026264,40585892.698708
2018-01-02,29.75126339404,29.900288536304,29.611050367224,29.900288536304,57071970.346591
2018-01-03,29.900288536304,29.941895106712,29.688797765546,29.799451164592,57837026.466119
2018-01-04,29.971343188716,30.439277673595,29.879429478218,30.188299701968,76432372.436003
2018-01-05,30.371234756843,30.41953407316,30.049202132803,30.331747555973,56235315.198066
2018-01-08,30.23001781814,30.270397385131,30.049202132803,30.121372242867,42860701.481304
2018-01-09,30.198115729302,30.540895865663,30.131411361732,30.270397385131,69378157.298378
2018-01-10,30.371234756843,30.729296663032,30.309773040235,30.55205044218,63455386.660927
2018-01-11,30.658130464855,30.690032553693,30.450097612816,30.658130464855,59168352.121439
2018-01-12,30.882672090137,31.199350517449,30.771014779204,31.190538402001,66253784.910417
2018-01-16,31.73833965474,31.789762252482,31.029577862863,31.23995317597,104340448.82274
2018-01-17,30.999906689329,31.290260316061,30.341675129073,31.179718462779,124324050.02906
2018-01-18,31.32974751693,31.707553023554,31.208051087132,31.479776571081,76371400.517762
2018-01-19,31.579498485141,31.73833965474,31.458917512995,31.717592142419,66379384.012898
2018-01-22,31.669181280336,31.942022221937,31.579498485141,31.942022221937,53769390.047745
2018-01-23,31.859812993008,32.132653934608,31.785411967641,31.922278621502,56300753.040697
2018-01-24,32.00772267762,32.208170417627,31.820325792138,32.092051276087,81516447.585393
2018-01-25,32.240072506465,32.251003991451,31.93109073695,32.092051276087,62023137.687314
2018-01-26,32.112910334174,32.197238932641,31.950834337385,32.197238932641,52663015.706111
2018-01-29,32.251003991451,32.450336273806,32.177495332206,32.280452073456,59092443.274566
2018-01-30,31.950834337385,32.197238932641,31.850108511438,31.880672051094,60489501.640379
2018-01-31,32.049329248028,32.289375734669,31.950834337385,31.997906650286,65432792.44888
2018-02-01,31.997906650286,32.499639502011,31.959534907068,32.499639502011,62253277.945037
2018-02-02,32.440520246472,32.671643071899,31.859812993008,31.950834337385,96835738.583304
2018-02-05,31.121603119127,31.978163049851,29.149808628255,30.259465900145,155165109.47785
2018-02-06,29.411606539104,31.290260316061,29.299837682406,31.199350517449,165878399.2458
2018-02-07,31.121603119127,31.73833965474,30.86092066593,31.250773115191,101127638.89896
2018-02-08,31.311119374147,31.380054657021,29.73163133937,29.74133582094,128792260.32903
2018-02-09,30.16978310495,30.611169697719,29.128949570168,30.331747555973,143014242.11801
2018-02-12,30.619870267402,31.43917391256,30.540895865663,31.121603119127,95006458.706951
2018-02-13,31.04050934785,31.400802169342,30.760083294218,31.179718462779,76620491.741225
2018-02-14,31.997906650286,32.028581735707,31.997906650286,31.997906650286,97104168.756533
2018-02-15,32.388986102964,32.469968328476,31.869852111873,32.208170417627,68086443.442972
2018-02-16,31.997906650286,32.261823930673,31.922278621502,31.968347022516,62093589.196493
2018-02-20,31.959534907068,32.159982647075,31.749271139726,31.93109073695,58528271.591237
2018-02-21,31.799689825582,32.364892217688,31.770018652048,31.869852111873,72166025.204893
2018-02-22,31.986975165299,32.141354504291,31.590318424362,31.691155796074,64704411.318399
2018-02-23,32.028581735707,32.06037227878,32.028581735707,32.028581735707,53559891.45322
2018-02-26,32.168794762523,32.440520246472,32.049329248028,32.421892103689,61756600.87614
2018-02-27,32.319939274325,32.85123175382,32.319939274325,32.330870759312,69235526.153516
2018-02-28,32.490827386562,32.769022524891,32.092051276087,32.101978849187,72043995.555472
2018-03-01,32.06709609121,32.344251247717,31.359872588398,31.480002790557,90547117.462685
2018-03-02,31.119834441623,31.690591812843,30.629867687396,31.629470988433,82739098.064468
2018-03-05,31.350093256492,32.354141708395,31.164508207828,32.13155077877,70543121.193911
2018-03-06,32.301800056945,32.320358561812,31.951411039917,32.109658410754,50832603.151964
2018-03-07,31.700371144749,32.229677484141,31.580463200133,32.179447279353,52763869.411679
2018-03-08,32.190337898975,32.269017069307,31.81061088623,32.200228359653,53139845.665954
2018-03-09,32.469826759688,32.731646145707,32.399926762317,32.720866654856,73905831.912512
2018-03-12,32.689194954934,33.053586197191,32.641076196808,32.83866315281,60322841.549681
2018-03-13,32.96957284582,32.989242638403,32.301800056945,32.359587018206,63347500.127502
2018-03-14,32.551617535626,32.551617535626,31.929518671901,32.14233026962,58011350.933866
2018-03-15,32.290798308551,32.339917225623,31.929518671901,32.098767791132,41964199.443384
2018-03-16,32.109658410754,32.570287169264,32.076875423116,32.169779076219,83447552.429456
2018-03-19,32.13155077877,32.22089831118,31.679701193221,31.981971452122,57363193.774288
2018-03-20,32.057205630533,32.200228359653,31.878288308168,31.981971452122,44784461.646591
2018-03-21,32.001641244705,32.451268254821,31.679701193221,31.867397688546,64546308.780801
2018-03-22,31.439551917674,31.490782281407,30.420389952827,30.549077070403,110271915.57771
2018-03-23,30.688765936374,30.820898045871,29.048616395518,29.170635786795,115740205.84547
2018-03-26,29.887860879056,30.554633508986,29.650934337888,30.442171192071,83297046.287011
2018-03-27,30.650537638924,30.671207590452,29.211086659678,29.518913357162,85821839.080203
2018-03-28,29.790623203858,29.959761194317,29.008165522636,29.389003823097,79396115.911928
2018-03-29,29.569032433178,30.139789804398,29.31265835697,29.991321765467,65678284.96937
2018-04-02,29.800402535764,30.054776294082,28.749457742223,29.31265835697,86644164.749222
2018-04-03,29.53958330869,29.650934337888,29.101958205913,29.589702384706,69698723.90526
2018-04-04,28.998275061958,29.970651813939,28.95137872032,29.877859289607,66640759.512734
2018-04-05,30.179018260792,30.549077070403,30.114785830776,30.319929543251,55765511.634541
2018-04-06,30.012102845767,30.289369131046,29.368333871569,29.631264545305,79687621.282147
2018-04-09,29.82229490378,30.625533665302,29.758840375165,29.868191086473,65917534.838581
2018-04-10,30.479288201804,30.579526353837,30.231582169785,30.479288201804,60686335.568616
2018-04-11,30.149680265075,30.241361501691,29.887860879056,29.89752908219,62211488.425465
2018-04-12,30.221691709108,30.799005677855,30.164904906792,30.650537638924,57989105.2117
2018-04-13,31.130613932474,31.16995351764,29.559253101273,29.800402535764,99254533.139964
2018-04-16,30.07878010876,30.367826043834,29.470794599035,29.930200941057,110588916.8895
2018-04-17,30.170461345375,30.367826043834,29.877859289607,30.04055181131,83475896.32195
2018-04-18,30.030661350633,30.221691709108,29.501466140012,29.529692848012,79743216.802816
2018-04-19,29.549362640595,30.241361501691,29.53958330869,30.179018260792,80902611.391464
2018-04-20,30.262031453219,30.528295990104,30.128899184776,30.262031453219,65554554.880286
2018-04-23,30.268699179518,30.399608872527,30.120120011815,30.319929543251,50686346.944001
2018-04-24,30.461618727111,30.858015055604,30.002434642633,30.190131137958,81486780.371917
2018-04-25,30.088559440665,30.34071062355,29.800402535764,30.139789804398,65893479.366393
2018-04-26,30.04055181131,30.279478670368,29.991321765467,30.070000935799,45936714.366038
2018-04-27,29.991321765467,30.210801089486,29.970651813939,30.149680265075,47411234.540759
2018-04-30,30.268699179518,30.431169443677,29.919421450206,29.919421450206,55153947.162238
2018-05-01,29.919421450206,29.959761194317,29.621485213399,29.94987073364,52871713.102726
2018-05-02,29.94987073364,30.070000935799,29.559253101273,29.578922893856,68234555.500665
2018-05-03,29.509022896485,29.518913357162,28.428628978455,29.201418456544,110672739.01253
2018-05-04,28.990718305486,29.420564394247,28.818246451877,29.301656608576,58281855.873201
2018-05-07,29.44023418683,29.788511757197,29.328994286404,29.641155005982,46765220.675003
2018-05-08,29.76995325233,30.12445403391,29.665047691888,29.930200941057,65119831.84948
2018-05-09,30.099450060287,30.789115217178,30.07878010876,30.719326348579,72266530.103908
2018-05-10,30.610309023585,31.070715524552,30.420389952827,30.889575626754,54773214.243475
2018-05-11,30.910356707054,31.029375621496,30.809896297478,30.920024910188,42024768.798543
2018-05-14,31.03904382463,31.23107434205,31.029375621496,31.119834441623,41791619.848646
2018-05-15,30.920024910188,31.359872588398,30.850236041588,31.220294851199,64433547.151342
2018-05-16,31.179955107089,31.249632846916,31.02159660748,31.05982490493,43590052.289421
2018-05-17,31.03904382463,31.080494856457,30.671207590452,30.809896297478,45981500.868349
2018-05-18,30.771668000028,30.789115217178,30.231582169785,30.262031453219,58641738.639055
2018-05-21,30.519516817143,30.682209338846,30.479288201804,30.549077070403,34983266.960318
2018-05-22,30.59919614642,31.13839294649,30.53807532201,30.889575626754,61103043.568825
2018-05-23,30.708435728957,30.761888668123,30.079891396476,30.442171192071,73893108.682613
2018-05-24,30.399608872527,30.409277075661,29.832185364457,30.210801089486,62146184.397716
2018-05-25,30.012102845767,30.190131137958,29.877859289607,30.159348468209,44166740.358897
2018-05-29,29.758840375165,29.800402535764,28.700338825152,28.960046764509,135895027.13923
2018-05-30,29.290765988954,29.600815261872,29.159856295945,29.490464391618,79435290.814677
2018-05-31,29.199909910028,29.258457815097,28.825933782939,29.040092944205,97509298.254856
2018-06-01,29.491099963408,29.659549701623,29.309701066604,29.398795704754,64796588.097788
2018-06-04,29.549869221615,29.588938050518,29.330397585032,29.398795704754,43777000.946185
2018-06-05,29.309701066604,29.341133212237,29.059682696941,29.119448044271,47690803.146093
2018-06-06,29.29121807956,30.049905960943,29.280261099216,30.039945069721,74995766.387241
2018-06-07,30.199872712114,30.311766723504,29.892191849933,30.09096696809,68402664.500807
2018-06-08,30.00961968978,30.049905960943,29.809516452794,30.00961968978,49572934.968526
2018-06-11,30.131253239253,30.407391279232,30.059534822457,30.059534822457,46732805.590313
2018-06-12,30.169215302465,30.269266920958,29.747758927219,29.899939209772,49644577.377739
2018-06-13,29.9790729567,30.35415584948,29.696515675712,29.840063185873,68900241.854044
2018-06-14,30.039945069721,30.049905960943,29.3814194834,29.502056943752,77863245.857359
2018-06-15,29.248828953583,29.409531331959,28.866109377533,29.280261099216,105079500.25403
2018-06-18,28.93893456002,29.502056943752,28.810771092968,29.398795704754,52644117.694973
2018-06-19,29.040092944205,29.370462503056,28.948895451242,29.258457815097,65466246.716212
2018-06-20,29.419381546612,29.502056943752,29.181426922983,29.239974828053,52256489.992973
2018-06-21,29.20854268242,29.448710837431,29.000913438733,29.29121807956,68322596.982546
2018-06-22,29.458561052084,29.521536019918,28.992280666341,28.992280666341,77348905.692965
2018-06-25,28.860686225646,28.908609180079,28.259712455272,28.478188002734,73616372.607863
2018-06-26,28.51935968645,28.66943711419,28.008587319917,28.540056204877,56369345.399946
2018-06-27,28.509730824936,28.845523535675,28.240122702536,28.240122702536,61764438.551014
2018-06-28,28.399939668359,28.84109647291,28.299888049866,28.66943711419,71292115.315696
2018-06-29,29.091114842573,29.170469942639,28.178254500393,28.189100804167,102438344.9566
2018-07-02,28.081412502404,28.280408973699,27.83150480931,28.280408973699,52534347.457981
2018-07-03,28.330324106377,28.431482490561,27.741303405469,27.780482910941,40599017.978597
2018-07-05,27.949928738278,28.080416413282,27.80981220176,27.920599447459,44506827.742639
2018-07-06,27.80981220176,28.148814533004,27.628302628388,28.029283838344,40275278.310028
2018-07-09,28.231489930144,29.091114842573,28.2205329498,29.05082857141,61758902.471387
2018-07-10,29.219388986195,29.330397585032,28.750895069069,28.831467611395,58858394.218413
2018-07-11,28.66943711419,28.908609180079,28.620518070634,28.678180563151,50218920.107011
2018-07-12,28.898758965426,28.970588058791,28.659697576106,28.770484821805,51700695.936676
2018-07-13,28.620518070634,28.686813335543,28.223853246874,28.54990641953,75240879.371969
2018-07-16,28.780445713027,29.850909489648,28.730309227211,29.778084307161,129171966.74681
2018-07-17,29.892191849933,30.199872712114,29.579198512435,30.00961968978,87778862.228808
2018-07-18,29.920303698492,30.289963439385,29.840063185873,30.131253239253,59109224.537161
2018-07-19,29.930264589714,30.015042841667,29.638853183196,29.670506681967,59260577.476287
2018-07-20,29.620370196151,30.15958644095,29.458561052084,30.131253239253,82019603.238876
2018-07-23,30.141103453906,30.850761615165,30.131253239253,30.749824584118,74080230.203373
2018-07-24,30.850761615165,31.111736965172,30.650879731317,30.829069007615,64761475.34944
2018-07-25,30.700794863994,31.111736965172,30.669362718361,31.071450694009,57554742.693822
2018-07-26,31.189874622978,31.210571141405,30.890937209759,30.939966929883,46215032.633318
2018-07-27,30.989882062561,31.13874204804,30.799739716796,31.060493713665,57215298.29812
2018-07-30,31.13874204804,31.450849972985,31.130219952217,31.310512083329,58721008.908474
2018-07-31,31.360537892576,31.414990764587,30.819329469532,30.881308348244,64066045.484488
2018-08-01,31.220421356057,31.550790914909,31.169399457689,31.249639970308,69070662.387352
2018-08-02,30.980142524477,31.310512083329,30.870240691331,31.279079937696,46427160.998696
2018-08-03,31.180135084894,31.510504643746,31.160545332158,31.510504643746,50153768.813265
2018-08-06,31.450849972985,31.588752978121,31.3256747733,31.520354858399,41261492.666538
2018-08-07,31.550790914909,31.799591842313,31.489918801888,31.510504643746,43946162.81954
2018-08-08,31.510504643746,31.909382998889,31.478961821544,31.799591842313,43689582.964213
2018-08-09,31.728980191208,31.789852304229,31.550790914909,31.599709958465,38219054.862761
2018-08-10,31.231156983263,31.3256747733,30.899791335289,31.189874622978,55679849.086184
2018-08-13,31.080083466401,31.120369737564,30.449891081777,30.480216461719,63960629.953309
2018-08-14,30.609486694462,30.899791335289,30.418237583006,30.790000178713,42521241.064728
2018-08-15,30.480216461719,30.620443674806,30.154052612494,30.359468324798,59747875.773252
2018-08-16,30.561785093167,30.83991531139,30.520392056313,30.720273940161,44015361.514694
2018-08-17,30.659512503709,30.856184767052,30.546401050058,30.738756927206,39843537.704968
2018-08-20,30.689948560219,30.924693563343,30.650879731317,30.870240691331,40011042.526734
2018-08-21,30.909420196803,31.249639970308,30.829069007615,31.019322029949,53510571.661162
2018-08-22,30.919381088025,31.085617294858,30.881308348244,30.980142524477,33062883.524772
2018-08-23,30.939966929883,30.980142524477,30.738756927206,30.83991531139,38259065.160029
2018-08-24,30.939966929883,31.080083466401,30.850761615165,30.890937209759,43585012.98018
2018-08-27,31.029061568032,31.489918801888,30.989882062561,31.310512083329,47729272.320978
2018-08-28,31.360537892576,31.411670467513,31.189874622978,31.269229723044,38538984.508773
2018-08-29,31.239900432224,31.310512083329,31.071450694009,31.13874204804,46401766.982126
2018-08-30,31.019322029949,31.149809704953,30.949706467966,31.009471815296,47358913.470321
2018-08-31,30.881308348244,30.949706467966,30.620443674806,30.930116715231,49265952.590673
2018-09-04,30.909420196803,31.160545332158,30.819329469532,31.13874204804,44745551.74001
2018-09-05,31.071450694009,31.239900432224,30.969296220702,31.180135084894,48516721.453295
2018-09-06,31.049629945306,31.110209216218,30.731643845086,30.85059950433,42666013.019672
2018-09-07,30.999954943159,31.118800458274,30.629870669955,30.860292187676,49103816.023385
2018-09-10,30.878686257207,30.999954943159,30.750037914617,30.819208427585,34156192.654334
2018-09-11,30.720739576322,30.900384650606,30.700252768341,30.85059950433,53071043.553876
2018-09-12,30.878686257207,30.962065362807,30.381055082703,30.42764604924,59482315.586302
2018-09-13,30.529419224371,30.668861691596,30.078268872275,30.139839440346,59219530.739547
2018-09-14,30.130256901129,30.390857910177,30.10965994902,30.371472543486,33743873.051726
2018-09-17,30.34118290803,30.491529644019,30.150853853239,30.27840075454,35026584.541258
2018-09-18,30.330278639266,30.401652034812,30.130256901129,30.209230241572,49921737.661002
2018-09-19,30.130256901129,31.199976681295,30.130256901129,30.999954943159,92666317.376522
2018-09-20,31.300648415137,31.370810225266,31.139287266255,31.190173853821,83357431.898305
2018-09-21,31.33952929265,31.370810225266,30.970656604864,31.030134434486,85992132.913483
2018-09-24,30.980459432338,31.199976681295,30.66027044954,30.741226384303,45587682.494767
2018-09-25,30.85059950433,31.039827117832,30.599691178628,30.668861691596,40949875.119348
2018-09-26,30.711046892976,30.741226384303,30.058773361454,30.130256901129,57882434.318283
2018-09-27,30.239519877028,30.309681687156,29.930014874735,29.940919143499,45879701.611413
2018-09-28,29.648816913577,29.850160381261,29.418395395856,29.458377714658,74707595.642514
2018-10-01,29.679216693162,29.940919143499,29.540765523097,29.648816913577,53900922.942568
2018-10-02,29.580747841899,29.721291750413,29.270251542446,29.580747841899,42940346.979342
2018-10-03,29.807865035752,30.177729020698,29.721291750413,29.999405675961,61080338.567661
2018-10-04,30.17244210251,30.790020233419,30.139839440346,30.42764604924,72325734.404637
2018-10-05,30.599691178628,30.650467622065,30.049080678108,30.230708346713,51930970.820097
2018-10-08,30.049080678108,30.417953365894,29.909417922625,30.267496485776,47471600.567479
2018-10-09,30.029585167288,30.191717325072,29.869655892082,29.98101160643,58868609.482901
2018-10-10,29.98101160643,30.130256901129,29.210773712824,29.240072051119,88454393.247292
2018-10-11,28.889593432864,29.248553149046,28.260119736031,28.358588587294,111417274.78881
2018-10-12,28.989053581288,29.041041610143,27.729004746331,28.462234212617,102279153.83588
2018-10-15,28.490541253752,28.620291037631,27.640338722543,27.920435242411,114636136.07402
2018-10-16,28.239522783921,28.579097133411,27.899838290301,28.529422131264,87887770.210924
2018-10-17,28.3692725678,29.190397048972,28.160549443478,28.900387557499,79068716.153015
2018-10-18,28.671067481068,28.900387557499,28.141053932657,28.249215467267,77369188.192061
2018-10-19,28.141053932657,28.519619303789,27.972313127137,28.319597565653,64305353.462821
2018-10-22,28.319597565653,28.34867561569,27.310346912269,27.380729010655,89942875.314902
2018-10-23,26.389872426803,27.199982495081,26.104268700488,27.021549006215,102392522.26544
2018-10-24,26.859306704302,26.899289023103,26.078384830189,26.190841985827,86386604.643467
2018-10-25,26.380179743457,26.929688802688,26.181149302481,26.592207191647,73780443.730111
2018-10-26,26.330394597181,26.581413067012,25.878252947924,26.389872426803,91103495.521825
2018-10-29,26.688363016203,27.18059712839,26.28931083709,26.611592558338,89366974.713045
2018-10-30,26.759846555878,26.859306704302,26.319600472546,26.780443507988,79004847.487672
2018-10-31,27.099420905369,27.87935148232,27.059438586567,27.498473084481,92296258.540849
2018-11-01,27.770088506422,27.999408582854,27.611040384247,27.810180969352,49827339.472232
2018-11-02,28.010202707489,28.380066692435,27.52017147788,27.889044165666,69010189.515425
2018-11-05,27.950614733738,28.239522783921,27.889044165666,28.059987853765,41103069.128235
2018-11-06,28.018904093674,28.245029990367,27.738697429677,28.210334589754,43514383.747414
2018-11-07,28.414762093048,28.671067481068,28.141053932657,28.53911481461,56679199.252997
2018-11-08,28.500123792969,29.118803365167,28.429851838711,28.870097922044,49421212.309449
2018-11-09,28.747837938932,28.889593432864,28.383260872174,28.519619303789,43270614.44296
2018-11-12,28.380066692435,28.519619303789,27.640338722543,27.749491554312,50307470.821081
2018-11-13,27.749491554312,28.141053932657,27.691115165979,27.760285678947,57423447.682968
2018-11-14,27.950614733738,28.099860028438,26.780443507988,27.210886763845,69213343.699848
2018-11-15,27.140504665459,27.972313127137,26.878802215122,27.899838290301,66174810.182331
2018-11-16,27.691115165979,27.889044165666,27.419609888167,27.749491554312,52456146.667779
2018-11-19,27.780772486928,28.018904093674,27.54076842999,27.749491554312,45999950.324214
2018-11-20,27.419609888167,27.569956624157,26.97066241865,27.380729010655,92330609.108435
2018-11-21,27.590553576266,27.760285678947,27.248666200068,27.269263152178,40364426.067428
2018-11-23,27.078934097388,27.170794300915,26.878802215122,26.97066241865,22974140.354928
2018-11-26,27.18059712839,27.729004746331,27.099420905369,27.559162499521,53210680.390831
2018-11-27,27.429412715642,27.899838290301,27.39152313529,27.738697429677,43617082.283266
2018-11-28,27.87935148232,28.471045742931,27.559162499521,28.429851838711,61388131.856941
2018-11-29,28.17883336888,28.34867561569,27.972313127137,28.039390901655,46824635.755466
2018-11-30,27.941032194521,28.629873576848,27.870650096135,28.399562203256,64284618.311969
2018-12-03,28.989053581288,29.035644547825,28.353081380847,28.53911481461,59905120.178469
2018-12-04,28.319597565653,28.319597565653,26.728455479133,26.99015792947,103565701.16191
2018-12-06,26.231378249762,26.31856571411,25.532235555124,26.281982029321,133294174.89711
2018-12-07,26.14857206503,26.537958290855,25.299918203513,25.428946888189,107477612.87107
2018-12-10,25.181514121905,25.23102258156,24.292004827974,24.761020810811,110166900.58423
2018-12-11,25.209554311444,25.398825590833,24.529798779104,24.580293026672,78545014.22427
2018-12-12,24.869676545274,24.9901617347,24.368458157264,24.52005043196,87191847.736106
2018-12-13,24.65882746378,24.819072765716,24.281270692917,24.400770094429,64860055.015222
2018-12-14,24.179077345886,24.869676545274,24.118944283163,24.480290319449,92762596.091175
2018-12-17,24.260788210714,24.929919139987,24.158704395674,24.469446652401,98602807.880884
2018-12-18,24.669561598838,25.089069122019,24.310296670369,24.469446652401,89046304.830837
2018-12-19,24.449073702189,25.240770928705,24.070421611422,24.179077345886,121887603.80735
2018-12-20,23.849933714774,24.425414792266,23.759569822704,24.111277043836,112594028.48832
2018-12-21,23.907985669679,24.510411616806,23.260542074502,23.37029312887,160800437.57562
2018-12-24,22.762500114214,23.209938294944,22.661292555096,22.731393028944,64859063.038584
2018-12-26,22.910915961188,24.174805598261,22.690428064539,24.111277043836,100877808.21867
2018-12-27,23.781147624811,24.368458157264,23.389680291168,24.368458157264,91575399.938025
2018-12-28,24.59102716173,24.751272463666,24.260788210714,24.38981689539,78693795.845006
2018-12-31,24.570654211518,24.968583932593,24.368458157264,24.638344981577,56257341.686443
2019-01-02,24.080169958567,25.140658689491,24.010179016709,24.961135757247,71836304.110429
2019-01-03,24.940653275045,25.040655982268,24.449073702189,24.55981054447,66599626.898056
2019-01-04,25.098707937173,25.650530104741,25.02992184721,25.578458055067,83829145.47933
2019-01-07,25.559180424759,25.780654109321,25.290279388359,25.559180424759,57016334.90065
2019-01-08,25.718330406791,25.790402456465,25.089069122019,25.510657753018,67339430.431109
2019-01-09,25.672107906848,25.846263771563,25.390282095582,25.759185839205,69707185.697849
2019-01-10,25.559180424759,25.780654109321,25.418212753131,25.727969221945,65235784.528288
2019-01-11,25.530044915316,26.04101165047,25.461149293363,26.031372835316,63475964.979845
2019-01-14,25.769919974263,26.47990633595,25.609674672327,26.369169493669,76715377.928308
2019-01-15,26.21100529955,26.81124060687,26.051745785528,26.548801957903,80625491.383136
2019-01-16,28.131977346953,28.715016131782,27.858804562929,28.450386843008,163131700.74582
2019-01-17,28.339540468736,29.000018370768,28.090026594635,28.991474875518,107428808.92203
2019-01-18,29.020500852971,29.458409750537,28.709649064253,29.299040704524,97928154.99343
2019-01-22,28.98063120847,29.299040704524,28.891472168295,29.089286942934,84861426.862842
2019-01-23,29.220506267417,29.278558222322,28.619175640194,28.920388613757,79425856.01028
2019-01-24,28.751490284581,29.202214425022,28.740865681513,29.07975765977,59492342.988156
2019-01-25,29.278558222322,29.7197530796,29.134523654963,29.581961835693,72196279.137917
2019-01-28,29.319523186727,29.669039768051,29.289511421361,29.62927965554,59963831.25072
2019-01-29,29.541106403279,29.699270597397,29.340005668929,29.391595236401,51451874.022622
2019-01-30,29.420730745844,29.467939033701,28.9495241232,29.069899780635,66475793.443288
2019-01-31,28.751490284581,28.839882600823,27.980385072258,28.47075979322,100201218.792
2019-02-01,28.598912221972,28.839882600823,28.311719343178,28.379410113237,64244102.601001
2019-02-04,28.47075979322,28.970006605402,28.413803158218,28.880628501247,55195939.699144
2019-02-05,28.848426096073,28.880628501247,28.570872032433,28.781830645918,46622568.239793
2019-02-06,28.669888951743,28.899906131555,28.541846054981,28.730022014465,35606936.351763
2019-02-07,28.541846054981,28.638562802492,27.899769527333,28.240633081417,62289176.029846
2019-02-08,28.150269189348,28.320153306438,27.858804562929,28.291236860976,50031267.718831
2019-02-11,28.339540468736,28.460135190152,28.209416464157,28.40854562268,47724364.222363
2019-02-12,28.619175640194,28.859269763121,28.57842973977,28.691357221858,49178067.40368
2019-02-13,28.869894366189,28.991474875518,28.659045284694,28.700996037013,48951182.730106
2019-02-14,28.360022950939,28.619175640194,28.110509076838,28.389158460381,47756628.099827
2019-02-15,28.760252843812,29.309993903563,28.669888951743,29.109769425136,65866973.592111
2019-02-19,28.930246492892,29.259280592014,28.751490284581,29.130142375348,40841299.571772
2019-02-20,29.099035290078,29.448551871402,29.009766717913,29.410872866709,42806326.268697
2019-02-21,29.330147789794,29.448551871402,29.109769425136,29.289511421361,42754138.256899
2019-02-22,29.050512618337,29.269028939158,28.959162938354,29.07975765977,47887778.195779
2019-02-25,29.11951777228,29.58962907502,29.11951777228,29.269028939158,61227398.448769
2019-02-26,29.020500852971,29.62927965554,28.959162938354,29.289511421361,53153194.840035
2019-02-27,29.299040704524,29.669039768051,29.206595704638,29.530372268221,48128634.214171
2019-02-28,29.497955063301,29.549500528659,29.009090459505,29.080687437814,62358069.485845
2019-03-01,29.329042861811,29.651065800781,29.210259442699,29.308773397632,45771461.400515
2019-03-04,29.329042861811,29.539801699025,28.770324889528,29.030558655436,56893190.482982
2019-03-05,29.01966109405,29.189881002906,28.698618935605,29.080687437814,39932534.966898
2019-03-06,29.009090459505,29.160021684707,28.799312402816,28.841050062926,41672024.231975
2019-03-07,28.668759617406,28.719978155923,28.257812577523,28.550956978819,53908631.315976
2019-03-08,28.058823106607,28.668759617406,28.010546909665,28.648381177614,40860696.214659
2019-03-11,28.698618935605,29.060417973635,28.698618935605,28.939346066632,40709326.299734
2019-03-12,28.999282654257,29.119264805122,28.890198064779,28.939346066632,34450040.946742
2019-03-13,29.051699924526,29.508743649074,28.980102946217,29.289484713978,54683265.040467
2019-03-14,29.308773397632,29.641475946761,29.241208517037,29.459595647221,45219083.762072
2019-03-15,29.439326183042,29.610308921196,29.260497200691,29.298965592385,82346198.98959
2019-03-18,29.380370375941,29.958268056265,29.329042861811,29.820086977885,58568601.863818
2019-03-19,30.010685326534,30.139058599666,29.539801699025,29.651065800781,55455097.331513
2019-03-20,29.620116726443,29.660764630415,28.601303712424,28.640752884643,81689886.114637
2019-03-21,28.448301950558,28.601303712424,28.038444666814,28.180657842907,77444445.486231
2019-03-22,27.909962418068,28.069393741151,26.710358860647,27.009932823161,118851628.66674
2019-03-25,26.909348331564,27.380231959072,26.608575637298,26.839821889918,65567985.191254
2019-03-26,27.15007546259,27.351353421398,26.882540330553,27.208922294077,59878469.164247
2019-03-27,27.090247850579,27.370533129438,26.944547454842,27.031292043478,57621677.17925
2019-03-28,27.200422196196,27.409110496746,27.020612433319,27.329994201081,45872255.069566
2019-03-29,27.550451867929,27.6799148972,27.299916931654,27.588920259623,83446310.128979
2019-04-01,27.900263588434,28.741446351854,27.850025830442,28.541367124799,91751082.948619
2019-04-02,28.468680390351,28.869819624986,28.349787995625,28.869819624986,66693996.040701
2019-04-03,29.069898852041,29.241208517037,28.698618935605,28.841050062926,63110614.122553
2019-04-04,28.850530941332,29.308773397632,28.841050062926,29.149124123321,53712139.447043
2019-04-05,29.318254276039,29.493813989974,28.980102946217,29.080687437814,46383427.901764
2019-04-08,28.890198064779,29.200451637451,28.869819624986,29.169502563114,35272846.618156
2019-04-09,28.999282654257,29.069898852041,28.741446351854,28.890198064779,40535280.47241
2019-04-10,28.900877674938,29.149124123321,28.750164400963,29.069898852041,42669655.048757
2019-04-11,29.251997102809,29.490653697172,28.989801775851,29.069898852041,50440051.168531
2019-04-12,29.558981407065,30.220463383223,29.558981407065,30.171097430142,100191994.40729
2019-04-15,30.098410695695,30.139058599666,29.664033898831,29.841555173816,57438770.113319
2019-04-16,29.298965592385,30.05035244998,28.999282654257,29.881222297263,105168426.01537
2019-04-17,29.830984539271,30.118680159874,29.459595647221,30.031063766326,94831629.05564
2019-04-18,29.947479470492,30.160526795598,29.820086977885,30.031063766326,61796623.164424
2019-04-22,29.929280542977,30.098410695695,29.778349317775,30.05035244998,34763360.439516
2019-04-23,29.989217130603,30.20967479745,29.919690688957,30.071711670298,41889708.131951
2019-04-24,29.947479470492,30.171097430142,29.852343759589,30.020275180554,40078129.144626
2019-04-25,29.911081615462,30.319849143067,29.895062200224,30.082391280457,43243761.083418
2019-04-26,30.171097430142,30.390683292079,30.05035244998,30.348836656355,40627543.692526
2019-04-29,30.429151683774,31.170730736122,30.412042512397,30.769373550259,68408558.341623
2019-04-30,30.798361063547,30.880637652014,30.412042512397,30.579973933362,47764224.357284
2019-05-01,30.559813444797,30.891426237787,30.18090523539,30.259040750531,56160970.722468
2019-05-02,30.259040750531,30.559813444797,30.149847185439,30.499767881558,40634123.977486
2019-05-03,30.660179985166,30.798361063547,30.499767881558,30.710526718772,35256051.099574
2019-05-06,30.108109525329,30.609942227175,30.071711670298,30.47078036827,39882043.754528
2019-05-07,30.160526795598,30.171097430142,29.630687360988,29.919690688957,58528349.245924
2019-05-08,29.729201315922,30.108109525329,29.66599545988,29.798727757567,39903368.475214
2019-05-09,29.422217011665,29.778349317775,29.279676908731,29.709912632268,44173467.885187
2019-05-10,29.459595647221,29.709912632268,29.189881002906,29.580449602997,59649934.615456
2019-05-13,28.959724506424,28.999282654257,28.049015301359,28.247023991751,72546953.002387
2019-05-14,28.360467605784,28.989801775851,28.21062613672,28.620483420464,52216076.80707
2019-05-15,28.099362034964,28.487969074005,28.010546909665,28.289851407999,51973168.792893
2019-05-16,28.458872585103,28.830261477153,28.425743998488,28.590515126652,42791464.140805
2019-05-17,28.247023991751,28.640752884643,28.220324966354,28.401115509755,43772535.850831
2019-05-20,28.401115509755,28.520007904481,28.234164869315,28.401115509755,41717562.943595
2019-05-21,28.570245662473,28.750164400963,28.448301950558,28.689029081585,39258743.502034
2019-05-22,28.509219318709,28.631272006237,28.349787995625,28.487969074005,29177623.598522
2019-05-23,28.130420084916,28.199946526561,27.500105134323,27.760120949004,59772861.290693
2019-05-24,27.929142126108,28.257812577523,27.860705440601,28.180657842907,35524405.623267
2019-05-28,28.049015301359,28.247023991751,27.878904368116,27.900263588434,44273428.039018
2019-05-29,27.530073428136,27.850025830442,27.380231959072,27.749332363231,49818898.245606
2019-05-30,27.769710803024,27.929142126108,26.979964529348,27.160864048363,58649275.297744
2019-05-31,26.500471828344,26.866520915315,26.480202364165,26.598985783278,68304178.314482
2019-06-03,26.589395929257,26.989663358982,26.399887336747,26.68028159122,50109940.829344
2019-06-04,27.180152732017,27.9495205659,27.139504828046,27.919552272088,58426409.960661
2019-06-05,27.840327000808,28.010546909665,27.459457230352,27.909962418068,44874387.840957
2019-06-06,27.759962620415,28.039933818361,27.538521986499,27.877999257877,38633625.89352
2019-06-07,27.750315916343,27.789769852097,27.420376959103,27.531151471028,51317195.067362
2019-06-10,27.860982038334,28.470892193521,27.840821510724,28.070824949378,48305840.18753
2019-06-11,28.380494989073,28.699811732841,28.139869336947,28.242189434067,38691763.937307
2019-06-12,28.199592190245,28.271888275816,27.860982038334,27.949319834047,33528942.554758
2019-06-13,27.970672650925,28.161222153825,27.810038769641,27.939889909842,33404152.869704
2019-06-14,27.908998778826,28.170868857897,27.779039248691,28.039933818361,37322100.658925
2019-06-17,28.012185995414,28.22083661719,27.789769852097,27.929159306437,33410066.91695
2019-06-18,28.012185995414,28.799964031293,27.831283196585,28.621012251266,60170660.017585
2019-06-19,28.699811732841,28.964933509913,28.29855219943,28.318712727041,61953471.402453
2019-06-20,28.591313409517,28.610498427727,27.851552114129,28.271888275816,60887195.459527
2019-06-21,28.18983709624,28.548607775761,28.079170974249,28.118624910003,69443999.774576
2019-06-24,28.079170974249,28.380494989073,27.888838251216,27.980319354997,40046378.572517
2019-06-25,28.020748800151,28.020748800151,27.379947513949,27.759962620415,46901323.018961
2019-06-26,27.939889909842,28.179323272701,27.851552114129,27.908998778826,42312291.988863
2019-06-27,28.079170974249,28.318712727041,28.059985956039,28.210106013784,35575626.608343
2019-06-28,29.01056567187,29.271351851607,28.729510574589,29.000051848331,101856904.77554
2019-07-01,29.481086372717,29.85047926571,29.251082934063,29.420388010018,48143159.262849
2019-07-02,29.338553610309,29.430143104023,28.929815171494,29.149088006743,32271511.827914
2019-07-03,29.190492961298,29.241653009858,28.925479574159,29.050019607624,26642291.487112
2019-07-05,29.35968964732,29.56942416843,29.149088006743,29.261921927402,33092029.279233
2019-07-08,29.01056567187,29.299208064488,28.939353485633,29.199055766036,30924427.151189
2019-07-09,28.970136226716,29.420388010018,28.939353485633,29.349067433847,28750091.746481
2019-07-10,29.169248534353,29.394916375671,28.959514013243,29.020320765875,40574773.092902
2019-07-11,29.099987366917,29.500271390927,29.02975069008,29.35968964732,37376802.072876
2019-07-12,29.439573028228,29.529970232676,29.35968964732,29.4501952417,29632864.057317
2019-07-15,29.500271390927,29.529970232676,29.080802348707,29.22030019298,46462058.216789
2019-07-16,29.169248534353,29.199055766036,28.859361714791,28.989212854992,54920409.38156
2019-07-17,29.099987366917,29.618308028389,29.000051848331,29.190492961298,84958254.617214
2019-07-18,29.280023046278,29.579070872501,29.179870747825,29.481086372717,49503486.895882
2019-07-19,29.540809226015,29.608878104184,29.379958564864,29.39903519314,44863159.139237
2019-07-22,29.289452970483,29.608878104184,29.280023046278,29.56942416843,31227223.551662
2019-07-23,29.751410866592,30.279486622068,29.702527006633,30.250546509853,64030348.569676
2019-07-24,30.070727610359,30.751958341716,30.039944869276,30.670123942006,53171891.954845
2019-07-25,30.741336128244,30.890372286655,30.210333844565,30.340076594833,43251937.798992
2019-07-26,30.569971643554,30.990416195174,30.419851585809,30.769083951192,46978792.810192
2019-07-29,30.721175600633,30.849942841501,30.490196652579,30.520003884261,39176660.38185
2019-07-30,30.210333844565,30.900994500127,30.150610991268,30.890372286655,37598273.042739
2019-07-31,30.828590024623,31.059677362611,30.590240561098,30.680637765545,60607633.42004
2019-08-01,30.54970272601,31.063904570013,29.35968964732,29.490624686855,76913365.346343
2019-08-02,29.379958564864,29.500271390927,28.910630153284,29.379958564864,57492335.049645
2019-08-05,28.528447248151,28.640197269476,27.710970370522,28.079170974249,96207669.682957
2019-08-06,28.410302220755,28.491161111065,27.690701452978,28.420924434228,65115833.187736
2019-08-07,27.609950952603,27.929159306437,27.119161334212,27.888838251216,75388484.398453
2019-08-08,28.10800269653,28.491161111065,28.070824949378,28.380494989073,53141859.492849
2019-08-09,28.271888275816,28.518908934012,27.970672650925,28.328359431113,53499574.32791
2019-08-12,27.831283196585,27.851552114129,27.459830894857,27.640733693686,53210643.761159
2019-08-13,27.569413117515,28.251727748206,27.379947513949,27.71953317526,70027108.861676
2019-08-14,26.940426334052,27.079707398458,26.279356130305,26.419937873912,106591734.21578
2019-08-15,26.580571755197,26.830627331528,26.211178862203,26.250632797957,70192016.36173
2019-08-16,26.530603995904,27.119161334212,26.439014502189,27.030823538499,70841690.657635
2019-08-19,27.640733693686,27.70034815705,27.139430251756,27.269281391958,44964783.045583
2019-08-20,27.020201325027,27.058571361447,26.699800681926,26.72104510887,47685950.330036
2019-08-21,26.929587340713,27.079707398458,26.789222376973,26.929587340713,47802510.14156
2019-08-22,27.090438001864,27.29908862364,26.959611352262,27.190373520449,49377987.900952
2019-08-23,26.950940157591,27.216061934663,26.259087212761,26.468821733871,81898762.493106
2019-08-26,26.699800681926,26.799736200511,26.490066160816,26.780659572235,41506448.326887
2019-08-27,26.859459053809,26.895661291562,26.279356130305,26.468821733871,52548185.91627
2019-08-28,26.221909465609,27.079707398458,26.211178862203,26.848728450404,45918293.749952
2019-08-29,26.999932407483,27.449100291452,26.920157416508,27.329979754656,55565173.937846
2019-08-30,27.501235849412,27.690701452978,27.3502486722,27.510882553484,41333694.262482
2019-09-03,27.210642437993,27.230911355537,26.610378986879,27.051092456043,50759058.385315
2019-09-04,27.320333050584,27.578951431653,27.159590779367,27.49061363594,40876720.200489
2019-09-05,27.84997980981,28.430376162888,27.800231550974,28.118426583135,63430766.527737
2019-09-06,28.020222228032,28.091075808797,27.570765015091,27.729270289995,56054064.29138
2019-09-09,28.000193708241,28.847206271009,27.970473969197,28.630338320155,68629342.829558
2019-09-10,28.890386036794,29.349426788775,28.810164277417,29.349426788775,71066219.740466
2019-09-11,29.370424430491,29.469920948162,28.895770047491,29.45947596741,53982213.359036
2019-09-12,29.220533572701,29.799853123641,28.910522236799,29.670852227354,72943879.065095
2019-09-13,29.999707600694,30.320163917347,29.870706704406,30.169950018916,79657043.424047
2019-09-16,29.680435766393,30.169950018916,29.639194244458,30.12978529912,43391343.876732
2019-09-17,29.849493702262,30.020812922624,29.587400061558,29.939406680893,48556378.963232
2019-09-18,29.768195140746,30.149813818911,29.551434870106,29.999707600694,66748927.806795
2019-09-19,29.999707600694,30.10017324029,29.75021254502,29.821066125785,44107057.503346
2019-09-20,29.970095541863,30.12978529912,29.569417465832,29.587400061558,167795072.22455
2019-09-23,29.310338871118,29.619058044454,29.169600831513,29.521715131062,52237541.529808
2019-09-24,29.59784504231,29.639194244458,28.739310696652,28.940241975844,65060028.130345
2019-09-25,28.780444538373,29.404451378093,28.780444538373,29.250037951318,45957648.760812
2019-09-26,29.209765551309,29.329398268984,29.051260276405,29.129328431503,33248034.194103
2019-09-27,29.408543226222,29.712093749289,29.209765551309,29.349426788775,41350062.847582
2019-09-30,29.491133950306,29.521715131062,29.076457446464,29.169600831513,39235032.376172
2019-10-01,29.439339767406,29.51234695245,28.410239962884,28.440067382142,49797663.990834
2019-10-02,28.201017307219,28.301375266601,27.81078421194,27.84039627077,52800109.644053
2019-10-03,27.760066831179,27.880560990566,27.160395719807,27.81078421194,53873725.476391
2019-10-04,27.84997980981,28.395487773575,27.84039627077,28.369213801377,42852572.738419
2019-10-07,28.328941401367,28.620754781115,28.179911985289,28.308912881576,36830920.281075
2019-10-08,27.871192811954,27.912326653675,27.460823516669,27.629989132752,58455482.157243
2019-10-09,27.831997214084,28.072016410932,27.74940649,27.890144529605,37764658.427001
2019-10-10,28.041327549962,28.749863357617,28.041327549962,28.450512362893,49165470.524779
2019-10-11,28.989882554465,29.339843249735,28.859804856038,28.910522236799,70586683.81827
2019-10-14,28.739310696652,29.159048170548,28.729727157612,29.140096452896,36400876.281283
2019-10-15,29.339843249735,30.239726797542,29.109407591926,29.733306751433,78988088.717912
2019-10-16,30.369804495969,30.719765191239,30.149813818911,30.169950018916,87476254.607731
2019-10-17,30.300027717342,30.54112371633,29.999707600694,30.260939799686,55656250.800794
2019-10-18,30.12978529912,30.490406335569,30.10017324029,30.349668295964,48875805.419366
2019-10-21,30.670124612617,31.152424290806,30.628883090682,31.021269790241,61675466.252615
2019-10-22,30.970444729266,31.370153683371,30.750454052208,31.199911265149,58960330.973047
2019-10-23,31.131211288662,31.439930461998,31.088892964588,31.419794261993,48098946.312314
2019-10-24,31.449406320823,31.520367581803,31.199911265149,31.360677824546,39621555.448079
2019-10-25,31.360677824546,31.850299757282,31.339464822402,31.721298860995,43701967.040507
2019-10-28,31.96971711453,32.229872511383,31.741327380786,31.839639416103,58790310.828724
2019-10-29,31.899940335903,32.138882730612,31.808950555133,32.068029149847,48266626.855682
2019-10-30,32.010958636464,32.010958636464,31.530812562554,31.619756419259,45262381.582165
2019-10-31,31.409349281242,31.619756419259,30.819261708909,31.269688043775,49430941.470591
2019-11-01,31.700085858851,31.839639416103,31.373384089789,31.799474696307,41985308.008172
2019-11-04,32.240532852562,32.500580569201,32.099794812956,32.399038127466,54228608.140545
2019-11-05,32.508979625887,33.08948365918,32.500580569201,32.818883281576,68785603.396715
2019-11-06,32.760735966054,33.059979280563,32.670822987423,32.790348024884,47524455.122543
2019-11-07,33.109619859185,33.60031859406,33.010231021728,33.229144896646,68310710.740766
2019-11-08,33.079038678429,33.269309616442,32.933024308341,33.258756955477,38728777.341038
2019-11-11,33.031444023872,33.248204294512,32.970066301932,33.18155024209,27788175.342847
2019-11-12,33.12867925705,33.320134677416,32.990202501937,33.08948365918,37282200.367798
2019-11-13,32.719494444119,32.890813664481,32.48055204941,32.790348024884,48997671.771986
2019-11-14,32.689882385288,32.86120160565,32.489920228022,32.699358244114,35578589.764724
2019-11-15,32.919348921172,32.959405960753,32.699358244114,32.928824779998,36405441.05647
2019-11-18,32.86120160565,33.031444023872,32.750075624875,32.959405960753,31146276.277024
2019-11-19,33.119203398224,33.149892259194,32.818883281576,32.939485121177,33195390.335569
2019-11-20,32.790348024884,32.829435942541,32.42025112961,32.689882385288,43618135.752739
2019-11-21,32.779795363919,33.041996684837,32.629581465488,32.839988603506,42787632.262574
2019-11-22,32.959405960753,33.320134677416,32.939485121177,33.18155024209,38783867.661848
2019-11-25,33.330687338382,33.511482417569,33.253480624994,33.470240895634,50255107.989857
2019-11-26,33.380435597217,33.399387314868,33.123402926568,33.350715858172,50660770.586318
2019-11-27,33.491453897778,33.60031859406,33.310551138377,33.418446712734,32090855.645811
2019-11-29,33.370852058177,33.522142758748,33.238620755472,33.320134677416,19503394.917046
2019-12-02,33.449135573704,33.750532492492,33.341239999347,33.428030251774,47199596.706874
2019-12-03,32.850541264471,32.901366325446,32.549252025897,32.839988603506,58987926.727087
2019-12-04,33.079038678429,33.300106157626,32.850541264471,33.149892259194,46669014.171906
2019-12-05,33.160201593569,33.219104132313,33.001378930009,33.089732738126,38309479.778899
2019-12-06,33.678651030043,33.800632833006,33.570377454279,33.669226623844,50926187.804511
2019-12-09,33.499908598836,33.698677893216,33.435758379367,33.510403960285,32999440.404325
2019-12-10,33.398917518771,33.630350948273,33.301139304455,33.529359868208,41985784.932204
2019-12-11,33.479881735663,33.76186425296,33.479881735663,33.638704399222,43125179.256752
2019-12-12,33.780820160883,34.804010806634,33.675545259819,34.679994188696,64995464.922778
2019-12-13,34.68824054412,34.958656744719,34.345534864153,34.441278263494,48548740.170335
2019-12-16,34.949125242994,35.090062953881,34.698950096619,34.698950096619,50801112.628959
2019-12-17,34.869124885827,35.268912480613,34.739860587165,35.040691916861,50843456.312292
2019-12-18,35.108911766279,35.268912480613,35.05118727831,35.108911766279,48785475.143447
2019-12-19,35.150036447875,35.231107760292,34.89022270425,34.949125242994,45415054.680773
2019-12-20,35.239354115716,35.239354115716,34.910249567423,34.958656744719,109405592.83557
2019-12-23,35.040691916861,35.189983078696,34.949125242994,35.170063311048,34016756.595736
2019-12-24,35.189983078696,35.279407842062,35.118550363528,35.220398207793,13805366.234857
2019-12-26,35.321496383383,35.560212308585,35.289903203511,35.521336633014,27007296.23557
2019-12-27,35.699008108971,35.720105927394,35.259380978889,35.34976960198,28121038.843664
2019-12-30,35.569636714784,35.650708027201,35.090062953881,35.150036447875,30718167.214672
2019-12-31,35.030196555412,35.259380978889,34.969152106168,35.220398207793,29635696.728402
2020-01-02,35.34976960198,35.661096293125,35.289903203511,35.640105570227,37643854.914647
2020-01-03,34.979540372092,35.150036447875,34.760851310063,34.899754205974,50763659.107157
2020-01-06,34.409685083622,34.899754205974,34.368667497551,34.849205118179,42233299.559458
2020-01-07,34.698950096619,34.920744928872,34.528454020835,34.621091649951,34348582.057677
2020-01-08,34.570649657681,35.189983078696,34.549551839258,34.969152106168,45336654.257144
2020-01-09,35.300505660485,35.330920789582,34.939700836795,35.030196555412,39882756.846656
2020-01-10,35.000638190514,35.071107045958,34.658896370273,34.739860587165,39740674.025903
2020-01-13,34.83978071198,35.071107045958,34.658896370273,35.061682639759,38015942.674815
2020-01-14,35.300505660485,35.670734890374,35.108911766279,35.321496383383,66786219.634958
2020-01-15,34.766206086312,34.79148063021,34.340180087904,34.669391731722,74745458.139983
2020-01-16,34.899754205974,34.99024992459,34.599993831529,34.719833723992,50368506.861628
2020-01-17,34.920744928872,34.949125242994,34.599993831529,34.709338362543,54156071.509556
2020-01-21,34.420180445071,34.519029614636,34.22034019544,34.259322966537,50811009.905132
2020-01-22,34.368667497551,34.451666529418,34.22976460164,34.359135995827,38879694.672642
2020-01-23,34.089897846003,34.259322966537,33.730271073088,34.119349115375,45717148.378985
2020-01-24,34.119349115375,34.140339838273,33.269546124583,33.539855229657,47797206.112166
2020-01-27,32.570105250876,33.130750324197,32.470292221586,32.851016812924,57096173.921919
2020-01-28,33.021405793182,33.490484192637,32.943547346515,33.238060040236,38834586.902287
2020-01-29,33.331554433552,33.439935104842,32.980388207111,33.011874291458,37428275.14353
2020-01-30,32.701618555563,33.519935462009,32.670132471217,33.479881735663,50542763.19894
2020-01-31,33.068742015228,33.170696955018,32.649141748319,32.829918994501,54845277.164381
2020-02-03,33.001378930009,33.398917518771,32.914096077143,32.969892845662,48508199.276476
2020-02-04,33.55988209283,33.899482002572,33.529359868208,33.619855586824,45061582.433421
2020-02-05,34.098358392477,34.809365582883,34.069978078355,34.709338362543,54604755.953041
2020-02-06,34.939700836795,35.009205832514,34.599993831529,34.669391731722,39511495.364996
2020-02-07,34.320153224731,34.655683504523,34.245614739338,34.610489192977,31263034.660226
2020-02-10,34.441278263494,34.68824054412,34.379162859,34.68824054412,24373788.790072
2020-02-11,34.849205118179,35.040691916861,34.760851310063,34.771453767037,32476328.139751
2020-02-12,35.080638547682,35.449796822321,34.78612585396,34.920744928872,36656686.003314
2020-02-13,34.760851310063,35.030196555412,34.549551839258,34.910249567423,31775115.2985
2020-02-14,34.869124885827,34.958656744719,34.698950096619,34.849205118179,26447710.763512
2020-02-18,34.771453767037,34.830356305781,34.010968444086,34.269711232461,40327241.43724
2020-02-19,34.451666529418,34.849205118179,34.409685083622,34.719833723992,29632112.067899
2020-02-20,34.461198031142,35.080638547682,34.461198031142,34.849205118179,42604076.11357
2020-02-21,34.528454020835,34.635763736875,34.135199253074,34.359135995827,46675464.101206
2020-02-24,33.180228456742,33.208608770864,32.519770354131,32.729035009961,79159578.656039
2020-02-25,32.691123194115,32.759557234583,30.84019123572,31.079978116172,91586815.02939
2020-02-26,31.390233852066,31.601533322871,30.560457724447,30.630819484365,80065688.599773
2020-02-27,29.551832070095,30.299573025573,28.912471785908,29.131160847936,121148292.1703
2020-02-28,27.998411480122,28.750436256598,27.699829156451,28.500046919173,171263572.71883
2020-03-02,28.350755757337,29.380372134587,27.440015412826,29.370947728388,147776301.8487
2020-03-03,29.370947728388,29.744175632977,27.619828799284,27.749200193471,138698488.5752
2020-03-04,28.250942728047,28.419189797806,27.394821101281,28.389631432909,111239781.84265
2020-03-05,27.240924264893,27.350639688189,26.399701741946,26.780034353839,110878736.79854
2020-03-06,25.47068559706,26.209535436,25.100675386777,25.710016331292,119121241.1018
2020-03-09,22.229025825523,23.49027431913,21.508798876085,21.928931263257,145195960.01471
2020-03-10,23.25924407279,23.673204302298,21.585205931301,23.610524977059,134863576.32111
2020-03-11,22.83921810213,23.959571134588,22.260312279887,22.670015848937,127543844.56271
2020-03-12,20.590424382344,22.870717389516,20.150392107532,20.509867083182,139552561.85762
2020-03-13,22.189226050244,24.251152375938,21.480704917065,24.159102093541,128357431.33541
2020-03-16,19.851468126892,21.726207808961,19.577658442953,20.438780853539,121688755.01757
2020-03-17,21.059508364779,22.684594911005,20.029183701,21.980117605261,120065732.52762
2020-03-18,20.27053634895,20.969692829122,19.700995179714,20.789955341297,148272499.73621
2020-03-19,20.260107530829,21.749300191944,18.99875262071,21.199552493836,122461305.86084
2020-03-20,21.759835426576,21.841244057829,19.559886885542,19.671730639067,150910445.71401
2020-03-23,19.261069321414,19.671730639067,17.950549983009,18.079101128831,181898462.17625
2020-03-24,19.421013338111,21.151558647176,19.009181438831,21.031307989247,147882435.44779
2020-03-25,21.710564581779,22.101538844816,20.410686894519,21.100372305172,146991289.58194
2020-03-26,21.309267917132,22.94999769054,21.169330204586,22.721202190941,116271074.56728
2020-03-27,21.681406457644,22.197632954648,21.100372305172,21.599784993368,91522846.570243
2020-03-30,21.65012000328,22.349063650429,21.270532306967,22.039710851668,80449106.191163
2020-03-31,21.820280005075,22.490171944601,20.959264011001,21.229987616108,95213702.307942
2020-04-01,19.929897095825,20.350029482997,19.509764708653,19.770059495639,83961300.999996
2020-04-02,19.650766586313,20.789955341297,19.588193677586,20.570524494704,70007362.568604
2020-04-03,20.401109408489,20.739726747896,19.682159457189,20.029183701,68293497.225304
2020-04-06,21.031307989247,21.599784993368,20.810919394051,21.389825216294,97766163.145496
2020-04-07,22.799524743362,22.879975626012,21.851672875951,22.140168038469,94560306.276875
2020-04-08,22.408656896837,23.602118072655,22.408656896837,23.449623211759,81212298.50003
2020-04-09,24.070350722999,25.32010623337,24.050450835359,24.860386903942,125414788.51008
2020-04-13,24.779936021292,24.849851669309,23.780897811877,23.919771359309,83164716.521719
2020-04-14,24.499741346666,24.650320710356,23.100470637719,23.730669218477,88991065.414401
2020-04-15,22.160067926109,22.649051796183,21.909137792129,22.189226050244,99082221.879132
2020-04-16,22.149532691476,22.208061772769,21.089837070539,21.420047505543,89213330.606671
2020-04-17,22.340869579048,23.400458783473,22.31149862189,23.280208125544,92800270.250004
2020-04-20,22.570622827251,23.129735178365,22.179861397237,22.500707179234,74446280.984545
2020-04-21,21.900837304237,22.363642712497,21.49954063959,21.64054251725,78871342.453982
2020-04-22,22.160067926109,22.229025825523,21.749300191944,21.799315952321,49759120.773706
2020-04-23,21.95936638553,22.388863425708,21.851672875951,21.871466347079,50614823.821971
2020-04-24,22.111861246426,22.302133968883,21.6707648065,22.179861397237,47675736.85696
2020-04-27,22.519542901759,23.650218335827,22.450585002345,23.469416682887,66916693.182573
2020-04-28,24.451747500006,24.810158310541,23.844534885719,23.889549070059,65504911.378256
2020-04-29,24.909551332228,25.110040039784,24.510276581299,24.779936021292,73493911.356911
2020-04-30,24.210288435545,24.37970352176,23.849855711291,24.050450835359,55244086.981215
2020-05-01,23.379601147231,23.459945613369,22.812081891712,23.079613001476,51772617.107556
2020-05-04,22.700238138187,22.990755214423,22.429620949591,22.929033637786,45886131.497586
2020-05-05,23.479845501009,23.514324450716,22.619680839025,22.659480614305,45691919.899727
2020-05-06,23.000226283941,23.079613001476,22.229025825523,22.349063650429,53874592.738523
2020-05-07,22.659480614305,23.369065912598,22.609358437416,22.83921810213,51884256.385079
2020-05-08,23.469416682887,23.619889630066,23.24892167118,23.57072520178,45250012.392775
2020-05-11,23.111005872352,23.120370525359,22.560300425641,22.580093896769,68951801.223957
2020-05-12,22.710666956308,22.819424631001,21.851672875951,21.871466347079,69588704.991162
2020-05-13,21.66044240489,21.749300191944,20.718975528165,20.870299807435,112113393.50708
2020-05-14,20.290329820078,21.788993550711,20.100269930643,21.710564581779,88359138.511968
2020-05-15,21.400147617903,21.69811384994,21.224666790536,21.441011558297,64483956.515919
2020-05-18,22.419085714958,23.059713113837,22.07014597394,22.929033637786,86699199.570175
2020-05-19,22.659480614305,23.000226283941,22.183905224672,22.208061772769,62178964.800883
2020-05-20,22.679380501944,23.000226283941,22.638516561551,22.910304331773,59789478.342645
2020-05-21,22.809953561483,23.269885723934,22.780689020837,22.899875513651,57725992.315934
2020-05-22,22.929033637786,22.94999769054,22.45984323884,22.659480614305,48107032.283478
2020-05-26,23.750462689605,24.600092116955,23.667989893238,24.280310500073,119485462.24719
2020-05-27,26.069384890431,26.169735660721,24.967973997009,25.979569354774,117672716.04551
2020-05-28,26.079920125064,26.139513371471,24.790258422902,24.860386903942,84436774.833131
2020-05-29,24.42035462913,24.909551332228,24.059921904877,24.119408734773,113923768.49727
2020-06-01,24.280310500073,24.870815722063,24.050450835359,24.610520935077,58470225.458925
2020-06-02,24.959673509117,25.389170549296,24.559441009585,24.839422851188,71118137.352468
2020-06-03,25.499950137707,26.139513371471,25.384913888838,25.988934007781,86744560.711815
2020-06-04,25.710448097387,26.830122381635,25.571268198156,26.779396222462,94545291.665738
2020-06-05,28.951321271056,29.009550674607,27.880576594511,28.110852221257,118767893.05616
2020-06-08,28.58915763046,28.899538316901,28.139808403785,28.541496176737,79598449.161983
2020-06-09,27.719521039136,28.541496176737,27.551490636876,28.218750988998,77773379.738398
2020-06-10,27.971778001524,28.100389950928,26.510441899346,26.598789959906,90415305.001794
2020-06-11,24.978828930813,25.689629236226,23.679393819996,23.928480397435,149875451.34583
2020-06-12,25.029555089986,25.050373951147,24.040500665609,24.780574192045,73729706.61409
2020-06-15,23.760449995174,25.1697917842,23.688693615844,25.150029718022,76538945.610595
2020-06-16,26.179453710741,26.239585345261,24.860467892743,25.799641593933,96796547.199584
2020-06-17,25.900354155791,25.900354155791,24.920599527262,24.998485317493,58349481.029594
2020-06-18,24.700680491347,25.490317702475,24.579254747827,25.040017360316,53419011.830114
2020-06-19,25.439591543302,25.490317702475,24.491012366765,25.249685484898,127563637.4269
2020-06-22,24.891537665236,25.024482474069,24.610430199819,24.620681111151,55484307.244057
2020-06-23,25.008841908324,25.409472886293,24.760812125867,24.789873987893,46108276.414447
2020-06-24,24.539730615471,24.539730615471,23.679393819996,23.810225038863,75437098.006266
2020-06-25,23.699155886174,24.770217601214,23.549619396111,24.720336878027,65031930.269247
2020-06-26,24.090381388796,24.110143454974,23.020376468738,23.151102008107,118139178.08754
2020-06-29,23.410650855877,23.835059720958,23.099213374453,23.389831994716,66269230.080569
2020-06-30,23.20003161581,23.910937600721,23.099213374453,23.749987724845,61716158.103121
2020-07-01,24.030249754276,24.070619322618,23.230044593321,23.260057570831,57379922.202873
2020-07-02,23.840238016374,23.988717711453,23.219688002489,23.289225112356,56000150.512588
2020-07-06,23.819524834711,24.081081592948,23.460425899565,23.660688548801,59589042.360492
2020-07-07,23.379581083383,23.389831994716,22.900007520201,23.010019877907,60645826.272446
2020-07-08,23.029781944085,23.190626140463,22.699639191467,23.099213374453,52922607.80143
2020-07-09,22.940482768041,23.161669957935,22.390420979508,22.769281980832,79385859.576804
2020-07-10,22.710207141295,24.050962935939,22.679031689303,24.019893163445,81142924.422603
2020-07-13,24.368529828262,24.50971763796,23.855878582119,24.188980360689,73598106.795366
2020-07-14,23.890118739561,24.144383612416,23.451126103717,24.140262111983,67423072.399986
2020-07-15,24.760812125867,24.870824483574,24.281344242183,24.599967929489,57384440.424129
2020-07-16,23.749987724845,24.219099017698,23.539368484778,23.928480397435,78067079.537389
2020-07-17,23.880713264214,23.974239620189,23.20003161581,23.219688002489,66920233.5917
2020-07-20,23.190626140463,23.699155886174,23.109781324281,23.579843732618,61113962.7518
2020-07-21,23.709512477005,24.480655775934,23.688693615844,24.419361666933,75546081.665655
2020-07-22,24.23981219936,24.330062490889,23.964834144843,24.309454988725,52193706.648395
2020-07-23,24.519017433809,24.640443177329,24.110143454974,24.539730615471,61047615.529647
2020-07-24,24.560549476632,24.829292440751,24.270987651352,24.35088135205,50217641.527286
2020-07-27,24.219099017698,24.270987651352,23.876591763781,24.140262111983,54721347.432767
2020-07-28,24.130856636636,24.560549476632,24.075797618034,24.359124352915,48406512.199015
2020-07-29,24.359124352915,25.29005505324,24.188980360689,25.27039866656,71393500.041109
2020-07-30,24.720336878027,24.949661389289,24.345703056634,24.839649031582,61755885.495789
2020-07-31,24.931061797592,24.949661389289,24.460893709756,24.881286753903,62039245.130073
2020-08-03,25.029555089986,25.3108739144,24.690323900516,24.989185521644,58284027.04504
2020-08-04,24.959066864635,25.060730541978,24.860467892743,25.008841908324,37985273.89383
2020-08-05,25.320173710249,25.589973469351,25.249685484898,25.388654025133,51695565.287034
2020-08-06,25.448891339151,25.663737759148,25.279698462409,25.469710200311,51999732.443141
2020-08-07,25.340992571409,26.190972776054,25.260042075729,26.110022280373,63354498.470873
2020-08-10,26.31017925011,26.810571674453,26.210629162733,26.560322622533,64051123.586535
2020-08-11,27.279577287808,27.750802170626,26.779396222462,26.920478352662,81440972.852973
2020-08-12,27.481002411525,27.571252703053,26.409940696484,26.730572294258,62023957.951517
2020-08-13,26.490785512666,26.670334980239,26.1390841424,26.350760177449,55955478.03323
2020-08-14,26.061198352169,26.659978389408,25.921067337454,26.470072331004,50931875.08297
2020-08-17,26.31017925011,26.409940696484,25.840116841773,25.900354155791,57518713.210603
2020-08-18,25.870235498782,25.984263677423,25.459247929982,25.529841834831,45850125.930202
2020-08-19,25.658559463733,26.080854738849,25.388654025133,25.500779972805,59855952.740119
2020-08-20,25.159329513871,25.325457685163,25.019198499155,25.101205789818,49403690.086495
2020-08-21,24.978828930813,25.429129272973,24.900837461085,24.978828930813,55010686.073853
2020-08-24,25.219461148391,25.699985827057,25.040017360316,25.689629236226,54579459.482591
2020-08-25,26.040379491009,26.189915981071,25.730104484066,26.000009922667,57304734.144713
2020-08-26,25.939772608649,25.939772608649,25.540198425662,25.561017286823,39477977.989656
2020-08-27,25.490317702475,26.219928958582,25.439591543302,26.05073608184,52934791.29249
2020-08-28,26.399478426155,26.470072331004,25.989547652337,26.299928338778,46466385.67851
2020-08-31,26.091317009178,26.1390841424,25.689629236226,25.740566754396,49416215.648049
2020-09-01,25.57961687852,25.900354155791,25.399010615964,25.710448097387,46152099.980833
2020-09-02,25.529841834831,26.157789413595,25.485245086558,26.019666309346,57300854.776237
2020-09-03,26.199431846506,26.619855270452,25.459335494619,25.660416692891,86192495.70085
2020-09-04,26.259147505075,26.759961428956,25.799473367062,26.540514254849,99621410.783615
2020-09-08,26.140555775405,26.32001759641,25.39143385825,25.478960851653,74978640.689017
2020-09-09,25.639741851524,25.720132351459,25.229603374046,25.509920639487,53822654.329859
2020-09-10,25.699457510092,25.890148813464,25.080051856541,25.140816999443,56609616.584772
2020-09-11,25.219213479145,25.581075677289,25.090441751442,25.499530744587,47708343.661037
2020-09-14,25.670701639358,25.990164670434,25.540775478888,25.75098719086,47802393.97668
2020-09-15,25.769563063561,25.824136248896,25.190352659978,25.279034086147,63820150.486949
2020-09-16,25.279034086147,25.910823654832,25.049197017141,25.599546601556,64623409.849438
2020-09-17,25.13063700141,25.481059820319,25.100726697909,25.350084175516,48862044.027869
2020-09-18,25.150262358443,25.581075677289,25.100726697909,25.208928532678,94055810.401071
2020-09-21,24.569897522094,24.7802141825,24.028888348245,24.469986613558,75218583.003109
2020-09-22,24.269954899619,24.595714836694,23.809336225706,23.940206922076,68665346.604012
2020-09-23,24.100987921947,24.259774901585,23.260980661523,23.260980661523,59950325.907031
2020-09-24,23.379677339627,23.818571687839,22.949913505115,23.338327656892,53570649.356899
2020-09-25,23.280606018557,23.548539368865,23.129165429253,23.491972163297,42111338.836984
2020-09-28,23.880491263508,24.31025509802,23.789815817105,24.09070297548,47996895.618305
2020-09-29,23.979457636144,23.989742582611,23.523981435464,23.769140975738,45716130.345437
2020-09-30,23.779425922205,24.320540044487,23.769140975738,24.09070297548,56226100.297652
2020-10-01,24.269954899619,24.409221470656,23.86296487514,24.100987921947,44782149.485737
2020-10-02,23.640264299601,24.43073589949,23.569214210232,24.209189756717,51682106.793128
2020-10-05,24.520466809992,24.711158113364,24.380255703055,24.619433182628,44396754.715061
2020-10-06,24.921369825337,25.190352659978,24.280344794519,24.369970756588,67541135.324078
2020-10-07,24.628668644762,25.109962160042,24.599912774028,24.880230039469,47647962.446321
2020-10-08,24.950230644504,25.299603979081,24.808970053234,25.239888320513,52080646.097241
2020-10-09,25.340848713382,25.48924579812,25.038912070674,25.360474070416,44511465.438947
2020-10-12,25.299603979081,25.829383670563,25.239888320513,25.679832153058,48362916.586729
2020-10-13,25.639741851524,25.679832153058,24.838880356735,24.950230644504,61186943.469503
2020-10-14,24.349400863654,24.590572363461,23.589784103166,23.619694406667,127563385.99896
2020-10-15,23.589784103166,24.199954294583,23.481582268396,24.149474098148,66832396.868413
2020-10-16,24.199954294583,24.349400863654,23.940206922076,24.240149544551,58357721.156327
2020-10-19,24.299865203119,24.320540044487,23.690849444469,23.719710263636,51377924.416643
2020-10-20,23.890671261541,24.480271560024,23.880491263508,24.139189151682,62476424.431304
2020-10-21,24.219579651617,24.340165401521,24.008318455311,24.049458241179,41564911.645642
2020-10-22,24.049458241179,24.91108487887,23.999922580644,24.869945093002,55401971.914335
2020-10-23,25.239888320513,25.259408729113,24.711158113364,24.900799932403,51007410.030168
2020-10-26,24.469986613558,24.580287416994,24.149474098148,24.539987218593,59450201.976938
2020-10-27,24.290629740986,24.390645597955,23.809336225706,23.849531475673,55009289.28726
2020-10-28,23.409482694694,23.659889656635,23.118775534353,23.471297321929,81942516.892449
2020-10-29,23.359002498259,23.750565103037,23.118775534353,23.539408855165,57490447.809271
2020-10-30,23.491972163297,23.839246529206,23.240410768589,23.701134390936,66499909.160164
2020-11-02,23.890671261541,24.259774901585,23.471297321929,24.080418029013,59756372.479873
2020-11-03,24.580287416994,24.940995182371,24.510181863525,24.69058822043,65106149.074018
2020-11-04,23.890671261541,24.139189151682,23.26622808319,23.680564498002,88845453.963785
2020-11-05,23.901166104875,24.7874556244,23.854673948907,24.610197720495,74722613.859477
2020-11-06,24.931759720237,24.960620539405,24.229864598084,24.31025509802,55454490.860325
2020-11-09,26.600229913418,28.269854539365,26.300392239376,27.76074968925,178378808.41172
2020-11-10,27.485574897043,27.76074968925,27.179545265434,27.659684347948,77694586.368543
2020-11-11,27.750464742783,27.771034635717,27.120669194332,27.341270801205,48360930.400862
2020-11-12,26.840456877324,26.899123051559,26.310677185843,26.68996082392,67956933.195862
2020-11-13,26.880652127292,27.208301136168,26.754818955722,26.999138908529,52453266.015386
2020-11-16,27.859716061887,27.999822220391,27.179545265434,27.581392816679,57396669.175134
2020-11-17,27.249545870469,27.598919205046,27.009318906563,27.550433028845,46402309.53319
2020-11-18,27.628829508547,27.929716666922,26.959993142894,26.979513551495,54416691.76455
2020-11-19,26.930082839394,27.009318906563,26.650710109852,26.979513551495,46422959.268231
2020-11-20,26.740336071922,26.946559743427,26.630140216919,26.80949708949,40537949.731085
2020-11-23,27.110489196299,27.520627673777,27.059904051431,27.38765800874,45421204.545978
2020-11-24,27.929716666922,28.989171101452,27.920586153222,28.981090072085,80387846.642316
2020-11-25,28.710008268777,29.039651297887,28.480066251337,29.029471299853,57249943.696636
2020-11-27,28.971644713085,29.099471904888,28.810968661647,28.989171101452,25971555.607988
2020-11-30,28.720188266811,28.859349889415,28.100887561693,28.160603220262,63567899.060051
2020-12-01,28.740863108178,29.039651297887,28.668763534476,28.68933342741,50307325.60076
2020-12-02,28.868690299982,29.362262781962,28.710008268777,29.240627547726,44977187.698337
2020-12-03,28.939774191867,29.100602284907,28.630425213945,28.909110469848,54013736.062633
2020-12-04,29.19989433716,29.425283123839,29.000162950538,29.290008132482,66188152.328486
2020-12-07,28.899827914542,29.149726819162,28.684660368537,29.090276745859,42181737.37001
2020-12-08,28.859777338844,29.149726819162,28.770706527264,28.92944865282,33809885.65322
2020-12-09,29.249018871415,29.249018871415,28.750264045918,28.770706527264,54868098.740614
2020-12-10,28.630425213945,29.129180039442,28.469597120905,29.110719227206,58859082.973373
2020-12-11,28.6795497482,28.745153425581,28.30073805305,28.571079439016,40538421.819472
2020-12-14,28.919227412147,28.960320971587,28.140952943753,28.219698216285,40267069.004915
2020-12-15,28.350905571048,28.820039658268,28.247441583826,28.63970776925,43717803.100175
2020-12-16,28.801578846032,28.820039658268,28.438933398885,28.719496025524,42463172.833429
2020-12-17,28.709379083226,28.919227412147,28.53009017795,28.830156600567,43182675.811382
2020-12-18,28.889606673869,29.100602284907,28.56596881868,28.669328507527,82817175.028505
2020-12-21,29.100602284907,29.989537328343,28.729821564572,29.740681407465,93397351.404236
2020-12-22,29.780731983164,29.780731983164,29.170169300508,29.210219876207,39140378.150105
2020-12-23,29.390447466851,30.350096808005,29.330997393548,30.050134683762,52537152.786167
2020-12-24,30.27030855173,30.27030855173,29.740681407465,29.960959573808,22632274.011049
2020-12-28,30.230257976032,30.545760558033,29.985469691749,30.129818641662,32861178.398664
2020-12-29,30.170912201103,30.24976177201,29.930191553414,30.010084108063,33291878.462017
2020-12-30,29.99986286739,30.220036735359,29.940517092462,29.980359071412,26370148.316247
2020-12-31,30.010084108063,30.389104399961,29.899423533021,30.31015053068,28716037.133177
2021-01-04,30.459818697679,30.570374974347,29.751006946513,30.030630887784,51483910.908922
2021-01-05,30.170912201103,30.540545639322,29.909644773694,30.259983012683,48507014.445984
2021-01-06,31.899762052094,32.619838027676,31.354907345194,32.150703940456,107002800.84487
2021-01-07,33.310188966607,33.620476629897,32.840011895644,32.860558675365,74358467.252306
2021-01-08,32.920947434035,32.9987540212,32.112739332242,32.529724232354,44641358.895705
2021-01-11,32.089272198043,33.131004359705,31.899762052094,33.07051130266,51899631.008926
2021-01-12,33.419702259533,33.969771885144,33.200571375306,33.660422907221,68166188.974962
2021-01-13,33.43002779858,33.680969686942,33.089910800264,33.459648536857,43172780.619532
2021-01-14,33.480195316577,34.370173343756,33.419702259533,33.989275681122,48483461.253267
2021-01-15,33.28974648526,33.629759185202,32.700773566067,33.009079560247,57684295.725775
2021-01-19,32.499999195703,33.600034148551,32.199932773086,32.769401896301,78130237.105155
2021-01-20,32.760119340996,32.788905692279,32.154875875425,32.340214086405,53920025.129816
2021-01-21,32.340214086405,32.480495399725,31.730798685866,31.769701979448,49675883.128905
2021-01-22,31.360017965531,31.750302481844,31.250400374231,31.54952811148,45314482.860493
2021-01-25,31.269904170209,31.29962920686,30.570374974347,31.160286578909,48078410.581634
2021-01-26,31.399964242855,31.430732263249,30.909344690547,30.94011271094,36373035.196493
2021-01-27,30.31015053068,30.429989362654,29.66902842438,29.830795202787,63809175.395941
2021-01-28,30.419768121981,30.750602564991,29.917884345257,30.320371771354,51223276.339666
2021-01-29,30.39922134226,30.499660676629,29.591117538841,29.648481644659,64019079.410831
2021-02-01,29.868759811002,30.040747830083,29.570675057495,29.960959573808,40985250.996723
2021-02-02,30.58059621502,31.200232856233,30.540545639322,31.030226506262,53526998.06821
2021-02-03,30.909344690547,31.730798685866,30.879619653895,31.579148849757,49404895.46499
2021-02-04,31.799427016099,32.530767216096,31.778984534753,32.499999195703,51751925.621759
2021-02-05,32.890179413642,32.905511274652,32.319667306685,32.368896139314,42008832.683223
2021-02-08,32.430327881727,33.280359631581,32.399559861334,33.089910800264,46014138.827106
2021-02-09,32.969133282923,33.01930080092,32.58406368532,32.950672470687,35868639.141903
2021-02-10,33.120574522283,33.419702259533,32.860558675365,32.979250225222,45031903.128218
2021-02-11,32.969133282923,33.310188966607,32.5501667137,32.880062471343,29479876.623915
2021-02-12,32.9987540212,33.449531594558,32.910726193362,33.369534741535,37468264.515818
2021-02-16,33.979993125817,34.559787788079,33.701516466662,34.269838307761,52802552.864195
2021-02-17,34.040486182861,34.559787788079,33.7895442945,34.410223919454,46100796.689778
2021-02-18,34.05998997884,34.649901583401,34.019939403141,34.189945753112,37541678.345195
2021-02-19,34.200271292159,34.724683517713,34.179724512439,34.540283992101,54514131.081585
2021-02-22,34.450170196779,35.251077412377,34.410223919454,35.148760707272,56783366.577616
2021-02-23,35.42014507698,35.891156534936,35.138330869851,35.519437129233,67440695.183277
2021-02-24,35.738672311833,36.522161698938,35.60026836925,36.378751434392,58139467.716481
2021-02-25,36.959589080397,37.03019907974,35.759219091554,35.928078159408,74762028.031215
2021-02-26,35.728346772786,36.035609783224,34.679522321678,34.709247358329,70933313.228724
2021-03-01,35.519437129233,36.050941644234,35.240960470078,35.789882813573,45901658.760782
2021-03-02,35.650644483996,35.938299400081,35.500976316997,35.529554071532,41167417.231599
2021-03-03,35.969067420475,36.96981032107,35.841093315313,36.419844993833,66046956.190856
2021-03-04,36.140836877519,36.869600375025,35.920713354561,36.500652178837,96512823.621853
2021-03-05,37.029529818155,37.60033574756,36.168443127923,36.930832283816,74292324.575782
2021-03-08,37.380212224602,37.729856802087,36.819680801926,37.129472747249,65335452.984464
2021-03-09,36.550571751936,37.160088701644,35.809665655568,36.321315334107,63946003.482423
2021-03-10,36.540504810999,37.529970943898,36.370093295348,37.370041500769,53365577.805921
2021-03-11,37.270098571675,37.790984927981,36.850192973425,37.239586400176,45833981.833271
2021-03-12,37.919364370649,38.177161084948,37.579890516997,37.939705818315,46069550.348877
2021-03-15,38.031449898605,38.069123089946,37.219141169613,37.750094466856,50194917.915639
2021-03-16,37.418923244905,37.719582295357,36.970477350185,37.639046767863,50300421.134121
2021-03-17,38.00083394421,38.359611416565,37.330188868607,37.949980325044,63795959.235698
2021-03-18,38.509473918758,39.966897130873,38.425824904376,38.939446457944,95439684.594093
2021-03-19,38.2893503958,38.919208793174,37.529970943898,38.528881320357,106252691.06881
2021-03-22,38.079293813779,38.379952864231,37.400553672268,37.659491998425,54701322.965194
2021-03-23,37.35976699404,37.820459270518,36.780865998727,36.90021632942,49838043.167983
2021-03-24,37.20897044578,37.790984927981,36.889941822691,36.90021632942,43896774.330844
2021-03-25,36.869600375025,37.750094466856,36.629135404401,37.659491998425,47517929.019666
2021-03-26,38.349440692732,38.760213396111,38.074312234758,38.679677868616,66846032.104717
2021-03-29,38.04878164228,38.625606979667,37.859170290821,38.309691843466,45680015.778198
2021-03-30,38.630692341584,39.461370643213,38.630692341584,38.990507642902,56705930.23218
2021-03-31,38.620521617751,38.990507642902,38.459450562762,38.689744809553,49269960.839829
2021-04-01,38.830474416876,39.518347453257,38.719322934986,39.490844985749,65586957.955203
2021-04-05,39.999484960297,40.280840392046,39.599920809714,39.799702885005,50328508.621168
2021-04-06,39.528621959986,40.149243679594,39.4561814984,39.690627061041,42590122.376295
2021-04-07,39.76908693061,40.144158317677,39.589750085881,40.050442362359,43136432.143226
2021-04-08,39.799702885005,39.850660287067,39.220801889692,39.70090156777,45285921.626987
2021-04-09,39.910750583999,40.179859633989,39.508176729424,39.989210453568,45872878.087079
2021-04-12,39.989210453568,40.374556347364,39.850660287067,40.060613086192,45544582.401648
2021-04-13,39.809873608838,39.820148115568,39.200460442026,39.318669160861,46770430.582675
2021-04-14,38.980336919069,40.330759965145,38.919208793174,39.881172458566,52023788.528705
2021-04-15,39.728404035278,39.835404201317,38.049819471242,38.739768165548,118128904.00538
2021-04-16,39.308498437028,39.420583964984,38.908934286445,39.149503039965,60633443.20563
2021-04-19,39.390071793485,39.430754688817,39.035341854084,39.169844487631,42321104.181343
2021-04-20,39.000782149631,39.000782149631,37.889786245216,38.079293813779,50834128.522669
2021-04-21,37.750094466856,38.779517014814,37.409790350035,38.719322934986,37851802.755162
2021-04-22,38.750042672278,38.769346290981,38.165018486086,38.359611416565,48093367.314089
2021-04-23,38.318824738336,39.339114391424,38.220957467167,39.180015211464,48688095.764152
2021-04-26,39.34918133236,39.84557492515,39.286081331437,39.410413241151,34699774.643387
2021-04-27,39.671323442337,39.919987261765,39.508176729424,39.881172458566,34304845.501206
2021-04-28,39.930157985598,40.219608483255,39.881172458566,40.030100914692,34084387.280456
2021-04-29,40.54984565914,41.130718529482,40.460177236775,41.110377081816,44008650.36524
2021-04-30,40.840230202863,40.900424282691,40.470347960608,40.530542040436,39203386.25077
2021-05-03,40.870846157258,41.050286784884,40.420428387509,40.560016382973,41940535.706403
2021-05-04,40.239949930921,41.079864910316,39.779361437339,40.999225599926,53879994.05764
2021-05-05,41.199007675218,41.56089863446,41.199007675218,41.389553072743,23266915.419253
2021-05-06,41.479221495107,42.059264102279,41.239898136342,42.01017479235,39044361.190485
2021-05-07,41.130718529482,42.248771670842,41.110377081816,42.180482525106,39249228.334272
2021-05-10,42.499511148195,42.93975819411,42.030620022913,42.050027424512,41271508.759111
2021-05-11,41.550624127731,42.340515751131,41.340671328606,41.570965575397,42964649.676857
2021-05-12,42.380368383294,42.560639274089,41.040012278154,41.179600273618,47532955.913543
2021-05-13,40.860675433425,42.089776273778,40.779205859864,41.840074625388,42026130.620819
2021-05-14,42.059264102279,42.47802808867,41.919676106816,42.359923152731,30932586.804292
2021-05-17,42.240572822037,42.849051942783,42.160141077439,42.739976118819,32656416.338414
2021-05-18,42.699293223487,42.949928917944,42.139695846877,42.160141077439,37880308.228288
2021-05-19,41.649529227863,42.001145680376,41.310159157107,41.970633508877,42672762.933709
2021-05-20,41.899230876253,42.124439761128,41.459814093508,41.868511138962,36871073.973515
2021-05-21,42.020553081976,42.600388123355,41.888956369524,42.400502265167,40243780.092148
2021-05-24,42.580980721755,42.780762797047,42.248771670842,42.630070031684,31390753.51163
2021-05-25,42.689018716757,43.254739284246,41.929743047752,42.01017479235,52657668.341451
2021-05-26,42.020553081976,42.248771670842,41.658662122733,42.039856700679,41332751.569111
2021-05-27,42.479065917632,42.843966580867,42.114372820191,42.550468550256,52981094.39095
2021-05-28,42.659544374221,42.704274802507,42.050027424512,42.39043532423,38509709.899104
2021-06-01,42.949928917944,43.280166093828,42.765506711298,42.919312963548,42890652.404336
2021-06-02,43.098753591174,43.170052440901,42.600388123355,42.93975819411,34180477.962668
2021-06-03,42.769887298135,43.48949837201,42.679664625796,43.250041405448,46981200.717714
2021-06-04,43.240843446871,43.390077741094,42.830759181305,43.270194236039,37192604.05658
2021-06-07,43.270194236039,43.390077741094,43.060191406495,43.120133159023,28401874.738918
2021-06-08,42.860316666172,43.240843446871,42.425842308198,42.879436018271,41871446.276709
2021-06-09,42.469558448403,42.729374941254,42.109287846144,42.319290675688,42366332.260748
2021-06-10,42.759759208915,42.959737297088,41.616008561984,41.689178839207,40123631.475857
2021-06-11,41.810922605547,41.888950231681,41.509456929474,41.860632921005,31203613.613625
2021-06-14,41.850504831785,41.904142365512,41.05979043767,41.360222635251,36050673.320194
2021-06-15,41.280128052132,41.560200723424,40.899394575735,41.39071025076,39247941.634575
2021-06-16,41.280128052132,41.98547712282,40.670065698393,41.620142475951,63859107.579827
2021-06-17,42.020925435091,42.098953061225,39.720195616533,39.799360069009,80728190.916303
2021-06-18,39.009679153386,39.301016740239,38.491182994025,38.779316797553,102774160.40219
2021-06-21,39.121398178355,39.77900054272,39.030038679676,39.749546405702,48119373.449993
2021-06-22,39.880591478468,40.259981432827,39.280760561798,39.969884020164,44113246.480645
2021-06-23,40.16066414976,40.41934381627,40.070234781723,40.199212897506,32039930.134473
2021-06-24,40.43970334256,41.010080122212,40.179886849708,40.829428081836,37161803.990928
2021-06-25,41.269896615063,41.830248653344,40.839659518906,41.620142475951,53178845.126021
2021-06-28,41.459746614016,41.580560249713,41.099372663908,41.560200723424,34416478.531841
2021-06-29,41.630167217322,41.949925462701,40.75036697721,40.890403312856,38519613.046656
2021-06-30,40.760391718581,41.355158590641,40.719776013851,41.230417736674,29159781.597761
2021-07-01,41.560200723424,41.70023705907,41.204994165775,41.539841197134,28045092.94254
2021-07-02,41.37045407232,41.469874703236,41.099372663908,41.150116457858,28993974.199955
2021-07-06,40.810102034039,40.880171875786,39.870360041399,40.070234781723,47578664.251735
2021-07-07,39.568997713176,39.999234809333,39.358788187933,39.749546405702,43499868.084969
2021-07-08,38.619954414109,39.234977464609,38.480951556955,38.779316797553,52793075.264398
2021-07-09,39.650125774786,40.239828602236,39.399403892663,40.039850514063,43887235.147604
2021-07-12,39.78912863194,40.810102034039,39.63689725009,40.629553341512,42624454.132819
2021-07-13,40.480319047289,40.480319047289,39.579125802396,39.860231952179,54338085.934817
2021-07-14,39.111166741286,39.549671665378,37.789864489455,38.860548207012,105651705.72788
2021-07-15,38.389592058276,39.330470877256,38.319625564378,38.830060591503,54697342.850836
2021-07-16,39.219785330779,39.290785303169,37.589886401282,37.919669388031,60469681.49956
2021-07-19,36.750495170201,37.249871977463,36.510108072997,36.930217079934,83251487.699035
2021-07-20,36.859113759695,38.119750824054,36.610458834555,37.689307032198,59462867.46566
2021-07-21,38.050611112949,38.769188708333,37.979611140559,38.460695378515,49907366.576355
2021-07-22,38.359207790615,38.399823495345,37.679178942978,37.959354962119,52715585.889714
2021-07-23,38.199845407172,38.270845379562,37.560432264264,37.699435121418,48659409.675832
2021-07-26,37.660989721521,38.240461111902,37.660989721521,38.129775565425,32258003.743052
2021-07-27,37.719794647708,38.240461111902,37.459978154856,37.979611140559,39121369.612639
2021-07-28,38.189717317952,38.501207735396,37.750178915368,38.129775565425,43331089.952402
2021-07-29,38.548954441719,38.979294885726,38.369335879836,38.680929645128,43039090.865534
2021-07-30,38.509475563331,38.829027113011,38.050611112949,38.359207790615,46210134.932584
2021-08-02,38.399823495345,38.948807270216,37.909541298811,37.959354962119,49894049.999135
2021-08-03,38.060739202169,38.630185851179,37.550304175044,38.548954441719,39680559.44148
2021-08-04,38.030354934509,38.769188708333,37.860864461845,38.270845379562,42289825.248437
2021-08-05,38.569313968009,39.060422947336,38.548954441719,39.019910590455,34754524.500188
2021-08-06,39.470507212902,40.409319074899,39.470507212902,40.150432712691,58022276.890501
2021-08-09,40.049978603283,40.960369806754,39.800290199652,40.670065698393,56340111.879289
2021-08-10,40.709647924631,41.620142475951,40.579739678205,41.430189129149,44987249.456948
2021-08-11,41.600816428153,42.190312559905,41.474938747846,41.949925462701,58458231.970587
2021-08-12,42.231031612484,42.283739015568,41.770203552968,42.149903550874,37412913.352449
2021-08-13,42.088928319854,42.231031612484,41.430189129149,41.630167217322,41344938.47153
2021-08-16,41.160347894927,41.29945409993,40.609297163072,41.289119315011,38607213.758036
2021-08-17,41.049765696299,41.565368115883,40.621388861427,41.090278053179,43526919.014381
2021-08-18,40.77062315565,41.529816455763,40.660040957022,40.789845855598,50342506.798182
2021-08-19,40.119945097181,40.665001653783,40.009362898553,40.189084808286,51883938.792429
2021-08-20,40.090594308012,40.470190958069,39.910975746129,40.370666979304,40414979.26731
2021-08-23,40.629553341512,41.099372663908,40.599995856646,40.909729360653,35364530.151222
2021-08-24,41.099372663908,41.678844054288,41.03943091138,41.479899444607,35579303.928719
2021-08-25,41.65962135434,42.450335748455,41.534777152524,42.149903550874,51219943.608863
2021-08-26,42.499012585421,42.840990618374,42.020925435091,42.040251482888,41184513.867757
2021-08-27,42.119312587515,42.64617992266,41.939694025631,42.489711278994,46468554.370791
2021-08-30,42.630781093132,42.630781093132,41.625103172712,41.65962135434,44855623.737301
2021-08-31,41.669852791409,42.072702707532,41.360222635251,41.749947374528,54654600.727033
2021-09-01,41.749947374528,41.780331642188,41.029406170009,41.190835510436,52361937.405623
2021-09-02,41.109871538847,41.484551074356,40.639465700494,41.020211671952,44562366.103888
2021-09-03,41.020211671952,41.190791625138,40.679874333165,41.049412821262,41818455.765201
2021-09-07,41.249399565654,41.85007954547,41.180612351259,41.320037557118,43756168.298145
2021-09-08,41.079642180054,41.48969212177,40.679874333165,40.780741683422,36064443.108791
2021-09-09,40.659618606355,41.350369736859,40.560807675064,40.93034616316,36266417.675495
2021-09-10,41.219992774448,41.350369736859,40.239595032657,40.269824391449,40514694.333886
2021-09-13,40.599982456357,40.960575521953,40.345706251275,40.940319795143,42036326.721366
2021-09-14,41.130127265656,41.309858283239,39.660096168185,39.83972436482,53820433.823529
2021-09-15,39.73073415965,40.340565203862,39.670069800168,40.140681280417,52358196.748809
2021-09-16,40.479887588773,40.810148474628,40.19414817352,40.44965822998,42922047.07948
2021-09-17,40.340565203862,40.664759653769,40.080119741884,40.500143315583,92752610.944388
2021-09-20,39.379394979398,39.460109423793,38.35951399347,39.110723841558,67566155.979327
2021-09-21,39.270301953279,39.599431808704,38.934077452424,39.130979568368,38271079.054462
2021-09-22,39.750887065511,40.520296221444,39.750887065511,40.140681280417,46261391.145244
2021-09-23,40.76058877756,41.874345289263,40.649644974373,41.689678866163,49779809.508976
2021-09-24,41.719908224955,42.339918543046,41.649270233491,42.139931798654,39042261.425293
2021-09-27,42.680050239936,43.430437520439,42.640772637696,43.260680134839,49755388.03569
2021-09-28,43.430437520439,44.040165743703,43.05987082286,43.159709963634,60781197.448781
2021-09-29,43.179965690444,43.319288075355,42.739686389935,43.069844454842,44260236.657753
2021-09-30,43.349517434147,43.349517434147,42.230825516928,42.449834136751,47410811.717654
2021-10-01,42.48026913744,43.430437520439,42.390403628649,43.079920907773,40987055.086182
2021-10-04,43.109224878031,44.065459696978,43.069844454842,43.339543802165,48273431.752787
2021-10-05,43.769643828794,44.750144391534,43.670627255607,44.219999582234,54070663.058482
2021-10-06,43.850461094137,44.290637573698,43.54950417854,44.240255309044,47031650.493523
2021-10-07,44.789421993774,44.870239259117,44.030089290772,44.119954799563,46258842.929552
2021-10-08,44.070497923443,44.809677720584,43.920070876119,44.340094449817,39389385.24972
2021-10-11,44.599511702312,44.80453667317,43.749388101984,43.779720281725,36283507.457846
2021-10-12,43.670627255607,43.999859931979,43.269831199235,43.539427725609,36898283.063074
2021-10-13,43.54950417854,43.6352568494,42.329739269167,43.139454236824,43907976.787239
2021-10-14,44.369398420076,45.100455362303,43.479894396559,45.070123182562,82201013.280535
2021-10-15,45.769922556514,46.669503032961,45.359872614797,46.369574326847,64264903.430069
2021-10-18,46.289888091934,46.889745504164,46.030368018491,46.279811639003,49542470.897985
2021-10-19,46.499951289258,46.625187204255,46.200022583143,46.479695562448,32515486.761817
2021-10-20,46.489874836327,47.240056474933,46.049595535818,47.08952660666,40410993.938645
2021-10-21,47.099705880539,47.480349031049,46.609969703911,46.830109354165,36848582.458209
2021-10-22,46.989584644938,47.614633189494,46.989584644938,47.57021453984,36225597.696403
2021-10-25,47.800430643025,47.980161660608,47.199647842261,47.509653001307,31679516.526944
2021-10-26,47.660080048631,48.42558200853,47.439940398377,47.960008754746,35674753.287291
2021-10-27,47.480349031049,48.169969131121,47.024955051144,47.04006973054,45790788.295341
2021-10-28,47.59047026665,48.000417387418,47.299589803983,47.780174916215,37209573.408998
2021-10-29,47.749945557423,48.12956049845,47.519729454238,47.780174916215,31756194.743729
2021-11-01,48.10035934914,48.169969131121,47.280465107604,47.849887519145,36937170.835085
2021-11-02,47.57021453984,48.420440961117,47.350074889586,47.880219698886,36283362.864185
2021-11-03,47.800430643025,48.690037487491,47.609594963029,48.369955875514,42552969.777689
2021-11-04,48.14981622526,48.14981622526,46.879463409337,47.329921983724,47646282.495457
2021-11-05,47.600443898633,47.819658160352,46.820032901234,46.970459948559,38271181.062319
2021-11-08,47.350074889586,47.800430643025,47.250030106915,47.339998436655,33815457.066171
2021-11-09,46.650275515634,47.360151342517,46.410085780466,46.879463409337,36900257.855957
2021-11-10,46.750423119253,47.519729454238,46.650275515634,47.229980022002,39385606.007169
2021-11-11,47.309769077863,47.890296151817,47.009840371748,47.490528304928,31194769.247768
2021-11-12,47.509653001307,47.52970308622,46.760396751235,46.909795589077,44268506.226751
2021-11-15,47.260312201743,47.390380701309,46.899719136146,47.050249004419,35335505.855948
2021-11-16,47.180420324934,47.280465107604,46.689758759771,47.079450153729,35120790.21078
2021-11-17,47.079450153729,47.199647842261,46.449466203655,46.50992492124,32963714.237782
2021-11-18,46.709911665633,46.809853627355,46.210099036074,46.320117450727,30644333.860452
2021-11-19,45.702163551601,45.769922556514,44.829727805498,45.400384068417,48429479.014972
2021-11-22,46.719988118564,46.865376939423,45.910273150907,46.279811639003,53697126.131638
2021-11-23,46.869489777354,47.650003595701,46.669503032961,47.499473727428,49362882.599262
2021-11-24,47.419890313464,47.980161660608,47.209724295192,47.629850689839,40059953.210579
2021-11-26,45.520478936001,46.034378035474,44.750144391534,45.759846103583,55110129.064607
2021-11-29,46.420162233397,46.699835212702,45.170167965232,45.590088717983,50231117.028005
2021-11-30,44.760118023516,45.219522020404,44.360350176627,44.47036859128,77193559.48669
2021-12-01,45.219522020404,45.700107132636,43.809949640518,43.840281820258,60636843.456196
2021-12-02,44.32969522841,45.500332363779,43.999993056194,44.890454975073,57821425.557603
2021-12-03,45.000048713882,45.070246010636,43.600093587223,43.870547603725,74605310.32568
2021-12-06,44.559831847068,44.875412697197,43.959880315192,44.149904192847,48193062.536418
2021-12-07,44.559831847068,44.909488061365,44.430181737757,44.709538326879,40740775.794165
2021-12-08,44.680374726916,44.799996650976,44.089530424502,44.159830049677,50560328.01368
2021-12-09,43.909637060518,44.729594697381,43.645322749272,44.490555506102,37316659.689022
2021-12-10,44.709538326879,44.830183535149,44.070395009789,44.519616777645,37700187.465893
2021-12-13,44.270447072695,44.399994853585,43.390115667488,43.580037216722,38653895.40031
2021-12-14,43.590167730394,44.820053021477,43.529793962049,44.129745493925,47099408.853625
2021-12-15,44.369807969412,44.450238108259,43.620252286145,43.93982394469,60057119.342328
2021-12-16,44.700533425838,45.358607500799,44.089530424502,45.000048713882,69487168.998132
2021-12-17,44.499560407144,44.699510141629,43.620252286145,43.879450176345,124712237.20174
2021-12-20,43.269572787639,43.360031111736,42.699808139936,43.15997904883,56455215.5136
2021-12-21,43.539822147299,44.480424992431,43.539822147299,44.190016933849,47845606.390685
2021-12-22,44.080525523461,44.575897409153,43.879450176345,44.280475257946,35715710.380656
2021-12-23,44.680374726916,45.065231918011,44.399994853585,44.420153552507,34053477.71154
2021-12-27,44.549803661817,44.820053021477,44.309536529488,44.640261985914,33888222.710384
2021-12-28,44.470396807181,45.080274195886,44.423121076714,44.700533425838,32499239.016009
2021-12-29,44.85023990565,45.119568309521,44.59994458807,44.630233800664,25294894.981121
2021-12-30,44.749753396303,45.095418802183,44.480424992431,44.529644962895,23852174.030029
2021-12-31,44.519616777645,44.71956651213,44.280475257946,44.490555506102,24253943.615288
