Date,Open,High,Low,Close,Volume
2012-01-03,42.410889406001,42.90119018313,42.06847131895,42.137491762029,8452814.4660045
2012-01-04,42.060930196466,42.921257237877,41.917904500531,42.74078156079,11085736.250446
2012-01-05,42.630348851864,43.197339010192,42.389544194901,43.09061295469,10245734.586518
2012-01-06,42.997946619076,43.29895244028,42.800982725031,43.197339010192,7285912.7358597
2012-01-09,43.179700452516,43.29895244028,42.750751180346,43.228653840848,7347599.8909161
2012-01-10,43.499622987749,43.597401948777,43.121927785346,43.535922628183,7497481.1416599
2012-01-11,43.52339669592,43.597401948777,43.163340051194,43.456932565548,8229240.2848501
2012-01-12,43.613762350099,43.655174615946,43.132025220538,43.39174659153,8450740.0236453
2012-01-13,43.110680009437,43.535922628183,42.911287618321,43.512021104376,8076115.0272049
2012-01-17,43.604943071261,43.959887090575,43.519690042496,43.742983957419,7709076.6539322
2012-01-18,43.721638746318,44.992126161506,43.700421350853,44.878114614791,13147177.866205
2012-01-19,44.8680171796,45.418646936605,44.449037526986,45.408677317049,15722849.984507
2012-01-20,45.49022369239,45.50006549631,44.308568143757,44.507960534873,12589084.30845
2012-01-23,44.349980409604,44.992126161506,43.98110448604,44.878114614791,13779172.436403
2012-01-24,44.688691843231,45.131445204016,44.561898732983,44.96081133085,10952908.159594
2012-01-25,44.827883070106,45.408677317049,44.602032842477,45.260666811336,9929997.603275
2012-01-26,45.350904649879,45.350904649879,44.469104581733,44.950713895659,11174451.747095
2012-01-27,44.730104109078,45.00350175305,44.412737886552,44.8680171796,7924789.9582018
2012-01-30,44.579665106294,44.792861586025,44.223315114992,44.770238218572,6725442.5783094
2012-01-31,44.974615419466,45.244178594378,44.258464414707,44.393948988158,10344217.182833
2012-02-01,44.688691843231,44.908151289094,44.421429349754,44.469104581733,10906380.697635
2012-02-02,44.551929113427,44.619671400152,44.298598524201,44.459262777812,8963445.3885149
2012-02-03,44.819191606903,45.269358274538,44.819191606903,45.170301157157,10422687.23031
2012-02-06,45.049898828675,45.279455709729,44.992126161506,45.200465647095,8091397.4966763
2012-02-07,45.106265523856,45.581739687287,45.095145563583,45.455202208309,9725307.0661228
2012-02-08,45.455202208309,45.467600324936,44.852934934631,45.166466688097,7578745.5475023
2012-02-09,45.266801961832,45.368543207555,44.831717539166,45.266801961832,5356756.2842627
2012-02-10,44.950713895659,45.332115751486,44.931924997265,45.332115751486,5026172.1295994
2012-02-13,45.520132551057,46.10859573612,45.446255113836,45.930420740469,9183948.5658388
2012-02-14,45.867663263522,46.211487322561,45.679518648315,46.05849200707,7717101.764146
2012-02-15,45.763621336362,46.171353213067,45.648203817659,45.712111635324,7486626.5941175
2012-02-16,45.890286630975,46.232832533662,45.720930914162,45.930420740469,7454955.8705683
2012-02-17,46.151286158321,46.718276316648,46.092235334798,46.709329222175,11556404.260719
2012-02-21,48.050243052429,48.069031950823,46.641586935449,46.9199693892,20476327.81667
2012-02-22,46.827303053585,47.239891924432,46.454720476596,46.573972464359,11639425.006497
2012-02-23,46.53754500829,47.198479658585,46.522462763321,46.94898353842,9231962.8975129
2012-02-24,46.997809111116,47.138278494345,46.772086699122,46.97416321858,9730621.5291362
2012-02-27,46.699359602619,47.369113531752,46.582663927562,46.927638327319,9805936.064372
2012-02-28,47.18851003903,47.330257578611,46.827303053585,47.228644148523,7947887.861354
2012-02-29,47.212283747201,47.800491300993,47.203592283999,47.566077425797,11349398.511958
2012-03-01,47.681367128865,47.892135111525,47.288845312764,47.46305802372,7942063.9561168
2012-03-02,47.442990968973,47.633819712522,47.272484911442,47.411803953952,5916605.3847043
2012-03-05,47.280026033926,47.681367128865,46.937607946875,47.389180586499,9050261.0403754
2012-03-06,46.591686865755,46.727739718474,46.121917071773,46.391228040741,9087820.4515948
2012-03-07,46.413585932504,47.500611386021,46.359850772186,47.38958412806,13397138.788696
2012-03-08,47.529193918105,47.989309167917,47.460849908056,47.819846511029,10432903.734999
2012-03-09,47.909405111558,48.181129716569,47.829628088675,48.100336425878,8799159.1076477
2012-03-12,48.0690861908,48.662459556861,48.001885482034,48.592718178576,9458704.5876514
2012-03-13,48.694980126698,49.167290590199,48.602626789699,49.137437723356,10853097.321151
2012-03-14,49.419070939489,49.708453197653,49.232204696399,49.471662798523,10077136.265127
2012-03-15,49.410559696602,49.440285529969,48.872064792142,49.198540825278,8869420.9228676
2012-03-16,49.451718542803,49.522730255846,48.853263837705,49.052706394912,13269132.832751
2012-03-19,48.872064792142,48.987919322189,48.478006949813,48.832049247225,9028133.4843627
2012-03-20,48.558927273979,49.501515665366,48.558927273979,49.375625490722,7629218.1844553
2012-03-21,49.375625490722,49.930253646624,49.309568083239,49.788230220536,10347789.965711
2012-03-22,49.471662798523,49.880583557536,49.339293916606,49.679743632094,7195638.1867719
2012-03-23,49.388074771363,49.578752018731,48.746047584021,49.541404176808,8655620.9677089
2012-03-26,49.708453197653,50.15345146383,49.697147218296,50.131093572067,11740019.279274
2012-03-27,49.998851723625,50.351623686278,49.998851723625,50.040010569826,7785699.14259
2012-03-28,49.88795149914,50.249361738156,49.594885270174,49.907895754861,7983705.4102707
2012-03-29,49.501515665366,49.941559625982,49.399126683768,49.907895754861,5491385.4817168
2012-03-30,50.102384006507,50.416537792477,50.002662727903,50.303096898473,7712918.551471
2012-04-02,50.09730266747,50.249361738156,49.760790989736,49.990086413786,8435795.2021816
2012-04-03,49.862925904382,50.249361738156,49.708453197653,49.998851723625,8669631.4581083
2012-04-04,49.788230220536,50.008760334748,49.561348432529,49.85301729326,6279920.363289
2012-04-05,49.688508941933,50.650914555565,49.561348432529,50.611026044123,6825887.49987
2012-04-09,49.871691214221,50.688262397488,49.871691214221,50.582316478563,6903644.6787846
2012-04-10,50.319357183392,50.86039275737,49.356824536284,49.356824536284,13245356.069555
2012-04-11,49.679743632094,49.941559625982,49.606318283007,49.753296014656,7634761.8979073
2012-04-12,49.85301729326,50.677083451606,49.663610380651,50.630970299844,10472133.26855
2012-04-13,50.602260734284,51.281635763548,50.602260734284,50.960114035974,10430598.333109
2012-04-16,51.438649139795,51.848967267043,50.937629110735,51.686745518283,10238995.692181
2012-04-17,51.795359140202,52.144447132052,51.262961842587,52.025924899011,9054343.9947158
2012-04-18,51.85874884469,51.961010792812,51.498481906958,51.812762726404,7051929.9893517
2012-04-19,51.802727081806,51.97231677217,51.290401073387,51.563396013157,10894793.490337
2012-04-20,51.802727081806,51.930014624686,51.262961842587,51.459863730275,11027512.926278
2012-04-23,51.149520948583,51.262961842587,50.662093501446,51.099723826019,6801511.5247025
2012-04-24,51.238063281305,51.668071597322,50.86039275737,51.229297971466,6437335.0332539
2012-04-25,51.487302961076,52.030879204573,51.449955119153,51.907529699446,6529328.1089469
2012-04-26,51.802727081806,52.052093795053,51.397617327071,51.866370853246,7361599.0473197
2012-04-27,52.009791647569,52.390002841022,51.290401073387,51.949958880406,9986133.8544777
2012-04-30,51.90117802565,51.966092131849,51.584483570161,51.795359140202,6800652.4135597
2012-05-01,51.934841896771,52.748999443995,51.584483570161,52.3151801237,8474971.7933104
2012-05-02,52.190433250338,52.849864023882,52.138095458256,52.709110932553,10109060.546413
2012-05-03,52.700345622714,52.88111425896,52.240357406378,52.468509529145,10470289.10747
2012-05-04,52.28647055814,52.358625572467,51.695637861598,51.961010792812,8564896.103702
2012-05-07,51.602141223315,51.830293346082,51.360142451672,51.387708715948,8541623.8978461
2012-05-08,51.220532661627,51.281635763548,49.808174476257,50.620934655246,15808005.996753
2012-05-09,50.192069640512,50.36902727248,49.856828297538,50.113435918913,17578221.752683
2012-05-10,50.512448066803,50.74682482989,50.36902727248,50.618393985727,16080398.775728
2012-05-11,50.254443077193,50.876526008813,50.055000519986,50.336760769594,10489632.343787
2012-05-14,50.141002183189,50.592352123162,49.720902478294,49.880583557536,12333431.650923
2012-05-15,47.899623533912,49.501515665366,47.228886781011,48.6712248667,28827015.558973
2012-05-16,48.901790625509,49.321890330404,48.746047584021,48.769675810544,14757772.705725
2012-05-17,48.688628452902,48.688628452902,47.006959298564,47.016867909687,12921955.672147
2012-05-18,46.995780352683,47.540499897463,46.722785412913,47.046847810006,12962163.036215
2012-05-21,46.489678984585,47.821116845788,46.372554119779,47.610368309223,12712989.520673
2012-05-22,47.99172280396,48.58636650478,47.680109687508,48.262304107687,15028214.636616
2012-05-23,47.979400556795,48.798258342628,47.830898423435,48.729787299103,13489945.25253
2012-05-24,48.859361444549,49.722172813054,48.667413862422,49.709723532413,8790515.8559554
2012-05-25,49.754566349415,50.091078027149,49.320619995645,49.440285529969,9819610.681221
2012-05-29,49.618813581868,49.920011263708,49.27063663896,49.777431732137,8584212.9955557
2012-05-30,49.551880763681,49.777431732137,48.907431384045,49.709362318924,11996271.419574
2012-05-31,49.618813581868,49.770107008637,49.161649804819,49.339842647199,14218478.830476
2012-06-01,48.847949577694,49.252072253539,47.919604018278,47.958121960819,12642570.056354
2012-06-04,47.90987981639,48.877753625038,47.747473016035,48.762452374086,15969793.584264
2012-06-05,48.479945366003,49.076026312874,48.280283506469,48.919933929329,9458482.5200922
2012-06-06,49.430517672591,50.597927052437,49.339842647199,50.597927052437,38690436.70849
2012-06-07,51.118361285923,51.619094538962,50.908975224501,51.241113548711,20666384.407232
2012-06-08,51.20891002298,52.360280784128,51.050291872711,52.349041122206,13338483.60807
2012-06-11,52.588357519307,52.688630458251,51.281904681304,51.347700904465,11729627.05757
2012-06-12,51.541048347189,52.299662382751,51.397205932256,52.240054288064,9006434.8000941
2012-06-13,51.777838977567,51.899202068656,50.809838880583,50.969719914214,14524280.801271
2012-06-14,51.451888781831,52.570929728912,51.270917596054,52.16074521293,16512875.543201
2012-06-15,52.088887149631,52.500208260639,51.608107453712,51.871923788037,17481406.063409
2012-06-18,51.933931361112,52.628012056875,51.650035181331,52.320626246561,11636067.250095
2012-06-19,52.750638031326,53.219167758634,52.539862798206,52.970000871308,10420841.131758
2012-06-20,53.100077857596,53.279912448346,52.34159011037,52.829947106461,9376570.1828475
2012-06-21,52.807594070953,52.999678630315,51.241113548711,51.260940817495,20046954.430741
2012-06-22,51.70092938082,52.01942856472,51.397205932256,52.01942856472,22953174.559383
2012-06-25,51.588280184929,51.720756649604,51.20891002298,51.519958195044,11757590.668818
2012-06-26,51.630207912547,52.221489902642,51.313097900346,51.883163449959,9202589.979414
2012-06-27,51.899202068656,51.933931361112,51.419558967763,51.548625647361,10780817.758001
2012-06-28,51.378641546834,51.860810414451,50.887885072356,51.692215485622,11016935.823239
2012-06-29,52.258744961822,52.991091023454,52.191685855299,52.991091023454,9699988.1959098
2012-07-02,52.96128697611,53.236469260693,52.510311327535,53.011044580574,9744568.9184828
2012-07-03,51.871923788037,51.968534365231,50.86679492021,51.650035181331,13270633.765541
2012-07-05,51.357677683025,52.288296432493,51.313097900346,52.111113896802,9036098.5304818
2012-07-06,51.787689467791,52.269732047071,51.692215485622,52.15076843437,7134447.0905962
2012-07-09,52.200399750497,52.299662382751,51.730607139828,52.121090675362,6132576.6450302
2012-07-10,52.439589859262,52.750638031326,52.059083102287,52.221489902642,8370027.838934
2012-07-11,52.208987357358,52.608184788091,51.378641546834,51.673651100201,10075482.141173
2012-07-12,51.07125573652,51.850833635891,50.860606791736,51.548625647361,9539451.6018654
2012-07-13,51.860810414451,52.200399750497,51.70092938082,52.088887149631,7970269.0703373
2012-07-16,51.806253853212,51.806253853212,50.928802493285,51.451888781831,8483900.3180857
2012-07-17,50.920088598087,51.088809815252,50.283090230287,50.719416431863,16519194.305889
2012-07-18,50.589213157239,51.032864082315,50.321481884492,50.908975224501,9222531.4812727
2012-07-19,51.010637335143,51.378641546834,50.502579358605,50.962268902378,10630808.669612
2012-07-20,50.878034582132,51.079969631718,50.597927052437,50.699589163079,8929792.2673588
2012-07-23,50.109696344683,51.241113548711,49.770107008637,50.962268902378,10576024.004638
2012-07-24,50.962268902378,51.301731950088,50.609040426023,51.169255485412,8847231.9967177
2012-07-25,51.491543319398,51.850833635891,51.000660556583,51.07125573652,8365476.1673324
2012-07-26,51.743109685111,52.96128697611,51.743109685111,52.910519064957,12550179.433801
2012-07-27,52.991091023454,54.282515549449,52.910519064957,53.711060828138,9140345.6080117
2012-07-30,53.460757345787,53.759555549239,52.807594070953,53.246319750917,9024336.481741
2012-07-31,52.982377128256,52.999678630315,52.121090675362,52.180572481713,11610336.305983
2012-08-01,52.309386584639,52.533674669732,51.548625647361,51.682364995399,8327328.7859549
2012-08-02,51.541048347189,52.080173254433,51.20891002298,51.38609255867,9536829.2064197
2012-08-03,52.200399750497,52.34159011037,51.860810414451,52.288296432493,7484295.6221843
2012-08-06,52.408522928557,52.739524657741,51.943908139672,51.999601295937,7471593.5455374
2012-08-07,52.249904778288,52.533674669732,51.777838977567,52.399935321695,6519062.8651096
2012-08-08,52.13346693231,52.851037258606,51.951232863171,52.789029685532,5398105.0044652
2012-08-09,52.539862798206,53.419839924858,52.490357770415,53.152108652111,8324961.3680358
2012-08-10,52.951436485887,53.087827888984,52.580780219135,53.056634669942,9086633.3010526
2012-08-13,53.152108652111,53.227755365495,52.650238804046,52.818833732875,9982985.8159109
2012-08-14,54.151049391464,54.981395201988,53.719901011672,54.710001567491,19528122.771102
2012-08-15,54.748393221696,55.340811806817,54.679060925122,55.002485354134,9630887.6724752
2012-08-16,55.002485354134,56.46111563726,54.970281828402,56.309948498827,10150502.823185
2012-08-17,56.26296923776,57.182474613642,56.075683635173,56.728720621671,11265061.232052
2012-08-20,56.568965876376,56.674290348768,55.974274101203,56.568965876376,8435210.9070177
2012-08-21,56.674290348768,56.898704722198,56.117863939464,56.318662394025,8345974.4210177
2012-08-22,56.301360891965,56.916006224257,56.218263166744,56.643475994735,6678192.2414129
2012-08-23,56.580205538298,56.925856714481,56.451265147036,56.549138607592,6614267.9231435
2012-08-24,56.388120978935,57.001503427866,56.388120978935,56.959323123574,5783949.746274
2012-08-27,57.07715014125,57.07715014125,56.42019821633,56.674290348768,7163957.5117122
2012-08-28,56.237644090119,56.850400490286,56.201836098721,56.532274756182,4758289.1948625
2012-08-29,56.69246840191,57.010594136013,56.542074838039,56.839218345604,4593821.3767958
2012-08-30,56.712194207697,56.797379534602,56.470710139393,56.618590861763,5846101.5628426
2012-08-31,56.807305258533,56.971268166513,56.553131340646,56.751645819273,7446979.4589005
2012-09-04,56.787579452746,57.000794054157,56.470710139393,56.787579452746,5914053.0348431
2012-09-05,56.971268166513,57.321306987687,56.375724730632,56.542074838039,6068523.1469866
2012-09-06,56.497723185535,57.671597093011,56.497723185535,57.649358445722,7707176.9129868
2012-09-07,57.761556818769,57.890842514026,57.041502086483,57.259742370898,6808691.589507
2012-09-10,57.479113433988,57.879911653494,57.219159980647,57.301581181899,6903727.7852276
2012-09-11,57.231347261929,57.301581181899,56.609921558582,56.722245573704,7490812.9962021
2012-09-12,56.850400490286,57.09954872517,56.427489265565,57.048789326838,7774400.8809544
2012-09-13,57.069771553376,58.388008205119,56.807305258533,58.301566457464,10772683.446473
2012-09-14,58.718321220506,59.708506414214,58.664043844071,59.456970979903,12477994.262582
2012-09-17,59.199153441838,59.469158261186,58.676356767429,58.910553595378,7986201.8794686
2012-09-18,58.968725876141,59.051272719468,58.510006660022,58.862683964773,5216454.5273019
2012-09-19,59.177040436624,60.001880659526,58.998251763785,59.469158261186,6648652.0568576
2012-09-20,59.188096939231,59.300420954353,58.759029252832,59.279438727814,6362086.028506
2012-09-21,59.578843792731,59.929133898055,59.311351814885,59.418775789079,9019478.2093467
2012-09-24,59.349547005709,59.519666375368,58.883666191311,59.390255038035,5589119.8874522
2012-09-25,59.833017710618,60.580211131121,59.622064666559,59.71830649607,9723968.9457293
2012-09-26,59.578843792731,59.951372545344,59.130175942619,59.169627554194,8583788.4530036
2012-09-27,59.418775789079,60.202907979655,59.238730695488,59.878625783873,5824240.7560405
2012-09-28,59.679985663171,60.419891843319,59.409980843823,60.370514507812,7742022.4907654
2012-10-01,60.77382556882,60.852728791971,60.339857841493,60.571416185866,8537384.7258694
2012-10-02,60.868685335506,60.889667562044,60.152274223398,60.331062896237,6572998.9368127
2012-10-03,60.448161310212,61.780972442664,60.379183810993,61.768785161382,8468235.3458911
2012-10-04,61.840149860027,62.417349552946,61.522275410074,61.740264410338,8722300.5168196
2012-10-05,61.970943260186,63.203994585025,61.89932727739,63.203994585025,9673302.3856002
2012-10-08,62.980728617607,63.099083452332,61.740264410338,61.880857892353,9770358.074121
2012-10-09,61.591127267218,61.67254333187,60.951357820909,60.951357820909,9708169.8614939
2012-10-10,60.509851569076,61.062299773205,59.612390226777,59.740419501284,15262934.851145
2012-10-11,59.951372545344,59.991954935595,58.749229170975,59.009308266392,10430931.735951
2012-10-12,59.250917976771,59.821961208011,59.159701830263,59.557987208268,6554520.17217
2012-10-15,59.878625783873,60.752843342282,59.750345225216,60.64793220959,8072578.5873864
2012-10-16,60.861146811001,60.999353093589,60.429691925175,60.861146811001,7162535.114551
2012-10-17,61.289083718725,62.121336824057,61.151003078211,61.390225589164,11372682.867832
2012-10-18,61.390225589164,61.89932727739,61.349517556838,61.800698248452,9419954.1751688
2012-10-19,61.759990216126,62.028864256798,61.510967623317,61.889652837609,10799097.439051
2012-10-22,61.749059355594,62.048590062586,61.43093362149,62.038789980729,7785714.095842
2012-10-23,61.549162814141,61.780972442664,61.062299773205,61.749059355594,8273838.4823167
2012-10-24,61.951217454398,62.2275043775,61.228649880611,61.280414415544,7187150.2175578
2012-10-25,61.700812798763,61.889652837609,60.310080669699,60.479069260682,9604899.1636039
2012-10-26,60.379183810993,60.460599875645,59.442019572968,60.040075850351,10459644.219531
2012-10-31,62.761231912441,62.999323644719,60.889667562044,61.379169086557,13822841.023636
2012-11-01,61.951217454398,62.388828801903,61.718277047199,62.260673885321,6885020.3069425
2012-11-02,62.550404510456,62.907981856135,61.979612563366,62.019064174942,8906406.8885665
2012-11-05,62.019064174942,62.529422283918,61.929104449184,62.380285140798,4904157.403135
2012-11-06,62.589856122032,62.898181774279,62.331033447366,62.623276914003,7017808.8524081
2012-11-07,62.340833529222,62.370359416866,61.43093362149,61.989412645223,8787433.6203533
2012-11-08,61.800698248452,61.989412645223,60.840164584463,60.861146811001,7251237.077834
2012-11-09,60.658988712197,61.349517556838,60.310080669699,60.959901482014,6562395.3830496
2012-11-12,61.209049716899,61.43093362149,60.498795066469,61.160928802143,8353447.0507091
2012-11-13,62.427023992728,64.443076729467,62.153375553203,63.380270416362,21442766.115157
2012-11-14,63.239676934347,63.498625251088,61.322378868621,61.471516011741,13380250.116997
2012-11-15,61.269357912937,61.880857892353,61.038804705165,61.24963210715,8204702.8900396
2012-11-16,61.026617423882,62.280399691109,61.026617423882,62.121336824057,9061599.6384962
2012-11-19,62.489970672343,63.338305963285,62.302638338398,63.32976230218,10038620.522748
2012-11-20,63.221207549311,63.868515520125,63.14971720859,63.821776668195,8560385.0456775
2012-11-21,63.658944538891,64.180484792549,63.498625251088,64.090525066792,5573941.2497992
2012-11-23,64.280370242238,64.83143638354,64.121181733111,64.821636301684,3721874.1352101
2012-11-26,64.600883175768,64.885713759975,64.156989724509,64.669860674987,6719369.1796407
2012-11-27,64.010504023852,64.459661483667,63.550214563502,64.165101244774,8234388.2322177
2012-11-28,63.868164511385,64.851282760938,63.369726060435,64.827893051947,7759546.7291941
2012-11-29,64.560349803118,65.019513555549,64.100185421426,64.237646866242,7629182.5541842
2012-11-30,64.395871368238,65.230646329753,64.038771800493,65.069795175946,9273188.2391374
2012-12-03,65.010883128168,65.922706542829,64.897937100261,64.98023885703,6696974.7478296
2012-12-04,64.987493419177,64.987493419177,64.226389787049,64.237646866242,7787589.3328587
2012-12-05,64.171230099002,64.479298832926,63.450777030627,64.019134451234,6050476.2727612
2012-12-06,64.019134451234,64.450030427023,63.641021668995,64.344338961264,5837583.5323049
2012-12-07,64.595997220564,64.750594441486,64.038771800493,64.450030427023,6092717.3743392
2012-12-10,64.344338961264,64.344338961264,63.028386403561,63.040894269332,8150007.0511949
2012-12-11,63.329200575339,63.501058651024,62.748710524935,62.889924329483,6817558.5138742
2012-12-12,63.189362636026,63.239644256423,62.649272992061,62.931450443841,7216477.8101599
2012-12-13,63.040894269332,63.280169741519,62.34970960686,62.408621654638,5875894.5470149
2012-12-14,62.332573830755,62.418502868597,61.789982613635,62.061278222195,5782813.2420991
2012-12-17,62.100552920714,63.337831002721,61.990233544619,63.310814012657,8188711.5634088
2012-12-18,63.388112623118,63.388112623118,62.701931106954,62.997867211081,7751302.8342902
2012-12-19,63.129199801671,63.138955936971,61.748206341962,61.769094477799,7597925.9802264
2012-12-20,61.450018821996,61.980227252003,61.23025562041,61.97059619536,8436728.2332043
2012-12-21,61.319937017984,61.720063643979,60.548952171897,61.319937017984,15935533.577265
2012-12-24,61.010617497482,61.97059619536,61.000861362181,61.567842917553,3022527.6473654
2012-12-26,61.519937791652,61.700426294719,61.000861362181,61.139448514917,4453758.7225833
2012-12-27,61.031505633319,61.421876124013,60.209113458916,61.069529545261,7184518.9694359
2012-12-28,60.609115006253,61.519937791652,60.272903574345,60.652142064503,6509098.8352032
2012-12-31,60.409114232584,61.873410078324,60.329314048969,61.851396234568,7880739.8868176
2013-01-02,63.568601126184,63.708689222813,62.607496720388,63.480295593845,9072007.5486013
2013-01-03,63.780984686965,63.930703840237,63.078918181274,63.301057877356,6057179.5801305
2013-01-04,63.21150155844,63.369726060435,62.997867211081,63.179481422067,4780123.7597083
2013-01-07,62.551086245763,62.997867211081,62.379228170078,62.839517630428,5467113.3723015
2013-01-08,62.748710524935,63.458156671432,62.73157474883,63.220006907164,5433221.2612338
2013-01-09,63.51219065156,63.631265533694,63.008749054302,63.169725286767,4712397.3808915
2013-01-10,63.377230779897,63.620133533158,62.779229717415,63.620133533158,6714096.370055
2013-01-11,63.46916359331,63.757594977975,63.337831002721,63.699933716773,4569200.1361589
2013-01-14,63.660659018254,63.899934490442,63.388112623118,63.480295593845,4532611.3858848
2013-01-15,63.501058651024,64.010504023852,63.450777030627,63.950341189496,5119317.7930828
2013-01-16,63.641021668995,63.999372023316,63.550214563502,63.8619105785,3915388.9621424
2013-01-17,64.189616661684,65.285806017801,64.038771800493,65.050157826687,7797149.7742755
2013-01-18,65.160477202782,65.478552229322,64.963103080925,65.467420228787,6543756.7592175
2013-01-22,65.390121618326,65.991624883224,65.220640037137,65.749722759224,6575043.4768765
2013-01-23,65.467420228787,66.483809401289,65.309195726791,66.460419692298,6795491.6952791
2013-01-24,66.557480730676,67.691693998735,66.557480730676,67.35148004978,8484602.9481103
2013-01-25,67.610643028543,68.131095323249,67.286564226432,67.82052501617,7496768.6074995
2013-01-28,68.149481885931,68.149481885931,67.260798022945,67.581124465325,6561405.4888649
2013-01-29,67.50019857379,67.798511172414,66.969865065126,67.199384402012,6504747.5512145
2013-01-30,67.219021751272,67.581124465325,67.012892123376,67.239909887108,5102576.6332472
2013-01-31,67.228902965231,67.557859834992,66.919458366071,66.919458366071,5615914.9013549
2013-02-01,67.621649950421,67.738348338058,67.209265615971,67.298821934887,4984391.3281767
2013-02-04,66.859420610373,67.219021751272,66.318080179831,66.358480586269,4740921.4690792
2013-02-05,66.631026981406,66.930590366607,66.30832404453,66.389375014722,7111941.0841312
2013-02-06,66.040655717044,66.71958267106,66.001381018525,66.670301679925,5187275.5451731
2013-02-07,66.65316590382,66.699945321801,65.830773729417,66.30832404453,5744285.5186191
2013-02-08,66.547724595375,67.018895898946,66.409012363982,67.012892123376,4459340.1954547
2013-02-11,66.869301824332,66.979621200427,66.218642646956,66.378117935529,3953887.356616
2013-02-12,66.699945321801,67.428903738899,66.518206032157,67.322211643878,4933315.6780924
2013-02-13,67.522212417546,67.669555076321,67.178496266176,67.447415380239,3669188.2466641
2013-02-14,67.130716218933,67.468178437418,66.962485424321,67.34059820656,5439667.1251017
2013-02-15,67.522212417546,67.989881518701,66.801759349172,67.522212417546,8132493.5608552
2013-02-19,67.629029591225,67.918711762467,66.951478502443,67.54922940761,5455682.3920272
2013-02-20,67.438784952858,67.599511028007,66.367236092309,66.442033129615,5599281.2812096
2013-02-21,65.856665011561,65.922706542829,64.290304981136,64.379861300052,10622595.459759
2013-02-22,64.798499567386,65.739966623924,64.50143775534,65.58161704327,7504434.8839145
2013-02-25,65.959729825509,66.547724595375,63.820259385484,63.920822626278,10269413.93438
2013-02-26,65.561979694011,68.000888440579,65.4895591512,67.557859834992,22794767.794648
2013-02-27,67.581124465325,68.28081447652,67.368865983201,68.057298915203,14180762.011185
2013-02-28,67.910081335086,69.186759194269,67.859799714689,68.500577678106,8707434.9629828
2013-03-01,68.377750436241,69.121593213606,68.091945703387,69.030786108113,6242942.1749014
2013-03-04,68.950985924498,70.298833539915,68.931348575238,70.288827247298,8376224.9369272
2013-03-05,70.579760205117,70.967754201315,70.120721531344,70.470566536942,8326719.2033834
2013-03-06,70.470566536942,70.959123773933,70.281697763809,70.48157345882,5276828.4076708
2013-03-07,70.398145994131,70.498709234925,69.942734601432,70.249552548779,4998564.5705565
2013-03-08,70.590892205653,71.448806718844,70.388264780173,71.36788082731,6472827.0011378
2013-03-11,71.321101409328,71.378887749188,70.997147685875,71.321101409328,4902733.6712835
2013-03-12,70.900743081276,71.141198014336,70.46486409243,70.746866851481,4450527.9606732
2013-03-13,70.78953422967,70.941046960382,70.348928242657,70.757813584078,5827098.4679488
2013-03-14,70.871385934767,70.956845085834,70.180497834296,70.240207284823,6314880.6150809
2013-03-15,70.027865551386,70.190200620006,69.052486798092,69.052486798092,11277939.611518
2013-03-18,68.44942134777,69.910685754727,68.44942134777,69.354019523253,6011230.7891749
2013-03-19,69.551682683434,69.74101139948,68.561749751574,68.787650506067,7657997.6894838
2013-03-20,69.407633634038,69.551682683434,68.841264616853,68.881568495958,6112204.6492116
2013-03-21,68.65081634861,69.307620304406,68.421183753458,68.949985574687,8046336.193843
2013-03-22,69.229500439966,69.571212649544,68.798597238664,69.562753810719,5291733.7726548
2013-03-25,69.801964796893,70.359874975254,69.271048265958,69.46871142614,7027403.1831101
2013-03-26,69.659159694383,70.397690960587,69.551682683434,70.048639464382,4661142.5429775
2013-03-27,69.20872652697,69.696975679716,68.998748292617,69.648212961786,4156287.9879289
2013-03-28,69.438234727433,69.961811971741,69.332001663371,69.782434830783,6752513.7415209
2013-04-01,69.509139699934,70.767640764477,69.509139699934,69.670230821668,5359502.4095783
2013-04-02,69.900734179639,71.048399576642,69.825102208972,71.020286377019,7291538.5068006
2013-04-03,70.852975520855,70.941046960382,70.019282317873,70.359874975254,7798314.0251699
2013-04-04,70.359874975254,70.799361410069,70.080360109974,70.693252740695,6613662.9083425
2013-04-05,69.998508404877,70.252397964305,69.610396976452,70.058342250093,6987328.3657939
2013-04-08,69.782434830783,71.248550630595,69.782434830783,71.215710432806,6097140.8562468
2013-04-09,71.2277767176,71.570857268752,70.948386247009,71.196056072007,5996669.9691223
2013-04-10,71.397451072847,71.790662683504,70.966672266233,71.690400564495,5423591.3163372
2013-04-11,71.828478668838,72.601218474407,71.728340944517,71.898015299764,7627871.7419026
2013-04-12,72.413133705247,73.65832453811,72.149541360109,73.61926460589,10493577.11117
2013-04-15,73.389756405428,74.188121516848,72.21061915221,72.231268670517,8368918.7721006
2013-04-16,72.551211809591,72.798881634589,72.029873669678,72.457169425011,8120551.731121
2013-04-17,72.138470232823,72.971043883608,71.93831917887,72.798881634589,8838675.8118106
2013-04-18,72.668267211561,72.900263305796,72.289858568847,72.479062890204,7549114.7032809
2013-04-19,72.921037218792,74.280795559853,72.720761770149,73.996429301719,9579821.9620772
2013-04-22,73.923285224823,74.218598215554,73.238368069404,73.858599986752,7223486.4356301
2013-04-23,74.144085797084,74.58618452036,72.626843780258,73.380053619717,7899223.9896248
2013-04-24,73.65832453811,73.848648411665,73.256654088628,73.279915895396,6248759.3373206
2013-04-25,73.312880487874,73.788938961138,73.199308137185,73.370226439318,5645312.2614134
2013-04-26,73.238368069404,73.690045183703,73.12964711157,73.349452526322,4984230.5516698
2013-04-29,73.439763070244,74.0184471616,73.389756405428,73.669395665395,4519349.2363461
2013-04-30,73.498352968573,74.006256482118,73.218838103294,73.349452526322,6605174.6260705
2013-05-01,73.181022117961,73.588787907184,72.637790512855,72.762185201452,5554635.4201145
2013-05-02,72.770892829654,73.482430448433,72.531681843481,73.327559061129,3722856.4055705
2013-05-03,73.721890223984,74.406682984714,73.721890223984,73.961101210157,4953229.7261244
2013-05-06,73.87924950506,75.369746663837,73.87924950506,75.26127449538,5731177.2739086
2013-05-07,75.24174452927,75.28080446149,74.597131252957,75.072070174023,5582350.5382491
2013-05-08,75.190245128191,75.497997587781,74.921676995508,75.419877723342,6536629.4120775
2013-05-09,75.357555984355,76.177938955657,75.357555984355,75.871430442952,6339243.6727004
2013-05-10,76.137635076551,76.197468921766,75.410174937632,76.006896258835,5171438.8717314
2013-05-13,76.006896258835,76.850541036904,75.949550307391,76.671039501258,4466051.3103215
2013-05-14,76.778516512206,77.420766289436,76.749159365697,77.318140671343,6072616.421325
2013-05-15,77.60138737728,78.249483704874,77.441415807743,77.88077784787,6706182.0722461
2013-05-16,77.495154313218,78.538825750552,76.69305736114,76.749159365697,8299348.7712786
2013-05-17,76.340274024277,77.149710262982,76.197468921766,76.859124270418,8739862.1139392
2013-05-20,76.768689331807,77.001929372928,76.501365146011,76.761474439868,8868398.7257226
2013-05-21,79.328732023148,79.466685732803,78.064011224175,78.709868447374,14110978.774245
2013-05-22,79.259070997533,81.560123947213,79.18219507998,79.688730251949,14834273.482004
2013-05-23,78.887877246757,79.248124264936,77.789347751751,78.908651159753,9634805.7484487
2013-05-24,78.504617211188,79.391053762135,78.310561496975,78.991746811736,6188202.7093841
2013-05-28,79.940256312294,80.628780913682,79.487459645798,79.81822512278,7715876.4372093
2013-05-29,79.379858240161,79.871963628254,79.088277090088,79.487459645798,7127176.1338811
2013-05-30,79.549532595409,80.102591380914,79.128456574505,79.440936032263,5450692.0538787
2013-05-31,79.537466310615,80.374891354254,78.659612993181,78.659612993181,6911487.5870532
2013-06-03,78.652398101242,79.077205962803,78.051696150004,79.077205962803,6192722.0930257
2013-06-04,78.49758692709,78.82449310132,76.078035625433,76.63071872575,8791664.9637335
2013-06-05,76.108362021755,76.851791965877,74.910655038851,75.100040289351,8762798.260734
2013-06-06,75.021191658914,77.370559014797,75.011536724575,77.25866080143,11518564.463283
2013-06-07,77.73001964712,78.972659209065,77.589032849525,78.738217598314,6556246.088497
2013-06-10,78.938743157668,79.678459665505,77.528503838091,77.73001964712,7628017.8296242
2013-06-11,77.229448435993,78.529398697926,76.958738930866,77.609704311508,5980244.84447
2013-06-12,78.039844014442,78.302260178534,76.357409815224,76.398752739189,7360079.8337469
2013-06-13,76.345279256695,76.830006473009,76.078035625433,76.528723009141,9196859.9544636
2013-06-14,76.222612078103,76.948836434107,76.06701909779,76.590613613879,8613095.6130663
2013-06-17,77.080168297363,77.479734041556,75.690476658559,76.138688418077,9315859.2638998
2013-06-18,76.120492580284,77.370559014797,76.120492580284,77.191818948312,6421676.1296803
2013-06-19,77.069151769719,77.269553547864,75.921328614235,75.932221360669,8027609.0659745
2013-06-20,75.426946463581,75.426946463581,73.800337589838,73.869778848355,12375092.598731
2013-06-21,74.492769675655,74.693171453799,73.020515970129,73.817295615536,15552530.822113
2013-06-24,72.896610979442,74.016583362795,72.412007544338,73.507595029423,10214746.085679
2013-06-25,74.071294657384,74.720031976255,73.800337589838,74.144078008557,8524953.5866347
2013-06-26,74.789225672353,75.87033075593,74.580282990755,75.671043008671,7390229.1354429
2013-06-27,75.989284498238,76.820103976251,75.798537654433,76.269896500123,6682119.4024971
2013-06-28,76.532188883006,78.170928315279,76.294157617181,77.850334982732,12427922.822553
2013-07-01,77.631613585585,77.808992058767,76.63071872575,76.871101834556,7470940.6510721
2013-07-02,77.290225009846,78.121168269069,76.958738930866,77.308544628849,6887889.2303877
2013-07-03,76.991417170168,77.987484562833,76.918633818995,77.73001964712,3034828.5605431
2013-07-05,77.910987775376,78.560839125133,77.399523817815,78.292357681776,4991873.3014756
2013-07-08,78.560839125133,79.541186304195,78.538929851055,79.219231378344,6051854.6841155
2013-07-09,79.541186304195,80.15105632329,79.329767998407,79.701482970468,4987959.6466614
2013-07-10,79.668680949956,79.701482970468,78.609485140458,79.4001995066,5462571.3814487
2013-07-11,80.270010065598,80.67700268236,79.58017738518,79.855714357477,6847477.4926557
2013-07-12,79.922679991804,80.753499469817,79.922679991804,80.542204945239,5178694.7505568
2013-07-15,80.626995073731,81.149475558936,80.172841816158,80.40233217853,5042515.3691144
2013-07-16,80.412234675288,80.68900945968,79.837518519684,80.219012207293,5033043.237795
2013-07-17,80.761916592062,81.229562001468,80.3928010254,80.436372011136,5702335.837421
2013-07-18,80.330786639452,80.44491291459,79.962785103675,80.017372617055,5297714.6408446
2013-07-19,79.952882606917,80.122957988739,79.418395344393,79.888516377989,5886296.5480755
2013-07-22,79.979743129373,80.057477728925,79.25091936797,80.000414591356,5957813.3622699
2013-07-23,80.140039795647,80.468060000762,79.855714357477,80.191037653952,4986081.0264918
2013-07-24,80.44491291459,80.468060000762,79.58017738518,80.270010065598,4814393.9127295
2013-07-25,80.089041937342,80.101172495871,77.891554125488,78.989617234763,9967752.8112534
2013-07-26,78.417500484558,79.367521267298,78.251014757811,78.738217598314,5577503.0912973
2013-07-29,78.63981153678,78.981200112518,78.371453874632,78.670261714311,5179056.1503177
2013-07-30,79.170832925438,79.270353017858,78.519496201167,78.602182049098,4813373.1024709
2013-07-31,78.687219740009,79.731933147999,78.687219740009,79.029722346634,5914985.4325144
2013-08-01,79.520514842212,79.97107844471,78.609485140458,78.63981153678,6728402.4456846
2013-08-02,78.63981153678,80.497148584989,78.49758692709,80.228667141633,5964907.1703335
2013-08-05,79.952882606917,79.952882606917,79.367521267298,79.660263827712,3578468.4729021
2013-08-06,79.619044684956,80.330786639452,78.738217598314,80.048936825471,6311103.4442829
2013-08-07,79.559505923197,79.570274888422,78.602182049098,78.832910223564,5324308.3945509
2013-08-08,79.428174059942,80.219012207293,79.086909265412,80.039158109923,4467986.8908559
2013-08-09,79.678459665505,79.731933147999,78.529398697926,78.972659209065,5299384.1595579
2013-08-12,78.592527114759,79.541186304195,78.58274839921,79.20103554055,3844494.9192468
2013-08-13,79.141496778792,79.636002710654,78.081063157198,79.437828994281,6956430.8766184
2013-08-14,79.14892365136,79.229010093892,77.182164013972,77.44334236597,8649159.8516243
2013-08-15,76.478839181721,76.601506360313,74.859533399337,75.140269182432,13705177.082877
2013-08-16,75.188791416547,76.345279256695,74.928850876644,75.380776072446,9138720.6940623
2013-08-19,75.492550504605,76.44120969404,75.179136482208,75.210700690624,9177832.5451828
2013-08-20,77.041300997587,77.501643315634,73.647220233714,74.291130085416,17037824.566683
2013-08-21,74.597241016454,75.328416620837,73.428622617777,73.72879205076,10789276.210405
2013-08-22,73.909760179016,74.198913084355,73.35212583032,74.002100961286,6668848.8691345
2013-08-23,74.15274269322,74.198913084355,73.111742721514,73.889212498243,7741196.8741175
2013-08-26,73.827198112294,76.149704945721,73.817295615536,75.426946463581,10362622.800157
2013-08-27,74.850002246207,75.231248371398,73.950979321772,74.121054703594,8263976.0349008
2013-08-28,74.11016195716,75.318885467708,74.009280271436,75.029732562368,7077294.8112445
2013-08-29,74.968955988515,75.661388074332,74.798880606693,75.050404024351,5704295.9577643
2013-08-30,75.49131269251,75.499729814754,74.546366939359,74.855943744262,6300473.8458475
2013-09-03,74.831457098745,75.249494110122,73.679792837357,73.900939957367,7802910.5606067
2013-09-04,73.97949890089,74.51118780078,73.741482540656,74.141418980407,8275146.7104769
2013-09-05,74.071356223566,74.207910876178,72.83879348899,72.993571846369,11039933.487469
2013-09-06,73.550503040024,73.56035369125,72.211676405354,72.699776173572,9968772.2827261
2013-09-09,72.982612996881,73.788642533398,72.898020529483,73.584364653611,5782157.7273386
2013-09-10,73.961398329263,74.650081983058,73.741482540656,74.599474262387,6438828.7446975
2013-09-11,74.661040832546,75.110599927844,74.160750883437,75.038074508197,6445368.1782664
2013-09-12,75.180539551544,75.738825209743,74.972690810689,75.399224008748,6881793.8536502
2013-09-13,75.332855246117,75.40784332857,74.839830152286,75.110599927844,4888448.3806624
2013-09-16,76.050598321026,76.291200477206,75.197531924908,75.540827120113,8065240.1616652
2013-09-17,75.631329978246,76.144918306509,75.569640274947,75.800514913042,6833377.0527203
2013-09-18,75.769115962261,77.979232697816,75.351078950884,77.367876656141,10594551.883196
2013-09-19,77.840215382398,78.719878536825,77.640862828224,78.509690266303,7693814.9001302
2013-09-20,78.808164998432,78.808164998432,76.999216034031,76.999216034031,14161993.3046
2013-09-23,76.462724941668,76.761199673797,75.769115962261,75.912812337011,6249336.6159409
2013-09-24,75.800514913042,76.790135961772,75.579490926172,76.040993936082,5400012.1643039
2013-09-25,75.879073856564,76.309301048833,75.26032982647,75.521372083943,6785628.9258382
2013-09-26,75.621725593301,76.419135809996,75.621725593301,76.070053357196,3804310.9270764
2013-09-27,75.651893212679,76.090616591629,75.380015238858,75.956401468684,4060994.0392409
2013-09-30,75.549077040514,76.45546008639,75.330515716451,76.223477250032,6245111.886965
2013-10-01,75.879073856564,76.419135809996,75.639949298068,76.260909724688,4410470.5717056
2013-10-02,75.858510622131,76.379240672533,75.439242279351,76.318782300637,5118371.289855
2013-10-03,76.401035238369,76.827568436428,75.509305036192,75.879073856564,6979723.1540727
2013-10-04,75.800514913042,76.239115158852,75.479137416814,75.777489015803,4855792.5911625
2013-10-07,75.399224008748,75.848906237187,75.09360755448,75.129931830874,5088213.9247977
2013-10-08,75.017511273764,75.272520007361,74.170478401522,74.269600579477,8998124.8698052
2013-10-09,74.349267721262,74.63924626671,73.900939957367,74.141418980407,6817617.6964242
2013-10-10,75.038074508197,75.509305036192,74.738368444665,75.509305036192,6092849.5099123
2013-10-11,75.451309327102,76.630678545061,75.416339515252,76.318782300637,6936534.9207572
2013-10-14,75.738825209743,76.518257987951,75.588972177977,76.347964854893,4119042.8912094
2013-10-15,76.137653451231,76.239115158852,75.09360755448,75.180539551544,6651541.572835
2013-10-16,75.439242279351,75.588972177977,74.567952178466,74.938952330242,12876774.475523
2013-10-17,74.51118780078,75.81147376253,74.51118780078,75.738825209743,7176371.2537316
2013-10-18,75.272520007361,75.498469319844,73.741482540656,74.692439783327,14334799.202143
2013-10-21,74.599474262387,74.79870368342,74.151146498492,74.622377026486,7578678.0013531
2013-10-22,75.038074508197,75.120204312789,74.587284081496,74.859162055316,6866990.3371126
2013-10-23,74.537784559088,75.40784332857,74.51118780078,75.081540506729,5526179.7021648
2013-10-24,75.416339515252,76.83975861732,75.40784332857,76.782871106493,7935165.6805142
2013-10-25,76.548425607329,76.608883979225,76.010703183564,76.248842676937,5944177.9455974
2013-10-28,76.144918306509,76.401035238369,75.800514913042,76.060325839111,7728082.7899329
2013-10-29,76.45176609218,77.551468168354,76.390322655162,77.500614181403,7248173.4398537
2013-10-30,77.521177415836,78.600316257576,77.521177415836,77.882450049527,7259933.165368
2013-10-31,78.374366945094,78.835993088144,77.904244615363,78.269088110123,7540453.514247
2013-11-01,77.969505179731,78.028609087083,76.83975861732,76.989488515946,7178343.3456316
2013-11-04,77.179359818315,77.420947039617,76.608883979225,76.999216034031,3906517.9207561
2013-11-05,76.782871106493,76.799863479857,76.070053357196,76.650010448091,6041745.5992889
2013-11-06,76.716502343862,76.790135961772,75.912812337011,76.419135809996,5065728.9323823
2013-11-07,76.82042671429,77.187732871856,75.666299790096,75.689325687335,5424574.3496145
2013-11-08,75.282124392306,75.708657590365,74.781834443197,75.479137416814,9229735.187887
2013-11-11,75.301456295336,75.666299790096,74.928116613894,75.36917952251,5774103.8463601
2013-11-12,75.848906237187,76.589552076195,75.720724638116,76.181119449763,6631013.7761157
2013-11-13,75.689325687335,77.692825013438,75.689325687335,77.597273696552,7065266.2608451
2013-11-14,78.13992144593,79.343424759391,78.060254304145,78.941025656834,6843460.9552813
2013-11-15,78.840672147476,80.088872790872,78.56288378292,80.024966691047,10414767.941631
2013-11-18,79.999478131002,80.469600460733,79.188646402012,79.668496249829,8617316.6548658
2013-11-19,82.219322384642,82.272515901259,80.258180858808,80.37897446946,12236578.65982
2013-11-20,80.729411386803,80.729411386803,79.379625902645,79.753088717227,7238212.8447594
2013-11-21,80.058828304635,80.058828304635,79.360293999615,79.826722335137,5618840.7117624
2013-11-22,79.597202161585,79.818349281595,78.78021377558,79.179165150208,7786546.2529136
2013-11-25,79.302298290525,80.035802407395,79.302298290525,79.753088717227,5496057.9224837
2013-11-26,80.207326871857,80.900935851265,80.088872790872,80.351146379748,9360709.2342489
2013-11-27,80.342773326206,80.751205952639,80.121626206197,80.660579961365,5449998.0320581
2013-11-29,81.276861328653,81.790326523776,81.025546589266,81.067781256395,3356065.9413622
2013-12-02,80.4490372263,80.751205952639,79.523568543675,79.771189288854,5915593.785199
2013-12-03,78.961514338558,79.477370419011,78.308668448617,78.711428291004,7277092.9515726
2013-12-04,78.148642785655,78.75235369026,77.701404141082,78.401179455919,7148758.7059827
2013-12-05,78.31810334605,79.54353723218,78.27019367207,78.541845199472,6264910.1882148
2013-12-06,79.079511822044,80.047385261354,78.808840543726,79.838102081921,5094651.4958055
2013-12-09,79.912601012305,80.601593587218,79.531406649766,79.601249397001,5800688.6067874
2013-12-10,79.319917909894,79.934289023288,78.401179455919,78.609237323997,7447616.7602217
2013-12-11,78.381942067646,79.808204484859,78.381942067646,78.999989115105,7833558.4104114
2013-12-12,78.991534466755,79.200817646188,78.276197697709,78.529837148193,8535217.8063874
2013-12-13,79.088946719477,79.573557360378,78.519054408269,79.008321232319,6027082.3378875
2013-12-16,79.257304499654,79.764828462892,78.931494210361,79.101077301892,7099358.886636
2013-12-17,79.319917909894,79.372728829294,78.609237323997,78.618794752566,6226165.248171
2013-12-18,78.797935272666,80.059393312633,78.308668448617,80.047385261354,8171693.6496795
2013-12-19,80.078630700906,80.471833114724,79.634945459263,79.951198319987,6620778.3334599
2013-12-20,80.182046979268,80.830114154925,80.038930613005,80.038930613005,11233205.061204
2013-12-23,80.067847960982,80.922870224498,80.038930613005,80.559442876606,3942368.5461476
2013-12-24,80.559442876606,80.96011968969,80.559442876606,80.6401908949,1819818.7890033
2013-12-26,80.842244737339,81.736722026485,80.808426143941,81.5528027921,3848842.2909746
2013-12-27,81.649112264603,82.241795367014,81.218537854458,81.639309773763,3962047.4728526
2013-12-30,81.669574964231,81.98325467111,81.460169253663,81.937550557569,3526386.656325
2013-12-31,81.992934630814,82.47276655743,81.721160572277,82.340555462226,4493863.3358018
2014-01-02,82.108358960455,82.567728187442,81.801786059435,82.020504136302,4255035.8628614
2014-01-03,81.909981052081,82.479873363289,81.828130253568,81.890743663808,3897961.0184383
2014-01-06,81.649112264603,81.98325467111,81.100662902107,81.100662902107,11188814.997784
2014-01-07,81.312274173115,81.917210389076,81.081425513834,81.50109465292,4650518.8360483
2014-01-08,81.540794740821,81.937550557569,81.032167997363,81.926767817645,4662272.3022664
2014-01-09,81.900178561241,81.937550557569,80.978131766608,81.572040180374,4966039.4848637
2014-01-10,81.722385883632,82.039741524575,81.418141074186,82.009843927513,4980998.8954865
2014-01-13,81.609412176701,82.128821660083,80.96011968969,80.969554587123,6952444.3012564
2014-01-14,81.279925953343,81.490311912996,80.608945455348,81.009254675025,5218304.4804218
2014-01-15,80.851802165908,81.427821033891,80.741279081687,81.069417462555,5197081.2116262
2014-01-16,80.898731590804,81.37966629764,80.779631327099,81.26068856507,4871229.1886631
2014-01-17,81.3208513526,81.351974261017,80.650973634824,80.998594466236,6178265.6943771
2014-01-21,81.26068856507,81.50109465292,79.808204484859,80.459825063445,6932972.4511161
2014-01-22,80.660531063393,80.808426143941,79.923506283364,80.198833744831,5821613.3194114
2014-01-23,79.6181586937,80.301024711838,79.191260217619,80.237308521378,6386966.4378746
2014-01-24,79.609581514215,79.998005213748,79.161117558287,79.161117558287,7120761.7881141
2014-01-27,78.859200840416,79.169572206636,78.519054408269,78.94105163893,6591286.9714682
2014-01-28,78.420416844192,78.931494210361,77.820381873652,78.541845199472,10586615.556935
2014-01-29,78.276197697709,78.75235369026,76.63011442341,76.679249408745,9195415.3179958
2014-01-30,77.227576240105,77.759116305902,76.651557372122,76.92823267608,6820973.1367832
2014-01-31,76.20076532462,77.471780793156,75.850816401633,76.851283122986,10598334.926209
2014-02-03,76.639549320843,76.729732236571,74.930852636303,75.091981079485,9527528.7042329
2014-02-04,75.509322126996,75.850816401633,74.168586442361,74.970552724205,9573497.2066894
2014-02-05,74.73247472793,75.542895658123,73.960528574283,75.261564171016,10093157.093151
2014-02-06,75.189515863343,76.20076532462,75.171503786424,76.157389302653,6107248.4122927
2014-02-07,76.168294573712,76.601074544296,75.850816401633,76.449503529684,6223652.885513
2014-02-10,76.55904636482,76.590291804372,75.879733749611,76.412254064492,6343563.5225752
2014-02-11,76.439946101115,76.989620774965,76.168294573712,76.699712108374,6293026.0295721
2014-02-12,76.907769976452,77.332217829822,76.67312285197,77.280509690641,7346242.3864113
2014-02-13,77.341775258391,77.869639390122,76.938892884868,77.589410683235,6587280.1646869
2014-02-14,77.727748335214,78.128302617162,77.323763181472,77.928576866298,4754272.5112703
2014-02-18,77.919019437729,78.0776972582,77.068898419633,77.571398606317,4954869.824864
2014-02-19,77.249264251089,77.523366401201,76.402696635923,76.449503529684,7768011.608818
2014-02-20,76.699712108374,77.559513086173,76.538583665192,77.482441001944,5852170.8346396
2014-02-21,77.359787335309,78.041673104364,77.359787335309,77.738653606273,7765467.6441141
2014-02-24,77.84084457328,78.250833752661,77.460752990961,77.869639390122,11741727.721345
2014-02-25,79.677096169875,80.998594466236,79.330700649818,80.978131766608,13423270.094756
2014-02-26,80.990017286751,82.709496711215,80.791639378378,81.700697872648,9737915.9990288
2014-02-27,81.658547162036,82.200869967757,80.608945455348,81.971369150967,6041465.4269871
2014-02-28,81.889518352453,83.097920410749,81.390449037564,82.030306627142,7239929.7770951
2014-03-03,80.730373810628,82.030306627142,80.619728195272,82.000041436673,8359542.0326058
2014-03-04,82.909099930944,83.202684531601,82.709496711215,82.870625154397,6367657.5877612
2014-03-05,82.909099930944,83.202684531601,82.579736238721,82.909099930944,5071030.629677
2014-03-06,82.77933945845,82.891087854025,82.229787315735,82.4126037699,6174796.1223782
2014-03-07,82.609633835783,82.672247246023,82.039741524575,82.547265487814,5288333.7827521
2014-03-10,82.441398586742,82.537585528109,81.728389909271,82.179427019045,4139179.4356494
2014-03-11,81.692495878462,81.849291553304,81.050571705391,81.289602874031,4667987.9762673
2014-03-12,80.730036025119,80.852110047024,80.239912482082,80.561544635604,7048927.5067351
2014-03-13,81.061292777175,81.061292777175,78.720444217412,78.796831853874,7665902.5239816
2014-03-14,78.818395827803,79.880025595148,78.789643862564,79.377840846354,6739016.8356361
2014-03-17,79.56801804016,80.190936676886,79.250040797473,79.578739111944,5547697.2713569
2014-03-18,79.652933801904,80.561544635604,79.619430452579,79.821425191419,5032639.5903911
2014-03-19,79.968474437367,80.488568249255,79.396968213059,79.74735233182,6568372.0015722
2014-03-20,79.711534205633,80.239912482082,79.473599510243,80.08933015566,5097852.4665323
2014-03-21,80.800697634605,81.898145528138,80.248318777003,80.420586907715,10086172.025615
2014-03-24,80.412058782433,80.46225289124,79.197410081442,79.663654873688,7574335.8404418
2014-03-25,80.058263413558,80.08933015566,79.159155348031,79.473599510243,5375495.8664042
2014-03-26,79.492726876949,79.77720077031,78.702535154318,78.870904713473,6365500.0442677
2014-03-27,78.628462294719,79.019172263032,78.368841795039,78.682189484001,5803263.4607968
2014-03-28,78.922438956253,79.501011341509,78.490793986583,78.720444217412,5132693.3909703
2014-03-31,79.208131153226,79.330205175131,78.841056274983,79.133936463266,5736201.2680326
2014-04-01,79.239319725689,80.287791814026,79.239319725689,79.377840846354,6697947.9548095
2014-04-02,79.539266074921,80.760128124331,79.492726876949,79.949347070661,6611762.7742785
2014-04-03,79.692406838927,80.02341993026,78.977384449146,79.396968213059,5505748.4804953
2014-04-04,79.642090899759,79.701909607099,78.490793986583,78.720444217412,6422051.8287619
2014-04-07,78.639061536142,78.692788725424,77.032240902505,77.13262912012,11121602.813663
2014-04-08,76.910288710961,77.438788817771,76.422358114425,77.109846842578,7372042.6832743
2014-04-09,77.240205329044,77.932445441283,77.141035415041,77.761517444544,8028314.2150317
2014-04-10,77.618123109432,78.221792549092,76.70098415045,76.777493617272,6208180.9960194
2014-04-11,76.620941603153,77.063307644607,75.652512062112,75.699051260084,8399146.1098104
2014-04-14,76.298091146019,76.863627682628,75.508995896639,75.972925912022,8677244.5201953
2014-04-15,76.289806681458,76.401037801218,74.607573054249,75.890324927141,7022928.3398829
2014-04-16,76.422358114425,76.577813655294,75.798343004448,76.577813655294,6104718.7986791
2014-04-17,76.259836412607,77.679038290023,75.907137516984,77.089501172261,6874983.0100401
2014-04-21,78.348496124722,78.348496124722,77.66941369149,77.961197406522,6254049.2340524
2014-04-22,78.739571584118,80.23150618716,78.628462294719,79.67206116861,11188999.572979
2014-04-23,79.829953316702,80.051075422249,78.440721708137,78.520642425073,7496979.8712507
2014-04-24,78.969099984586,79.810825949997,78.720444217412,79.766479698526,7275947.6414363
2014-04-25,79.407932945566,79.701909607099,79.028918691927,79.377840846354,6381369.3723043
2014-04-28,79.528545003136,81.148523315781,79.330205175131,80.169372702957,14562445.839128
2014-04-29,80.32007685974,80.32007685974,79.519042234964,79.519042234964,5146542.7734417
2014-04-30,79.740164340511,79.740164340511,78.729825155223,79.510635940043,8524662.0979234
2014-05-01,79.510635940043,79.652933801904,78.948754314268,79.330205175131,3936712.4781882
2014-05-02,79.321677049848,80.159748104423,79.159155348031,79.396968213059,3738433.2832431
2014-05-05,79.037081326126,79.175846107513,78.558897158484,78.692788725424,3521032.7733641
2014-05-06,78.639061536142,78.757480647212,77.352654752415,77.419661451066,6475766.4888846
2014-05-07,77.8476515099,77.961197406522,76.520431555177,77.082435011312,5378708.5417317
2014-05-08,76.938918845839,77.732887309666,76.661511113426,77.052464742461,5485227.8409522
2014-05-09,77.063307644607,77.75079637276,76.809900493347,77.710105032125,4345789.512084
2014-05-12,77.820117848273,78.440721708137,77.75079637276,78.270768354287,4324168.148581
2014-05-13,78.359339026867,78.682189484001,77.041743670677,77.267738990671,5455494.9113658
2014-05-14,77.331090778486,77.369345511897,76.17150940075,76.308812217803,6869970.3666561
2014-05-15,76.049435378845,76.289806681458,75.318940533194,76.23949074229,6304741.0853666
2014-05-16,76.788336519417,77.369345511897,76.661511113426,77.363375824199,7039780.4571696
2014-05-19,76.577813655294,77.072810412779,76.368630925143,76.498867581248,7736112.9880119
2014-05-20,77.920627896249,78.818395827803,77.399315780748,77.961197406522,15432666.826769
2014-05-21,78.251640987582,78.512357960512,77.75079637276,78.079494687231,6693931.4833378
2014-05-22,77.761517444544,79.048046058632,77.761517444544,78.77892279078,5266370.2937339
2014-05-23,78.769420022608,79.396968213059,78.512357960512,79.175846107513,5004370.3894752
2014-05-27,79.377840846354,79.99966300983,79.303767986755,79.692406838927,4765329.2785161
2014-05-28,79.74735233182,79.99966300983,79.271604771402,79.681563936782,4002160.387333
2014-05-29,79.880025595148,79.988820107684,79.44131446453,79.901589569078,4408852.7981207
2014-05-30,79.766479698526,80.270979224183,79.578739111944,80.23150618716,4527554.5019611
2014-06-02,80.248318777003,81.061292777175,80.169372702957,80.841267144879,6817733.6542823
2014-06-03,80.189455589324,80.877671049759,80.150212046701,80.669704498269,5477704.8428907
2014-06-04,80.320146276021,80.888329789731,80.058643780582,80.540103909979,4961627.3453614
2014-06-05,80.669704498269,80.862288550028,80.278480292495,80.382039641083,5666435.400794
2014-06-06,80.580437551007,81.269985353939,80.508006568019,80.641119695618,4460393.8810139
2014-06-09,80.718274438367,81.320977734939,80.418860742802,80.611444794561,3718644.0041686
2014-06-10,80.25946413141,80.852719908462,80.216829171524,80.739713040355,4249477.1975702
2014-06-11,80.459315505876,80.729175422429,79.760320183424,79.812766028966,4918061.0670641
2014-06-12,79.729434061916,79.77933634451,78.202085072812,78.43149022629,7643612.834316
2014-06-13,78.488538709547,78.58846439678,77.750420966517,78.072484484521,7971878.481958
2014-06-16,77.959598738459,79.086397124314,77.959598738459,78.897325611865,7171926.0966371
2014-06-17,78.843910789962,80.459315505876,78.725090063688,80.018189017508,9587295.2841007
2014-06-18,80.030301222022,80.761151642343,79.790116206526,80.708948040892,8071482.5840009
2014-06-19,80.708948040892,80.852719908462,79.950602916325,80.440299344791,5095449.9557698
2014-06-20,80.688720659355,80.796761523612,79.861335969064,80.170439428238,13661013.205994
2014-06-23,80.159780688267,80.796761523612,79.969619077411,80.641119695618,4920428.5069514
2014-06-24,80.382039641083,80.831281306474,79.828148528698,80.429519482774,5579324.7181995
2014-06-25,80.360601039094,80.611444794561,80.122959586547,80.529445170007,4486430.671929
2014-06-26,80.449746864311,80.969239315879,80.122959586547,80.749402803965,5165281.0193709
2014-06-27,80.651899557635,81.472016925218,80.632883396549,81.129604903632,5011044.0774531
2014-06-30,81.020231696879,81.230741811317,80.479421765368,80.959549552268,5046408.4469154
2014-07-01,81.320977734939,81.967648333895,81.222384390203,81.821454025422,5234564.3916548
2014-07-02,81.839258966056,82.177916204243,81.61700001324,81.977095853415,4185701.8668438
2014-07-03,82.069875339986,82.347971555607,81.800015423433,82.049647958449,2764041.5948457
2014-07-07,81.733519420656,82.090102721522,81.139173545198,81.41848098127,6071028.6901503
2014-07-08,81.449488224824,81.531366727332,80.549672551544,80.761151642343,7322934.0995756
2014-07-09,81.10949864414,81.230741811317,80.181219290255,80.729175422429,6981306.8029317
2014-07-10,79.049576022594,79.58081731254,77.950151218939,79.397801902347,11531610.397281
2014-07-11,79.589295855699,79.899368291235,79.212485173296,79.608312016785,4746425.8817662
2014-07-14,79.920806893223,80.058643780582,79.193347890165,79.461996586266,7657163.7775522
2014-07-15,79.49772758958,80.058643780582,79.420451724786,79.861335969064,6052323.0545936
2014-07-16,80.039627619497,80.239236749873,79.381208182164,79.661726838687,9033659.2866101
2014-07-17,79.450126625843,79.878050811292,79.23029011393,79.552474753979,7697346.3162522
2014-07-18,79.800774946498,80.278480292495,79.450126625843,80.078871162119,5323239.0652765
2014-07-21,80.007651399582,80.030301222022,79.518923947478,79.71041790083,4112786.5691889
2014-07-22,80.360601039094,80.749402803965,80.199024230889,80.540103909979,6336051.5548443
2014-07-23,80.459315505876,81.089271262604,80.207260529958,81.020231696879,3675277.1157976
2014-07-24,81.189075827792,81.539724148446,80.888329789731,81.200945788214,4359578.2958729
2014-07-25,81.099930002575,81.301961573854,80.888329789731,81.032222779347,4680092.1343029
2014-07-28,81.200945788214,81.338782675574,80.660135856704,81.070255101518,3441587.9153418
2014-07-29,81.211725650231,81.809584064999,80.888329789731,80.977354492902,4536637.3919575
2014-07-30,81.501691826275,81.848706485576,81.070255101518,81.759560660359,5807961.8658749
2014-07-31,81.089271262604,81.578967691069,80.852719908462,80.852719908462,5748997.9739247
2014-08-01,80.560331291516,81.080913841489,79.741304022339,79.750872663904,8708106.856323
2014-08-04,79.70097038131,80.250137733935,79.661726838687,80.030301222022,7025003.4839237
2014-08-05,79.77933634451,80.862288550028,79.77933634451,80.030301222022,5895523.4894004
2014-08-06,79.94103427476,81.020231696879,79.849587130686,80.519876528442,4228247.6388926
2014-08-07,80.749402803965,81.070255101518,80.290592497009,80.469974245848,4045923.6391778
2014-08-08,81.070255101518,82.460857301669,80.877671049759,82.428881081754,7226692.7044374
2014-08-11,82.609474051045,83.069495578453,82.501312064743,82.881635286455,3952038.7469269
2014-08-12,82.747432060449,83.090934180441,82.683116254485,82.92330126998,3657211.7154059
2014-08-13,82.979138532785,83.390468998051,82.737863418884,83.121699179905,4498698.620912
2014-08-14,83.090934180441,83.969311251733,82.737863418884,83.861028143385,4922998.7019961
2014-08-15,84.092976859812,84.092976859812,82.841180523381,83.692305134518,5383544.0017118
2014-08-18,84.209375145183,84.620584488403,83.289332090366,83.590199250472,9477518.9305731
2014-08-19,86.900464743907,88.988729924014,86.567500241842,88.230505921493,18241887.398491
2014-08-20,88.169944898927,91.069001049142,88.078497754853,90.751540168853,13395496.493676
2014-08-21,90.680320406316,91.809420111029,90.668329323848,91.150879551651,8315967.4449528
2014-08-22,90.740881428882,91.331593642986,90.648101942311,91.02975750652,6939689.8345913
2014-08-25,91.250805238884,91.820199973046,90.951270421275,91.199691735839,7324261.6831372
2014-08-26,91.03920502604,91.830737590972,90.900278040274,91.629917240145,5397062.1339472
2014-08-27,91.677639325926,91.958036860405,91.309064942592,91.869981133595,4320227.8104951
2014-08-28,91.398210767809,92.729463165845,91.271032620421,92.510716752338,7575800.9092117
2014-08-29,92.740121905817,93.522328073274,92.611732537978,93.498467030383,7673417.8424508
2014-09-02,93.040285031342,93.309993564774,89.851867395494,91.150397086172,20752394.769166
2014-09-03,91.108940546627,91.3112822033,88.981400578253,89.001526282044,15412548.202774
2014-09-04,89.098539405106,90.749449681913,89.001526282044,89.932370210656,8452680.7955244
2014-09-05,89.659046281333,91.638957584177,89.278224580865,91.614011352532,7748100.0558784
2014-09-08,91.379974725219,91.782127261441,90.569764506154,90.82055246776,4887826.4229796
2014-09-09,90.207863377513,90.329702219024,88.781589698704,88.929459390626,8103717.2740696
2014-09-10,88.663366253084,89.403678818266,88.327495974855,89.251229624882,6245512.0158969
2014-09-11,89.070098290767,89.418983994202,88.620704581576,89.221462865384,4538982.9707754
2014-09-12,89.383553114475,89.498281677401,88.462350241571,88.839556546149,4593702.4180458
2014-09-15,89.181331970999,89.540822835713,88.600578877785,89.383553114475,3935030.4102055
2014-09-16,89.267739932782,90.740170165794,88.528511986368,90.270530239616,5045238.0566637
2014-09-17,90.631226236293,91.540739329151,89.941770239971,91.217763962932,7068780.364648
2014-09-18,91.602321572486,92.440731879497,91.198963904301,92.087025648208,6027689.4833309
2014-09-19,92.899525618004,93.74998724465,92.199464460404,92.340103360545,12498809.085275
2014-09-22,91.980733009027,92.42181130767,91.676678214635,91.888419900623,5209197.6923206
2014-09-23,91.79140677756,92.220674782961,91.448426220747,91.488677628328,6329965.5139643
2014-09-24,91.676678214635,93.110062172029,91.350207965721,93.018954195588,6382272.5839586
2014-09-25,92.801307362978,93.000033623761,91.550139358466,91.900230193865,4972120.1105651
2014-09-26,92.289367304881,93.000033623761,91.801047833268,92.840353638596,4571388.9851871
2014-09-29,92.368544474883,93.1704392834,91.952171381492,92.883015310104,3894621.1883206
2014-09-30,93.028474738099,93.207075295091,91.401185047777,91.742960472627,6774200.6038952
2014-10-01,92.108356483962,92.340103360545,90.917445077626,91.019158215346,5970716.6237079
2014-10-02,91.3112822033,92.461942202055,91.070014784206,92.240800486752,5991205.3421739
2014-10-03,92.5199090495,93.681294722731,92.340103360545,93.53933017743,6200304.2517606
2014-10-06,93.719135866385,94.250237522702,93.060410735132,93.261426746645,4952149.719218
2014-10-07,93.040285031342,93.55945588122,92.440731879497,92.47266787653,5030522.8089453
2014-10-08,92.567270735666,94.159009033064,92.240800486752,94.092967801464,6619768.7169766
2014-10-09,93.913162112509,94.788328944407,93.018954195588,93.071136409607,6674795.1018396
2014-10-10,93.229611262808,93.859895279722,92.53774500256,92.547145031875,6349940.133102
2014-10-13,92.883015310104,92.938571893622,90.431294843547,90.59929023926,7377537.5981638
2014-10-14,90.398274227747,90.529513098573,88.518991443856,90.100245093172,9711345.6153256
2014-10-15,88.088638819688,89.171931941684,86.618618850603,87.847250887398,12993637.298919
2014-10-16,86.347705185207,89.723038788595,86.347705185207,88.87980795373,7147593.1445904
2014-10-17,89.618915386948,91.119786734298,89.05021361337,90.242209638473,7013762.4353659
2014-10-20,89.869703348554,92.069310208345,89.770279961564,91.849373625005,5614723.1321594
2014-10-21,92.528224460048,94.366050704395,92.120287290401,94.195645044755,6611144.8698537
2014-10-22,94.250237522702,94.988139823956,93.240095910891,93.340724429844,5912510.0948082
2014-10-23,94.505604985769,95.517915835114,94.440527859739,94.796644354955,5926296.0741681
2014-10-24,94.596592449013,95.191566099396,94.133098695849,94.988139823956,4825238.2119748
2014-10-27,94.956203826924,95.678800952242,94.71493640783,95.469469530181,4465120.9335434
2014-10-28,95.908258078093,96.600124338342,95.49658499936,96.59060379583,5261205.4347452
2014-10-29,96.620250042133,97.250534059046,95.799434661789,96.421523781351,4275439.4203026
2014-10-30,96.119879250885,97.799230642031,96.033591802298,97.520122079283,4115776.9109404
2014-10-31,98.87083398398,99.2598505818,97.333326624939,97.520122079283,6336392.6011279
2014-11-03,96.81186602433,96.827171200267,95.979240350744,96.089148385816,7615377.0277727
2014-11-04,96.062032916637,96.18146149422,95.191566099396,95.955499251063,5349560.3379137
2014-11-05,96.59060379583,96.848502036021,95.14553005839,95.778103826035,5002513.6966846
2014-11-06,96.348131244773,97.511927181931,96.01105583458,97.291990598591,4016104.2125233
2014-11-07,97.170151757081,97.748494586367,96.691111801587,97.650276331341,3429460.226383
2014-11-10,97.639671170062,98.169567694416,96.999987123833,98.159926638708,3662260.1296802
2014-11-11,98.461571169174,98.751405406397,97.882023207924,98.139800934917,3818401.7350891
2014-11-12,98.298396301315,98.702838588267,97.607614659833,98.490012283512,4629395.1168157
2014-11-13,98.90156484905,99.359153455593,98.339852840859,98.999783104075,3182798.2434962
2014-11-14,98.90156484905,98.999783104075,98.020372357334,98.239224321907,4083078.333424
2014-11-17,98.169567694416,98.946516271288,97.799230642031,98.031098031809,8577362.5660425
2014-11-18,97.151231185253,97.710653442713,86.778178322572,95.979240350744,10386078.153831
2014-11-19,96.381272373769,97.309706038454,96.000571186498,96.700752857295,6831011.1163619
2014-11-20,96.078663737733,97.970841433634,96.022986641019,97.568688897412,4958376.4091105
2014-11-21,98.979657400285,99.101375728599,97.820561477785,98.280680861451,6804841.9385397
2014-11-24,98.679218001783,98.90156484905,98.22030375008,98.401194057802,5043637.415169
2014-11-25,98.641376858129,98.87083398398,96.410918620072,97.010471771916,7991950.5580628
2014-11-26,97.059038590045,97.710653442713,97.010471771916,97.701012387005,4337941.3843806
2014-11-28,98.060623764915,99.801557399396,97.999162034776,99.400609995137,3305801.5811734
2014-12-01,99.199593983625,99.612231167929,98.305386066703,98.881439145259,4393688.18475
2014-12-02,98.619888665853,98.998660350076,97.991161253347,98.159557530943,4677553.4448999
2014-12-03,98.099467406246,98.740908497829,98.039497221917,98.591462798481,4358974.321156
2014-12-04,98.119497447811,99.11176411772,97.780545965984,98.950564262244,5227446.2437967
2014-12-05,98.772812635892,99.68028146516,98.658749345299,99.639021978342,4649091.1146114
2014-12-08,99.710986199537,100.94673181782,99.659052019908,100.43470638402,6624334.0169638
2014-12-09,99.730896300734,99.979172863856,98.591462798481,99.639021978342,5285198.4113046
2014-12-10,99.360040680843,100.23344644541,98.819949200775,98.939889569433,5357039.4365532
2014-12-11,99.281119918266,101.39986653061,99.150624797166,100.27350652854,6863670.4312863
2014-12-12,100.18043280246,101.24694256057,99.390745415219,99.780311732621,5985135.8884271
2014-12-15,100.01107700192,101.23626786776,99.291914551445,100.04969780063,5488339.4685549
2014-12-16,99.158780742234,100.23344644541,96.989659175052,97.061383515509,7831429.5921234
2014-12-17,97.680515698523,99.141149508042,97.091968309517,98.939889569433,6096376.9485142
2014-12-18,100.45593582927,100.68322282788,99.302349363518,100.66319278631,6593519.154137
2014-12-19,100.94673181782,102.00136747943,100.80784087092,101.9330014693,12500581.377841
2014-12-22,102.2544416573,103.57162678591,102.23681042311,103.50913785383,5418863.7197911
2014-12-23,103.66338116793,104.20599139574,103.32311034205,103.75525549032,4067738.609191
2014-12-24,104.06002396708,104.38842069647,103.56203155641,103.56203155641,1819047.9955079
2014-12-26,103.98470141556,104.32365289739,103.48790840858,103.74446085714,2594854.4345943
2014-12-29,103.58206159798,104.79801705544,103.25966188703,104.53186937738,3492678.2149945
2014-12-30,104.45078968817,104.73324925636,103.85288695041,104.2777157362,2927756.9046958
2014-12-31,104.74500341249,106.02320792128,104.55549763001,104.95933685128,5821631.9034218
2015-01-02,105.29828833311,105.64419635632,102.66403801627,103.43621410969,4324851.1297975
2015-01-05,102.76538762779,102.76538762779,100.78781082935,101.2586967167,5879958.3981221
2015-01-06,102.07093289325,102.07093289325,100.34415140568,100.94673181782,4913338.5461091
2015-01-07,102.29798001112,104.48017507849,102.00136747943,104.42128435748,5090860.0227543
2015-01-08,105.37001267357,106.97901271912,105.00155586105,106.70710790337,6467682.0272354
2015-01-09,106.87070656622,106.87070656622,104.81672775295,104.87921668502,5717459.4857035
2015-01-12,105.16059678989,105.28881304398,104.06937931584,104.43303851361,4992930.4396666
2015-01-13,105.40071740794,106.04563677022,103.14775752307,103.72335135226,5395098.8082117
2015-01-14,102.4308739396,103.41498466444,101.88010776672,102.63105441489,5384438.0721005
2015-01-15,103.32311034205,103.65630468618,100.81839562336,101.00910080952,6894639.0710683
2015-01-16,100.93737646907,104.31297820458,100.24532054191,104.11999415141,6403340.38975
2015-01-20,104.8379571982,104.93810740603,102.35447192476,103.2501865979,5335517.4595715
2015-01-21,103.03957131054,104.06937931584,102.51219350955,103.52796849171,5899198.3590698
2015-01-22,104.38842069647,106.3174216456,103.53960270747,106.08329804598,5804131.0663838
2015-01-23,106.19160419887,106.48581792319,105.30764368186,105.37001267357,4075977.1458558
2015-01-26,105.3618567285,106.50824677213,105.04281534787,106.37283409592,4191783.9372038
2015-01-27,104.77678761018,105.81139323023,104.41192900872,105.1510015604,4606477.056446
2015-01-28,105.30764368186,107.42279208315,104.59903598383,104.73324925636,4813661.3431473
2015-01-29,105.12749324814,107.74051411973,104.5130387395,107.61697554001,6529338.939975
2015-01-30,106.37283409592,106.84959706133,104.38842069647,104.43303851361,6998847.171837
2015-02-02,104.77678761018,104.98152581948,101.57294048259,104.44251380273,5012699.6991957
2015-02-03,104.87921668502,107.30728950813,104.80749234456,107.2331663603,5969828.7093935
2015-02-04,107.08492006464,108.98117729313,106.72953675231,108.43268998725,6765343.2370653
2015-02-05,108.96114725156,109.34135822021,108.15958576782,108.971702004,4471800.7281976
2015-02-06,109.27766988445,109.75083463881,108.47035126301,109.02711445432,4223511.2666055
2015-02-09,108.8611169841,109.4531426438,108.06423317473,108.35388916504,4243716.3691074
2015-02-10,108.78459502889,110.85032799829,108.65625883443,110.67497517932,5414275.0494264
2015-02-11,110.59713388006,110.79383608466,109.82615719032,110.32055138993,4553749.4022757
2015-02-12,110.80319143341,112.19090149879,110.23119581528,112.15923724146,4591649.0498036
2015-02-13,112.04025639575,112.39575964845,111.2823532062,111.90604312322,5099384.0238225
2015-02-17,111.70490312498,112.22496456349,110.61836332531,112.02850223962,6029629.2539148
2015-02-18,111.60355351347,112.16847264985,110.98442133045,112.01662814313,3731574.5383618
2015-02-19,112.04025639575,112.46160691085,110.64199157794,110.93740470594,5910568.5082071
2015-02-20,110.80319143341,112.24739341242,110.06627780838,112.23683865998,7271110.5457325
2015-02-23,112.89591098576,113.13375273681,111.81536820452,112.28265588081,5629546.6446265
2015-02-24,117.49106638979,117.93832402452,115.11348846188,116.75067449406,12773352.810407
2015-02-25,117.36153079164,117.36153079164,115.84440506848,116.31756982284,7328098.9260421
2015-02-26,116.00212665327,116.42347716836,115.19360862814,115.39127035569,5649882.5849801
2015-02-27,115.18173453165,115.68200580932,114.54617051813,114.71684566273,5732581.4527136
2015-03-02,115.40302451182,117.05568285156,114.83690597175,116.13034290736,5971899.1759142
2015-03-03,115.89022228931,116.13034290736,114.77921465443,116.07265159004,3784701.5028581
2015-03-04,115.39127035569,115.48542354509,114.26946808763,114.72859981886,3799000.2109192
2015-03-05,115.21699700003,116.10815393916,115.04404298843,115.90209638581,4089499.322772
2015-03-06,114.88284313295,115.95499008839,114.004759694,114.46485094818,5169101.9075711
2015-03-09,114.38605012597,115.49717770122,114.37549537353,115.24050531229,4831835.0605646
2015-03-10,113.86717638362,114.31799136123,112.53119848811,112.53119848811,4915717.4306465
2015-03-11,112.65637183684,113.81097366937,112.38597831137,113.09083910351,4356397.318943
2015-03-12,113.86717638362,116.45643900909,113.77815892113,114.45509734568,5743021.2915118
2015-03-13,116.08402144818,116.29355853147,113.99378164864,114.82381578951,4626900.2741853
2015-03-16,115.32045208829,116.62027409756,115.30875810528,116.49152095811,4820299.2979781
2015-03-17,115.45505221924,116.08402144818,115.1365701718,115.59323214091,3715900.7016222
2015-03-18,115.40827628721,116.40942442434,113.30634250466,116.08402144818,4773497.572817
2015-03-19,116.18807403168,116.42123773371,115.07810025676,115.15995813782,3545499.894421
2015-03-20,115.54764947245,118.01436392904,115.32045208829,117.49851608675,8445898.8441632
2015-03-23,117.03016013463,117.76783567501,116.07220813882,116.07220813882,4095101.8484319
2015-03-24,116.18807403168,117.849335577,116.0488201728,116.15299208266,4026798.9128683
2015-03-25,115.96696229174,116.62027409756,113.65059904526,113.69642036643,4725700.9747461
2015-03-26,113.3648124197,113.43044191617,111.58505980166,112.34015699019,5409599.6699722
2015-03-27,112.00998095975,114.20224479472,112.00998095975,113.87887036663,3879299.8238567
2015-03-30,114.97380902055,116.06051415581,114.51249332351,114.61547196979,3968402.0079929
2015-03-31,113.70799502308,115.36138102882,113.56158158277,113.61551709623,4128769.5432496
2015-04-01,113.90118439543,113.99378164864,112.40817301381,113.1377343619,4737698.3734651
2015-04-02,112.53119848811,114.94111359866,112.48776369408,114.52418730651,4065000.3246621
2015-04-06,113.45621640934,115.55815019188,113.42113446031,114.97380902055,3249999.5831179
2015-04-07,114.80054714985,115.80300787691,114.20224479472,114.2829094122,3189324.2911843
2015-04-08,113.95977363683,115.81338926999,113.84378841761,115.60504545027,3753400.1515862
2015-04-09,115.46686552861,116.22339463342,114.10857360429,114.55926925554,4673844.6120296
2015-04-10,114.43159005331,115.65182138231,114.40820208729,115.22904809865,3658000.8062175
2015-04-13,114.98562232991,115.43178357958,114.32992399695,114.43159005331,2981899.6942858
2015-04-14,114.17993076592,115.00889096957,113.12604037889,114.0499843629,4072398.2508563
2015-04-15,114.56976997498,115.20566013264,113.3871264485,113.45621640934,4210864.9186103
2015-04-16,113.34154378004,113.98196833928,113.03344312568,113.37662572907,4013015.8667211
2015-04-17,112.91053697774,113.12604037889,111.7746693833,112.11200499518,6245198.9775708
2015-04-20,113.01232236045,113.70799502308,112.65637183684,112.86483498292,4397246.0320415
2015-04-21,113.50299234137,113.97146761984,112.47618903743,113.18343635671,3899841.1740442
2015-04-22,113.20575038552,113.30634250466,112.18789655837,113.0007477038,4065276.1563787
2015-04-23,112.72319459689,114.48898603113,112.53119848811,113.95977363683,3945297.0453807
2015-04-24,113.90118439543,114.0393643171,112.89872366837,113.70799502308,2879122.9179589
2015-04-27,114.0499843629,114.08506631192,111.2875791931,111.40929207747,5617998.6445445
2015-04-28,110.84368514421,111.7746693833,110.05207409037,110.56851856445,5743298.8311646
2015-04-29,110.15982579095,110.30385270412,108.06481293712,108.70666941264,7238902.8047947
2015-04-30,108.58722372906,109.21965342236,106.61046329524,106.97464733749,9041499.7932633
2015-05-01,106.97464733749,109.79910221305,106.8435076709,109.56737042732,6696898.6055281
2015-05-04,109.98656392025,110.43737889786,109.33086558729,110.06376807338,3366701.164307
2015-05-05,109.20891405021,109.88704573833,107.97937526534,108.05443154404,4164702.815603
2015-05-06,108.19487866649,108.90451251292,107.23704599703,108.29559011199,3996635.0494226
2015-05-07,108.36945312712,110.71266480398,108.23819413417,110.04169269729,5399939.5821149
2015-05-08,112.28395427594,113.49141768472,112.12238638825,112.44218102562,6435299.122351
2015-05-11,112.23491114312,112.91053697774,111.82037137811,111.92108282361,3725100.5006397
2015-05-12,111.08723023931,112.8132859966,110.81325692312,112.48776369408,4053841.5226791
2015-05-13,112.92223096075,112.9561196462,111.10954426811,111.20906245004,4340650.1460214
2015-05-14,112.06499041043,112.22321716011,110.81325692312,111.95377824549,3815700.5449336
2015-05-15,111.93158354305,113.41051441452,111.83206536112,113.35311843669,4573610.9528915
2015-05-18,113.88949041243,114.59208400378,113.17162304735,114.30641670458,6862035.5529738
2015-05-19,116.11910339721,116.47970764875,112.31796228775,112.31796228775,11133205.141335
2015-05-20,112.18789655837,112.88714901172,111.23137647884,112.11200499518,7004519.2869655
2015-05-21,111.93158354305,112.30626830474,111.60498730332,112.02179426911,4238600.9505693
2015-05-22,111.88588154823,112.49945767709,111.47730810109,112.15520113649,3693898.2119081
2015-05-26,112.00998095975,112.17751516529,110.68092399296,110.91969603377,4609622.790316
2015-05-27,111.04272150807,112.49945767709,110.79094289432,112.15520113649,4147699.4555139
2015-05-28,111.93158354305,112.67975980286,111.87418756522,112.18789655837,2806140.2368632
2015-05-29,111.85306679999,112.56628043714,111.38709737502,111.44318076292,5310602.5567338
2015-06-01,111.98659299373,112.31796228775,111.26645842787,111.66226395479,5114791.072881
2015-06-02,110.76701896061,112.1730906565,110.65520741768,111.58483374912,6088052.8119313
2015-06-03,111.69071049678,113.47067429482,111.46483218872,113.16550712192,6337899.7981254
2015-06-04,112.53997970023,113.16550712192,111.17367113266,111.47290351029,4328497.346014
2015-06-05,111.27373178095,111.37272416609,110.25805091806,110.36760723879,4505302.8115694
2015-06-08,110.12772281389,110.83123344546,109.82136868194,109.92024237117,3449700.8831317
2015-06-09,109.78635338983,110.23941566091,109.0443852849,109.53697329249,3658986.1306608
2015-06-10,109.88653273402,111.19468030793,109.38338079085,110.98363898805,3967929.0984568
2015-06-11,111.06055393477,112.33712839783,110.99550857859,111.30637315495,3642766.4145181
2015-06-12,110.89995837471,111.58483374912,110.42351301025,110.62149778054,4301802.1640176
2015-06-15,110.21615126344,110.46659962393,109.55560854965,109.98433816011,3965099.4692605
2015-06-16,109.88653273402,110.45603568835,109.7420798171,110.21615126344,3466498.372469
2015-06-17,110.7449415222,111.30637315495,109.93899632423,110.47704486361,5722098.3102546
2015-06-18,111.04904043195,112.30223180163,110.7777015921,111.81427293434,7222498.8895691
2015-06-19,111.64192647964,113.3111469979,111.45308129408,112.44799037351,9254999.3919008
2015-06-22,112.9383231589,113.58830193712,112.78805414261,113.08384433898,3190098.715943
2015-06-23,113.25405426738,113.56503753965,112.9383231589,113.18877151939,3075864.4561965
2015-06-24,112.94995535764,113.65583990731,112.35932453214,112.35932453214,3716001.0985577
2015-06-25,113.25405426738,113.69085519942,112.24525776701,112.24525776701,4466999.7969384
2015-06-26,112.77760890293,113.35767579284,112.22887773206,112.61914986916,4208500.8073945
2015-06-29,111.55100541607,112.325614895,110.46659962393,110.55621503254,5187300.9676571
2015-06-30,111.15147499834,111.73510276541,110.61093384495,111.12821060088,5938808.7589121
2015-07-01,112.47006781192,112.82188247566,111.47290351029,112.04952821894,4216201.5883081
2015-07-02,112.59695373484,112.75422580956,111.09438226783,111.49628660366,3844997.3346484
2015-07-06,110.17069073166,111.89344310328,110.16024549198,111.340201488,3864599.556566
2015-07-07,111.69071049678,112.66223648284,110.71111318915,112.41523030361,5515799.7981544
2015-07-08,111.69071049678,112.48170001066,110.82066950987,110.99550857859,3794000.4798179
2015-07-09,112.325614895,112.60763636633,111.20619381075,111.39492030041,3643700.4668742
2015-07-10,112.68443261716,113.47067429482,112.07291131231,113.10722743235,4631398.1626316
2015-07-13,114.21715284416,115.0291515333,114.06818948283,114.90345256944,4171898.4891948
2015-07-14,114.50510911077,115.52779303207,114.41300108814,115.36577312114,3688930.7503115
2015-07-15,115.42405281072,116.1672078747,115.07579902414,115.56268962828,3365119.3516747
2015-07-16,115.84115022245,115.91094341485,113.81548590014,114.72291609726,5234800.2771764
2015-07-17,114.49323952022,115.00588713584,113.99839629043,114.48172601739,5497499.0683066
2015-07-20,112.22887773206,114.11246305556,112.16133976186,113.40194936557,6107502.2201361
2015-07-21,113.40194936557,113.96444926147,112.68443261716,113.8387502976,4660498.8728466
2015-07-22,113.95400402179,115.08731252697,113.78296322204,114.90345256944,5485201.8569569
2015-07-23,115.21550410485,116.12056038386,114.44682942119,114.58534754285,4308800.6886561
2015-07-24,114.72980045977,115.23876850232,113.42521376303,113.56503753965,4427700.0591589
2015-07-27,113.35767579284,113.8736468938,112.70769701462,113.08384433898,4468202.5610476
2015-07-28,113.7361970353,115.04078373204,113.18877151939,114.84505418396,4176700.1020877
2015-07-29,115.17930185369,116.77291308019,115.12220912317,116.35356044625,5104038.9568539
2015-07-30,115.94584001105,116.76128088145,115.34250872368,116.44673673202,3291099.9949757
2015-07-31,116.99428094384,118.11310854856,116.35356044625,117.04080973877,4301099.9077425
2015-08-03,117.58776047106,117.66977934172,116.17884007344,116.90110465807,3645105.8379283
2015-08-04,116.63308930357,117.79749613598,116.24875196174,117.50692855945,3008100.1596689
2015-08-05,118.37969955218,118.54255033445,117.11060293117,118.00687571318,4298997.4314374
2015-08-06,118.39156914273,118.50836591369,116.08566378766,116.56329611117,4768818.0400073
2015-08-07,116.71463339061,117.18063351539,115.77111963824,116.93600125427,3986099.3356961
2015-08-10,117.50692855945,118.33376423678,117.37909306929,117.56544564084,3408800.0353853
2015-08-11,117.02917754004,118.1248594432,116.77291308019,117.65802844708,4080012.8056739
2015-08-12,117.14561822328,117.86788280791,115.67913031152,117.65802844708,4620898.6586659
2015-08-13,118.00687571318,120.128565023,117.77411304261,119.04487140629,6255400.1388775
2015-08-14,119.28819801246,119.88286449873,118.46231190237,119.73212069882,5135499.6945751
2015-08-17,119.10184544091,120.77901858484,118.74100988836,119.69651192718,7255600.2284415
2015-08-18,121.81642079842,123.77371627919,121.16359331847,122.81821424037,11021801.490114
2015-08-19,122.679340031,123.76184668865,122.10841272581,122.77192283725,6490199.2668939
2015-08-20,121.9446123763,122.53809190352,120.54756156922,120.54756156922,5555498.7402957
2015-08-21,119.52202894618,120.36120899767,116.1672078747,116.17884007344,10190603.064712
2015-08-24,110.0297986919,115.87604681865,92.168438840639,112.55161189896,13982115.599927
2015-08-25,117.00579444667,117.00579444667,110.89995837471,110.97687332144,10221000.115972
2015-08-26,114.1940071426,116.03913499273,112.06116041767,115.93432650822,9313201.6708357
2015-08-27,117.62289445907,118.08948806337,115.33087652494,117.62289445907,7579002.9791726
2015-08-28,117.44829278216,118.46231190237,116.93600125427,117.49505896891,5015901.5018133
2015-08-31,117.01754534131,117.47179457144,115.93432650822,116.44673673202,5444400.5956749
2015-09-01,113.98169820892,114.74659679114,112.55747759727,113.04638915052,7392798.2985119
2015-09-02,114.82772776628,116.48258708891,114.32133821547,116.48258708891,6487398.6396961
2015-09-03,117.0036203674,118.10520659172,116.18132782023,116.61001113866,5302900.1967182
2015-09-04,114.9886906762,115.68296870073,113.49030666953,114.42325383636,5752298.6647241
2015-09-08,115.68296870073,116.64437666088,114.72451310504,116.4362940143,5775701.572185
2015-09-09,117.08534181543,117.47954151706,113.71976443473,113.97118779147,5316300.6521738
2015-09-10,113.99327147757,115.42800250666,113.70819116608,114.49281154284,5258919.4359601
2015-09-11,113.97118779147,115.47429558126,113.71976443473,115.45126713854,4472801.0882081
2015-09-14,115.50925157638,115.6712773375,114.42325383636,114.72451310504,4248699.3954418
2015-09-15,114.78131659709,116.63280339223,113.90174817956,116.18132782023,4994001.1466439
2015-09-16,116.08862357644,118.05938589543,115.97277279534,117.82697576577,5285100.8023114
2015-09-17,118.36029088038,119.80813040763,117.25905893978,117.91968000956,6607050.9871956
2015-09-18,116.51730689486,117.17745558633,114.97723550213,115.10465955188,11366699.480944
2015-09-21,115.96096333753,117.08534181543,115.27731382503,116.58698269593,5201801.396753
2015-09-22,115.41642923801,116.40157420835,114.88571220412,115.78724621318,4631597.7796707
2015-09-23,115.83353928778,116.56383615863,115.65982216343,116.18132782023,4084867.8258348
2015-09-24,115.34698962609,116.64437666088,114.83930103493,116.34358977051,5172258.2677194
2015-09-25,117.21241158144,118.1866918506,116.04221240725,116.74948083537,5478900.0356643
2015-09-28,116.54057152675,117.38671917869,113.8670283736,114.08373192438,5994504.3469248
2015-09-29,114.2053693398,114.93200527872,111.81218271501,112.89581856347,7908798.6695956
2015-09-30,114.37684266717,115.63655753155,113.99327147757,115.50925157638,5395502.2623067
2015-10-01,116.22773898941,117.10872454189,114.73608637369,117.0036203674,5215199.2635823
2015-10-02,115.57869118829,117.90798864633,114.70136656773,117.81528440254,4359700.5538622
2015-10-05,118.71929839774,119.27552386049,117.91968000956,119.18341008959,4528681.7640461
2015-10-06,119.10192483072,119.18341008959,117.98900152689,118.67206056651,5275300.2631571
2015-10-07,119.18341008959,119.83174932325,118.48665207892,119.64634083566,4810701.3815448
2015-10-08,119.2873333183,121.21109399522,119.13735320414,121.07174239309,4958102.0771798
2015-10-09,121.22290345303,121.47798774168,120.48126950269,121.2925792541,3893198.1690475
2015-10-12,121.46617828387,122.46289652286,121.01387604983,121.90549011433,2861889.4529763
2015-10-13,121.76731945798,122.31173546292,121.14141819415,121.5937204282,2971299.4691006
2015-10-14,121.2925792541,121.88423309027,119.54359855273,120.2958610151,5200408.715806
2015-10-15,120.62062110482,122.03421320444,120.39978424381,121.81337634343,3448900.157719
2015-10-16,121.61615839803,122.83371349804,121.61615839803,122.74041878135,4068799.3595441
2015-10-19,122.62468609483,123.18091155759,122.21962169202,123.07698832888,3097712.4456081
2015-10-20,122.89157984129,123.14666412995,122.36960180618,122.86914187146,3318402.3289174
2015-10-21,123.26357776225,124.02764968242,122.75222823916,123.27302532849,3492101.7419622
2015-10-22,123.91073605012,124.49058042849,122.89157984129,124.37484774198,5855299.242141
2015-10-23,124.98893954799,125.77781132956,122.97188415439,124.61812257282,5281500.88601
2015-10-26,124.54962771753,125.67152620929,124.02764968242,124.98893954799,4550200.151564
2015-10-27,124.5023898863,125.08223426467,123.84224119484,124.49058042849,3674801.808636
2015-10-28,124.38665719978,124.5945036572,122.24324060764,123.84224119484,6821502.281133
2015-10-29,123.4017484186,124.0843350799,122.75222823916,123.63321379163,4635300.3781485
2015-10-30,123.23995884663,124.73503620512,123.23995884663,123.64502324944,4991499.670767
2015-11-02,124.24730559765,124.64056054265,123.36632004517,124.42090462743,3715626.1710647
2015-11-03,124.23549613984,126.05415264227,123.83043173703,125.67152620929,4313697.213092
2015-11-04,125.47667015546,125.8923630703,124.62993203063,125.35975652316,4101586.0373257
2015-11-05,125.45305123984,126.02108616041,124.94288266254,125.74238295614,3059401.6393122
2015-11-06,125.24402383664,126.12500938912,124.81534051821,125.98683873276,3751998.9591408
2015-11-09,125.82386821501,126.13681884692,123.71351810473,124.49058042849,4988835.9743092
2015-11-10,124.49058042849,125.39518489658,124.05008765226,125.23221437883,3872801.5195908
2015-11-11,125.4188038122,125.4188038122,124.51419934411,124.68779837389,3247599.9482374
2015-11-12,124.17881074236,124.96532063237,123.04274090124,123.83043173703,4285601.1261576
2015-11-13,123.07698832888,123.22814938882,119.9026060701,120.01715781083,8728699.4533775
2015-11-16,120.06439564207,121.04812347747,118.61537516903,120.84027702005,7785701.7233724
2015-11-17,124.84958794586,126.35765570793,123.07698832888,126.19586613596,10517100.250551
2015-11-18,126.46039799086,126.70485376749,124.65237000046,126.53125473771,6501897.5355764
2015-11-19,126.5194452799,127.64370566322,125.95141035934,126.83121496603,4662100.4261844
2015-11-20,127.36500245895,130.19218665818,127.07567074266,130.19218665818,8191898.6071351
2015-11-23,130.19218665818,132.63910631599,130.19218665818,132.47613579824,6329601.1579836
2015-11-24,131.90810087768,133.91334681347,131.75812076352,133.61102469359,6672598.4564959
2015-11-25,133.66889103685,135.24545365421,133.56614875392,134.65498076381,5300899.1885919
2015-11-27,134.8403892514,135.46510956944,134.51562916168,134.75890399252,3337698.8121983
2015-11-30,135.19939676876,135.32693891309,133.02173274897,133.86610898224,8057799.136281
2015-12-01,133.53013034766,134.63767877805,133.24089795501,134.45308737298,5267506.3747483
2015-12-02,134.5694857749,134.66119360672,133.5877416779,133.77233308297,5021712.568681
2015-12-03,133.53013034766,134.12975847876,130.8423854306,130.95760809109,6687757.5689162
2015-12-04,131.53489713495,134.83402759745,131.32679090122,134.53421353189,5386999.3335743
2015-12-07,133.99219673104,134.79875535444,133.17270495186,133.91107057212,5444199.4633802
2015-12-08,132.73415339716,134.5694857749,132.43551507304,133.80642958454,4731422.6466067
2015-12-09,133.19621978054,134.7869979401,131.48786747761,131.86880770208,5055602.0725398
2015-12-10,131.93700070522,133.59949909224,131.75240930016,132.56131940643,4186200.487472
2015-12-11,131.10692725315,132.1921365963,130.30977456121,130.46144520614,5300699.05591
2015-12-14,131.10692725315,132.12159211029,130.76125927169,131.9957877769,5959369.8436595
2015-12-15,132.63186389244,133.49603384609,131.1998108264,131.26917957098,4921699.4443578
2015-12-16,132.16862176763,133.26441278368,130.36856163289,132.91874480222,4711700.1375326
2015-12-17,133.04454913561,133.55364517633,131.003462007,131.32679090122,4345702.6828238
2015-12-18,130.78477410036,131.27976124388,129.98762140843,130.30036862975,9840500.6609801
2015-12-21,131.003462007,131.59133272376,130.17221281349,131.27976124388,3414699.8912638
2015-12-22,131.35030572989,132.28266868668,130.48496003481,131.84646861484,3401932.6087375
2015-12-23,132.51428974909,133.32319985536,131.84646861484,133.07982137862,3244799.0905389
2015-12-24,132.82703697041,133.48427643175,132.67536632548,132.91874480222,1517073.1478807
2015-12-28,132.26150534088,132.91874480222,131.85822602918,132.69888115415,2607221.0564952
2015-12-29,133.35729635693,134.36137954117,133.26441278368,133.66886783682,3037423.2691667
2015-12-30,133.5877416779,134.06156547561,133.26441278368,133.33495726969,2484809.0692564
2015-12-31,133.05630654995,133.5877416779,132.25092366798,132.26150534088,3178719.6715142
2016-01-04,130.09226239601,131.08458816591,129.44560460757,131.08458816591,8046723.0335342
2016-01-05,131.16571432483,131.91466161799,130.02289365143,130.4496877918,5316007.4878739
2016-01-06,129.0188104672,129.86181707504,128.58025891249,129.08817921177,8198704.9172656
2016-01-07,126.93069368124,127.85365070657,124.68032457746,125.40810852482,12542498.271232
2016-01-08,126.42159764052,126.51565695521,123.5139890754,123.91844412853,7103344.7055411
2016-01-11,124.85433430963,126.07592965907,124.09127811926,125.80080616362,6811474.7986697
2016-01-12,126.78019877775,128.84597647647,125.84430859666,127.49622531077,5686849.7670564
2016-01-13,127.4727104821,127.4727104821,120.9543999746,121.40353320221,8915802.2081009
2016-01-14,121.30006795606,121.51993160413,118.1843531572,119.64932698338,13380411.964
2016-01-15,117.11137152496,121.150748794,116.10787621144,119.23311451591,10514790.157466
2016-01-19,120.53818750713,121.89969608716,118.78515702973,119.77748279964,6350697.3234252
2016-01-20,117.90805392032,118.64641954058,113.58097272249,116.43120510566,11330064.046139
2016-01-21,117.3883762067,121.9467257445,117.12301136515,120.22661602724,8992771.6485051
2016-01-22,121.65749335185,124.65798549023,121.59988202161,122.72976953923,6553874.008022
2016-01-25,123.39994215635,123.86083279829,121.57636719294,121.73861951077,4848859.8051372
2016-01-26,121.7503769251,122.44171288802,120.63107108038,122.19951015271,4469342.7767316
2016-01-27,122.44171288802,124.31114176733,120.82624415835,121.58812460727,5429641.589197
2016-01-28,121.98082224607,122.67333395042,120.30774218616,122.29239372596,4868942.8592883
2016-01-29,123.18007850828,125.78904874928,122.72036360777,125.78904874928,7616142.9418876
2016-02-01,124.91194563987,127.10352767197,123.98898861455,126.49214212654,4616858.5816593
2016-02-02,125.41986593916,126.41101596762,124.68032457746,125.28112845,5830703.7860447
2016-02-03,126.00773665592,126.13471673074,121.5540281057,123.80439720948,7482853.0669978
2016-02-04,123.65390230599,123.91844412853,119.46473557832,121.10371913666,9171639.2746321
2016-02-05,120.86151640135,120.97791480327,115.68096449692,116.39640315923,8115393.8703007
2016-02-08,114.94248130252,115.95773403038,109.6325978404,111.85945211551,11284993.311414
2016-02-09,110.91333298395,115.27697974036,110.65713892558,113.86126948025,7572410.3840847
2016-02-10,114.48194338301,116.1536125532,114.05620740993,114.33321209167,5304579.2489634
2016-02-11,113.09292245343,114.18436322618,112.24027476584,113.29714874044,6446890.0566429
2016-02-12,114.89627466418,116.39640315923,113.51395546078,116.33832153241,5358816.1489167
2016-02-16,118.10440273972,120.00792812061,117.72346251525,119.44122074965,6958114.3750566
2016-02-17,120.45706134822,121.70452300919,119.86919063145,121.21894179715,5970654.2112173
2016-02-18,120.90737031726,121.10371913666,119.58113398024,119.9726558776,4457646.7290978
2016-02-19,119.83391838844,121.72686209643,118.74988478673,121.7151046821,5418472.4920605
2016-02-22,122.99548710321,124.44987925649,122.1536562368,122.83441052682,7789015.6394141
2016-02-23,127.01064409872,127.19641124522,123.36466991334,124.51924800107,11163387.35043
2016-02-24,124.05718161769,125.80080616362,122.90495501283,125.63972958723,7930100.5682066
2016-02-25,125.78904874928,126.86132493667,124.87667339686,126.86132493667,4736777.0876797
2016-02-26,127.58793314259,127.75018546042,125.93836791134,126.22642456256,4607038.9284774
2016-02-29,126.22642456256,127.00006242582,124.05718161769,124.11479294793,5567866.4248298
2016-03-01,124.74969332204,125.96188274001,123.97723120021,125.71850426327,4900216.6779482
2016-03-02,125.4986406152,125.891338254,124.43812184216,125.61621475855,3956576.6080963
2016-03-03,125.22351711976,127.2763616627,124.74969332204,126.80371360642,5008866.416919
2016-03-04,127.40334173752,127.49622531077,125.17648746241,125.58094251555,6448070.4950925
2016-03-07,125.01541088602,126.52741436954,125.01541088602,126.14647414508,4161141.7379178
2016-03-08,125.22624843123,128.2442414766,125.01928029135,126.7416761673,5280718.386841
2016-03-09,127.02815749086,127.48652760856,125.31862404168,126.03073476025,4046825.8228813
2016-03-10,126.20262355439,127.00477126037,124.3083388843,125.88106288508,4503667.3355283
2016-03-11,126.9825543414,128.74938405529,126.75219997102,128.4617334202,4626028.268237
2016-03-14,128.45004030495,129.66729360221,128.14134206242,128.81837343525,3652875.0183141
2016-03-15,128.76107717054,130.49282753868,128.62426772214,129.72575917845,4034357.8339043
2016-03-16,129.63221425647,131.06695949734,128.78446340103,130.47061061971,3609557.3187211
2016-03-17,130.12683303144,131.15933510779,129.2884366682,130.85999135746,4131149.2366925
2016-03-18,131.10203884308,132.12167849266,130.81555751952,131.34291701718,8069082.5527851
2016-03-21,131.53819204181,132.1567578384,130.27650490661,130.9991394289,3816754.0841633
2016-03-22,130.58520314914,131.19324514201,129.95377492578,130.56181691864,3946430.0584233
2016-03-23,130.56181691864,131.14764199254,129.98768495999,130.25311867611,3625171.2810123
2016-03-24,129.54217726907,130.73487502431,129.44863234709,130.47061061971,3449253.8563368
2016-03-28,130.57351003389,131.83636648062,130.50452065393,131.03188015159,2621138.6908077
2016-03-29,130.9991394289,132.91447170644,130.69979567857,132.45610158873,3405076.0249817
2016-03-30,133.07466738533,133.94697378279,132.85717544172,133.43130740037,3138014.26319
2016-03-31,133.57980996402,134.26853445209,132.96124416743,133.44300051562,3685245.4279421
2016-04-01,133.0641435816,135.18761331054,133.0641435816,134.85319021447,4257862.2443962
2016-04-04,136.05875039648,136.21894607537,134.3258307168,134.85319021447,3547633.9320757
2016-04-05,134.20071438366,135.7149728082,133.91306374857,134.56787820243,4068494.6944764
2016-04-06,134.23345510635,135.76174526919,133.83355056489,135.45070840361,3365521.2929153
2016-04-07,134.71638076607,135.23204714848,133.08636050057,133.87798440283,3950135.5095402
2016-04-08,134.61348135189,134.61348135189,133.01854043214,133.6499686555,2924397.4463889
2016-04-11,133.60319619451,135.07185146959,132.93785793693,132.96124416743,3472649.0916815
2016-04-12,133.29332864045,134.70468765082,133.07466738533,134.36091006255,4230752.8433271
2016-04-13,134.85319021447,134.85319021447,133.20212234152,133.85576748386,4321905.8950509
2016-04-14,133.51198989558,134.70468765082,132.89108547594,134.3492169473,4183199.8444801
2016-04-15,134.39598940829,135.27881960947,133.98205312853,134.99233828591,3508644.7780372
2016-04-18,134.80875637653,136.81646426452,134.72807388132,136.81646426452,3964552.0847584
2016-04-19,136.81646426452,137.0000461739,134.85319021447,135.45070840361,4649460.1049333
2016-04-20,135.77226907292,136.05875039648,134.46380947672,135.1759201953,4755099.4487351
2016-04-21,135.22035403324,135.49631155308,134.37260317779,134.5900951214,3541739.3715501
2016-04-22,134.85319021447,135.69158657771,133.41961428513,135.67989346246,4180910.5170848
2016-04-25,135.16422708005,135.75005215395,134.25684133684,135.66820034721,2831397.7693319
2016-04-26,135.08354458484,136.23063919062,134.87657644496,135.34780898943,3503897.9313218
2016-04-27,135.38288833518,136.26571853636,134.75146011181,135.77226907292,3487447.3667089
2016-04-28,134.80875637653,135.45070840361,132.4783185077,132.73088979705,5551462.94177
2016-04-29,132.70750356656,134.28022756734,131.76620778913,133.90137063332,4609003.4109887
2016-05-02,134.3492169473,136.24233230586,134.29192068259,136.04705728123,4281228.7215359
2016-05-03,135.46240151886,135.87516848709,134.04987319696,134.52110574144,3408396.2904463
2016-05-04,133.61488930976,135.41562905787,133.09805361582,135.16422708005,3191813.0212458
2016-05-05,134.86488332971,135.38288833518,133.7633918734,134.66960830508,3473996.3700039
2016-05-06,134.46380947672,135.84008914135,134.29192068259,135.7149728082,3356811.0427004
2016-05-09,135.59921096725,136.47268667624,135.23204714848,136.23063919062,3551817.8151455
2016-05-10,136.31132168582,137.82558011037,136.28910476685,137.50518875259,3659012.7163895
2016-05-11,136.81646426452,137.04564932337,134.04987319696,134.28022756734,6054211.2639038
2016-05-12,134.98064517066,134.98064517066,133.0641435816,134.20071438366,5354802.1368179
2016-05-13,133.82185744964,135.33611587419,132.9834610864,133.09805361582,5292526.6800288
2016-05-16,133.85576748386,136.54050674467,133.04075735111,135.34780898943,8362637.5928943
2016-05-17,133.12143984632,134.46380947672,131.05526638209,132.01994839,15976960.552768
2016-05-18,130.9991394289,132.77766225804,130.06953676673,131.78959401963,8258527.6627119
2016-05-19,131.44581643135,132.1567578384,130.75709194328,131.74282155864,4573625.5903059
2016-05-20,131.9065251721,133.01854043214,131.76620778913,131.87144582636,5086826.2126976
2016-05-23,131.85975271111,132.46779470398,131.28562075246,131.41073708561,3850112.730284
2016-05-24,132.20353029939,133.87798440283,132.07841396624,133.36231802041,5175604.5338725
2016-05-25,133.47691054984,134.49771951094,133.00684731689,133.17873611103,5017515.4532586
2016-05-26,133.09805361582,134.33752383205,132.86886855697,134.06156631221,3996601.7968298
2016-05-27,134.08495254271,134.89996267546,133.38570425091,133.95866689803,4025265.8838801
2016-05-31,133.5535762318,133.77111104027,131.69347912627,132.12738545546,6363336.9402329
2016-06-01,131.59110980464,132.12738545546,131.16883635292,131.80748132536,4743846.9879407
2016-06-02,131.82958379253,132.70902932835,131.35147252901,132.37865560855,3855911.3137882
2016-06-03,132.51592356255,132.74392796073,130.92803578954,131.71674488119,4155849.8555063
2016-06-06,130.82682975565,130.87219797774,128.42813042382,129.21683951547,8050432.7661743
2016-06-07,129.42274144648,130.80356400074,129.36457705919,129.88921983254,4433800.5893716
2016-06-08,129.99158915417,130.27775793964,129.28431020473,129.59374474511,3742198.5811957
2016-06-09,129.30757595964,129.84385161045,129.0574690943,129.34131130427,3450619.4534586
2016-06-10,128.41649754636,129.26220773756,128.17686027073,128.82830140837,3925609.8878461
2016-06-13,128.94114031972,129.47857925827,127.78832216363,127.83485367346,4822810.7324564
2016-06-14,127.34394624474,127.48121419874,124.70560963727,125.23257898611,7295152.7489926
2016-06-15,125.75722175947,127.76738298421,125.49431872892,126.51103221874,5130670.7014648
2016-06-16,126.07712588956,127.58358352037,125.66532202755,127.40094734428,4431980.3166845
2016-06-17,127.57311393066,127.78832216363,126.69366839483,127.15084047893,7536503.5630257
2016-06-20,128.09775670401,128.85156716329,127.45794844382,127.64058461991,3880279.141319
2016-06-21,127.96165203775,128.26876000264,127.32184377756,127.75575010675,3450827.9351235
2016-06-22,127.69758571946,128.97603895209,127.43468268891,127.617318865,3719922.5781002
2016-06-23,128.98767182955,129.12377649581,127.4928470762,128.24549424773,4776172.1576704
2016-06-24,126.11086123419,127.79995504109,125.49431872892,126.39703001966,8973897.0447135
2016-06-27,125.3465811852,125.71185353738,123.60979258072,124.66256799067,5667124.6841494
2016-06-28,125.90612259093,127.57311393066,125.59785133829,127.57311393066,5376422.4057673
2016-06-29,127.90348765046,128.42813042382,126.87630457092,127.41258022174,5779460.3865858
2016-06-30,127.29857802265,127.85811942838,126.11086123419,127.69758571946,6641790.4828192
2016-07-01,128.24549424773,130.20912396263,128.09775670401,129.62748008974,5644977.4491411
2016-07-05,129.60537762257,130.44992452602,128.47466193365,129.39947569156,4096528.9381008
2016-07-06,129.22847239293,131.62368186153,129.04583621684,131.58064021493,4928617.8052795
2016-07-07,131.2700423868,132.184386555,130.53949768244,131.18046923038,3970508.7794962
2016-07-08,132.28791916438,134.35275491317,132.253020532,134.330652446,4804927.73587
2016-07-11,134.83319275218,135.87084542143,134.45628752254,135.17519934945,4573711.0578892
2016-07-12,135.24499661419,135.99764378572,134.28528422391,134.84482562964,3611575.1824704
2016-07-13,134.84482562964,135.21009798182,133.10920031291,133.54194335435,4231549.723202
2016-07-14,134.399286423,134.79829411981,133.8048463849,134.53539108926,3122408.8708477
2016-07-15,135.15193359453,135.575370334,134.66218945355,134.79829411981,5322753.2686202
2016-07-18,135.43810238,136.48855121445,134.80992699727,136.33965038299,3725068.9217174
2016-07-19,136.07674735244,137.04809262018,135.55210457908,136.96782576572,3831524.214843
2016-07-20,137.39009921744,137.44593702924,136.76192383471,137.4017320949,3091797.9810259
2016-07-21,136.75029095726,137.13882906435,135.44973525745,136.07674735244,4975104.8366704
2016-07-22,136.41991723745,136.63628875817,135.9639084411,136.53391943654,2623831.9771858
2016-07-25,136.545552314,136.84219068917,136.1570142069,136.51181696937,3350048.0735377
2016-07-26,136.51181696937,137.51573429399,136.07674735244,136.7386580798,2573471.3915012
2016-07-27,137.00272439809,137.69837047008,135.9639084411,136.31754791582,3029513.6456702
2016-07-28,136.19191283927,138.13344008701,136.11164598481,137.98221268006,3229764.6646095
2016-07-29,137.4575699067,138.71392067216,137.43430415178,138.25791187581,3654719.499437
2016-08-01,138.07527569972,138.93029219288,137.85774089126,138.75928889425,3152357.524793
2016-08-02,138.90818972571,139.00008945763,136.81892493426,137.20746304135,3894117.7688024
2016-08-03,137.12719618689,137.20746304135,135.68820924534,137.05972549764,3642635.4466371
2016-08-04,135.79174185472,137.1958301639,135.43810238,136.06511447498,3802914.0482248
2016-08-05,136.99109152064,137.74490197991,136.59092053608,136.90966137843,3022068.7478994
2016-08-08,136.90966137843,137.39009921744,136.1570142069,136.21401530644,3182759.0569766
2016-08-09,136.27101640599,137.09229755452,135.33456977062,136.12327886227,3178125.1577876
2016-08-10,136.30591503836,136.88755891126,135.08329961753,135.58700321146,3430829.4628203
2016-08-11,136.31754791582,137.50410141653,135.1868322269,137.03645974272,4178520.9225969
2016-08-12,136.00927666318,137.37962962773,135.68820924534,136.56765478117,4084765.4915586
2016-08-15,137.11556330944,137.98221268006,136.93292713335,137.05972549764,6314748.4486994
2016-08-16,137.65183896025,138.64644998291,135.65563718846,136.2256481839,7281385.9513264
2016-08-17,135.48230731434,136.47691833699,134.76455877518,136.1570142069,5222093.4153877
2016-08-18,136.04184872006,136.1570142069,134.44465464508,134.79829411981,4427491.829077
2016-08-19,134.42138889017,135.75800651009,134.30854997883,135.43810238,3781584.0963815
2016-08-22,135.58700321146,135.8371100768,135.03909468319,135.33456977062,2752422.2416923
2016-08-23,135.92900980872,136.545552314,135.92900980872,136.2256481839,2957238.8338968
2016-08-24,135.76963938755,136.24775065107,134.80992699727,135.08329961753,3440151.5715478
2016-08-25,134.75292589772,136.1570142069,134.36438779062,135.40436703537,3166190.896436
2016-08-26,135.40436703537,136.18027996181,133.90837899427,134.35275491317,4193274.9422641
2016-08-29,134.86809138455,135.30083442599,134.58192259909,135.24499661419,3224869.7253528
2016-08-30,134.78065488287,135.04221657144,133.6233022786,134.110547725,3440418.2671626
2016-08-31,133.89528014061,134.66723432765,133.58858170047,134.12212125104,4650513.3941073
2016-09-01,134.49710349483,135.05379009748,133.65570815152,134.2471153323,3850786.5324846
2016-09-02,134.74709165735,135.88245456214,134.55497112504,135.13364742717,3398299.4365125
2016-09-06,134.9519430683,135.73431342879,133.88370661456,134.110547725,4212694.8542451
2016-09-07,133.29229943378,133.87213308852,132.18008358108,132.79348046134,4672345.417955
2016-09-08,131.55511317477,132.9184745426,131.1014309539,131.2379985612,5010483.8111862
2016-09-09,130.66973843251,130.89773689555,127.69418488693,127.70460106037,6208983.2068002
2016-09-12,126.51252787797,128.87468454328,125.97783097479,128.62469638076,7873960.2960206
2016-09-13,127.70460106037,127.97773627497,125.44544877683,125.70585311279,6367835.9213737
2016-09-14,125.60400608362,126.96621009884,125.54729580601,126.23939266336,4310725.0084302
2016-09-15,125.94542510187,127.59118050515,125.70585311279,126.97778362488,5101530.9930717
2016-09-16,127.03449390249,127.03449390249,125.69427958675,126.08083535657,6940052.2450799
2016-09-19,126.71737928892,127.35276586867,126.15027651283,126.27411324149,4471088.6018922
2016-09-20,126.91065717384,127.31804529054,126.32040734566,126.87593659571,3617680.6359799
2016-09-21,127.49049082858,128.62469638076,126.56923815558,128.10157300363,5355117.3988004
2016-09-22,128.84112131776,129.63622255689,128.76242134067,128.79598456619,4087010.1575118
2016-09-23,128.66983313233,129.2045300355,127.76131133797,127.76131133797,4460674.4553336
2016-09-26,127.11550858479,127.22777178741,125.37716497318,125.45586495027,5336764.9748175
2016-09-27,125.79728396853,127.01250420301,125.38873849922,126.86436306967,4425326.4047847
2016-09-28,127.20578208792,128.55756992971,127.06921448062,128.27170383646,5740244.4776543
2016-09-29,128.53442287763,130.77042810908,127.8758892458,127.89787894528,5983404.4103066
2016-09-30,127.84232602027,129.21610356154,127.59118050515,128.72770076254,5613634.4116249
2016-10-03,128.20573473801,128.84112131776,127.94301569684,128.53442287763,3652558.5179236
2016-10-04,128.55756992971,129.88505336681,127.91986864476,128.20573473801,4847941.9459463
2016-10-05,128.32957146667,129.04481537611,127.49049082858,127.54604375358,4107730.1533662
2016-10-06,126.92223069988,130.47646054759,126.43267054827,130.20448268559,7460439.9640195
2016-10-07,129.80635338972,130.43016644342,127.84232602027,128.31799794063,5496559.7875326
2016-10-10,128.47655524741,128.94412569954,127.25091883949,127.25091883949,4345484.0275242
2016-10-11,126.89908364779,127.09236153271,125.46743847631,125.84242072009,5106790.0138187
2016-10-12,125.84242072009,127.15948798375,125.70585311279,126.72895281497,3543327.0809757
2016-10-13,126.22897648992,126.69423223684,125.18388708827,126.27411324149,3655713.2259994
2016-10-14,126.93264687332,127.52289670149,126.42109702223,126.42109702223,4462035.6550782
2016-10-17,126.16069268627,126.84237337018,124.87718864813,125.14916651014,3746415.2653882
2016-10-18,126.12712946075,126.22897648992,125.16074003618,125.72900016488,3558688.5634758
2016-10-19,125.75214721696,126.05768830449,124.50220640435,125.87598394562,4095511.9328898
2016-10-20,125.92227804979,127.09236153271,125.55886933205,126.22897648992,3543221.4251094
2016-10-21,125.33087086901,126.84237337018,125.26374441796,126.62594843319,3217777.5842187
2016-10-24,127.22777178741,128.13629358176,127.22777178741,127.74973781193,3821028.5577306
2016-10-25,126.2509661894,126.2509661894,123.29855969591,123.35411262091,8723836.7146001
2016-10-26,122.79858337086,123.76381544283,122.4016114276,122.70830986773,5454156.566509
2016-10-27,122.70830986773,123.46984788134,121.85649835099,122.25347029425,4261344.9783659
2016-10-28,122.69673634169,124.09250358244,122.19676001664,123.59368461,4494671.8717244
2016-10-31,123.36568614696,123.5138272803,121.62849988795,122.01505565777,5671525.0217225
2016-11-01,121.68636751816,122.24305412081,119.18648589294,119.90172980238,7492561.1083173
2016-11-02,119.9364503805,121.29981174833,119.83460335133,120.29985909825,4845561.1670915
2016-11-03,120.35656937585,120.91325597851,120.09500768729,120.20958559511,5113482.4324856
2016-11-04,120.52670020868,121.9132086286,120.07301798781,120.89010892642,4607563.4039753
2016-11-07,122.48031140469,123.98024037982,122.31018057186,123.76381544283,5497372.4572378
2016-11-08,123.96866685378,125.44544877683,123.61683166208,124.2186550163,6095520.2524055
2016-11-09,120.92482950455,126.23939266336,120.33342232377,125.98940450084,8047122.3367584
2016-11-10,126.76251604049,130.10147830381,126.52410140401,129.04481537611,8722744.0568488
2016-11-11,129.0679624282,130.13619888194,128.76242134067,129.82950044181,5492167.1448896
2016-11-14,130.52275465176,130.66973843251,126.96621009884,127.62590108327,11433898.240116
2016-11-15,127.08078800666,127.62590108327,122.90158775264,124.37836967569,13442250.731676
2016-11-16,123.61683166208,125.69427958675,123.28814352247,125.35401792109,9771446.326101
2016-11-17,125.85399424614,129.14781975789,125.69427958675,128.9325521735,6758871.8045526
2016-11-18,128.9325521735,129.3399402902,127.68261136088,128.34114499271,4425833.5529431
2016-11-21,128.2832773625,128.92097864745,127.39790262023,128.2277244375,4064958.8977415
2016-11-22,128.39901262293,131.28313531277,128.39901262293,130.96370599399,5521683.8720821
2016-11-23,131.35026176382,131.99837922221,130.87458984346,131.19170445703,3606202.8870333
2016-11-25,131.85023808886,132.15693652899,131.04472067629,131.56668670081,2545977.9650924
2016-11-28,131.22642503516,131.61298080499,130.18249298611,130.66973843251,4745662.6650034
2016-11-29,130.31804587401,130.78199552407,129.24509035576,129.64111685606,4122995.4952068
2016-11-30,129.34524822066,130.29502107748,128.78229194553,129.40281021199,6972769.3584972
2016-12-01,129.34524822066,130.31804587401,128.97454899655,129.48339699984,5398637.9866397
2016-12-02,129.00678371169,130.58973847305,128.88360105026,129.88748217892,3725381.4902617
2016-12-05,130.29502107748,130.430867377,129.57204246647,129.69637636773,4064656.7639855
2016-12-06,130.14881361952,130.16032601779,128.65680680445,128.70285639751,4292430.8774436
2016-12-07,128.71436879577,133.07526525835,128.71436879577,132.43057095554,6985608.3227717
2016-12-08,132.18190315303,133.13052477002,131.6062832398,132.51000650356,4975116.8017327
2016-12-09,132.48813294686,133.40221736906,131.08707407808,133.40221736906,5168654.5622662
2016-12-12,133.13052477002,134.66742993832,133.13052477002,134.57763323186,6272155.7966753
2016-12-13,134.54424727689,136.90428892111,134.54424727689,136.55316077404,6789804.602325
2016-12-14,136.04546401058,136.89392776267,135.7415366964,135.96717970238,7029182.9089329
2016-12-15,136.52207729873,137.31067657984,135.76456149293,135.82097224442,5837356.1503561
2016-12-16,136.11453840017,136.62223516363,135.06345643862,135.13137958838,9424295.4561795
2016-12-19,135.07496883688,136.51056490046,134.79176383958,135.43645814239,3460703.2101373
2016-12-20,135.65058875011,137.24390466991,135.42494574412,137.10690713056,4301114.1066427
2016-12-21,136.93767487607,137.24390466991,136.57618557057,136.8605418077,2705502.1429192
2016-12-22,136.24923345986,136.98372446913,135.17627794161,135.42494574412,4094478.0356414
2016-12-23,135.65058875011,135.97869210064,134.79176383958,135.06345643862,2337535.0369339
2016-12-27,134.75837788461,135.71851189987,134.72499192965,135.25571348964,2254728.3643517
2016-12-28,135.56079204364,135.8416945613,134.66742993832,135.08648123515,3321745.8738752
2016-12-29,135.02891924383,135.83133340286,134.63289274353,135.11986719012,2777885.3999002
2016-12-30,135.64022759167,135.80945984616,133.83278106415,134.05842407013,4149139.8928472
2017-01-03,135.11986719012,135.51474245059,133.60598681834,134.29442823455,5300406.8541164
2017-01-04,134.32896542935,135.92228134915,134.32896542935,135.50323005232,4050889.2872309
2017-01-05,134.99553328886,135.45948293892,133.79824386936,133.89955297408,3713444.4842497
2017-01-06,133.95596372558,134.31745303108,133.06375286008,133.54957606684,3823859.57701
2017-01-09,133.23298511457,134.75837788461,133.14203716828,134.29442823455,4307454.3686969
2017-01-10,133.96747612384,136.38392851955,133.78673147109,136.1030260019,5927979.4994984
2017-01-11,136.1030260019,136.38392851955,134.74686548635,135.7069995016,4641181.5811954
2017-01-12,135.51474245059,135.52625484885,133.93293892905,135.08648123515,3600176.5833642
2017-01-13,134.9276101391,135.7415366964,134.75837788461,135.05194404036,3117698.8391033
2017-01-17,135.10835479185,136.48754010393,134.75837788461,135.91076895088,3976935.7908414
2017-01-18,135.88774415436,136.29528305292,134.9276101391,136.17094915166,3869675.3391479
2017-01-19,135.99020449891,136.80297981638,134.93912253736,135.39155978916,5078526.0067141
2017-01-20,135.25571348964,135.99020449891,134.60065802839,135.59417799861,4853601.160819
2017-01-23,135.30061184287,138.26044943666,135.01740684556,138.05783122721,7037946.6859258
2017-01-24,137.88744773289,138.37327093965,137.28880302314,138.04631882894,4050946.8213693
2017-01-25,138.45270648768,139.3898157064,137.43616172093,137.48106007416,3630775.8935998
2017-01-26,138.00026923588,139.18719749695,137.69519068188,138.45270648768,2931349.3053104
2017-01-27,138.80383463474,138.83606934988,137.68367828361,138.31686018816,3145822.4111054
2017-01-30,138.00026923588,138.48609244264,136.87205420597,138.46306764611,2704894.9364738
2017-01-31,137.61690637368,138.62308998199,136.87205420597,137.58352041871,3225223.9478335
2017-02-01,137.65029232864,137.96688328092,136.5427996156,137.44652287936,2977601.4417597
2017-02-02,137.46954767589,137.54898322392,136.57618557057,136.93767487607,2195066.3479467
2017-02-03,137.26577822661,138.46306764611,136.94918727434,137.98875683762,2653728.4994624
2017-02-06,137.43616172093,137.91047252942,136.45300290914,136.4990525022,3863064.2240726
2017-02-07,137.15295672362,137.68367828361,136.32982024771,136.65677235842,3239013.5531029
2017-02-08,136.90428892111,137.92198492769,136.84902940944,137.88744773289,2879046.3477801
2017-02-09,137.7746262299,139.15381154198,137.4131369244,138.70137429019,2931850.294885
2017-02-10,138.60006518546,140.5652315692,138.23857587996,139.8422529582,3294215.3460691
2017-02-13,140.46392246448,140.65617951549,139.03983879916,139.86527775473,2753064.2874434
2017-02-14,139.94471330275,141.36764572824,139.35642975144,141.35613332997,4775118.4000246
2017-02-15,141.27669778195,142.65588309403,140.96010682968,142.19193344397,4343489.3273028
2017-02-16,142.38419049499,143.00586000127,140.90484731801,141.52536558446,4295364.2333625
2017-02-17,141.35613332997,143.107169106,141.00615642273,143.00586000127,5079096.0372548
2017-02-21,145.59269589129,145.65025788262,143.21883936916,145.03894953477,9274544.7155487
2017-02-22,145.07348672957,145.44648843333,143.97635517496,145.24271898405,5037240.3941218
2017-02-23,146.12341745128,146.3156745023,144.49671557652,144.71199742406,4179741.8585046
2017-02-24,144.65443543274,146.08888025649,144.65443543274,145.97720999333,3511480.1852886
2017-02-27,145.88626204704,146.02210834656,144.80179413053,145.28876857711,4381787.5904001
2017-02-28,144.99405118154,145.62723308609,144.45181722329,144.91461563352,4211164.3494899
2017-03-01,146.72206216104,147.71673337109,145.90813560374,146.67716380781,6213338.2043941
2017-03-02,147.07203906828,148.23709377264,146.3720852538,147.96424993377,4049663.3675122
2017-03-03,148.11160863156,148.27047972761,146.82337126576,147.81804247581,3413198.5997516
2017-03-06,147.11808866133,147.51411516163,146.56434230481,147.11808866133,3994428.824344
2017-03-07,146.31741423568,146.95820873608,145.83452980859,146.03706664175,3995888.4196083
2017-03-08,146.20527519811,147.10353177457,145.92378332829,146.92388045928,3611512.7253373
2017-03-09,147.06920349776,147.14930281031,146.54169231082,146.62179162337,3594663.0553415
2017-03-10,147.23855633001,147.46283440515,146.45358306702,146.86781094049,3122444.8422787
2017-03-13,147.34039688454,147.66537123831,146.50850830991,147.42965040424,2884254.5730824
2017-03-14,147.27174033092,147.58641620166,146.46388155006,147.14930281031,3272676.8241137
2017-03-15,147.36213812652,148.37367801644,146.76711466186,147.9342760733,3670511.9503552
2017-03-16,148.39541925841,149.21472079821,147.99148986798,148.71009512915,3542952.7975512
2017-03-17,149.44014314925,149.96765433619,148.12537014753,149.61979446454,9000214.5830806
2017-03-20,149.41725763138,149.60835170561,147.69969951512,147.80039579375,5905732.3029221
2017-03-21,148.32790698069,148.68720961128,146.25104623385,146.61034886444,4529769.4253102
2017-03-22,146.73278638505,147.9342760733,146.07139491856,147.37358088545,3168637.3919512
2017-03-23,147.28318308986,148.40686201735,147.03716377274,147.96860435011,3219352.9305731
2017-03-24,147.85646531254,150.13586289254,147.0257210138,147.70999799816,4735351.2506482
2017-03-27,147.06920349776,147.67681399725,146.25104623385,146.87810942353,2943003.5598853
2017-03-28,147.29462584879,147.36213812652,145.94666884616,147.19392957016,4635512.436496
2017-03-29,146.36204099553,147.42965040424,145.96955436403,147.04746225578,3729968.9064858
2017-03-30,146.72134362611,147.38502364439,146.43069754914,146.95820873608,2450777.8664675
2017-03-31,146.87810942353,147.17104405229,146.64353286535,146.84606969851,3248557.7784942
2017-04-03,146.94676597715,147.2053723291,146.09428043643,146.62179162337,3775285.1771416
2017-04-04,146.50850830991,146.9009949414,146.05995215963,146.32885699462,3124199.1813671
2017-04-05,146.63323438231,148.42860325933,146.58746334656,146.63323438231,3389858.6604725
2017-04-06,147.04746225578,147.94571883224,147.01427825487,147.23855633001,2699646.4503891
2017-04-07,147.09208901563,147.80039579375,146.9009949414,147.1149745335,2869118.2779121
2017-04-10,146.96965149502,149.00074120612,146.75567190292,148.20432518419,5043052.5309536
2017-04-11,147.91139055543,148.64143857553,147.09208901563,148.19288242525,2844792.6299227
2017-04-12,147.42965040424,147.57497344272,146.36204099553,146.55313506976,4444997.4451867
2017-04-13,146.41925479021,147.0257210138,145.8688580854,145.91462912114,2329537.8964915
2017-04-17,145.90318636221,147.31751136667,145.75557477193,147.31751136667,3467600.8168579
2017-04-18,147.06920349776,148.17114118327,146.77855742079,147.76606751695,2969307.0693545
2017-04-19,147.9342760733,148.39541925841,147.0257210138,147.21567081214,3460971.730475
2017-04-20,147.65392847938,149.0579550008,147.43994888728,148.69865237021,3700069.4471489
2017-04-21,148.48467277811,150.12442013361,148.39541925841,149.97909709512,5019344.0184913
2017-04-24,151.11193022976,152.05595784196,150.85446815371,151.87630652667,5076436.6242259
2017-04-25,152.79630434511,154.66147405164,152.79630434511,153.04461221401,5495937.3929457
2017-04-26,153.12242297478,154.84112536693,152.39237495468,154.20033086653,5114866.4460641
2017-04-27,154.70610081149,156.27833588926,153.87421223686,156.12042581595,5881208.06731
2017-04-28,155.99684401944,156.25659464728,154.09963458789,156.09982884986,4982941.9276704
2017-05-01,156.22226637047,156.27833588926,154.18888810759,154.18888810759,3151166.1337911
2017-05-02,154.49326549528,155.17868675553,153.75177471624,154.97614992237,3183016.738784
2017-05-03,155.17868675553,155.39152207174,154.59396177392,155.03221944116,2445353.6637327
2017-05-04,155.44644731463,155.61465587099,154.24610190227,154.88460785088,3788649.3226745
2017-05-05,155.35833807082,155.71764070141,154.07674907002,155.69475518354,2500535.1975466
2017-05-08,155.81719270415,157.16514970678,155.48077559144,156.90654335483,3184531.5259867
2017-05-09,157.06445342815,157.73728765357,156.2897786482,157.67091965174,3001539.7106262
2017-05-10,157.50156681949,158.16524683777,157.28873150329,158.1423613199,2616862.1275476
2017-05-11,157.33335826314,157.69266089372,155.34689531189,156.1993808526,3924714.7937387
2017-05-12,156.39047492683,157.1983337077,155.71764070141,156.9294288727,2921182.9656297
2017-05-15,157.27728874435,157.82882972506,156.68226527969,157.31161702116,5833721.5812437
2017-05-16,160.11738151221,160.8485738082,158.0519635243,158.27624159944,10116835.383361
2017-05-17,157.09763742906,157.28873150329,155.86296373989,156.08838609093,5931589.6581357
2017-05-18,155.4693328325,156.68226527969,155.24391048147,155.67186966566,4858456.8756447
2017-05-19,156.03117229625,156.74977755741,155.33545255295,156.30007713124,4764882.0316182
2017-05-22,156.5026139644,157.0186823924,155.75997890947,155.94077450066,3800639.3843426
2017-05-23,155.88584925776,156.43624596257,154.69465805255,154.8640108848,4640230.4509582
2017-05-24,154.71639929453,155.42356179676,153.313517049,155.03221944116,4591763.4941628
2017-05-25,156.1993808526,156.70515079756,155.36978082976,156.46942996349,3107258.6775707
2017-05-26,156.09982884986,156.42480320364,154.6500312927,154.91893612769,4281775.3393503
2017-05-30,154.01745031906,154.55330762833,153.51572404859,153.90709329358,3499884.3010673
2017-05-31,154.36331151231,154.38606553818,153.25974125754,153.50434703566,7156355.6483249
2017-06-01,153.51572404859,155.15742701522,152.73412325991,155.14605000228,3383273.858086
2017-06-02,154.7546807573,155.87190342759,154.43157358992,155.35880014418,3480648.8131881
2017-06-05,155.53741924727,155.63639925982,154.24157747389,154.7546807573,2651771.7923415
2017-06-06,154.45432761579,154.64432373182,153.64883509994,154.21882344802,3257776.5408852
2017-06-07,154.66707775769,155.3019150795,154.35193449937,154.93329986039,3158037.9029506
2017-06-08,155.15742701522,155.23479070318,153.35985897137,153.49297002272,4021412.6911262
2017-06-09,154.01745031906,154.01745031906,152.75687728578,152.9468734018,4705272.9783371
2017-06-12,152.77963131165,153.28135758211,151.74091003061,152.19826595063,4471076.7037406
2017-06-13,152.32113769034,154.0629583708,152.06401719799,154.01745031906,3749008.7688322
2017-06-14,154.49869796624,157.30085625232,153.98445698154,156.75362193011,5996461.8197859
2017-06-15,156.15064024451,157.28947923938,154.88779180864,156.76499894304,3972079.8806912
2017-06-16,156.25075795835,156.67512054085,155.41340980628,156.6307501904,9104772.815884
2017-06-19,156.91062470862,159.03016221855,156.38500671099,158.8083104663,5195080.1894644
2017-06-20,158.72980907705,159.24291236045,157.60234709511,157.66947147144,4201220.0773831
2017-06-21,157.91407724955,158.52843594808,156.40776073686,156.57500282702,4071122.5801791
2017-06-22,156.4191377498,157.06648978584,155.46915716966,155.4805341826,3347361.8220216
2017-06-23,155.15742701522,155.23479070318,150.90356187854,151.29379342224,11419441.6979
2017-06-26,151.672647953,151.97527649709,151.11517431915,151.40528814901,4126987.5387377
2017-06-27,151.04804994283,153.2483642446,150.73518208709,152.25401331402,4566725.6956679
2017-06-28,152.68975290946,153.43836036063,152.37688505372,153.22561021873,5079112.840183
2017-06-29,152.74550027284,152.97986673932,151.51678287578,152.17664962605,2852426.8790956
2017-06-30,152.5225108193,154.01745031906,152.27562963859,153.38147529595,3637683.6962166
2017-07-03,154.39744255111,154.7546807573,153.71709717755,154.02882733199,1658535.9648127
2017-07-05,154.02882733199,154.30870185021,151.45079620075,152.67837589652,4432526.9086986
2017-07-06,151.77390336813,152.49975679343,151.20505272134,152.05264018505,3404907.9600713
2017-07-07,152.04240087341,152.85699499961,151.90815212077,152.24263630108,3668746.5549958
2017-07-10,152.23125928814,152.26425262566,151.00367959238,151.17092168253,5034215.4057947
2017-07-11,151.43941918782,151.80803440693,150.52470734778,150.61231034739,5639843.0757204
2017-07-12,151.45079620075,153.13573181654,151.08218098163,152.60101220856,4275809.9898252
2017-07-13,152.80010993493,154.1516990717,152.61011381891,153.26998056918,3251358.1433185
2017-07-14,153.21423320579,153.67158912581,151.81941141987,152.86837201255,3579554.4746034
2017-07-17,152.89112603842,154.49869796624,152.71250693533,153.91847030652,4160949.693208
2017-07-18,153.761467528,153.88433926771,151.98665351003,152.18802663899,3783417.8644671
2017-07-19,152.55550415681,154.01745031906,152.55550415681,153.28135758211,2805580.4587869
2017-07-20,152.56688116975,152.57825818269,145.61211316212,147.02968897392,18243955.623077
2017-07-21,147.02968897392,147.45291385513,146.13659345846,146.6610737548,9114996.0352278
2017-07-24,146.61556570306,146.69406709231,144.27190103829,144.5722541798,7294264.3156627
2017-07-25,145.74522421347,147.3869271801,145.28673059216,146.97280390924,5001536.7517029
2017-07-26,146.86130918247,147.24016371323,145.96935136831,146.69406709231,2835459.2369655
2017-07-27,146.18096380891,147.84428310012,145.88971227776,147.73278837335,5393568.6415947
2017-07-28,147.87841413893,148.28912430591,147.30842579084,148.07978726789,3421032.7732717
2017-07-31,147.9887711644,149.98771233721,147.53141524439,149.57472676765,5252043.2439507
2017-08-01,150.27782616708,150.41207491972,148.9273747316,149.85346358457,4107334.6669252
2017-08-02,149.94334198676,150.84781451516,149.93196497383,150.52470734778,3753302.6284378
2017-08-03,150.69194943794,152.03102386048,150.64644138619,150.77955243754,5146465.7093181
2017-08-04,151.12655133208,152.73412325991,150.77955243754,152.73412325991,3258362.3114698
2017-08-07,152.81148694787,154.47708164166,152.48837978049,153.3371049455,3832994.2981422
2017-08-08,153.30297390669,154.21882344802,153.06974514151,153.3371049455,3198800.0119739
2017-08-09,153.3371049455,155.58065189643,153.30297390669,155.25640702776,3844835.9998208
2017-08-10,155.19155805403,155.993637466,153.90709329358,153.90709329358,4423748.4109939
2017-08-11,154.14145976006,155.73765467494,154.00607330612,154.84569686078,3645281.6960154
2017-08-14,156.05052253068,156.06189954361,153.56009439904,154.2757085127,6642467.3547278
2017-08-15,154.29846253857,154.76605777023,148.28002269556,150.19932477782,13509470.247775
2017-08-16,151.43941918782,152.93549638887,151.14816765666,152.25401331402,6040786.9186948
2017-08-17,151.80803440693,152.16527261312,149.58610378058,149.6532281569,4369154.4133824
2017-08-18,149.58610378058,149.58610378058,146.9625645976,147.48704489394,6845481.6459461
2017-08-21,147.08429863601,149.88645692209,146.89430251998,149.18335752266,4210016.4885612
2017-08-22,149.27323592485,150.59069402281,149.27323592485,149.92058796089,3267333.379015
2017-08-23,148.61564457716,149.46323204088,147.41878281632,149.07186279589,5203149.3136172
2017-08-24,149.71921483193,150.61231034739,147.96601713853,148.26978338392,3735053.2772765
2017-08-25,148.54738249955,150.54518597107,148.43702547407,149.63047413103,3026012.9159946
2017-08-28,151.94114545828,152.41101609253,150.44506825723,151.3722948115,6836807.0463878
2017-08-29,150.07071019233,150.89295657902,149.03922641702,149.82754241636,5361058.2984154
2017-08-30,149.99380131435,150.23810010324,149.30501445123,149.99380131435,3637619.1420261
2017-08-31,150.60341727367,150.91557683725,149.83885254547,149.86034179079,6082269.7483435
2017-09-01,150.24827921944,150.93819709548,149.78343291281,150.78098630078,3382461.6355531
2017-09-05,151.71294093988,153.87883066546,151.71294093988,152.94574501345,7503888.3418117
2017-09-06,154.88882519546,157.04227377901,154.13330857055,156.56498633035,8114250.7064764
2017-09-07,158.17441770346,159.27263124055,156.79684397721,157.92898790165,8258652.8286024
2017-09-08,159.08375208433,160.67169421212,157.51843021477,159.64925854009,10080218.467921
2017-09-11,158.44020573767,158.75123428834,156.22002739233,158.384786105,8844933.15674
2017-09-12,159.05095270989,160.92617211721,158.72861403011,159.90599847101,5790996.8453281
2017-09-13,160.41608529411,161.38083930765,159.53955028767,160.01570672343,4704550.9352549
2017-09-14,160.37084477765,160.84926323923,159.3167407441,159.37329138968,5281301.6999842
2017-09-15,159.98177633608,159.9930864652,158.3067462141,158.41871649235,9101450.2274729
2017-09-18,158.98422294811,158.98422294811,157.68582012567,157.80796952012,4004222.1761353
2017-09-19,157.796659391,158.32936647234,157.16329216055,157.65302075124,3703709.8221648
2017-09-20,157.56367073123,159.38347050588,157.35217131677,158.69581465567,4596395.7513425
2017-09-21,158.86207355367,159.53955028767,158.72861403011,159.18441223345,2892233.7565952
2017-09-22,159.12786158788,160.09487762724,158.99553307723,159.97159721988,3576063.9466372
2017-09-25,160.04963711077,161.42607982411,159.73973957301,161.09243101521,4861446.813246
2017-09-26,161.54822921855,162.0142065381,160.78253347745,161.2586899132,3222647.5145934
2017-09-27,161.38083930765,161.69299887123,160.14916624699,160.92617211721,3922540.2040628
2017-09-28,160.70336257364,162.4360743541,160.6502049668,162.35916547612,4611058.1428438
2017-09-29,162.48018385765,163.63494804033,162.15897619078,163.57952840766,3459252.239587
2017-10-02,164.19027537989,164.23438488344,163.22439035344,164.0341955981,2636546.4795555
2017-10-03,164.05568484342,165.31110917522,164.01270635278,165.18782876786,3046212.292588
2017-10-04,165.52147757676,166.06549478721,164.90055148833,165.31110917522,2738445.3253467
2017-10-05,165.07812051544,166.22044355609,164.24456399964,166.10960429076,3496141.5696613
2017-10-06,166.1435346781,166.62082212677,165.74315610742,165.83250612743,2912309.1779687
2017-10-09,166.10960429076,166.62082212677,165.45474781498,165.73184597831,2131436.3723306
2017-10-10,165.73184597831,165.78839662388,164.61101218298,165.17651863874,2755372.7563118
2017-10-11,165.21044902609,165.85399537275,164.41195391055,165.27717878787,2319111.1994717
2017-10-12,165.44456869878,165.44456869878,164.43344315587,164.56690267943,3458664.8069178
2017-10-13,164.91186161745,166.05418465809,164.32260389054,164.43344315587,3252716.4991063
2017-10-16,164.43344315587,164.64381155741,163.26849985699,164.21176462521,2585937.1729677
2017-10-17,164.21176462521,164.91186161745,161.51542984412,163.36802899321,4160953.176552
2017-10-18,163.43475875499,164.23438488344,163.36802899321,163.46868914233,2758008.9955604
2017-10-19,163.52297776209,164.08961523076,162.76859215009,163.24701061167,2674776.4535129
2017-10-20,164.01270635278,164.13372473431,162.73692378857,163.4460688841,4095044.4924243
2017-10-23,164.05568484342,166.24306381432,163.76840756389,164.72298246122,3991775.2707285
2017-10-24,164.64381155741,166.44325309966,164.62232231209,166.01007515454,3663005.783622
2017-10-25,166.09942517455,166.96465005188,165.41063831143,166.05418465809,4189073.3621946
2017-10-26,166.37539232497,167.91922494921,166.09942517455,167.60706538563,3748091.6216826
2017-10-27,166.79839115388,167.72016667678,166.44325309966,167.38764888079,3718101.9225606
2017-10-30,167.00989056834,167.00989056834,164.86662110099,165.33259842054,3906264.1746619
2017-10-31,165.43325856966,166.32110370521,165.11091988988,165.77708649477,2922013.5296254
2017-11-01,166.40932271231,166.73053037919,165.13354014811,165.41063831143,3568019.182368
2017-11-02,165.01025974075,165.01025974075,160.53710367564,162.70299340123,6517095.1584432
2017-11-03,163.00158080987,164.98763948252,162.66906301388,164.367844407,3080590.6182924
2017-11-06,164.77840209389,164.86662110099,163.00158080987,164.21176462521,3275120.0278682
2017-11-07,164.06699497253,164.06699497253,162.81270165364,163.67905754388,3196616.6791961
2017-11-08,163.35671886409,164.65512168653,163.27980998611,164.05568484342,2912857.8689128
2017-11-09,164.07830510165,164.1224146052,162.27999457231,163.27980998611,3400752.2346601
2017-11-10,163.35671886409,164.55672356323,162.91336180277,164.08961523076,3553229.7540471
2017-11-13,164.61101218298,166.63213225589,164.23438488344,165.37670792409,7164908.157711
2017-11-14,163.64625816944,168.12959335075,163.15652957875,168.04137434365,10280428.495562
2017-11-15,167.47473687498,167.47473687498,165.37670792409,165.49885731853,5464323.0152595
2017-11-16,166.67624175943,167.73147680589,166.04287452898,167.49735713321,4585038.1190909
2017-11-17,167.02120069745,168.4191326561,166.04287452898,167.70885654766,4529905.0403678
2017-11-20,168.12959335075,170.70490975031,167.77445529653,170.43799070319,4695527.7171841
2017-11-21,170.5273407232,172.83573807563,170.14958241075,172.83573807563,6224148.2525148
2017-11-22,172.86966846298,172.92395708273,172.03724296009,172.05873220541,4132396.0202889
2017-11-24,172.10284170896,173.10152610984,171.74770365474,172.33696138165,1853586.125613
2017-11-27,172.84704820475,174.88965752297,172.3810708852,174.16694027251,4539303.0621049
2017-11-28,174.86703726474,176.76487693029,172.98050772831,176.54319839963,6047953.5895933
2017-11-29,176.57046281969,178.43623019519,175.65333350061,177.25465254484,4888928.3840895
2017-11-30,178.07162909165,180.66659867422,177.39756717493,179.80460964549,9132733.9307094
2017-12-01,180.32450381165,180.59007745496,176.7021243293,180.42465658391,4603854.2905996
2017-12-04,183.20642796644,186.29766016216,183.20642796644,184.89552135042,6190213.4324776
2017-12-05,184.77511296129,184.9067744709,182.2454114775,182.84182686291,6342195.658844
2017-12-06,180.25923571286,182.13625620884,178.67929759754,180.79938549588,6887425.3421258
2017-12-07,180.0488023599,182.56612541116,179.74946935514,182.00346938719,5484304.7676324
2017-12-08,182.49973200033,183.8906176916,182.14638401728,183.42811443989,5091436.7297535
2017-12-11,182.89809246531,182.96336056409,181.13022723798,182.23415835702,5537859.90048
2017-12-12,182.73267159426,183.2289342074,181.66024921256,181.8042891547,5274613.7207789
2017-12-13,182.01359719562,183.68243496273,182.00346938719,183.0410070954,5176750.7753743
2017-12-14,183.59353531094,183.99077046387,182.05748436549,182.11374996789,3542575.7795365
2017-12-15,182.99711992553,183.2289342074,182.11374996789,182.56612541116,8199589.4843227
2017-12-18,183.51588877963,185.49306204788,183.51588877963,184.71884735889,5011568.5697797
2017-12-19,185.26012245395,186.72977998858,184.58718584928,185.97807154054,4492263.4392405
2017-12-20,187.02798768128,187.90010451844,186.02308402246,187.31381694146,5382623.182425
2017-12-21,187.87759827748,188.86112100739,187.43647595469,188.06552538949,5855240.7552328
2017-12-22,188.46388585447,188.46388585447,187.28230820412,188.12179099189,3256510.1255572
2017-12-26,188.54040707373,190.41742756971,188.33109903281,190.35215947093,2963161.2560374
2017-12-27,190.58284844075,191.49997775983,190.0089392963,190.19686640831,5910600.6187248
2017-12-28,190.90356237442,190.98120890573,189.64433819276,189.76699720599,3175601.5062205
2017-12-29,190.72688838289,190.72688838289,189.54531073255,189.54531073255,4637062.0588825
2018-01-02,190.21824733722,190.70550745398,187.99913197866,188.04301914853,4684065.6482222
2018-01-03,187.98787885818,189.3798898615,187.80107705822,189.00403563748,4530065.8905585
2018-01-04,189.85477154573,190.85967520455,188.47513897495,190.50632722149,4047363.3778684
2018-01-05,190.92606861538,192.51613453913,190.50632722149,192.48237517769,4223343.1791492
2018-01-08,191.7104111128,193.72021843044,191.59900522005,192.04237816695,3503712.9470921
2018-01-09,192.69280853066,193.4658979076,191.63276458149,193.09116899563,3007971.6403491
2018-01-10,192.76032725354,193.21157738477,191.64401770197,191.79818545254,3116354.1822891
2018-01-11,191.66652394293,194.72399677721,191.40095029961,194.66885648686,3895593.0466203
2018-01-12,195.50946458668,199.43005176174,194.82527486153,196.41421547323,6746025.1941887
2018-01-16,197.85011364641,198.94279164497,195.70751950712,196.29268177205,5662460.5687819
2018-01-17,197.49676566336,199.82616160261,196.83395686712,199.82616160261,3995283.3610365
2018-01-18,199.78339974479,200.23577518807,197.67343965489,198.33624845113,4460341.5302223
2018-01-19,199.81490848213,201.31832537819,199.12959344493,201.31832537819,5806376.2920978
2018-01-22,201.59290151789,204.46469786426,201.5062524902,204.45344474378,4849100.2516617
2018-01-23,204.8855645702,206.33046523976,204.1439839306,204.89569237863,3597943.7928407
2018-01-24,205.21640631229,207.11593304923,204.54234439557,206.20893153858,4098227.2616068
2018-01-25,206.80647223605,206.828978477,203.84690154994,205.38182718334,3534057.414674
2018-01-26,205.61476677727,207.32524109015,204.43206381487,207.24759455884,3766615.9291444
2018-01-29,207.24759455884,207.63470190334,204.69763745819,204.91707330754,3606044.7062095
2018-01-30,201.46124000828,203.1514587043,191.56637117066,201.81458799134,5979191.2496246
2018-01-31,203.20659899465,205.08361949063,200.22452206759,200.89745867226,4534840.7749978
2018-02-01,199.3400267979,202.23432938523,198.27998284873,199.9150612544,3552434.3357456
2018-02-02,199.25337777021,199.29613962803,193.43326385821,193.98466676171,6040840.9570982
2018-02-05,190.06407958665,194.28399976646,180.379644102,183.12878143514,10516047.74485
2018-02-06,178.62415730719,191.96360632359,175.39901297777,191.04760231656,11682716.005691
2018-02-07,190.71676057446,194.50343561581,189.72198472407,191.31205064783,6013497.4314909
2018-02-08,191.15788289726,191.15788289726,180.97605948741,181.23038001025,7227872.8821281
2018-02-09,183.27282137727,185.98932466102,175.77486720179,184.12355728552,9056004.3539842
2018-02-12,186.54185287657,187.02798768128,183.42811443989,184.05603856265,6780371.2195815
2018-02-13,183.25144044836,183.97951734339,180.88828514767,183.73644994103,4261881.8301733
2018-02-14,181.88081037396,185.07219534195,181.05370601872,184.6862133095,6761796.8919468
2018-02-15,186.75228622953,187.20466167281,183.28407449775,185.29388181539,5108520.5472826
2018-02-16,185.07219534195,187.93386387988,184.85163418055,186.99422831984,7588653.29814
2018-02-20,189.88740559512,191.44483746948,186.29766016216,186.7185268681,8916144.5205604
2018-02-21,187.21591479329,187.96649792927,182.85307998339,183.07476645683,7520339.7608564
2018-02-22,183.73644994103,186.19975801399,182.90934558579,185.49306204788,5650522.9049164
2018-02-23,186.17725177303,188.40762025207,185.62472355749,188.34122684124,4313845.9385644
2018-02-26,189.17058182058,189.77825032647,187.84383891605,188.46388585447,4406405.1672686
2018-02-27,188.88362724835,189.25835616032,184.96304007329,184.98554631425,4618804.6683906
2018-02-28,184.38800561679,186.65213345727,182.25666459798,182.25666459798,6419903.2130388
2018-03-01,182.73267159426,184.37675249631,178.24830308318,179.62793565396,6123861.2833404
2018-03-02,177.71828110859,179.18793864322,176.36002946672,178.46998955662,5671036.8878648
2018-03-05,177.85106793025,182.2454114775,177.69577486764,181.73789574387,5748553.3742393
2018-03-06,182.73267159426,183.00724773396,179.49627414435,181.6377429716,5306777.4075601
2018-03-07,178.80739595692,180.00465202176,176.80898536645,178.56570688215,4799248.2271596
2018-03-08,179.42280795287,179.98227340373,176.73177913423,177.9514138171,4750743.4949913
2018-03-09,178.99425741751,182.26713030504,177.92903519907,182.17873476381,4477216.9127399
2018-03-12,182.44280245661,183.05709552166,179.53246318124,179.70813533281,4993317.2442706
2018-03-13,179.57722041731,180.94902970282,177.86301827587,178.36989397435,6128146.383656
2018-03-14,179.10391264588,179.65330771862,175.89817561244,177.41320805338,4531509.1361857
2018-03-15,177.6873461243,179.86254779724,176.72170875611,178.08232873261,3936648.834844
2018-03-16,178.43367303575,180.43208362622,177.98498174416,178.94950018144,8410920.5474592
2018-03-19,178.64291311437,179.32322310261,175.98545222278,177.1055020554,4744509.7612707
2018-03-20,177.63363744102,178.87453181102,177.1715189786,178.16065389573,4148338.0535656
2018-03-21,178.36989397435,180.1579455553,177.67727574618,178.03869042744,3494431.6807105
2018-03-22,177.42439736239,178.54556612592,175.09590215591,175.30514223453,5255092.1683874
2018-03-23,176.24951991559,177.56650158691,171.56008050647,171.81295889026,6021264.9436392
2018-03-26,174.13026478772,176.79891498833,173.53723140981,176.38043483109,7323599.8356853
2018-03-27,177.39082943534,178.71004896847,173.61331871113,174.65728124244,4713910.2794574
2018-03-28,175.24919568945,177.53405259076,173.93333294902,174.74455785277,4318635.0982427
2018-03-29,175.70012484284,178.63172380535,175.50207407324,178.24681157516,4423525.750544
2018-04-02,177.16032966959,177.6873461243,170.41877098671,172.86699179968,7229318.8251437
2018-04-03,172.75845550221,174.94260862237,172.43844126432,173.76773117557,5283286.4945022
2018-04-04,170.80368321691,177.84175858874,170.41877098671,177.44677598043,4757298.7054107
2018-04-05,178.01743074031,180.04940925783,177.31474213402,179.13636164203,3799926.525167
2018-04-06,177.99617105317,178.51199819887,173.35036994922,174.42678147668,5236942.850737
2018-04-09,175.07352353788,175.37115915773,172.38473258104,172.51564749654,5079800.8511428
2018-04-10,174.04186924649,174.21754139806,172.25269873464,173.47121448661,4804157.8047327
2018-04-11,172.02219896888,175.07352353788,171.81295889026,172.83454280353,4228416.715331
2018-04-12,173.31680202217,174.23992001609,172.86699179968,173.36155925824,3396658.1400274
2018-04-13,174.47041978185,175.51326338225,172.24262835652,172.77971518935,4311223.8308916
2018-04-16,174.23992001609,175.59046961447,173.32799133119,174.40440285865,3534205.5428746
2018-04-17,175.75495245702,176.24951991559,174.12019440961,174.90904069532,3106493.08954
2018-04-18,175.00862554558,180.26760078367,174.99743623656,179.85135848823,5858878.2292902
2018-04-19,179.48882487607,179.69694602379,175.76614176604,177.08424236827,5407310.9299255
2018-04-20,177.85294789775,178.87453181102,176.3267261478,177.00703613605,5008616.0744782
2018-04-23,177.622448132,178.38891579968,176.1286753782,177.65489712815,2987719.7437636
2018-04-24,179.30196341548,180.00465202176,175.06233422886,176.27189853362,4435423.1204965
2018-04-25,176.07384776402,178.08232873261,174.51405808702,177.40201874436,5587286.8821237
2018-04-26,178.44486234476,185.95624548802,178.09351804162,185.73581610038,8782471.1125814
2018-04-27,185.48405664749,187.03265701548,183.86943935631,186.44969401568,4382417.714545
2018-04-30,186.97671047039,187.81255185398,184.78136804121,184.78136804121,4173188.2934536
2018-05-01,184.70304287809,184.70304287809,181.38765061629,184.61688519866,3423884.3932503
2018-05-02,184.50611103939,187.10874431679,183.73852444081,185.93386686999,3866504.0762813
2018-05-03,184.85857427343,184.88990433868,181.17841053767,183.17794005905,4123871.2178991
2018-05-04,182.75050845459,186.34003878731,181.83857976968,185.02417604689,3896174.6452538
2018-05-07,185.38447179724,185.49524595651,182.68337260048,183.55166298022,3582326.8708213
2018-05-08,183.43081844283,185.28600587789,182.50770044891,185.02417604689,4168151.2180396
2018-05-09,185.02417604689,186.49445125175,183.56285228924,186.35122809633,3392250.357528
2018-05-10,185.99988379319,187.96584538751,185.91148825195,187.15238262196,3850116.0502329
2018-05-11,187.64695008052,190.79897843067,187.35043339157,190.31560028113,5355072.3324169
2018-05-14,191.48040734982,191.64489019237,189.85460074962,191.09549511963,7035919.1716976
2018-05-15,189.49094820656,189.67780966715,186.10953902156,187.97703469653,10147044.986357
2018-05-16,189.27275668072,189.27275668072,185.92267756097,186.37360671436,5044785.3905407
2018-05-17,186.25164324608,187.17476124,184.85857427343,185.31957380494,4227659.9245755
2018-05-18,185.76938402743,188.2176048404,185.5500735707,187.42763962378,4697850.1049998
2018-05-21,188.20641553138,190.66582565337,187.99941331456,189.7773945174,4147785.2593554
2018-05-22,190.07391120636,190.77771874354,186.50564056077,186.86817417292,4585634.7017395
2018-05-23,187.08636569876,187.3056761555,184.9682295018,186.64774478528,7387363.3273115
2018-05-24,186.77865970079,187.41756924567,184.66164243473,187.14119331294,3941297.0418432
2018-05-25,186.69250202135,187.82262223209,186.06590071639,186.84579555489,2730436.3864414
2018-05-29,185.5500735707,186.82341693685,184.27673020454,184.99060811983,4725485.2620125
2018-05-30,184.8552721617,187.79280327254,183.99404144965,187.09402693254,3975996.7631949
2018-05-31,187.16969061267,187.36663872123,185.24805567765,186.55881766575,4839946.5090923
2018-06-01,187.22421297041,188.82984077076,186.52654933158,187.35551170945,3706248.5716781
2018-06-04,188.20784081207,191.53815543887,187.96749735754,191.36346135387,4103327.4338862
2018-06-05,190.42545426052,192.37824482852,189.70442389695,191.94206596661,4231252.4572384
2018-06-06,193.06589415674,193.57996210114,191.19878157947,193.57996210114,4134743.8715368
2018-06-07,193.80917854388,197.1951282296,193.80917854388,196.16810504199,4378743.4969267
2018-06-08,195.86211221794,198.50477751652,195.02202282828,198.31895641974,4006213.505952
2018-06-11,198.90980074544,200.5254428564,198.33008343152,199.64084541962,4242949.0245515
2018-06-12,199.85782214939,201.34327822249,199.51956099118,201.30989718714,4616661.3102647
2018-06-13,201.29988287654,201.5947486888,199.66087404083,200.30624072427,5128112.3067188
2018-06-14,200.2739723901,200.98276304071,198.15538934652,199.67200105261,4305892.7113657
2018-06-15,198.94095637843,201.61700271237,198.50477751652,200.54658417879,7820897.0958496
2018-06-18,198.92982936665,200.90709936058,198.12200831117,200.68900992962,3405346.7764301
2018-06-19,198.18765768069,199.91345720831,198.11088129938,199.20355385652,5501145.9863891
2018-06-20,199.99023358962,200.13154663927,198.13313532295,199.06224080687,3389586.8150388
2018-06-21,199.20355385652,200.92935338415,198.61270953082,200.30624072427,4695066.4084434
2018-06-22,200.78581493214,201.19083816106,197.17287420604,197.41210495938,7067329.35393
2018-06-25,197.41210495938,197.84939652247,195.07543248485,196.37506746116,5127170.8667565
2018-06-26,196.58202988033,197.32531426747,195.58950042924,196.35281343759,3270626.5346733
2018-06-27,196.65991896282,197.9918222733,195.02202282828,195.03203713889,3771720.7757451
2018-06-28,195.0108958165,196.00342526759,193.51431273162,195.21785823567,2994073.0509781
2018-06-29,195.86211221794,198.83191166296,194.99976880472,195.11994053198,4106627.9685398
2018-07-02,193.80917854388,194.16969372567,192.11676005161,194.00501395127,3822777.4093395
2018-07-03,194.45343252615,195.69854514472,193.42640933853,193.61223043531,1608417.2067811
2018-07-05,194.50795488389,194.73717132663,193.13265622745,194.42116419198,3040576.3387629
2018-07-06,194.57360425341,195.34915697472,192.94683513066,194.49794057328,2552567.0142092
2018-07-09,195.69854514472,196.70331430877,195.04316415067,196.0802016489,2575075.488326
2018-07-10,196.55977585676,197.76149312938,196.37506746116,197.62018007973,2842359.2684241
2018-07-11,197.21738225317,197.76149312938,195.95001561103,196.94254506212,3309295.1737452
2018-07-12,198.17764337009,198.48252349295,196.99818012103,197.94731422617,2709205.9564101
2018-07-13,198.46026946939,199.93571123188,198.46026946939,198.69059861331,2311624.3213038
2018-07-16,199.12677747522,199.21468086831,197.90391888021,198.88754672187,2530462.4068467
2018-07-17,198.6238365426,201.44230862737,198.6238365426,201.08179344558,4662845.9004748
2018-07-18,201.00501706427,201.92188283523,200.19719600879,200.96050901714,3787846.1403902
2018-07-19,200.88484533701,203.24377183511,200.54658417879,202.62065917524,3691097.6157098
2018-07-20,202.06430858606,203.75672707833,201.81283811976,202.43595077963,3568417.3653768
2018-07-23,202.44596509024,203.40733890833,201.90074151285,202.21786134868,2264266.5943314
2018-07-24,203.5375249462,204.2262869756,201.35440523428,201.98753220476,5058215.8843078
2018-07-25,201.40892759202,202.28239801702,199.05111379509,200.98276304071,4380559.5236242
2018-07-26,201.54022633106,202.10770393202,198.90980074544,199.40050196509,4280026.0073447
2018-07-27,200.21833733118,200.49206182105,196.68217298638,197.13949317068,3871567.443803
2018-07-30,196.52750752259,197.5756720326,196.39620878355,197.28080622034,2331222.3905568
2018-07-31,197.69695646104,198.03521761926,196.87800839377,197.52226237604,2795866.0544131
2018-08-01,196.86799408317,197.74035180699,195.58950042924,196.31053079281,3086996.2889636
2018-08-02,195.11994053198,195.85098520616,193.55882077875,195.65514979877,3543512.2488659
2018-08-03,196.02567929116,196.39620878355,195.25012656985,195.6328957752,2309318.3428749
2018-08-06,195.61064175163,196.05794762533,195.11994053198,195.68741813294,2515672.2751441
2018-08-07,196.34279912699,197.1951282296,195.6328957752,197.05270247877,3052463.3919828
2018-08-08,197.44437329355,198.90980074544,197.3030602439,198.02409060747,2177399.526064
2018-08-09,198.99547873617,199.74989013509,198.04634463104,198.089739977,2465989.3379926
2018-08-10,197.33644127925,197.9250602026,195.64402278698,196.31053079281,2873008.2676619
2018-08-13,196.31053079281,197.59792605617,193.99499964067,194.12629837971,5294354.3028534
2018-08-14,195.1855899015,195.97115693342,191.26554365017,193.09927519209,11487972.423962
2018-08-15,191.76737188161,194.16969372567,191.09084956517,193.98387262888,6049299.4044063
2018-08-16,194.00501395127,196.09132866068,193.72238785197,195.39255232067,5690107.0900953
2018-08-17,195.58950042924,195.97115693342,194.82507471972,195.54499238211,3885802.6021428
2018-08-20,195.83985819437,198.43801544582,195.40367933246,197.9250602026,2956740.5606464
2018-08-21,198.83191166296,200.74353228736,198.40685981283,200.24059135475,4124595.9180138
2018-08-22,200.79694194392,203.55977896977,198.64609056617,198.96209770082,5007013.6388904
2018-08-23,199.38937495331,201.4200546038,199.12677747522,200.16492767462,3595033.191858
2018-08-24,200.3507487714,202.48936043619,199.99023358962,201.29988287654,3054321.5453713
2018-08-27,202.8387486062,202.97004734524,201.17971114927,201.97640519297,2521348.3888464
2018-08-28,202.2935250288,202.40368244546,200.62224785892,201.96639088237,3516442.1867608
2018-08-29,201.0991422135,202.00026191581,200.71832504201,201.67479607738,2488196.4455194
2018-08-30,200.97958333408,201.42460805193,199.09985206318,199.26258498239,2825581.5886605
2018-08-31,199.38214386181,200.91426876106,199.28472551561,200.77367637508,4023306.3488203
2018-09-04,200.70836180206,205.94459791005,200.51241808301,205.06340468765,4612762.6821828
2018-09-05,204.81543071552,206.65088091997,203.12057289705,204.18331849191,3667120.1581476
2018-09-06,204.57520593001,207.10697590443,203.81467861369,205.92245737683,3490530.2261218
2018-09-07,205.45529212575,207.24756829041,205.43315159253,206.21581944207,3672696.4982183
2018-09-10,208.1176912462,211.61589549594,208.1176912462,210.6815649938,5586552.0082462
2018-09-11,212.99525071593,214.65689773456,211.49522958986,213.85319637845,5969471.1253532
2018-09-12,214.04803307084,215.41853207754,210.90850545936,211.98453537416,5660075.3801213
2018-09-13,211.44098528345,211.44098528345,208.70220132337,209.44169513313,4701094.0076267
2018-09-14,210.20332947611,210.51883207458,207.58521142211,209.08301849487,3622391.6146145
2018-09-17,209.09408876148,210.05055979685,208.25828363219,208.39887601818,3074720.0916144
2018-09-18,208.62803053707,211.71331384214,208.14979501938,211.02917136545,4338462.5325075
2018-09-19,212.00556888072,212.67974811746,210.65942446057,211.66903277568,2579094.1024451
2018-09-20,211.64689224246,212.61443354444,211.00703083222,211.05131189867,4020776.8370153
2018-09-21,211.28821560419,212.66867785085,210.49669154136,212.41848982539,9749205.185879
2018-09-24,211.51737012308,211.8317656949,207.94388806038,207.97599183356,4623688.0008196
2018-09-25,208.84611478934,209.30110274714,206.79147330595,207.48668604926,4443310.2445297
2018-09-26,208.572679204,209.14944009454,207.24756829041,207.55200062227,2965847.0684122
2018-09-27,207.52986008905,207.81325891434,205.6944098846,206.83575437241,3218840.5915407
2018-09-28,206.42283342774,208.8560780293,206.33537832149,207.16122021083,3966222.042202
2018-10-01,208.5184348976,209.77933826483,207.38926770306,207.60624492868,3670701.7922207
2018-10-02,207.51878982243,208.0291291133,204.66266103626,204.72686858261,4428039.2835235
2018-10-03,206.16157513567,206.4438669343,203.65194569448,203.75047106734,4162453.4308853
2018-10-04,203.65194569448,203.7715045739,198.26404693389,198.86073430433,5996171.8345699
2018-10-05,199.06774829,199.69764646028,194.55882869848,196.38542268965,5016587.0913579
2018-10-08,196.24261625034,198.66479058528,195.05809772273,198.41570958649,3731817.8534628
2018-10-09,197.9374740688,199.18620014276,195.57950728021,195.74224019942,4466757.0147979
2018-10-10,199.11092232979,199.25262174244,193.35216963766,193.68981276936,6157920.6753176
2018-10-11,193.69977600931,196.68874799484,188.47461016793,189.74658380177,5831414.826217
2018-10-12,192.75548226721,193.58132415655,190.15839771978,192.4953310018,5450229.9158936
2018-10-15,192.37577212238,193.2879620913,190.7130180771,191.16911306155,3642769.4648107
2018-10-16,191.83332905834,194.09166344741,190.6155997309,193.58132415655,4057410.5745755
2018-10-17,189.63809518896,190.67980727726,184.00997164287,185.16127937063,8985666.3404894
2018-10-18,184.27012290827,185.40150415613,179.52429961124,180.45863011339,9261963.0371453
2018-10-19,180.34903447392,180.98003967086,178.56672154921,179.83869518305,7004297.3503532
2018-10-22,180.8272699916,181.38078332226,177.54604296748,178.75159500165,4866715.3578954
2018-10-23,175.76483706943,179.48001854479,175.44933447096,178.55675830926,7004926.9668286
2018-10-24,178.57779181582,182.39039163737,176.30728013347,176.96042586365,6791655.4316627
2018-10-25,177.50286892769,180.52283765974,176.80876321105,179.07706084007,5227977.1410328
2018-10-26,176.87186373074,177.35009924843,170.8872775997,172.24559931313,9472383.8088252
2018-10-29,173.73344314593,175.991777535,170.93045163949,173.21092656179,5918378.3006629
2018-10-30,173.16885954866,176.43901630617,172.61423919135,176.24307258712,5657106.7936689
2018-10-31,177.98110444537,178.86119064112,175.59103388361,175.87332568224,6339455.4899549
2018-11-01,176.82868969095,180.86048079144,175.89546621547,180.47966361995,5225341.7726566
2018-11-02,182.49002403689,183.00036332775,177.39438031488,179.9261502893,4730558.9540889
2018-11-05,181.01214344404,182.44574297044,179.28407482574,182.20662521159,3885317.2455946
2018-11-06,181.92433341296,182.64168668949,180.05567240867,182.0117885192,3339033.8244148
2018-11-07,183.80406468386,187.67090881182,182.06492579895,187.21481382736,4673834.5598125
2018-11-08,187.13842898773,188.69269442021,185.73804026117,188.00855194352,4054004.7544595
2018-11-09,188.33401778194,188.48568043454,184.95537241162,185.98822828663,4761171.7539794
2018-11-12,185.22770097031,186.95355553529,179.02392356033,179.42466721172,7590395.7291798
2018-11-13,177.31910250191,181.60993784115,172.83121641696,179.00289005376,14274029.592669
2018-11-14,182.60847588965,182.89187471494,179.13241217314,179.89293948946,7561076.2204415
2018-11-15,179.01396032038,179.65382173061,173.63491777307,177.37223978165,8663135.1755134
2018-11-16,173.99359441134,177.60028727388,173.53860645354,177.01356314339,6834879.8913932
2018-11-19,176.69806054492,178.88222414768,172.3208771261,173.61388426651,6203442.6828885
2018-11-20,169.23559382103,172.01644479424,167.00825617847,169.02968686203,8661014.3621223
2018-11-21,170.01826167058,170.90941813293,169.12710520822,169.28983812743,5752238.7134415
2018-11-23,169.38725647363,170.343727509,168.4639962381,168.84481340959,2710983.1056956
2018-11-26,170.22527565624,172.38619169912,168.86584691615,169.82231795152,6140475.5123888
2018-11-27,169.09389440838,173.39580001423,168.82267287636,173.23306709502,7084187.7648611
2018-11-28,172.90507271369,177.6567901833,170.63705749718,177.45100714327,7133626.2937518
2018-11-29,176.80394603347,177.27933786924,174.92438757166,175.6473793219,4329330.9032057
2018-11-30,175.73541484704,180.356179473,175.11806572698,180.30225771385,8942387.6208631
2018-12-03,183.29436512466,183.48804327998,179.36357892701,181.72843322118,7609902.2988221
2018-12-04,181.07036767073,182.22473349417,174.54693525761,175.30183988571,7059564.0406001
2018-12-06,173.48830806776,176.03693652066,170.46428777909,175.95000143958,7571194.6527062
2018-12-07,175.35686208893,178.35777305225,172.25691115982,172.78622475474,6226080.5687282
2018-12-10,173.3914689901,173.98460834076,167.72198117087,171.6626713651,5373770.6297099
2018-12-11,174.29823489908,175.58465401024,171.25330617318,172.22499828195,5229404.7496496
2018-12-12,173.74801286693,176.86887223326,172.80823363603,174.22340470271,5912831.1572067
2018-12-13,174.30923933972,174.91448357508,172.07423744515,173.86686082588,6102171.8384487
2018-12-14,172.98100335412,175.15107904891,171.94438504556,172.31193336303,4265184.2375903
2018-12-17,171.48990164701,171.98730236407,166.94396721742,167.9706815294,5631717.5833637
2018-12-18,168.90825987218,171.94438504556,168.49999512433,170.0109048246,4462206.9989783
2018-12-19,170.92867517422,174.95630044953,166.78220193997,167.54921145278,6996948.9758239
2018-12-20,166.28590166697,167.31151553489,162.22416262567,164.16864728728,7675587.0472631
2018-12-21,162.84151174574,167.95967708876,160.16193044919,160.47555700751,13034103.710454
2018-12-24,160.15202645261,161.39332735713,158.08869383206,158.14371603528,4547364.5612317
2018-12-26,159.47085157681,168.27220320302,159.44884269553,168.27220320302,6141459.1593684
2018-12-27,166.42565806314,170.46428777909,163.34881645938,170.31352694228,5069249.6761747
2018-12-28,171.23239773596,173.10975530964,168.59573375792,170.20568342398,4551988.995688
2018-12-31,171.4469843285,173.24070815329,170.67007081911,171.80352820533,4206020.3676917
2019-01-02,169.69837871034,173.1757819535,169.07112559369,172.42968087791,4242899.1675819
2019-01-03,171.82443664255,171.82443664255,168.19737300665,168.60673819856,4810467.4722447
2019-01-04,170.16276610547,174.74171385699,169.52560899225,173.6071560267,4762627.6329758
2019-01-07,173.83384750395,178.165195341,173.83384750395,177.04164195136,4928787.8040574
2019-01-08,178.56355609227,179.6012748449,175.59565845088,177.89448610118,4722367.0880648
2019-01-09,177.8724772199,181.29595870391,177.10656815115,179.74103124107,4922045.6119717
2019-01-10,178.02323805671,179.25573540871,176.33955863834,179.07196124998,3605293.9234599
2019-01-11,177.92749942311,180.25934039535,177.12747658837,179.42850512681,3285065.2643421
2019-01-14,177.59296442757,179.24473096807,176.90078511113,178.80125201016,3871397.0682811
2019-01-15,176.08095428323,177.81855546075,175.20610125212,176.45840659728,5016064.0499382
2019-01-16,177.09556371051,177.92749942311,175.85316236192,177.04164195136,4075411.1152406
2019-01-17,174.00661722204,175.45260072252,171.99720636065,174.87156625657,6499188.8890922
2019-01-18,176.97671575156,180.04365335875,176.18769735747,179.59027040426,6371422.4507742
2019-01-22,177.49502490585,178.58556497356,175.37887097021,177.11647214773,6272715.6844834
2019-01-23,176.57725455623,178.05625137863,174.52602682039,176.89088111455,4910403.0379996
2019-01-24,176.99762418879,177.52693778371,175.30183988571,177.30024630647,3860308.2411661
2019-01-25,179.78504900364,180.86458463071,178.5965694142,180.38919279493,4502514.7697918
2019-01-28,178.97402172825,179.98863115553,177.43119915012,179.82686587808,4091374.3962959
2019-01-29,178.96301728761,180.1404924364,178.07826025992,179.69811392256,3686878.0590881
2019-01-30,180.45411899473,184.190126593,179.78504900364,182.17081173502,5197764.3209486
2019-01-31,181.52265018115,184.68752731006,181.07036767073,183.51995615784,5138002.2562845
2019-02-01,184.0173568749,185.16181870177,182.85088616675,184.37390075173,4513184.1197726
2019-02-04,184.29907055536,186.41522449099,183.83358271617,186.41522449099,3050201.5910494
2019-02-05,186.90052032335,186.99845984507,184.6985317507,186.37120672842,4135159.2899335
2019-02-06,186.68483328675,186.68483328675,184.04926975277,184.70953619134,3072472.7710866
2019-02-07,183.73674363851,184.92412278388,182.44152097484,184.06027419341,2793487.140852
2019-02-08,183.05666920678,184.58958778833,182.73203820781,184.54667046983,2792476.876937
2019-02-11,185.00005342431,185.43252794158,182.76505152974,182.94882568848,3729222.0996992
2019-02-12,183.83358271617,186.38221116906,183.51005216126,185.52936701924,3773230.1588762
2019-02-13,186.28537209141,188.69314370408,185.918924218,188.40152602704,4147028.7334376
2019-02-14,187.49476011806,188.91983518132,186.00365841095,187.71044715466,2600832.3124496
2019-02-15,189.88162329351,192.61402590515,189.03868314026,192.38623398384,4997891.3374429
2019-02-19,191.69625555553,193.19726125922,191.29569391613,192.3444171094,3828463.1668874
2019-02-20,192.38623398384,192.39723842448,191.11191975739,191.84701639234,3970076.0546293
2019-02-21,191.84701639234,192.3752295432,190.60461504375,191.81400307041,3094242.0601595
2019-02-22,191.67424667424,192.52819126813,191.63022891167,192.38623398384,3321633.8548725
2019-02-25,192.75378230131,193.41294829582,189.95755393395,189.97956281523,6190664.8458185
2019-02-26,185.58438922245,188.4675526709,182.81897328889,188.28377851216,13635080.17417
2019-02-27,187.90522575404,188.50056599283,183.20743004358,183.66081299807,8766217.41044
2019-02-28,183.5859828017,185.20583646434,183.12159540657,185.15191470519,8060552.2327789
2019-03-01,185.82098469628,186.55498088716,182.88389948868,185.18382758305,5481418.8335476
2019-03-04,186.18743256969,186.23145033226,182.09598153865,183.80277028237,5046771.9985637
2019-03-05,184.2330439115,185.1299058239,183.25144780616,183.9865444411,3690995.0465916
2019-03-06,184.53566602918,184.96814054645,183.83358271617,184.44983139217,4460877.2657226
2019-03-07,184.39480918895,184.63360555091,181.57767238437,182.50534673057,4122196.2426864
2019-03-08,181.51164574051,181.90120293927,179.52534420446,181.25414182947,3867054.137244
2019-03-11,181.98703757628,183.19642560294,181.22112850754,182.43051653419,3866234.6289353
2019-03-12,183.42421752425,184.26605723343,182.31276901931,183.9865444411,3776971.1911555
2019-03-13,183.24707617827,183.79323135194,181.07119396639,181.13564027689,4528248.6455168
2019-03-14,181.28637910482,181.74624176104,180.49117717196,181.62936455388,4393038.8094531
2019-03-15,182.29348924505,182.48573586618,179.57035954916,182.21811983109,8059488.9392993
2019-03-18,182.52833596973,183.4830152133,182.32516624513,183.4185689028,4395846.8185505
2019-03-19,184.19083231837,185.83039014971,183.4830152133,184.14713990447,4437087.236548
2019-03-20,184.28695562893,187.11713173886,183.42949200628,186.0980061848,4772648.0552701
2019-03-21,185.50925090759,190.00083105581,185.50925090759,189.96806174539,4756126.513371
2019-03-22,189.31376784734,192.0478206467,188.67039705276,188.75778188055,5173899.4947924
2019-03-25,188.75778188055,191.71575830112,188.52075053518,189.677507193,3845892.1730023
2019-03-26,190.68680195393,192.18763637116,188.74685877707,189.34544484741,4143256.6048518
2019-03-27,189.64692250327,191.62946578368,188.39295022454,189.25041384719,4298371.5871326
2019-03-28,189.92546164184,191.40444985213,189.16412132975,190.06418505595,3326130.6219524
2019-03-29,190.85829467846,192.03689754323,190.15047757339,191.90800492224,4674120.5201106
2019-04-01,192.99048447645,195.90695310382,192.84083795886,195.63824475837,5381377.7829341
2019-04-02,195.49842903392,195.49842903392,194.01944082363,194.30890306567,2717818.8305263
2019-04-03,194.97302775685,198.76880621382,194.11665644454,198.59731348929,4581477.6764417
2019-04-04,198.99382214537,200.46188725218,198.02931210868,200.42037945898,3138816.8243895
2019-04-05,200.85948821861,203.16426305147,200.59187218351,202.03809108337,3615267.8670143
2019-04-08,201.40673570262,203.77377222528,201.26582766781,203.5389255006,3040934.8514545
2019-04-09,202.24235311833,202.71313887802,200.43130256245,200.90208832215,3721698.8749558
2019-04-10,201.28767387476,201.60881311687,198.02931210868,199.44276169812,3587643.0280128
2019-04-11,199.90590128539,201.52361290978,199.02659145579,201.50176670284,2465416.1283984
2019-04-12,202.11346049734,204.26749650227,202.11346049734,203.83931084612,3097940.2348134
2019-04-15,204.16045008824,205.1358832284,203.39910977615,204.85734408983,3049879.4332573
2019-04-16,205.24292964244,205.99334685105,204.29917350235,204.48158933035,3271590.8758176
2019-04-17,205.32922215988,206.83988737023,205.30737595293,206.55151743854,3271892.200382
2019-04-18,205.66128450547,207.77272040685,205.09328312485,205.66128450547,3162458.2086249
2019-04-22,204.10692688122,206.26096288615,203.9889573637,204.80382088281,2594207.6579537
2019-04-23,205.1358832284,207.3445347507,203.42095598309,206.04796236842,3702593.2183723
2019-04-24,206.16483957558,208.28719858044,205.5444072983,206.7120870596,2750949.606303
2019-04-25,206.015193058,207.70936640671,205.05068302131,206.49690192117,3292133.1882185
2019-04-26,205.87646964389,206.14299336864,203.335755776,203.60227950075,3560312.0504285
2019-04-29,203.30298646558,203.78469532875,200.31224073459,202.14513749741,3785214.9212687
2019-04-30,201.57822842715,203.73226443208,200.78302649429,203.68857201819,3415614.68861
2019-05-01,203.21669394814,203.50724850053,198.65083669631,198.78956011042,4644665.3442821
2019-05-02,199.31496138748,201.07358104668,198.78956011042,201.02005783966,2810109.0404945
2019-05-03,201.97364477288,202.29587632534,200.29039452765,200.53725666614,3583834.0243101
2019-05-06,198.72620611027,199.92665518199,198.30785124725,199.65794683654,2619673.7816558
2019-05-07,196.753493623,197.6535573492,192.95771516603,194.76002723912,4622107.0492702
2019-05-08,194.50224199715,196.60384710541,193.68737847804,195.16636668833,3122569.5531464
2019-05-09,193.30070061509,195.08225879158,191.60871188708,194.55576520417,2917942.1871981
2019-05-10,193.20566961487,195.48750593044,190.01175415928,194.55576520417,3863577.0329561
2019-05-13,190.99701809257,191.67206588722,189.14227512281,190.3328934014,3326028.9365731
2019-05-14,190.49346302245,192.75454544143,190.01175415928,191.64038888715,3663631.8589215
2019-05-15,190.81460226457,192.80806864844,190.25752398743,191.76928150813,3355797.56458
2019-05-16,192.46508319938,194.95227386025,192.19855947463,192.37005219917,3853985.9560354
2019-05-17,190.86921778194,194.50224199715,190.75124826442,192.57322192377,5223776.6397747
2019-05-20,191.11498761008,192.85176106234,190.60050943649,190.95332567868,4782751.2906607
2019-05-21,187.12696253199,192.51969871675,186.3448683233,191.45797305915,8555840.463674
2019-05-22,190.48253991898,192.21931337123,188.04887246513,188.90742839813,5706339.0669833
2019-05-23,188.45630422469,192.5415449237,186.26949890933,191.99429743968,7754163.1952778
2019-05-24,192.5415449237,193.86979430605,190.40717050501,193.59234747783,3799488.1901031
2019-05-28,194.38427247964,196.46403138095,191.35092664511,191.56501947318,5165763.7315568
2019-05-29,190.2684470909,191.89817412912,188.02811856853,189.98990795234,4569945.2483809
2019-05-30,190.13955446992,192.4978525098,190.09695436637,191.07238750654,3029848.346433
2019-05-31,189.6359993998,190.27937019438,188.65947394929,189.859923021,3681598.4526784
2019-06-03,189.50710677882,191.88725102565,188.75778188055,189.56062998583,4620380.2636092
2019-06-04,191.5977887836,195.49842903392,191.42629605907,195.24282841264,5118128.3293855
2019-06-05,193.99894146368,196.7247974318,193.08453773064,196.69225637369,3704586.0787929
2019-06-06,196.66080001751,197.65113288615,194.94697095677,197.16084761055,3732940.1654023
2019-06-07,197.19230396672,198.9918244805,196.21390281939,197.28884243913,3522396.3701395
2019-06-10,198.55468959982,199.87477185736,197.2996894585,198.06440432421,3154458.3655927
2019-06-11,198.9918244805,200.83364836982,195.82991833363,198.02427035254,3708472.5295351
2019-06-12,198.79983223762,200.20452124626,197.99172929442,198.91698004683,2551590.6609324
2019-06-13,199.98215734914,202.6743875572,199.44956869798,202.33487585087,3631272.4177038
2019-06-14,201.31200192411,206.49579248187,201.31200192411,205.77229628978,4898440.4287619
2019-06-17,206.98607775747,208.78559827125,206.00550720627,206.96546842067,4620500.4858801
2019-06-18,208.12501479151,210.16859324114,207.10322556669,207.47527833114,3891295.418706
2019-06-19,207.92217552926,208.47537351721,205.91113813773,207.96447890481,3648434.9916971
2019-06-20,209.5720071757,211.66873602026,209.30625520109,211.24461756282,5171453.9641763
2019-06-21,211.88242230188,211.99957011109,209.06111256329,209.39086195219,9854977.5185836
2019-06-24,208.16731816706,209.25310480617,205.12364453134,205.49461259386,4943452.6117119
2019-06-25,206.29403792156,207.09237854732,204.19622437506,204.75050706496,3588178.5650452
2019-06-26,205.33516140909,207.304980127,204.65505329449,206.42203275014,3071226.1289811
2019-06-27,207.6141201791,208.01871400166,206.01635422564,207.00668709428,2286764.318706
2019-06-28,207.78441838323,208.98626812962,207.37873985873,207.98617294355,11068971.518301
2019-07-01,209.71084902366,212.30762546125,208.17816518643,210.28465634842,4100106.8921971
2019-07-02,210.24235297287,210.26404701162,208.45476418041,210.13605218303,3160610.738305
2019-07-03,209.82799683287,212.74476034193,209.71084902366,212.09502388157,2183742.8423347
2019-07-05,209.98744801764,212.16986831523,209.73145836046,211.45613444057,2547863.9144749
2019-07-08,210.97669618434,213.44764719722,210.58294938114,212.91505854607,2705325.7632208
2019-07-09,211.94533501424,213.34026170544,211.19038246596,212.01041713047,2397527.6951418
2019-07-10,210.72287593104,211.31729259261,208.82681694486,210.75433228722,3457376.9980529
2019-07-11,212.2447127489,214.06484259948,211.00923724245,214.03230154136,3450056.9051876
2019-07-12,215.00094037126,218.25830028859,214.59634654869,218.23660624985,4429824.8430823
2019-07-15,218.93949310514,219.28008951341,216.8113079044,218.70519748671,3141289.3381562
2019-07-16,217.2896614587,218.354838761,216.72453174943,217.24627338121,2657420.1144052
2019-07-17,216.72453174943,217.58686978948,215.60728875414,215.60728875414,3037577.3756124
2019-07-18,215.52268200304,216.21472183896,212.99966529717,214.43689536393,3069619.6917635
2019-07-19,214.76664475283,215.23523598969,212.9248208635,213.03220635529,3255032.6086587
2019-07-22,212.9888182778,213.26650197371,210.3714325034,211.26522689963,2765718.4082333
2019-07-23,212.55385280099,214.1179929944,211.73381813649,213.07559443277,2590137.6386593
2019-07-24,213.19165754005,214.78833879157,213.0647474134,214.70373204047,2207163.9454179
2019-07-25,214.27744417916,215.9272758256,213.63747003623,215.55522306115,2335396.1522989
2019-07-26,215.53352902241,217.2050547076,214.08545193628,216.91652399231,2675559.7028465
2019-07-29,216.78961386566,218.27999432734,216.34271666754,218.03593639147,2407248.0494638
2019-07-30,217.52504177906,218.60974371624,216.86337359739,217.35474357493,2172571.0578951
2019-07-31,216.34271666754,217.8005560711,212.16986831523,213.70255215246,3426412.2161056
2019-08-01,214.12884001377,217.6194108476,212.03102646727,212.82936709303,3431472.9630598
2019-08-02,211.87157528251,213.13742244319,211.06347233931,212.14817427649,2884885.987797
2019-08-05,209.52970380015,210.00914205638,204.08016126778,204.94249930784,4553198.2819579
2019-08-06,205.01625903956,209.07195958266,204.49343270585,208.79427588674,3646802.2502443
2019-08-07,206.04889528375,208.49706755596,203.14297879406,207.93302254863,3901104.0801031
2019-08-08,211.57436695172,211.70127707837,208.71075383758,211.57436695172,2968171.7723159
2019-08-09,211.4452874212,212.41501095303,207.97532592418,210.04168311449,2912077.9908753
2019-08-12,208.12501479151,209.64685160936,206.16604309297,206.9546214013,1762171.44177
2019-08-13,206.30488494093,211.62643264471,204.79389514244,208.32676935182,3906288.8327369
2019-08-14,204.45329873417,205.35685544784,201.5246035038,201.61029495684,4582122.6068076
2019-08-15,203.00413694611,203.75041187888,199.02436553861,201.81204951715,4199749.2137895
2019-08-16,203.73956485951,204.42075767606,201.69490170794,203.6430263871,4093593.7756886
2019-08-19,206.98607775747,208.81596992549,205.29394273548,207.97532592418,6413590.6771857
2019-08-20,213.51055990958,217.84394414859,212.16986831523,217.09766921582,12455054.400379
2019-08-21,218.73665384289,220.87677076493,216.75707280754,220.40926423001,7940576.8919867
2019-08-22,220.04697378299,222.65459723996,219.88752259823,221.01452791095,4545216.8254662
2019-08-23,219.8983696176,220.86592374556,216.0118825767,217.4708066822,5770378.8518761
2019-08-26,218.47198657022,219.50462281441,216.17241846341,218.65204709179,3680273.4500258
2019-08-27,219.54692618996,220.41902654744,217.90685686095,218.21491221111,4313268.8982935
2019-08-28,217.87540050477,222.09055223263,217.10851623519,221.9408633653,3072755.5323672
2019-08-29,223.88898804447,227.7006306517,223.77292493719,227.30579914657,4184913.6251695
2019-08-30,228.43497386316,229.25392382573,226.68968844625,227.90238521201,3769328.3169736
2019-09-03,226.45539282782,227.6247015161,223.36724641268,224.0592862486,4139413.8744322
2019-09-04,223.94781227719,224.14834228178,220.66817639566,224.14834228178,3146989.0197849
2019-09-05,226.29703206215,228.7939540548,226.24312614694,228.13845812581,3373537.7114647
2019-09-06,228.70878270876,231.37604739347,227.86245983992,231.13239265671,3237893.9389237
2019-09-09,231.50218723507,233.87296938612,230.07368048194,232.86708500825,4449066.0232073
2019-09-10,232.25363569313,233.01478721594,229.69310472054,232.99430296815,4210671.4691518
2019-09-11,232.9306939882,233.68214244627,231.01595587986,232.65469570232,2978345.4515857
2019-09-12,233.42770652646,235.48044377776,233.11073974501,233.80828228786,3366137.0011479
2019-09-13,234.31607600917,234.98235312119,232.32694773782,233.97754686163,3805518.0233174
2019-09-16,232.71938280057,233.61853346632,230.60303656933,230.98469044903,3120218.8641904
2019-09-17,226.79404460041,230.32919452005,226.45551545288,230.21060150658,3806138.0572853
2019-09-18,230.37016301561,231.52374960116,229.01712454378,230.82620705831,3423130.9771514
2019-09-19,231.1539550228,231.40623470599,227.92606881987,228.10611457668,3254883.4367457
2019-09-20,227.96919355204,230.05211811586,224.22381056308,224.66691718612,7797033.9497164
2019-09-23,224.15912346482,227.15413611403,223.94781227719,226.24312614694,2955322.9098362
2019-09-24,228.12767694277,230.22138268962,224.78443208129,225.41944376249,4518352.9287614
2019-09-25,226.58273341278,228.44464372422,224.48687142932,228.0845522106,3969379.9576095
2019-09-26,229.67262047276,231.12161147367,229.00634336073,229.77827606658,4383280.986328
2019-09-27,231.60784282889,231.74584197183,229.13248320233,229.85266622957,3152240.4050367
2019-09-30,230.1901172588,232.58138365763,230.12758639715,232.03154332246,3258466.5903615
2019-10-01,233.0050841512,234.50690294902,230.71839522788,231.0784867415,3530208.7640084
2019-10-02,230.59225538628,230.59225538628,224.33916922163,225.55636478713,4371896.3687331
2019-10-03,225.00544633366,226.8156069665,222.11824551488,226.8156069665,2972926.7705836
2019-10-04,227.18540154485,229.21657643006,227.03769933717,227.90450645379,3188708.9882891
2019-10-07,227.52393069239,228.11689575973,226.04367426065,226.7412168035,2967658.3722048
2019-10-08,225.36553784728,228.7939540548,225.10139886274,226.66682664051,3567905.1279378
2019-10-09,228.49854963943,229.5551055776,226.60321766056,228.95243744552,2675387.9702856
2019-10-10,229.35565369131,232.24285451009,229.08935847016,231.60784282889,3052401.7037886
2019-10-11,234.35920074134,236.7084205263,233.766235674,234.66538633974,3479059.7423597
2019-10-14,234.50690294902,235.48044377776,234.05301514293,234.15759261844,2538127.9506639
2019-10-15,234.78290123491,236.86690391702,234.6028554781,235.6173648024,2667157.3974326
2019-10-16,235.42869409915,236.15750207283,233.84062583699,235.88258190524,2389281.9914426
2019-10-17,236.35911019572,238.15741152721,235.50092802554,236.78065445268,2296853.4522487
2019-10-18,237.00382494166,238.72773611016,235.63892716848,237.92453797349,3663924.3821373
2019-10-21,238.25228593798,239.00373439605,235.60658361935,236.7084205263,2079644.9673826
2019-10-22,236.82377918485,238.29541067015,236.5068124034,237.20543306456,2022889.1751594
2019-10-23,236.49603122036,237.41674425219,234.34841955829,234.67616752279,2138450.8414294
2019-10-24,234.81308854743,236.36989137876,233.06869313115,233.8945317522,2184112.1843933
2019-10-25,233.50209668946,235.42869409915,232.53933704376,234.36998192438,2210871.9430768
2019-10-28,234.96186887341,236.97148139253,234.56080886423,236.81299800181,2704999.3181167
2019-10-29,236.84534155094,237.50083747992,233.92471906472,234.11554600458,2558004.0090615
2019-10-30,233.5128778725,236.60168681418,232.8778661913,236.23189223582,1956668.4131899
2019-10-31,236.86690391702,237.39626000441,233.22717652187,234.58237123032,2824071.3596251
2019-11-01,236.05184647901,237.45879086606,235.07938376857,237.35313527224,2197403.2174043
2019-11-04,238.26306712103,238.37950389789,233.88375056916,234.93060344259,2542427.545968
2019-11-05,234.74085462104,234.93060344259,230.26450742179,232.20080789623,3624628.7842543
2019-11-06,232.82503839439,234.04223395989,231.89354417952,234.00989041076,2631943.0597217
2019-11-07,233.99910922772,235.78662937616,231.75662315488,232.94147517125,2832864.3108483
2019-11-08,232.79377296356,233.26922313574,231.62940519497,232.83474145913,2088454.931733
2019-11-11,230.50924027686,232.28597924226,230.18041419406,231.79866976874,2310669.0566806
2019-11-12,232.15768316406,234.63304279062,232.00998095637,233.12152092806,2991171.4591209
2019-11-13,232.10593348545,234.91011919481,230.84669130609,234.80230736438,2625014.9362705
2019-11-14,235.01469667032,236.94991902645,234.04223395989,236.54993713557,2283848.8068783
2019-11-15,237.69166441977,238.04097475035,236.35911019572,237.29922935703,3526673.8142529
2019-11-18,238.43233169479,239.30991999445,236.77095138794,238.85603218836,5766960.5090247
2019-11-19,230.59225538628,233.12152092806,225.40866257945,225.84206613776,14984830.651167
2019-11-20,224.54077734453,225.00544633366,220.56252080184,220.90104994938,10228809.061775
2019-11-21,221.93927787637,222.31769740116,218.50008048581,218.54212709968,7823720.9300226
2019-11-22,218.50008048581,219.14479523175,217.80145982466,218.02463031364,5786477.4014043
2019-11-25,217.99228676451,218.53134591664,216.88182491113,218.39334677369,8869811.8059006
2019-11-26,218.76314135205,220.96465892933,218.38364370895,220.76305080643,9988417.3556265
2019-11-27,221.68376383826,223.46050280367,220.65847333092,222.99583381454,6687478.4384697
2019-11-29,223.31280059599,223.34514414511,220.28760063426,220.50969300494,2952947.6882491
2019-12-02,220.90104994938,221.1867513,217.46293067712,217.61063288481,4428499.9879857
2019-12-03,216.07647053786,216.44626511622,212.92405261623,214.01403022183,6734091.5713812
2019-12-04,213.49488542733,214.95609322153,213.18957441461,214.10443618605,4256395.2550769
2019-12-05,214.36582526361,214.49437726897,211.75943335503,212.99996020671,4581408.6665873
2019-12-06,214.4408139334,215.35460443813,213.89339664393,214.28333772684,4194212.1757215
2019-12-09,214.29405039395,217.88922147706,214.18799498954,216.52121388673,5149563.1310568
2019-12-10,216.51050121962,216.68940276041,215.10285676098,215.92344706183,4664412.9755825
2019-12-11,211.0448984586,213.64164896677,210.61424924066,211.99082696467,8286339.5433228
2019-12-12,212.5061062528,214.13657418739,210.74065871259,212.03367763312,9916525.1095639
2019-12-13,212.1172364366,214.22977439128,210.67638270991,214.08301085183,6870348.4888945
2019-12-16,214.43010126629,216.71082809463,214.30476306107,215.53350597892,5851490.3575497
2019-12-17,216.02735993283,219.44470074186,215.89130906049,217.73067400379,7578894.2962196
2019-12-18,218.20417389018,219.59146428131,217.64711520031,217.99420561476,6678292.6448441
2019-12-19,218.48805956867,220.76878639702,218.27702002655,220.22244037426,5765684.7090101
2019-12-20,220.57917218912,221.56795136364,219.80250382343,221.18015281416,7778258.354776
2019-12-23,222.01038451541,222.01038451541,219.12974832874,219.20259446511,3945352.3949724
2019-12-24,219.49719281071,221.04303067511,219.21330713222,220.66487352602,2260656.280706
2019-12-26,220.73664839568,221.1373021457,219.59146428131,220.82234973258,2650339.2576733
2019-12-27,221.19086548127,221.79934497328,219.7810784892,219.98140536422,3082874.644311
2019-12-30,220.3692039137,220.48597198524,216.54263922096,217.31073745296,3952771.902085
2019-12-31,217.10076917755,218.52019757001,216.42801368285,218.38307543096,3790248.5499998
2020-01-02,219.07725625988,219.75965315498,217.84744207532,219.65574028398,3936097.0354587
2020-01-03,217.14254857929,219.6760943515,216.75367876309,218.91978005332,3425706.2875182
2020-01-06,216.48050575171,220.01354336556,216.3851630144,219.9706926971,5683576.4481815
2020-01-07,219.49719281071,220.5588181216,216.88972963542,218.52983897041,5696659.5123902
2020-01-08,218.79229931468,222.96702568859,218.65624844234,221.79934497328,4916829.3636514
2020-01-09,222.64136060836,225.56270493006,221.86362097596,225.18454778097,4844153.3890447
2020-01-10,224.74318589592,225.50057146081,223.01951775745,224.21719394068,4226759.080256
2020-01-13,224.49036695206,224.50107961917,222.6831400101,223.34518283768,6061942.7743643
2020-01-14,222.47317173469,224.93280010382,222.30498286101,222.80954948203,3916024.4150622
2020-01-15,222.27284485968,224.96493810516,222.12608132023,224.58570968936,3444310.2259939
2020-01-16,225.95157474626,228.85470753387,225.4052287235,228.81185686542,5390755.1365705
2020-01-17,229.60995056533,232.58700075602,228.90612833601,231.91317399462,7979597.1436871
2020-01-21,231.52430417842,233.67862153483,231.05080429202,232.94266130417,4873852.3443105
2020-01-22,233.79431833965,236.51747831976,232.8698151678,232.89124050203,4030827.0193485
2020-01-23,232.13385493714,234.8141642488,230.65122180871,233.66790886772,4617883.1537971
2020-01-24,234.44564850012,235.44406907504,230.56766300523,232.00744546521,4467501.1592486
2020-01-27,228.19159343958,232.47987408489,228.19159343958,231.18685516436,3595927.8538422
2020-01-28,231.82854392442,235.25552613385,231.34540263763,233.86823574273,3622093.0310409
2020-01-29,234.88915291859,235.88757349352,233.40651979016,234.01499928218,2564542.1701034
2020-01-30,232.00744546521,233.29082298534,231.56608358016,232.7744724305,4685674.6195548
2020-01-31,232.95337397128,233.22761824937,227.90663649437,228.09625070227,5304742.1223193
2020-02-03,230.29341872714,233.54257066249,229.34856148778,231.53394557882,5101205.0666213
2020-02-04,234.02571194929,236.3600021132,234.02571194929,234.99306578959,3505080.7453414
2020-02-05,237.09596234386,238.32577652843,235.87686082641,238.11580825301,3868788.7888823
2020-02-06,238.00011144819,239.39811450643,237.48483216006,238.83034314945,3930382.1125441
2020-02-07,238.83034314945,239.52345271165,236.50676565265,237.30593061927,2456067.0736777
2020-02-10,236.58068305573,240.60757462348,236.18110057241,240.60757462348,2568037.8994162
2020-02-11,240.60757462348,242.44693956678,240.20692087346,241.63706193304,2692405.009346
2020-02-12,242.13198715366,242.30017602733,238.83034314945,241.58564113089,3592141.0515582
2020-02-13,240.97394783875,243.60283634826,240.39653508136,242.36230949658,2468188.4556185
2020-02-14,243.09826972724,245.1904536144,242.62584110756,245.02226474073,2841584.6632545
2020-02-18,244.83265053283,246.11602805296,243.1507617961,243.93921409561,2893399.4570294
2020-02-19,244.90656793591,245.50647729423,243.01471092376,243.64568701671,2713341.3364679
2020-02-20,243.69817908557,247.11444862789,242.15126995446,247.00839322347,3701835.6105632
2020-02-21,246.49525646876,247.36619630504,244.00241883158,245.33721715385,3881082.3414368
2020-02-24,238.47254006787,243.09826972724,237.70551310259,239.70235425244,5350145.7009736
2020-02-25,246.10531538585,246.95697242133,236.46498625091,237.38948942275,8061528.4778075
2020-02-26,239.10458742754,241.04893650854,234.30959762778,235.28659286848,6965709.1308889
2020-02-27,231.06151695914,234.8141642488,224.56428435513,224.72176056169,7612791.931536
2020-02-28,218.62411044101,221.06338474262,212.32720471202,217.84744207532,11814662.370303
2020-03-02,219.99211803133,229.99989164824,218.49877223578,229.94632831268,7150821.0772569
2020-03-03,230.03095838287,235.83401015795,225.58413026429,227.96019982994,8432487.6627227
2020-03-04,233.00586604014,241.31032558609,231.80818985691,241.09071591028,6769977.7771612
2020-03-05,236.58068305573,239.60915404856,233.15262957958,234.80345158169,6473854.7848851
2020-03-06,227.58097141414,230.28377732674,222.24070685834,228.50761711941,7400162.1747497
2020-03-09,213.8719713097,216.17519473899,207.2611844343,210.45570176738,10120506.384469
2020-03-10,217.20468204854,225.84766187527,211.01276045726,225.71053973622,7206600.5512428
2020-03-11,217.28712875552,219.14512956265,210.48829304146,212.89113715514,7261974.8780501
2020-03-12,195.39868740279,206.57329592265,184.84022004406,190.5940633225,10928672.979148
2020-03-13,200.39060136971,205.83052125863,189.99920510303,205.67409163741,10292302.613083
2020-03-16,181.96808706671,186.09378530798,163.11991393046,164.96727326676,12536628.07066
2020-03-17,168.20440869362,174.77338863773,155.30801019327,173.64539272962,16234413.144569
2020-03-18,159.79871088404,162.32499605937,140.64512753493,155.64215237737,14681863.802404
2020-03-19,153.1563047912,162.91027695509,142.00404336008,161.13527962044,13499063.091043
2020-03-20,162.77513027553,170.21990326905,151.81973605479,152.14323676806,12602414.976742
2020-03-23,150.0543160439,164.93641300135,146.33725028255,162.38778073728,12241616.873751
2020-03-24,173.40489548883,185.66493403348,172.00554207453,184.71571483533,14676623.908514
2020-03-25,184.42307438747,191.54434666772,179.98451690377,181.77121985634,11497376.703805
2020-03-26,183.49300983683,198.20697155515,182.50016060827,195.18905042742,10174074.634459
2020-03-27,188.4945011275,196.40004980801,186.50135364081,190.55362573334,7121656.4184083
2020-03-30,190.57384452792,198.20697155515,187.60806660726,196.11805083098,6936745.2360634
2020-03-31,194.79212356541,195.48169087527,185.44678388144,186.71950379285,7341134.4299953
2020-04-01,175.90138454584,182.7630049378,175.0021802606,178.63624254946,7858183.2577108
2020-04-02,174.95110120061,182.72043905448,173.99017638455,181.31044416934,6353947.8055837
2020-04-03,179.54502415844,181.35194590559,174.94045972978,178.71073284528,7299813.768224
2020-04-06,187.99328785135,192.41162654047,185.13286049192,191.31449089777,7454001.8592785
2020-04-07,202.92646386879,204.12895007272,191.85827005725,192.28605718466,6438762.8424175
2020-04-08,194.21854828761,196.75547493377,191.53476934398,194.81234235999,6094735.8471697
2020-04-09,199.805320474,206.00823382151,196.50540036924,201.5388160724,7125726.1459356
2020-04-13,200.4416804297,200.4416804297,195.35612151947,198.78161098003,4415560.5239311
2020-04-14,201.88359972733,209.73700520077,200.12882118727,207.1564485242,5655442.7547983
2020-04-15,198.65710577131,202.23796070601,196.61926410713,198.4687517376,5693944.2923721
2020-04-16,199.11575316413,202.21774191143,196.80761814084,199.85746368107,7262768.7143136
2020-04-17,207.1564485242,210.24779580067,206.16466344273,209.432659135,6717579.3965175
2020-04-20,206.14338050107,211.03100805385,205.35059092414,206.07101849942,4753058.7186422
2020-04-21,200.74602649548,204.34710022476,199.52332149697,200.59917419801,4844961.7844539
2020-04-22,201.89424119816,205.71559337365,201.14082506331,204.19067060354,4071351.5879233
2020-04-23,203.31381340705,206.95745301966,202.19645896977,202.31138685475,3565517.97169
2020-04-24,204.72380829219,212.9315747443,203.85759256652,212.16964543279,5026219.7878537
2020-04-27,215.03220108638,220.94140983896,214.00742744534,217.75641761918,5472779.0196315
2020-04-28,224.00189685002,224.23068847289,216.91042068809,217.63191241045,5080744.5608893
2020-04-29,221.33940084805,224.1796094129,219.81341393085,221.8086897117,4381068.386159
2020-04-30,216.78591547937,222.12154895414,216.52413529692,219.82405540168,5152681.0646608
2020-05-01,216.76463253771,219.68890872212,215.76114183832,218.5811316086,3819297.5620424
2020-05-04,216.68056491814,222.65468664278,215.20884950218,221.8406141242,4090942.7774479
2020-05-05,224.92025578275,228.84695851947,223.60496998801,225.60875894553,4655164.0563273
2020-05-06,227.36460163268,228.45003165746,223.80290134547,223.92847070128,3321132.2700534
2020-05-07,226.52924617243,231.63502387725,226.43453708203,229.44288088602,4503029.0231125
2020-05-08,232.70129925454,235.55108514314,231.1338106011,234.43373070586,4367213.1184904
2020-05-11,231.7701705568,238.76800177541,231.23809701524,236.56415316627,4378313.4200188
2020-05-12,238.56900627087,239.2479321099,232.88752499408,232.88752499408,4399619.6406026
2020-05-13,233.0247999678,236.3034371309,228.54474074786,230.10052378339,6237155.2437985
2020-05-14,226.38345802204,234.66358647581,226.20574545916,234.47629658918,6434481.4890588
2020-05-15,232.78430272702,243.22677805369,232.70129925454,239.33199972947,16176261.047327
2020-05-18,245.83819499567,248.32297843476,244.05255619019,245.33698171952,8341250.3393652
2020-05-19,240.44935416674,242.46484874218,237.79643548852,238.09865326013,9386987.4155239
2020-05-20,242.00513720227,242.26691738472,234.93494398201,238.19442649761,7534152.5095744
2020-05-21,237.61872292564,241.18042321285,235.80115970767,240.87714129416,4772695.8721483
2020-05-22,240.69942873128,242.33927938637,238.66371536127,241.87956784646,3041768.9360903
2020-05-26,248.15590734271,248.22933349145,242.078563351,242.47549021301,4535233.4952227
2020-05-27,242.6840630413,247.37269508953,240.78349635084,247.35247629495,4664801.1711119
2020-05-28,249.52333634452,252.22839822982,244.43777743428,245.12734474415,5261749.762391
2020-05-29,245.05391859541,249.72233184907,244.73041788214,248.47940805598,5342823.5226486
2020-06-01,249.40947260663,249.78511652697,245.867991114,247.27905014622,3409937.5550297
2020-06-02,248.62626035345,252.70832856431,247.00769264002,252.69768709347,5301048.0089771
2020-06-03,251.80072365502,252.82893506675,250.39909801659,250.99254102275,4638114.0385633
2020-06-04,249.76651527562,252.17413788171,247.48265885799,248.94563867531,4759382.0460266
2020-06-05,252.35079560368,255.83846332436,250.38851970989,254.89382053559,5054333.1825066
2020-06-08,252.49677623621,256.80320489586,252.26828481138,256.76406516105,3811871.701236
2020-06-09,255.34128290922,258.29897746396,253.85608864782,256.75348685435,3716430.7507447
2020-06-10,257.44848160487,259.28487564888,254.2189245678,254.44847382331,3589810.6441975
2020-06-11,248.85360740697,250.62864727209,238.74286185823,239.46747586753,6563710.857918
2020-06-12,243.07150496196,246.3920354367,237.04927495475,242.4569053424,5238493.1707089
2020-06-15,237.61944568615,242.2199512722,234.31901399416,241.35781927574,6253342.0925977
2020-06-16,249.39204321826,251.64522254645,242.87369062658,249.95375130431,5296424.1524771
2020-06-17,252.76546522652,254.61455323858,250.08809579946,250.83492425284,4234002.6220112
2020-06-18,249.35184565278,251.74888995216,247.12934341404,249.20586502025,3347824.6740111
2020-06-19,253.09868188773,254.30355102145,246.38251496066,246.65120395097,11114626.910687
2020-06-22,245.69704068617,250.06693918605,245.52038296419,249.1540313174,3815171.0063768
2020-06-23,253.00453495806,253.44141902498,250.13992950232,250.31658722429,3105347.4204314
2020-06-24,247.80423938183,250.28591013485,242.73934613142,246.12228861572,3873025.887384
2020-06-25,244.80423160026,246.35078004055,242.19879465879,245.38603846904,2938447.8554443
2020-06-26,245.35430354892,246.09161152627,240.2470970717,241.01508213849,5002688.7015702
2020-06-29,242.66529798449,246.50628114911,240.3401861707,246.11171030901,3468293.1418345
2020-06-30,246.99394108822,251.64522254645,246.08103321957,250.52286420504,4524579.4096898
2020-07-01,249.6416912565,250.3377438377,246.92200860262,248.15755482578,3677251.3817854
2020-07-02,251.94670428755,252.30954020753,247.91848509424,248.51087026973,3369796.6012975
2020-07-06,250.28591013485,251.50029974459,247.03625431504,249.54754432683,3133849.5636445
2020-07-07,247.37793362161,250.76299176725,247.06693140448,247.35783483887,2927762.9232921
2020-07-08,247.86665139139,249.77709358233,246.21643554539,249.1646096241,2293978.4470088
2020-07-09,249.65226956321,250.52286420504,246.35078004055,247.95974049039,2994694.9874648
2020-07-10,248.29189932093,250.3377438377,246.64168347494,250.11983071958,2745257.8858144
2020-07-13,251.92554767414,257.86315122771,249.09056147717,249.62053464309,4437469.0842663
2020-07-14,248.99853020883,258.19531005825,248.46855704291,257.79121874212,4614210.6932311
2020-07-15,260.15758595205,261.2894647695,255.15404688054,257.80073921815,4343649.3689728
2020-07-16,256.75348685435,260.5003230893,255.99396443292,258.09164265254,2511224.9267936
2020-07-17,260.04334023964,260.63466758445,257.71822842585,260.38607737688,3094993.8637443
2020-07-20,259.02676496528,261.19531783982,258.02923064298,260.1882630415,2451071.6101467
2020-07-21,261.63114407607,263.87480292823,260.70765790072,262.40018697353,2440477.2282668
2020-07-22,262.57684469551,265.60752956652,262.01619444014,265.18122380631,2749965.5366825
2020-07-23,267.80781736118,267.80781736118,261.80780179805,263.811333088,2680101.1849628
2020-07-24,265.04687931115,266.89490949253,262.99151431835,265.32826226951,2984506.1552096
2020-07-27,265.09871301401,268.66994935765,265.09871301401,267.43440313449,2412476.9647554
2020-07-28,268.55570364524,269.07404067379,264.66288677776,265.29652734939,2226974.1352782
2020-07-29,264.79828910358,267.10224430395,264.15407022524,264.65230847105,2874097.437338
2020-07-30,263.3448297623,267.35189234219,261.55921159048,266.29300384101,2347799.0243869
2020-07-31,265.005623915,267.17523462022,260.60504832568,265.50386216081,3640388.7511804
2020-08-03,266.72883007726,268.57580242798,265.69004035882,266.15760151519,2364446.7883118
2020-08-04,266.62516267155,267.88186550812,263.84306800811,267.86070889471,2223957.0772634
2020-08-05,268.38010375393,268.38010375393,265.88785469421,267.48623683735,1963860.0892808
2020-08-06,266.59342775144,270.43441091606,266.52149526584,269.37446458421,2203429.1378327
2020-08-07,270.61106863804,274.93019126573,269.8124064818,271.64880052581,2846289.8339807
2020-08-10,272.41784342327,275.01164422736,271.80535946504,274.73237693035,2393110.7660546
2020-08-11,277.70170762247,279.37202225121,274.40021809981,274.93019126573,3321259.7286483
2020-08-12,279.75707261527,282.97499351497,276.96439964513,281.58500401392,3869966.4441352
2020-08-13,281.16821872974,282.66293346717,279.74649430857,281.65587866884,2202427.3050308
2020-08-14,281.14706211633,281.98803749938,279.19536452923,280.55573477151,2490421.4833424
2020-08-17,284.40729624284,289.22359928567,283.56632085978,288.22818062472,5584427.9637964
2020-08-18,288.8924982858,290.58396952795,283.04798383123,284.98910311162,6934289.7746306
2020-08-19,287.46971603397,287.98911089319,281.92774115116,282.87132610926,4986759.5600205
2020-08-20,280.53563598877,281.90658453775,279.44607039814,280.69113709733,3529990.6296174
2020-08-21,279.96440742669,283.54622207704,278.4072806797,283.22358372254,5504044.3676571
2020-08-24,284.97852480491,286.84771159971,281.91716284446,286.74298636333,4430863.7308795
2020-08-25,287.27190169858,287.49087264738,283.88790138362,286.1305024051,2854465.3676245
2020-08-26,287.73840502428,292.10936135483,286.27648303763,291.93270363285,4001937.6864655
2020-08-27,292.21408659121,292.96197287526,286.54622985861,288.62169363415,3430925.7416254
2020-08-28,288.28953480361,288.81950796954,284.77013216282,286.29658182037,3100101.2844324
2020-08-31,284.98910311162,286.68057435377,282.88190441596,285.03035850777,4105436.6479064
2020-09-01,284.02436154011,286.67105387773,283.49438837419,285.94432420709,3238087.3767769
2020-09-02,284.85679584837,288.0473131847,283.59721496065,287.19075608979,3464636.8416452
2020-09-03,287.29387967124,287.70637399704,272.16522935978,274.62335881152,5380080.4212951
2020-09-04,275.55252332602,276.76159470446,264.66877635716,269.65659039877,5253456.8902953
2020-09-08,267.10586018002,271.04034049681,262.79992451371,269.26408942039,5241196.2215334
2020-09-09,272.45460675671,279.74586487788,271.76325784841,277.02887419108,4754650.7411253
2020-09-10,278.02117559219,280.98440013674,271.17398024012,272.69242236292,3156250.179353
2020-09-11,273.98357169394,277.99065943033,273.46690150524,276.34804809721,3729223.6423068
2020-09-14,278.53679349944,282.4607510018,278.03169840662,280.64346094909,3055844.5889634
2020-09-15,283.05002861009,286.68566099697,282.37972533066,285.57971319998,4174935.4113424
2020-09-16,285.61022936183,286.59095566706,280.67397711094,281.63471006875,3380044.9090144
2020-09-17,277.91699972929,282.71961223687,276.9467962385,279.96263485522,3166910.1147239
2020-09-18,278.41262428912,279.83741336346,270.80252489061,275.19159079094,6072931.6748965
2020-09-21,271.8769042443,272.89866952582,266.52710538616,272.35148317526,3547977.6263383
2020-09-22,271.69065042882,273.5289861104,270.61627107513,273.31221613307,2972024.4557957
2020-09-23,275.41888358271,276.61637986528,264.67824689015,266.54815101503,4467612.0326169
2020-09-24,265.7105349861,269.69762937506,263.89429721483,265.70106445311,3095557.8838003
2020-09-25,264.20366795918,270.1522149586,263.93638847256,268.55169488322,2457921.7641908
2020-09-28,271.93898884946,274.22980555169,270.30690033078,272.3304375464,3061078.6869539
2020-09-29,273.40376461864,273.84993195063,271.11189563496,272.10419703607,2049239.9069151
2020-09-30,273.48794713411,279.92159587893,272.50616854744,277.71075256639,4779076.2089544
2020-10-01,279.43544185209,280.00262155007,275.85242353738,277.61815179937,2696922.9768765
2020-10-02,274.93272955587,281.08857599964,274.11721143725,279.31232492321,2943577.3026835
2020-10-05,280.92336781303,282.41971202551,279.70377362015,282.09981846672,2330743.3510176
2020-10-06,282.4923194451,283.0089896338,275.7703455848,276.4616944931,2992515.3926098
2020-10-07,280.84970811199,284.00970928645,280.00262155007,282.79116737502,3423652.0628745
2020-10-08,283.84450109984,284.9399260824,281.18012448521,284.51585666072,2256214.8312115
2020-10-09,285.46606680409,287.27283404237,284.10336233492,285.93012292062,2240096.1335144
2020-10-12,287.38648043826,288.32616776719,286.07428547836,286.89085587843,2411898.5003425
2020-10-13,285.70388241029,290.76325159006,285.70388241029,290.36128007869,2699881.3800887
2020-10-14,289.51524579821,290.29919547353,285.13565043087,287.0771096939,2221183.6573337
2020-10-15,284.13387849677,290.24658140136,283.12158374824,287.54221809188,2700136.0642276
2020-10-16,288.25461262904,292.65209678092,287.24231788051,287.6663873022,3109401.8550997
2020-10-19,289.7720024704,290.10241884362,283.36992216888,283.7319069854,2428441.3488112
2020-10-20,285.12512761644,289.8035709137,284.14334902976,286.05534441238,2281769.4310031
2020-10-21,285.38398885151,288.02731983727,283.27626912042,284.50533384629,2304472.1494658
2020-10-22,283.93815414831,285.68388906287,280.64346094909,281.16960167078,2787331.9727137
2020-10-23,282.37972533066,283.19419116784,279.54908824797,283.0089896338,1750747.1908152
2020-10-26,279.64274129643,281.5315864873,272.00002117317,276.04814788585,2911876.3902283
2020-10-27,276.9783646818,279.73534206345,276.13022583844,276.83314984261,3014280.7185001
2020-10-28,270.25533854005,273.67420094959,268.68533462653,269.71762272249,3255852.0137144
2020-10-29,269.68815884207,273.70471711145,267.30263680993,269.62502195547,2872501.0602754
2020-10-30,268.81897436984,269.61449914103,262.03596818582,266.70283638721,3874569.8468586
2020-11-02,270.1522149586,274.76752136926,268.52012643992,270.73096975246,2956797.6367754
2020-11-03,274.8411810703,279.52804261911,273.72365817743,277.36981337874,3037486.0265755
2020-11-04,276.75107189003,287.02660018462,276.01763172399,282.71961223687,3525316.548248
2020-11-05,288.34721339606,288.99752332807,284.09283952048,285.85962006391,2516569.8079658
2020-11-06,286.71617715882,286.75616385367,282.85430426163,284.23805435967,2839134.5329186
2020-11-09,287.99575139397,288.41982081565,269.47033658329,269.97648395756,7856418.850719
2020-11-10,272.78502312993,275.79033893222,269.25356660596,275.57356895489,4828520.7620166
2020-11-11,277.31930386945,281.69679467391,276.1828399106,277.75179154268,2987877.8171654
2020-11-12,283.0089896338,283.7003385421,273.8394091362,276.2554473302,3820309.5362928
2020-11-13,276.42065551681,279.73534206345,275.26314592909,277.16461849728,3941686.380352
2020-11-16,279.18710343145,281.29377088109,276.39960988794,279.57013387684,5360159.8607465
2020-11-17,272.09367422163,273.53950892484,269.3977291637,272.46512957115,8532219.8243352
2020-11-18,270.49315414626,275.37679232498,268.99470537088,269.83232139981,5122218.0566088
2020-11-19,270.42054672666,272.38305161856,268.69585744097,270.92564181948,3929421.8380671
2020-11-20,271.45283482262,272.37252880413,268.86106562758,269.81127577095,4112543.6075615
2020-11-23,270.01857521529,273.68472376402,269.54294400289,271.40232531334,3294218.2909187
2020-11-24,274.00461732281,275.54200051159,272.55878261961,273.31221613307,4775318.8916179
2020-11-25,273.48794713411,274.72648239297,271.21607149786,273.96252606508,3001746.9663646
2020-11-27,275.24315258167,276.57534088898,274.36554985789,275.99658609513,1625327.3570963
2020-11-30,275.2221069528,277.76231435712,271.92846603502,277.41085235503,4624130.4459601
2020-12-01,278.72304731492,278.95034010669,275.55252332602,276.59638651785,3944872.353042
2020-12-02,273.96610519276,274.1094859579,269.57049049532,271.09116386565,4168644.4931182
2020-12-03,270.62857774749,271.9315635328,267.14662296215,268.1324965443,4168928.8021049
2020-12-04,267.46478174025,268.73846342759,262.83264110909,263.9932927042,7732829.5807976
2020-12-07,263.48989016385,264.50716099383,260.99380896066,262.64844392177,6374799.4693058
2020-12-08,261.71385251109,262.51448233099,258.73425369118,261.71385251109,5336044.4553173
2020-12-09,264.61914451112,265.77037693188,262.25702489871,265.57466742035,4548513.4302582
2020-12-10,264.08539129786,266.06760421142,262.11364413358,264.81485402265,4234319.8690629
2020-12-11,263.34650939872,265.36011956012,262.65890967105,264.5584431653,3454510.9487098
2020-12-14,266.14086445638,268.60450183681,265.26697439153,265.57466742035,4576774.9119366
2020-12-15,267.50559816245,268.7688141005,266.20051922727,267.97865002988,3756037.1814189
2020-12-16,268.53333474171,270.75207358899,267.50559816245,269.59142199388,4669577.4545954
2020-12-17,272.16913604145,274.33554614234,271.2952459766,273.96610519276,4247048.5381865
2020-12-18,274.60346932389,275.73272367117,270.29995322011,270.45379973452,9817032.5538952
2020-12-21,268.56473198954,271.95249503136,265.87189469989,270.98755294778,4339037.1003215
2020-12-22,270.06342728639,271.35699389735,268.51240324315,270.04249578783,3143450.6283343
2020-12-23,270.06342728639,270.99697212213,268.19424446505,269.80596985411,2337148.3945218
2020-12-24,269.43757547947,271.35699389735,269.39571248235,270.92685160196,1093946.9828764
2020-12-28,272.17960179073,272.2497223109,269.23140021866,269.24186596794,2633842.3481168
2020-12-29,269.98074786708,270.4642654838,265.07126488,266.19005347799,2572074.2734184
2020-12-30,266.10946720854,267.30046947656,264.92788411487,265.25650864225,2511385.0150122
2020-12-31,265.56420167107,265.94515494485,263.57152300823,265.61653041747,2608139.6473194
2021-01-04,266.0069028656,266.4485574852,261.05660345633,263.92107903417,5001983.3431798
2021-01-05,262.66937542032,266.52914375466,262.26749064799,266.04667271286,3822639.4825534
2021-01-06,264.06550637423,269.76620000685,261.8676990255,267.56734608319,3949197.8754262
2021-01-07,266.95196002555,268.78974559906,266.17121512929,266.26331372295,3833249.4655291
2021-01-08,267.35175164803,270.74160783971,267.00219562209,269.08801945353,3757708.9572075
2021-01-11,267.46478174025,273.36013830947,267.25965305437,271.2240788815,3765226.5931214
2021-01-12,271.10058304,277.94099676917,270.65788184547,276.33869055446,4030945.4720719
2021-01-13,278.30939114381,280.47789439455,273.93470794493,274.04773803715,3921418.3559001
2021-01-14,274.51032415531,274.89023085416,267.66991042614,268.33762523018,4641421.1282956
2021-01-15,268.63589908465,276.39939190028,267.99853495352,275.57887715676,5131740.2121538
2021-01-19,278.00169811499,278.00169811499,273.01162885846,273.17594112215,3615793.9844053
2021-01-20,273.23664246797,277.2010682951,271.49095548813,274.30519546943,3498411.3719824
2021-01-21,276.22461388731,280.69244225479,275.66155657607,279.03990044353,4401229.6911783
2021-01-22,279.25549487869,285.0681720286,277.86878309914,284.00066560208,4501941.2814384
2021-01-25,283.84681908767,285.76728408048,281.42190497958,285.0681720286,4025904.8295222
2021-01-26,285.40726230526,285.64378823898,281.68982816114,282.6129072476,2472210.7418141
2021-01-27,279.99437677784,280.80651892194,273.07128362936,274.04773803715,4336987.5440984
2021-01-28,276.17437829077,282.95199752426,274.93209385128,278.05402686139,3462967.1937444
2021-01-29,275.8049373412,277.04722178069,270.03203003855,270.82219410916,4079485.389598
2021-02-01,271.2240788815,272.66207283252,267.24918730509,270.07389303567,3707825.3876207
2021-02-02,270.00167936564,275.68039492477,269.99121361636,272.16913604145,4111756.4069187
2021-02-03,271.89179368554,275.71179217261,270.72067634115,274.17123387865,2802675.1505367
2021-02-04,274.25391329795,279.43969206602,274.25391329795,278.81279368416,2975976.082889
2021-02-05,280.28218488303,281.76099525624,277.80703517839,278.85465668128,2389914.974074
2021-02-08,279.69714949829,280.41614647381,276.89232869135,280.03623977495,3475827.3070912
2021-02-09,279.66575225046,280.20055203864,276.62649865965,276.78034517406,2507750.3388217
2021-02-10,278.03309536283,278.92791692624,276.25601113515,278.69034441759,2410576.0586607
2021-02-11,277.93053101989,280.24136846084,276.01006602708,277.04722178069,2595286.3495987
2021-02-12,277.10896970144,278.71127591615,276.58463566253,277.50876132392,2392184.5776636
2021-02-16,276.99593960922,278.62754992192,274.89023085416,275.38316764523,2873453.4833296
2021-02-17,275.52654841036,281.79239250408,275.38316764523,280.91850243923,3537815.4291562
2021-02-18,280.79605317266,284.68721875482,279.84053026343,283.04514269285,3531964.7007264
2021-02-19,282.87141125481,283.90752043349,279.43969206602,279.6448207519,4079944.9575493
2021-02-22,278.21833912508,278.49463490606,273.6270149161,275.84470718846,3995470.1366845
2021-02-23,269.37478098379,269.67305483826,257.58406784535,267.23872155581,12111044.848961
2021-02-24,263.22301355722,266.99277644774,254.03199253984,259.96607238139,14512744.041072
2021-02-25,259.74210534681,260.9132226912,254.70912651823,255.25229890585,6545422.8341457
2021-02-26,257.7693116076,260.24550788716,256.11676979634,258.3344620687,7871181.9283169
2021-03-01,258.81693311049,262.49459740736,258.46842365948,261.61024159323,4530280.6559899
2021-03-02,261.67198951398,263.09951771572,259.76199027044,260.29469690878,3740282.3741757
2021-03-03,259.28998497793,260.50087216958,256.01315887848,257.36847341019,4257541.6818524
2021-03-04,256.0026931292,256.86507086984,247.09843364208,250.93936362771,7154941.3816915
2021-03-05,252.26537406144,254.20677055281,246.58456535245,253.51812425021,6351823.0190663
2021-03-08,254.23502807587,263.22301355722,252.53120409314,259.03252754565,5037359.3651539
2021-03-09,262.74054251543,267.56734608319,261.7850196062,264.95823478778,6625293.21255
2021-03-10,265.92191037288,268.74982680867,264.0737281344,266.23808786331,3798408.8794995
2021-03-11,268.60629886893,270.79041969099,267.20846154282,268.8507123895,4371269.00344
2021-03-12,267.44247448804,273.80034619529,266.75811663046,273.11702839525,4190459.7604485
2021-03-15,274.50446514602,279.64858971072,274.34221617067,278.53676820655,4356177.725643
2021-03-16,278.53676820655,282.52850902323,277.64959912978,282.07920416841,4458875.4239757
2021-03-17,281.14003221493,283.87538353017,279.24192721481,280.02717065321,5908379.7725197
2021-03-18,279.02663530521,285.46667155767,277.76088528595,283.17126457944,4808075.423555
2021-03-19,283.62992995207,289.09959252502,282.43490384515,289.09959252502,13729246.621489
2021-03-22,286.50776914951,290.33622093331,284.20196159594,288.93630349213,5564677.2188744
2021-03-23,289.61026077436,293.42831198282,288.93630349213,289.98884171685,4801240.6021622
2021-03-24,289.25248098256,296.78665776112,288.98830636885,292.75435470059,4841970.2982803
2021-03-25,293.04037052253,297.87767811461,292.45897836084,297.17355916388,5373519.7270941
2021-03-26,297.33684819677,303.99217635883,296.03157599121,303.80912623279,5865918.836522
2021-03-29,303.29845798344,305.54394220002,299.94011220515,302.19599699707,4642897.3073554
2021-03-30,301.6541270217,305.67602950688,300.04203784351,304.82942267395,5045414.9883242
2021-03-31,305.49297938084,308.01303878648,304.13466424103,305.25688632055,4744061.6777811
2021-04-01,306.89081670696,308.55490876186,303.87985014512,307.74886417276,3923901.72613
2021-04-05,309.84041987427,315.84259190478,309.73745417837,315.39224699242,4697182.993839
2021-04-06,313.60750826354,315.93307691027,313.12804174023,313.77079729643,3988627.7590531
2021-04-07,312.84098586076,315.14783347186,310.93248028529,312.47384555114,3799321.0381457
2021-04-08,312.70785849636,315.24975911022,310.58510106883,314.43331394579,4035627.9335131
2021-04-09,315.36312538146,319.31326389678,314.75989201156,319.21965871869,4607758.1345841
2021-04-12,317.70949517887,321.30185390238,317.30075256789,320.79222571057,3556831.8430382
2021-04-13,320.52701103932,320.90455192428,317.00537622814,320.40428425027,3635055.0805924
2021-04-14,319.70952581735,322.70073128603,319.28206217075,320.02570330778,3440628.1222141
2021-04-15,320.20979349136,323.39548971895,320.05690503381,322.74233358741,3508215.0608806
2021-04-16,324.85469043959,328.68210216586,323.9363196368,328.07990885349,6213121.100892
2021-04-19,326.49694128627,328.8349906234,325.43608260127,326.86512165342,4494282.0718388
2021-04-20,325.99875372734,327.68156681785,322.17030194353,323.95608072995,4462878.7324922
2021-04-21,324.95661607796,327.90621924526,323.88431676008,325.94675085062,3740100.2892546
2021-04-22,326.20156494653,326.43661794928,318.84315789127,321.45474235993,4874998.0834223
2021-04-23,322.19110309422,325.52656760676,319.57743851049,323.88431676008,3407496.4822745
2021-04-26,323.68046548335,323.99664297379,319.31326389678,319.99554163929,2848501.9535676
2021-04-27,320.49580931329,322.47607885862,320.38348309959,320.58837443385,3335792.5826715
2021-04-28,321.95501003393,322.95554538194,319.29246274609,319.70952581735,2713437.8096054
2021-04-29,321.7116365709,325.78346181773,321.07824153251,325.33519702045,3261851.8858724
2021-04-30,325.03774056563,325.83546469445,321.60763081747,323.67006490801,3118747.812961
2021-05-03,326.28372949174,331.62130475783,325.67217566156,330.27443025089,3683677.7413235
2021-05-04,329.11060587,333.2240334182,328.88595344259,332.76432798804,3954400.7449281
2021-05-05,334.2547304347,334.2547304347,331.15223880985,332.05916897977,2014958.4497053
2021-05-06,333.67229821549,337.80652691438,333.2240334182,337.57043385409,3539581.169262
2021-05-07,336.68430483486,339.80655755286,335.52984097177,339.24596654187,2998274.2882909
2021-05-10,340.4503531666,345.69536331214,339.54134288161,341.11390987349,4840551.6025554
2021-05-11,337.54235230066,338.0010176733,328.21303621789,330.66237171119,5500874.1219823
2021-05-12,326.5281430123,328.80378889738,316.27005555138,317.00537622814,5821980.4190649
2021-05-13,318.99604634881,327.4163521466,318.69962995153,325.41528145059,5161695.1306032
2021-05-14,326.29413006708,327.31338645071,321.86452502845,323.62950266417,3997955.0955868
2021-05-17,320.9960769873,322.83281859289,315.31112250475,320.01634278997,4388032.7353825
2021-05-18,320.00594221463,324.55827404231,314.79005368006,316.75992265004,7010317.3851401
2021-05-19,312.00477960317,314.75989201156,309.05413637833,314.45307503894,5242148.3070178
2021-05-20,314.9034199513,319.70952581735,314.9034199513,315.89355472396,3854699.1595281
2021-05-21,317.00537622814,319.28206217075,314.45307503894,315.75938730204,3920595.0285668
2021-05-24,316.8524877706,318.75059277072,314.59660297867,314.85245713212,2930619.7460296
2021-05-25,315.51601383901,317.1073018665,314.25026381975,316.75992265004,3523349.4482163
2021-05-26,317.80102024189,321.37465792979,316.68919873771,317.32155371857,2881591.4637309
2021-05-27,317.29035199254,320.41468482562,317.29035199254,318.78179449675,3734766.4636149
2021-05-28,320.37308252424,321.50674523664,318.85251840908,318.9138818036,3197217.9506
2021-06-01,320.65909834618,321.2508910832,315.17903519789,316.31165785275,3549754.0406096
2021-06-02,315.4728008199,316.98646769405,312.40718568106,313.2400645831,3380074.9238533
2021-06-03,311.00629371413,312.92553640146,309.68610305698,311.42221584907,2652534.3112196
2021-06-04,312.10300382118,313.45319881145,309.3508822318,311.0166400359,2638680.7095879
2021-06-07,311.12838031096,312.32544973912,307.87963527688,309.96028058374,3974785.0451421
2021-06-08,311.27012491913,312.28613371641,308.97531075175,310.90386512867,2913774.0783739
2021-06-09,311.4429084926,312.9855450677,306.90397713448,307.34059191295,3603742.7306036
2021-06-10,307.64477377283,309.64471776992,306.14352248479,308.31521542317,3286334.1236189
2021-06-11,309.27018092204,311.23908595384,308.35660071023,310.77246684226,2785057.5138038
2021-06-14,308.92564840728,310.06167453703,306.22318916238,309.32087789869,3393467.5923439
2021-06-15,308.74251851205,308.94530641863,303.49176021653,306.44770434467,5270587.2778406
2021-06-16,306.69084290613,307.35093823471,301.1772880378,302.78200254348,4492519.3318564
2021-06-17,303.05618007024,305.21856131904,300.02988095411,303.12756969042,4481069.8708179
2021-06-18,299.24769902871,303.81663471994,298.40654306925,302.61025360219,8792669.9900675
2021-06-21,305.25891197392,308.72182586852,304.87402880428,307.59407679618,3774181.6236479
2021-06-22,309.12740168169,314.91513407679,308.30486910141,312.71136754093,4418667.5996831
2021-06-23,312.02126787924,313.65598671804,310.63072223408,311.66742367489,2564519.7188542
2021-06-24,313.12832430805,314.83443276702,311.66742367489,311.84020724836,2649190.5761465
2021-06-25,312.23440210759,315.46348913031,311.54326781372,313.62494775275,11733469.720991
2021-06-28,313.65598671804,315.28035923508,311.36117255066,314.27469675956,2635732.9042643
2021-06-29,315.78732900154,320.3066023483,315.55557139401,318.2456150528,3150141.184103
2021-06-30,317.94143319292,320.28590970477,317.68587904534,318.88501773785,3061521.8632148
2021-07-01,319.91033822472,321.68783630387,318.49909993603,321.53574537393,2578049.2884272
2021-07-02,322.53002689551,323.13011355785,321.34226915694,322.70281046898,2201784.0498552
2021-07-06,322.83524338756,323.82849027696,316.804372431,319.2605892179,3109525.8830873
2021-07-07,318.48875361427,324.41926524972,318.25596137457,323.47568070479,2939948.7774328
2021-07-08,319.06814763308,320.3376413136,314.80339380173,318.53945059091,3663159.7702193
2021-07-09,320.54042922018,323.31220882091,320.18555038366,322.09341211704,2587371.3657373
2021-07-12,321.06809163017,323.99196216084,320.53008289842,321.73853328052,2521770.1398108
2021-07-13,322.43897926398,323.29255080956,316.83437676411,317.05682268205,3213817.9156751
2021-07-14,318.75361945144,320.06242915466,318.01075354875,319.22023856302,3381563.1075635
2021-07-15,317.3713508637,322.96767630615,317.36203917411,322.71315679074,2603904.8799269
2021-07-16,323.99196216084,326.27643000646,321.39296613358,321.53574537393,3623944.0119249
2021-07-19,317.99213016957,318.99675801291,314.91513407679,318.8653597265,3752923.5447615
2021-07-20,318.49909993603,326.12433907652,318.27665401809,325.35353810506,4251677.8259984
2021-07-21,327.59662066362,328.46985022054,324.97693199283,326.3581659484,2832573.0233388
2021-07-22,327.94115317838,327.97219214367,325.33284546153,326.66234780827,2208228.2497326
2021-07-23,329.46620100647,333.44436172495,327.94115317838,332.84634432696,2786373.3400358
2021-07-26,330.07456472623,331.55615800291,326.88686299057,331.17127483327,2752275.1214883
2021-07-27,331.78998487479,331.88103250632,326.05294945634,327.25105351668,2910259.9556224
2021-07-28,326.41817461463,329.32238713394,324.71310078783,325.52632167853,2376159.5876973
2021-07-29,326.49059886698,328.56089785207,325.44355110441,327.42383709015,2172424.1846028
2021-07-30,326.85582402527,330.11595001329,326.33850793704,328.19567269378,2381388.4211297
2021-08-02,330.00214047388,330.00214047388,326.41817461463,327.22104918356,2016388.4673199
2021-08-03,328.34776362372,333.01912790042,328.03323544208,331.94207580473,2405882.8810033
2021-08-04,330.68292844599,331.9213831612,329.38343043236,330.3177032877,1783670.415625
2021-08-05,331.96276844826,335.99266077556,331.08953889133,333.09982921019,2284097.0568485
2021-08-06,334.69419739411,335.69882523745,329.12063385954,329.83970322217,2656871.810266
2021-08-09,329.22099318065,331.06988087998,327.31209681509,328.76472039083,1995337.2174069
2021-08-10,328.67263812713,333.2312274966,327.14965956339,331.47545669315,1868142.3231426
2021-08-11,333.80027519365,338.55130614794,333.39469938048,337.00866957284,3258579.6451615
2021-08-12,337.34389039801,338.16745761047,332.28764295167,334.013409422,2554782.998697
2021-08-13,333.86131849206,335.79090750115,330.97779861628,331.31301944145,2217001.7378129
2021-08-16,330.70362108951,335.62743561727,327.97219214367,335.0594225524,3501341.7057744
2021-08-17,320.99670201,323.58638634767,316.610896214,320.75252881636,9322821.8943967
2021-08-18,319.33197883808,327.86045186861,318.99675801291,321.5460916957,4880638.8253153
2021-08-19,318.79397010632,325.20041254294,317.79968858475,322.90559837556,2974733.4711927
2021-08-20,322.64176717056,329.67726597047,322.4689835971,329.23133950242,2929948.1041093
2021-08-23,330.00214047388,330.54118383781,327.3731401135,327.73939990397,2792662.9106331
2021-08-24,328.76472039083,328.8454217006,324.50927824907,324.90657700483,2359830.9326814
2021-08-25,324.14405309078,326.56095385498,323.11976723609,323.86987556402,2587069.9863759
2021-08-26,323.20978023544,324.99762463636,320.99670201,321.47366744335,2952337.8329514
2021-08-27,320.88599636712,324.04265913749,319.64650701972,323.37221748714,2985438.3479264
2021-08-30,325.9008585264,329.49517070741,325.21075886471,327.1093089085,2926864.382603
2021-08-31,327.00791495521,328.26706231396,323.61742531296,326.17607068534,4183143.5682464
2021-09-01,325.56578298438,325.77783906117,320.28291023635,323.64595491052,3339052.6129908
2021-09-02,325.03049580025,328.18148439762,323.70771881638,327.73781367385,3111117.5303206
2021-09-03,325.33313893897,330.89909625554,325.16225879942,330.34425050121,2775244.9271009
2021-09-07,331.03085925471,332.55642772949,326.89885395256,328.94941562717,2555839.8762963
2021-09-08,328.94941562717,331.929524085,327.62766804173,331.57644042316,2219483.2083693
2021-09-09,332.44525269894,333.72891254244,330.86821430261,331.76790853133,3012063.4385703
2021-09-10,333.99037974392,335.23286365017,331.44467742398,331.95011205362,3178640.1023981
2021-09-13,334.94977908163,337.15269172403,332.74789583767,335.4562431097,3908660.1662013
2021-09-14,336.03064743421,337.48621681569,332.41437074601,333.12156746813,2857182.5303992
2021-09-15,333.36450549785,334.66772391153,330.10131247149,333.37479948216,2875483.9379811
2021-09-16,334.71919383308,337.84032987596,334.1622892819,336.38476049449,3043946.3753617
2021-09-17,334.94977908163,339.64795352085,334.94977908163,335.66829918649,7103090.2811665
2021-09-20,331.82967243719,335.39447920384,328.43574581009,331.21203337857,4036621.5331683
2021-09-21,333.0309804062,336.97151760017,332.00055257674,334.21375920345,3171072.2605027
2021-09-22,335.84947331035,338.99119732185,333.46538654409,335.9307957864,2873106.1804621
2021-09-23,337.84032987596,339.51721992011,335.60756467906,335.91020781778,2426771.7928822
2021-09-24,336.77902009357,337.84032987596,335.55609475751,337.48621681569,2005153.4126856
2021-09-27,336.8696071555,343.73981228418,336.8696071555,341.40616604104,2966324.7682261
2021-09-28,341.3649901038,341.3649901038,332.45554668325,333.80817622162,3304063.3468512
2021-09-29,333.36450549785,338.8800222913,333.36450549785,336.93034166293,2424023.8100042
2021-09-30,338.24385406092,338.70811275332,327.62766804173,328.26383627211,4255515.7917663
2021-10-01,328.15060244469,332.72833726748,324.57550169373,329.8594038402,2814196.7924698
2021-10-04,328.50471550497,330.60674710113,324.15138954015,326.47474179898,2919900.0920699
2021-10-05,326.89885395256,332.19305008334,326.32342022962,329.47543822543,2514633.0019231
2021-10-06,328.160896429,330.64792303837,325.40416743071,330.3638090714,2226755.0679592
2021-10-07,333.5055330829,339.21354738295,332.85907086822,337.47592283138,2789454.0575872
2021-10-08,333.0011278517,335.40477318815,330.87850828692,334.33419881988,2912407.483135
2021-10-11,335.60756467906,340.84926148986,334.59669541979,336.97151760017,2589300.7254463
2021-10-12,339.1322249069,341.05205298077,337.39562975376,337.79915393872,2960592.2146072
2021-10-13,337.31430727771,340.24294581398,336.54637604816,338.28400059973,2477742.1237126
2021-10-14,340.53632436682,344.36568653025,340.10191822893,344.04245542291,2825549.0502666
2021-10-15,346.53668782129,350.95177769197,345.74919802155,350.41649050783,3473487.9742018
2021-10-18,349.00312646203,355.94230128559,349.00312646203,355.01275450237,3487794.1156111
2021-10-19,356.94287656055,358.09374400644,354.41673281081,357.9928629602,2375643.0768714
2021-10-20,357.74168974303,359.5688719581,356.20582728393,358.22653640404,2574822.3401535
2021-10-21,358.19565445111,364.85174470614,358.12359656094,364.62013005916,2885381.0319341
2021-10-22,365.0030662755,367.03509877835,362.15575021527,365.98305358184,2734712.1796512
2021-10-25,367.2059789179,371.66121532739,365.98305358184,371.25769114243,2923354.8688148
2021-10-26,373.38854589465,374.05559607796,369.08463105452,369.19580608508,2989455.9338993
2021-10-27,369.87212085426,375.14572901642,369.30801051406,372.32826551069,2840530.3085068
2021-10-28,372.995315694,373.94339164898,370.88299011353,371.57062826546,2553450.2398888
2021-10-29,370.32814435921,375.14572901642,370.03373640793,371.74150840501,3820192.1439383
2021-11-01,372.995315694,373.57074941695,364.70042313678,366.47819422716,3380512.9036525
2021-11-02,366.19613905706,368.89316294635,364.9433611665,367.29656597983,2367421.8961072
2021-11-03,366.62951579652,369.35742163875,365.25629828953,368.9744854224,2378916.7005665
2021-11-04,370.78313846572,373.22693034098,369.40786216187,372.18723792564,3210297.3403076
2021-11-05,373.81265804824,374.4086797398,367.56935656405,368.39802230103,3090202.767264
2021-11-08,370.22623391453,372.90266983521,367.84214714827,368.59051980763,2357162.4960542
2021-11-09,369.67035876178,373.88368653998,368.71095942406,370.65034606812,2183287.2451374
2021-11-10,368.24670073167,371.20622122087,367.72170753184,368.58022582332,2161362.7765564
2021-11-11,370.99416514408,372.00503440335,365.82143802817,367.63009107148,2387326.9536395
2021-11-12,369.11551300746,373.4997209252,366.70157368669,372.63090864942,2793300.8376533
2021-11-15,374.38912116961,374.87396783063,369.28742254544,371.07548762013,3650646.7478875
2021-11-16,382.00564016079,394.38003870018,379.00494373434,392.32947702557,8648192.1597522
2021-11-17,392.82461767089,399.42203221535,390.8142025351,394.84429739257,4647041.9776162
2021-11-18,397.99631538838,406.53311657689,396.08678129882,405.85680180771,4504774.4692398
2021-11-19,407.62427891378,410.09895274198,404.1181478577,408.69485328205,3541963.8270834
2021-11-22,409.79630960325,416.55431030295,408.70514726636,408.79573432829,4008859.5807865
2021-11-23,405.67459828542,409.67484058839,403.00742695062,408.37162217471,3557467.7564186
2021-11-24,403.66418314962,412.74553610815,402.87566395145,412.10936787777,2676339.3214572
2021-11-26,407.26090126763,414.13934158376,402.24978970539,402.69346042916,3007784.0689806
2021-11-29,406.89649422305,410.80614946409,406.03900533,406.81620114543,3725493.644646
2021-11-30,403.59315465788,408.42309209626,400.2496685539,400.61304620005,7773527.8199612
2021-12-01,402.08156618365,410.25105529143,400.21987811492,400.42183436467,3519344.4205225
2021-12-02,401.80989914719,410.70315024644,400.99592319643,407.76607077678,3705016.9220124
2021-12-03,409.84816795056,415.92428313964,404.44558198018,407.80605196328,5237475.8217275
2021-12-06,413.52028615662,420.61335870483,411.21675471915,415.70387403459,4624477.1530204
2021-12-07,417.00172485784,418.56099113126,413.01795842882,416.17647216217,4204473.7940372
2021-12-08,416.17647216217,419.84859036823,408.27967524948,411.247509478,4079364.8031888
2021-12-09,410.80464095063,415.25075392095,408.28992683576,411.33772343727,3822864.7327127
2021-12-10,412.19373089178,415.61263491668,410.25105529143,415.40247739791,2625182.5188705
2021-12-13,415.40247739791,416.49837197141,404.50709149787,405.24110507563,3766396.5077945
2021-12-14,403.45015295224,405.68294844436,398.0783217407,402.20253490177,4663012.5988763
2021-12-15,400.62379061441,407.9270206814,399.38642415023,407.80605196328,4421435.4712558
2021-12-16,408.39961880898,408.87221693656,398.1183029272,399.52687088229,4632836.7047034
2021-12-17,396.97115042229,397.97683103651,387.42384811827,387.97743377748,11106726.998404
2021-12-20,384.28481239886,390.1702480831,380.90486440183,389.39625331885,4294756.952214
2021-12-21,391.62904881097,393.76240391616,383.23812543951,390.47266987841,3038158.2880322
2021-12-22,390.99550077877,395.77376514461,388.8518940873,395.64356999883,3267847.1590379
2021-12-23,398.2895044181,399.83851910525,394.61636105342,397.07264112648,2743898.0927836
2021-12-27,399.04402116842,404.44558198018,398.20851688648,404.09395257072,2230555.0213519
2021-12-28,404.98994121173,407.02180561274,402.99805799722,406.21705608963,2522529.0134053
2021-12-29,406.37800599425,412.37415881034,406.30624489028,410.8435969785,2209598.4900636
2021-12-30,411.85132790998,413.44032378362,408.39961880898,409.93940706847,1804379.9077434
2021-12-31,409.98963984125,416.52912673026,409.88814913706,415.00984164333,2386068.5266926
