Date,Open,High,Low,Close,Volume
2012-01-03,70.305555274735,70.710869583733,70.101630632821,70.145570196548,7819760.1945724
2012-01-04,69.911507520539,70.065859321325,69.49774329544,69.696034659953,7119515.7889684
2012-01-05,69.757155719753,69.875454545173,69.348743108185,69.370994553919,7143777.1802407
2012-01-06,69.511544825072,69.630125314362,68.612755415752,68.932443908255,6823216.2928519
2012-01-09,68.998916581586,69.172421525535,68.800343553203,68.932443908255,5261363.1109592
2012-01-10,69.459155345243,69.519994741174,69.106512179944,69.337758217253,6482148.9433324
2012-01-11,68.416999026069,68.772458830068,67.548629314713,68.061539222069,11714447.72013
2012-01-12,68.433617194402,68.499808203863,67.355689563731,67.565529146916,7618937.3263858
2012-01-13,67.35005628633,67.427232186723,66.57041069404,66.9892448688,9996466.2459261
2012-01-17,67.821561604789,67.882401000719,67.322734890936,67.355689563731,7788465.6117026
2012-01-18,67.455116909858,67.818744966089,67.174016367551,67.59003390361,6644416.9492703
2012-01-19,67.65087329954,67.738752426995,67.259360520175,67.446948657626,6772402.3179129
2012-01-20,67.540461062482,68.130265206361,67.402727430029,68.100127172266,9585996.3716539
2012-01-23,68.00633310354,68.612755415752,67.910004059984,68.524876288297,6901525.3020326
2012-01-24,68.135898483762,68.499808203863,67.7057977542,67.901554143882,7375617.1198683
2012-01-25,67.901554143882,68.499808203863,67.540461062482,68.433617194402,7237952.9506786
2012-01-26,68.555014322392,68.612755415752,67.764102175299,68.00633310354,7360617.3550998
2012-01-27,68.00633310354,68.141531761163,67.22894082221,67.438498741525,8412679.141158
2012-01-30,67.28978021814,67.565529146916,67.033466096397,67.455116909858,5295795.5681486
2012-01-31,67.978730044275,67.978730044275,67.17119972885,67.52975783542,6772158.1804085
2012-02-01,67.879584362019,68.339823125676,67.802690125496,67.846629689223,7457426.4006456
2012-02-02,68.086325642633,68.237860804719,67.752835620498,67.83001152089,6575046.7101603
2012-02-03,68.400662521606,68.491639951631,67.835644798291,68.086325642633,8278098.7950428
2012-02-06,67.730865838634,68.229692552487,67.697347838098,68.031401187974,7294501.7990415
2012-02-07,68.105760449667,69.456338706543,67.637071769908,68.54093112889,12134778.500487
2012-02-08,68.833579889869,68.847099755631,68.196456215822,68.323486621213,8213591.7169885
2012-02-09,68.334471512145,68.397845882906,67.777340377192,67.964928514643,8155633.5458821
2012-02-10,67.52975783542,67.940142094079,67.416528959661,67.940142094079,5498381.8128744
2012-02-13,68.293066923248,68.593602272588,68.100127172266,68.442067110503,5545462.9870327
2012-02-14,68.108577088367,68.932443908255,68.108577088367,68.893855958059,6297970.9566825
2012-02-15,69.232979257595,69.249597425928,68.229692552487,68.411647412538,7389284.4670213
2012-02-16,68.60205218869,68.990748329355,68.4251672783,68.858084646563,5875910.1737096
2012-02-17,69.073275843279,69.172421525535,68.593602272588,69.056657674946,7420822.8246354
2012-02-21,68.874984478766,69.056657674946,68.499808203863,68.819496696366,6714240.6384261
2012-02-22,68.733870879872,69.337758217253,68.593602272588,69.249597425928,6883159.849641
2012-02-23,69.100878902543,69.307620183158,68.918924042493,69.178054802936,5559992.9775534
2012-02-24,69.354376385586,69.494926656739,68.833579889869,69.001451556417,6242650.413805
2012-02-27,68.695282929675,68.998916581586,68.513609733495,68.833579889869,6043059.4787039
2012-02-28,68.954695353989,69.100878902543,68.800343553203,68.847099755631,4524593.1227529
2012-02-29,69.051024397545,69.97460022743,68.90230587416,69.864469654241,11733390.323741
2012-03-01,69.842218208508,69.960798697797,69.390147697082,69.602522255097,7647657.4012724
2012-03-02,69.472956874876,69.602522255097,68.973848497152,69.180871441637,5997162.3533064
2012-03-05,69.02370300215,69.343391494654,69.001451556417,69.235795896296,5169241.2878508
2012-03-06,68.808511805434,69.092428986442,68.637823500186,68.761755603007,6580882.793635
2012-03-07,68.756403989476,68.943710463057,68.496991565162,68.789358662271,4460954.1294674
2012-03-08,69.180871441637,69.494926656739,69.103695541244,69.274383846492,16877382.424738
2012-03-09,69.431552285979,69.734622610149,69.315788435389,69.503094908971,18371215.197618
2012-03-12,69.403949226714,70.341326586231,69.343391494654,70.151203473949,9073472.6672213
2012-03-13,69.567096446487,70.289624540772,69.506978977342,70.251317130201,9033925.4505271
2012-03-14,70.265018320843,70.612581177343,70.095291326559,70.223914748916,6458906.1949424
2012-03-15,70.276202966265,70.33324465792,69.772334689987,70.325135789988,8995651.343553
2012-03-16,70.462147696412,70.462147696412,69.881944215127,70.166313824991,11449618.289482
2012-03-19,70.202104690342,70.533170194844,70.007771476128,70.39615828842,5326114.5315014
2012-03-20,70.024268828126,70.768606980985,69.933952816341,70.585178796058,5090139.41134
2012-03-21,70.494862784273,71.39802290213,70.344429303342,71.124278705417,9935336.7429606
2012-03-22,70.992859121704,71.578375309565,70.941130136626,71.422349505923,7126528.289708
2012-03-23,71.39802290213,71.597668822919,71.28841337699,71.496727397982,8103444.5315096
2012-03-26,71.739993435919,71.893223078205,71.592076500208,71.893223078205,5768283.3135754
2012-03-27,71.816608257062,71.983539089991,71.644364717557,71.868616858276,5715162.6928935
2012-03-28,71.961729031417,72.831894445278,71.893223078205,72.664963612349,13130319.720946
2012-03-29,72.358504327776,74.389076704208,72.276576800057,73.806077061567,20531883.249038
2012-03-30,73.622928492775,74.134626020849,73.308080724135,74.011594921203,13279085.230523
2012-04-02,73.822574413565,74.194743489994,73.647534712704,74.134626020849,7289489.5059109
2012-04-03,73.680249800565,74.079821258279,73.450405337135,73.754068460353,6494983.4169232
2012-04-04,73.286270665562,73.595246495355,73.204063521707,73.450405337135,6243688.5684717
2012-04-05,73.280678342851,73.447609175779,73.070127392774,73.447609175779,3509630.4791735
2012-04-09,72.95772170628,73.108434803346,72.738782272137,72.872998017205,7608901.6750014
2012-04-10,72.582756468494,72.629452363133,71.95082400213,72.024642661918,8645218.2228839
2012-04-11,72.421417958277,72.459725368848,71.83310560906,72.114958673704,6017098.8099506
2012-04-12,72.139564893633,72.265392154635,71.816608257062,72.221772037487,5320220.7261014
2012-04-13,72.221772037487,72.602329597984,71.936843195352,71.936843195352,5262773.9375151
2012-04-16,72.221772037487,72.782682005419,72.131176409566,72.432322987564,7073769.4315249
2012-04-17,73.179457301778,74.473800393282,73.179457301778,73.956510542498,11307204.817804
2012-04-18,73.820057868345,74.358878161567,73.732258401779,74.162028402134,5889847.2065625
2012-04-19,74.290651824491,74.345176970925,73.425799117206,73.820057868345,5365646.4026386
2012-04-20,73.96769518792,74.358878161567,73.73785072449,74.126237536782,6730439.6454191
2012-04-23,73.989505246494,74.071432774212,73.332686944065,73.702339475274,5237080.0300879
2012-04-24,73.920999293281,74.358878161567,73.718557211136,74.115332507495,5147901.5545085
2012-04-25,74.539510185139,75.048411551857,74.312461883065,74.928176613566,9298285.0410241
2012-04-26,74.94998667214,75.970865183067,74.812974765716,75.708305631777,8391132.6873575
2012-04-27,75.965272860356,77.820525919792,75.916060420497,76.62488732414,11850007.522509
2012-04-30,76.414056757929,76.893039198142,75.926965449784,76.318428039567,13259049.06933
2012-05-01,76.545476341641,76.99705640057,76.282637174216,76.926033902138,6921146.5836265
2012-05-02,76.73449684928,77.248990538709,76.638588514783,77.158674526923,8279462.4505923
2012-05-03,77.372021638355,77.642969673712,77.20229464407,77.434935268856,7805331.0381922
2012-05-04,77.306311846498,77.601866101785,76.958748989998,76.99705640057,6562809.5004798
2012-05-07,76.967137474065,77.443044136787,76.85473178757,77.276113303858,4482668.5539032
2012-05-08,77.005444884637,77.276113303858,76.616778456209,77.144693720145,5289761.7853551
2012-05-09,76.589096458789,77.191389614784,76.496263901783,76.789021995714,7040259.9924538
2012-05-10,77.213199673357,77.69218211357,77.20229464407,77.412845594147,6332652.9098851
2012-05-11,77.199498482715,77.735802230718,77.199498482715,77.462337650141,5301910.793237
2012-05-14,77.128475984283,77.248990538709,76.616778456209,76.870949523433,7705840.8697255
2012-05-15,76.559177532284,77.153082204212,76.260827115642,76.572878722926,8198937.7724879
2012-05-16,76.655085866781,76.849419080994,75.916060420497,76.326536907499,8902329.7738184
2012-05-17,76.170511103856,76.299134526214,75.007587596065,75.119713666424,9593547.9189336
2012-05-18,75.253649795357,75.294753367285,73.461310366422,74.052418876994,15956726.640815
2012-05-21,74.208444680636,74.59990727042,74.126237536782,74.503998935923,6744485.165796
2012-05-22,74.57781759571,74.57781759571,73.907298102639,74.181042299352,7630299.0132735
2012-05-23,74.008798759847,74.566912566424,73.820057868345,74.542306346494,9004250.6939449
2012-05-24,74.788648161922,75.847554467285,74.59990727042,75.55759253471,8943674.8424507
2012-05-25,75.623302326567,75.694324824999,75.018492625352,75.231839736784,4499707.9330208
2012-05-29,75.729836074215,75.729836074215,75.056800035924,75.461684200213,5266880.1245865
2012-05-30,75.070501226566,75.253649795357,74.821363249783,75.056800035924,6942309.3243992
2012-05-31,74.963967478918,75.218138546141,74.662541284785,74.733843399352,7578797.919254
2012-06-01,74.00041027578,74.454786496064,73.006934146138,73.091937451348,10422071.010741
2012-06-04,73.026227659492,73.73785072449,72.563742571276,73.647534712704,6698577.8700932
2012-06-05,73.329890782709,73.655643580636,73.04524155671,73.233982448212,6137720.6587739
2012-06-06,73.39028786799,74.608016138351,73.294379533493,74.608016138351,11390045.872152
2012-06-07,74.996682566778,75.056800035924,74.200335812705,74.28505950178,7153147.7975491
2012-06-08,74.156436079422,75.368572027072,74.145531050136,75.243024382206,5797745.0322417
2012-06-11,75.721727206284,75.78743699814,74.618921167638,74.657228578209,5329200.8406591
2012-06-12,74.982981376136,75.253649795357,74.350769293636,75.193532326212,5955541.4492923
2012-06-13,74.610258163215,75.12931647452,74.47445317968,74.683576191136,4688037.5340426
2012-06-14,74.78966515578,76.001912094703,74.683576191136,75.743632678162,6972674.9666603
2012-06-15,76.118832131653,76.197426835826,75.417589629756,76.088838392958,9880199.6063627
2012-06-18,75.966641679756,76.420435837419,75.77084921883,75.985804346144,5228808.6641994
2012-06-19,76.254914834991,76.254914834991,75.662260775962,75.743632678162,5557647.506135
2012-06-20,75.689199596827,75.743632678162,74.846875435142,75.561448487571,7353419.1749754
2012-06-21,75.790011885219,75.993580500621,74.618312037495,74.664691244551,6401919.7596318
2012-06-22,74.949909481956,75.30622398886,74.857428787646,74.936301211622,7634131.104843
2012-06-25,74.41752062012,74.846875435142,74.175348952138,74.776056885446,5036897.400975
2012-06-26,74.98795709493,75.360379350393,74.20811988886,75.080715509042,5929670.7328528
2012-06-27,75.238182637191,76.474868918754,75.238182637191,76.344340611471,6677138.0303196
2012-06-28,76.094392789012,76.667884181653,75.689199596827,76.57512576754,5445551.7672769
2012-06-29,77.138063807677,78.187289222397,77.081131248117,78.187289222397,9260738.7619851
2012-07-02,78.09203133006,78.999897365189,78.018713302139,78.918525462988,6676021.050057
2012-07-03,78.891031202518,79.358711350318,78.709124731729,79.162918889392,3671641.0504068
2012-07-05,79.01628283355,79.146533421031,78.195343096676,78.445568638937,5273156.3861323
2012-07-06,78.026767176418,78.296155385067,77.839306309574,78.15201880745,5018157.4449085
2012-07-09,78.05953811314,78.195343096676,77.716831876569,77.983442887192,4307712.7451934
2012-07-10,78.529995458967,78.540548811471,77.806813092654,77.983442887192,5790896.2368441
2012-07-11,77.899016067161,77.947894752442,77.151672078011,77.453275783777,6822953.6225907
2012-07-12,77.029197645006,77.271369312988,76.518470927783,76.635390964733,9556070.0356232
2012-07-13,76.632613766706,77.586581289088,76.344340611471,77.284699863519,6653708.3023819
2012-07-16,77.10279339273,77.404397098497,76.197426835826,76.474868918754,8790100.0852085
2012-07-17,78.05953811314,78.662745524673,76.754810479908,77.695447451759,10604794.194375
2012-07-18,77.643513848648,77.68433865965,76.822851831577,77.439667513443,6925954.9493623
2012-07-19,77.515762739392,77.597134641592,76.499030541592,77.548533676114,9025955.1031956
2012-07-20,77.271369312988,77.353018934991,76.78758141663,77.029197645006,8218763.5775169
2012-07-23,76.55374134273,77.007535500393,76.366280475886,76.879784391137,5327902.0317015
2012-07-24,76.898947057525,76.942271346751,76.094392789012,76.656775389543,5222814.2770425
2012-07-25,76.945048544779,77.214159033625,76.730371137267,77.021143770727,4510159.5310722
2012-07-26,77.703501326038,78.910193868907,77.703501326038,78.858537985598,7072235.9500762
2012-07-27,79.04072217619,80.244637521031,78.902139994627,80.008575688709,8912499.1943677
2012-07-30,79.766404020728,81.171666222549,79.565057163747,81.119732619438,7973884.0506879
2012-07-31,80.701208876722,81.3294110705,80.391551296676,80.802298884916,8166892.0590241
2012-08-01,80.970319365568,81.253315844552,80.587066037799,81.01114417657,6477672.8017667
2012-08-02,80.731202615417,81.000035384461,79.516178478467,79.747241354339,6696544.2746781
2012-08-03,80.187704961471,80.98975975176,80.008575688709,80.829237705781,5917041.0561632
2012-08-06,81.01114417657,81.253315844552,80.617059776494,80.63899964091,4589627.3787757
2012-08-07,80.842568256312,80.981428157678,79.747241354339,79.766404020728,6391369.5205046
2012-08-08,79.714470417617,80.000244094627,79.358711350318,79.554226091441,4395061.2639148
2012-08-09,79.470354711016,79.780290010864,78.831599164734,79.236514637116,4791962.6873746
2012-08-10,79.162918889392,79.209298096448,78.613866839392,78.785219957677,10143882.738002
2012-08-13,39.312348955849,39.388444181798,39.04601566503,39.303045342458,8898144.3791903
2012-08-14,39.59909465217,39.668385742951,39.245973922996,39.377751969393,10841177.165813
2012-08-15,39.422464857632,39.550215966889,39.225561517496,39.34900796981,7692618.0456306
2012-08-16,39.398164374893,39.630338129977,39.312348955849,39.550215966889,8824575.2615716
2012-08-17,39.702406418786,39.731011558467,39.270274405735,39.525776624248,10540999.389872
2012-08-20,39.539384894582,39.59104077789,39.259443333429,39.470093803801,9213085.7203311
2012-08-21,39.408856587298,39.690186747465,39.225561517496,39.259443333429,8363819.4318948
2012-08-22,39.142523296479,39.245973922996,38.695533273983,38.768851301904,13480873.779399
2012-08-23,38.809676112905,38.842169329825,38.019979853838,38.107045011995,14973288.914241
2012-08-24,38.067608800007,38.551396696365,38.067608800007,38.465720137222,9317730.8770803
2012-08-27,38.563616367685,38.563616367685,38.120514422427,38.172170305735,9589802.398038
2012-08-28,38.143704025955,38.317695482367,37.769893171479,38.000956047351,16149004.089481
2012-08-29,38.047196394506,38.047196394506,37.381224307556,37.460096731532,23436919.877497
2012-08-30,37.381224307556,37.631310989916,37.131276485098,37.139330359377,17041900.303903
2012-08-31,37.412467785363,37.581043705621,37.150300291585,37.401636713057,20711315.119933
2012-09-04,37.521333948034,37.590486178914,37.219452522465,37.280689738967,17296871.283829
2012-09-05,37.360811902055,37.619091318596,37.112252678611,37.510364015826,20839149.758207
2012-09-06,37.780724243785,38.302698613019,37.697963742571,38.153146499248,19853443.374211
2012-09-07,38.377405239954,38.503767750197,37.739899432784,37.900421478763,16391703.738822
2012-09-10,37.96013123635,37.983320839878,37.590486178914,37.659916129597,18217202.682089
2012-09-11,37.631310989916,37.831130387981,37.560631300121,37.769893171479,16506227.327728
2012-09-12,37.787566484995,37.829494895816,37.5095149185,37.551443329321,14633184.32388
2012-09-13,37.733638825025,38.488212297395,37.610749963047,38.346428066067,23803483.438114
2012-09-14,38.550277379202,38.550277379202,38.010173245077,38.118304409825,25091649.599843
2012-09-17,38.164232570362,38.381460356687,38.033206286547,38.346428066067,23594403.29832
2012-09-18,38.381460356687,38.999904416293,38.30325835361,38.616342210725,24373959.606328
2012-09-19,38.661029069626,38.810812800387,38.411251595954,38.519106915894,26276754.378819
2012-09-20,38.390977002564,38.871498658154,38.381460356687,38.639375252196,26963340.084461
2012-09-21,38.732472874907,38.74323082242,37.884801779826,38.033206286547,98988830.908392
2012-09-24,37.807841078386,38.243813797479,37.807841078386,38.118304409825,21901911.768069
2012-09-25,38.206023058779,38.269467364626,37.659298649261,37.678331941015,20299107.50279
2012-09-26,37.779429063158,38.189886137509,37.740259100418,37.761912917848,16677906.392872
2012-09-27,38.000932444008,38.346428066067,37.905076373217,38.310016551407,15176195.878547
2012-09-28,38.173611293835,38.218160230332,37.905076373217,37.927971492283,22723071.339031
2012-10-01,38.206023058779,38.602963737536,38.150716174769,38.381460356687,16673594.790065
2012-10-02,38.562414550755,38.68930316245,38.110166987988,38.338428566634,10277071.99728
2012-10-03,38.32077449892,38.519106915894,38.139958227255,38.243813797479,13637521.148823
2012-10-04,38.459800282168,38.550277379202,38.189886137509,38.328911920757,9654461.7355468
2012-10-05,38.488212297395,38.602963737536,38.250571995276,38.581309920105,12287895.38565
2012-10-08,38.539381509285,38.678545214936,38.440904912817,38.581309920105,9434511.4672332
2012-10-09,38.497591020868,38.828328945697,38.459800282168,38.562414550755,13078649.266926
2012-10-10,38.650133199709,38.732472874907,38.052101655897,38.089892394598,13754612.279673
2012-10-11,38.196644335306,38.280363234543,38.022448339034,38.110166987988,10843747.732091
2012-10-12,38.260088641153,38.390977002564,38.110166987988,38.231676625926,12060663.546206
2012-10-15,38.089892394598,38.250571995276,38.010173245077,38.127683133298,13779189.156495
2012-10-16,38.180369491632,38.218160230332,37.440691638896,37.905076373217,25812174.73149
2012-10-17,38.058997776098,38.150716174769,37.698468612001,37.740259100418,15449578.166174
2012-10-18,37.761912917848,38.069617801207,37.459587008246,37.837494395249,23063909.46747
2012-10-19,37.927971492283,37.938729439796,37.400280374519,37.400280374519,19865187.648201
2012-10-22,37.369109911212,37.481240825677,36.958790759265,37.228842826328,13341079.194435
2012-10-23,36.958790759265,36.981685878332,36.538954961442,36.610536689126,13287267.872607
2012-10-24,36.598399517572,37.041130434463,36.598399517572,36.880588756188,13531325.334549
2012-10-25,37.005960221439,37.189672863588,36.853555965001,37.087058595,10457859.280928
2012-10-26,37.11933243754,37.261116668868,36.777974487601,37.041130434463,11896557.424137
2012-10-31,37.16126084836,37.408279873952,36.917000270849,37.17877699367,11643477.451786
2012-11-01,37.151882124887,37.560822052794,37.151882124887,37.328560724431,10622251.361534
2012-11-02,37.579717422144,37.648540701748,37.005960221439,37.076162725083,11237633.391552
2012-11-05,36.949274113388,36.993960972289,36.630673360112,36.768457841724,12139753.306343
2012-11-06,36.917000270849,37.481240825677,36.861693386838,37.41917574387,11448317.417958
2012-11-07,37.278632814178,37.392005030278,36.397170730114,36.72128837955,16744923.665151
2012-11-08,36.650947953502,37.109953714066,36.363517663534,36.363517663534,12921841.014142
2012-11-09,36.053054332095,36.521438816132,36.053054332095,36.289315410173,11520282.661911
2012-11-12,36.289315410173,36.289315410173,35.98147260441,36.081466347322,10169877.550603
2012-11-13,36.030021290624,36.557850330792,35.98147260441,36.158427048762,12111135.968748
2012-11-14,36.192080115342,36.363517663534,35.868238310714,36.009746697234,13509193.921794
2012-11-15,35.896374481133,36.483648077431,35.857342440796,36.425582745341,17644497.363647
2012-11-16,36.494406024945,36.650947953502,36.267661592743,36.557850330792,15625097.441651
2012-11-19,36.853555965001,37.290769985731,36.81024833014,37.239462851437,14076153.392667
2012-11-20,37.228842826328,37.269254090705,36.853555965001,37.250496643758,12278570.618551
2012-11-21,37.328560724431,37.4717241798,37.219326180451,37.392005030278,8631305.0547606
2012-11-23,37.551443329321,37.949625309714,37.487861101069,37.927971492283,5365418.5389911
2012-11-26,37.579717422144,37.779429063158,37.228842826328,37.358351963699,13217585.11117
2012-11-27,37.440691638896,37.787566484995,37.339456594348,37.41917574387,11873691.112759
2012-11-28,36.969666174071,37.568964727948,36.799396893507,37.559512933612,14846888.877096
2012-11-29,37.678824714281,37.971145426047,37.50321311518,37.971145426047,12433697.434831
2012-11-30,37.945666676099,37.984569713653,37.658688282871,37.920187926151,13043804.878236
2012-12-03,37.904160970539,37.93635186429,37.33034116661,37.379928841239,12865788.654385
2012-12-04,37.37184687217,37.50321311518,37.142675105168,37.148017423705,11794138.55031
2012-12-05,37.1989749236,37.50321311518,37.079526160405,37.311574560466,14561349.233926
2012-12-06,37.338423135679,37.437598484938,37.300889923391,37.379928841239,8976877.4235024
2012-12-07,37.437598484938,37.740603833778,37.389243653048,37.708412940027,10654689.116371
2012-12-10,37.698961145692,37.783479364604,37.511295084249,37.644031152525,8603236.3198774
2012-12-11,37.63334651545,37.989912032191,37.576909714491,37.858545789181,10594269.056769
2012-12-12,37.890736682932,37.929639720487,37.50321311518,37.644031152525,14682039.425573
2012-12-13,37.698961145692,37.792794176413,37.528691865127,37.599785796433,11289260.112464
2012-12-14,37.520609896058,37.774027570269,37.50321311518,37.658688282871,11800894.987186
2012-12-17,37.799643302743,37.819642751627,37.379928841239,37.50321311518,17597424.781913
2012-12-18,37.528691865127,37.698961145692,37.130620642827,37.279383666715,17954010.693533
2012-12-19,37.248425615703,37.291438129056,36.768575825022,36.780630287363,17961834.525107
2012-12-20,36.689399924647,37.099662591815,36.648031201614,37.050211899712,16184978.897841
2012-12-21,36.99911741729,37.188290286525,36.528719420945,36.890627256223,27946974.770088
2012-12-24,36.720357975659,36.799396893507,36.570225126505,36.731042612733,4851744.5107439
2012-12-26,36.698851718982,36.799396893507,36.245713520988,36.424064770622,9982068.5948303
2012-12-27,36.327492089369,36.55145852036,36.196125846359,36.424064770622,11380407.116281
2012-12-28,36.221604596307,36.424064770622,35.950790141218,35.973529240633,14057895.480827
2012-12-31,35.879696209912,36.282013890537,35.583539987402,36.255165315324,15655005.123024
2013-01-02,36.989802605481,37.599785796433,36.655976188156,37.599785796433,21877116.596058
2013-01-03,37.451022772545,37.599785796433,37.110484211416,37.599785796433,16357981.872382
2013-01-04,37.652113121594,37.86786060099,37.520609896058,37.658688282871,15311286.874526
2013-01-07,37.520609896058,37.520609896058,37.099662591815,37.300889923391,14610535.169462
2013-01-08,37.188290286525,37.279383666715,36.911996530372,37.041992948116,14328026.151487
2013-01-09,37.1989749236,37.1989749236,36.827615293987,37.030075468302,10563741.270056
2013-01-10,37.121168848491,37.170756523121,36.760630838479,36.958981536996,15604072.270381
2013-01-11,36.836930105795,36.938982088113,36.517897801343,36.911996530372,15644656.392043
2013-01-14,36.989802605481,37.110484211416,36.799396893507,36.989802605481,11001438.735974
2013-01-15,36.989802605481,37.429516515869,36.799396893507,37.321026354801,12721573.262623
2013-01-16,37.210892403415,37.408010259192,37.121168848491,37.321026354801,9168040.2801592
2013-01-17,37.429516515869,37.658688282871,37.33034116661,37.511295084249,12055937.425881
2013-01-18,37.489788827573,37.708412940027,37.311574560466,37.698961145692,14060894.777877
2013-01-22,37.740603833778,37.740603833778,37.050211899712,37.130620642827,21250180.716753
2013-01-23,37.079526160405,37.26061706057,37.041992948116,37.130620642827,13570162.489884
2013-01-24,37.1989749236,37.248425615703,36.99911741729,37.110484211416,13258930.03724
2013-01-25,37.180208317456,37.248425615703,36.911996530372,37.050211899712,14041640.648368
2013-01-28,37.059526711521,37.110484211416,36.861176013004,37.011308862158,13388624.087304
2013-01-29,36.882545287153,37.568964727948,36.861176013004,37.42020170406,17708084.745399
2013-01-30,37.40006527265,37.6119772413,37.321026354801,37.50321311518,13220456.090001
2013-01-31,37.528691865127,37.528691865127,37.110484211416,37.237877961155,12973744.700486
2013-02-01,37.473761871961,37.708412940027,37.37184687217,37.538143659463,11939266.933763
2013-02-04,37.48184384103,37.576909714491,37.300889923391,37.349107772754,9456529.9904351
2013-02-05,37.559512933612,38.164153806027,37.559512933612,38.141414706611,17897282.133832
2013-02-06,38.097306333046,38.430995767844,37.999363826526,38.311547004649,16823679.987881
2013-02-07,38.418941305503,39.05974556494,38.347847374198,38.910845558525,18806250.395741
2013-02-08,38.837148959214,38.940433784271,38.601265048408,38.771671311499,12308003.690682
2013-02-11,38.705782716204,38.827971129932,38.409489511168,38.613319510749,12159872.280638
2013-02-12,38.10922381286,38.164153806027,37.279383666715,37.559512933612,30700480.135624
2013-02-13,37.666907234467,37.93635186429,37.011308862158,37.210892403415,19944904.691492
2013-02-14,37.237877961155,37.511295084249,36.698851718982,36.836930105795,22748791.683479
2013-02-15,36.938982088113,37.42020170406,36.539267075493,37.42020170406,25216274.803211
2013-02-19,37.511295084249,37.774027570269,37.46047456688,37.666907234467,14851050.299191
2013-02-20,37.698961145692,37.890736682932,37.408010259192,37.728549371437,12949360.95998
2013-02-21,37.623894721115,37.792794176413,37.429516515869,37.708412940027,14136234.494181
2013-02-22,37.762110090454,38.518116654762,37.708412940027,38.518116654762,20102896.262617
2013-02-25,38.559759342848,38.716467353279,37.717727751836,37.717727751836,15879790.539699
2013-02-26,37.945666676099,38.188399713235,37.783479364604,38.10922381286,15770955.067779
2013-02-27,38.031417737751,38.539622911438,37.920187926151,38.448392548722,14277315.579501
2013-02-28,38.47387129867,38.96988502749,38.418941305503,38.716467353279,19011795.855163
2013-03-01,38.492637904814,38.791670760383,38.492637904814,38.695235061656,13727450.669535
2013-03-04,38.601265048408,38.81838235307,38.448392548722,38.81838235307,9934233.4991263
2013-03-05,38.961940040947,38.99810342797,38.559759342848,38.681673791523,13243075.757508
2013-03-06,38.802355397458,39.040978958796,38.695235061656,39.022212352651,11655101.999487
2013-03-07,39.040978958796,39.192481633216,38.837148959214,39.120154859171,15104996.998675
2013-03-08,39.172345201805,39.420420557479,39.033033972253,39.216727540424,11187266.11096
2013-03-11,39.200563602285,39.377408044126,39.183166821407,39.314533064417,9201701.6274064
2013-03-12,39.279602520134,39.314533064417,38.802355397458,38.961940040947,11375866.772797
2013-03-13,38.82037211737,38.869467414357,38.548920004389,38.587407453274,14358799.833519
2013-03-14,38.82037211737,39.119839829186,38.66057440557,39.02260122158,14574168.972389
2013-03-15,38.82037211737,38.937466440655,38.66057440557,38.829619984947,20808696.793674
2013-03-18,38.612567093004,38.937466440655,38.566191757069,38.761756956701,11480331.589848
2013-03-19,38.920194687976,39.403259770796,38.82037211737,39.328732837973,15193141.405661
2013-03-20,39.403259770796,39.92372431808,39.360692380333,39.869053100937,19272460.196518
2013-03-21,39.847973402784,40.426781114632,39.759982662755,40.075362146724,23063868.076452
2013-03-22,39.975675574172,40.276367268461,39.890404795194,40.038098680313,16128825.382556
2013-03-25,40.106097706611,40.251207628731,39.959627803965,40.115345574188,15718886.309587
2013-03-26,40.126089420343,40.702177171139,40.126089420343,40.691705321089,13666690.592428
2013-03-27,40.446772828364,40.539931494392,40.064890296675,40.224416012369,14562181.105343
2013-03-28,40.38162976117,40.597186674535,40.020826927634,40.437524960787,14227402.112062
2013-04-01,40.389517648221,40.490700199352,40.168520812753,40.446772828364,8202006.8237067
2013-04-02,40.426781114632,40.899374347402,40.418893227581,40.719720919923,13359176.558732
2013-04-03,40.778064084487,40.819407492476,40.086241990932,40.168520812753,13639273.868671
2013-04-04,40.267119400885,40.589298787484,40.204424298638,40.539931494392,11437124.630334
2013-04-05,40.212584181794,40.364358008491,40.008995097058,40.086241990932,10731445.267996
2013-04-08,40.064890296675,40.869998768042,39.772086489436,40.859390919939,22758505.03695
2013-04-09,40.8075756619,41.129483052395,40.513411874136,40.71169703482,21057908.591802
2013-04-10,40.778064084487,41.169466479858,40.71169703482,41.072499868357,9704436.0730722
2013-04-11,41.129483052395,41.409095048532,41.060396041676,41.180210326013,10962496.454302
2013-04-12,40.907262234453,41.109627336716,40.679873490513,41.081747735933,10394704.610086
2013-04-15,40.850143052363,40.989813052379,40.05156248752,40.092633899404,16049675.107212
2013-04-16,41.398487200429,42.483207667933,41.248073354258,42.372641251173,32146087.569228
2013-04-17,42.166468203438,42.69890057935,42.026662205369,42.545766772127,24209332.213591
2013-04-18,42.483207667933,42.650893266784,42.091941270615,42.099965155718,16034115.522946
2013-04-19,42.276898622145,42.770843549173,42.202371689323,42.658917151887,13886661.491493
2013-04-22,42.459408008729,42.849314425521,42.396712906482,42.721476256081,10552646.78696
2013-04-23,42.760099703018,42.958520861756,42.260850851939,42.69890057935,11223385.829362
2013-04-24,42.650893266784,42.899905701087,42.099965155718,42.147836470232,11370080.928667
2013-04-25,42.260850851939,42.537878885077,42.083917385512,42.352785535494,10197009.986901
2013-04-26,42.179796012592,42.429896431316,42.091941270615,42.099965155718,15164859.92664
2013-04-29,42.238411173261,42.289002448827,41.924391669817,42.238411173261,11326619.275814
2013-04-30,42.147836470232,42.387601036958,41.880328300776,42.331569839289,13447669.346406
2013-05-01,42.147836470232,42.557734600756,42.138588602656,42.213115535478,8710577.5829334
2013-05-02,41.659331465308,42.158444318335,41.493005846983,41.958935175176,18717237.731575
2013-05-03,42.166468203438,42.419424581266,41.958935175176,42.238411173261,11758220.8062
2013-05-06,42.289002448827,42.289002448827,41.8684964702,42.083917385512,9356529.4788321
2013-05-07,42.213115535478,42.709508427453,42.147836470232,42.69890057935,13786466.333731
2013-05-08,42.537878885077,42.678908865619,42.158444318335,42.459408008729,12636374.140626
2013-05-09,42.512583247294,42.557734600756,41.997558622114,42.117236908398,10114076.87685
2013-05-10,42.109349021347,42.238411173261,41.848504756469,42.147836470232,9927543.6821464
2013-05-13,42.138588602656,42.440776275523,41.997558622114,42.191763841221,9290907.2514983
2013-05-14,42.179796012592,42.66952499999,42.008030472164,42.516663188872,13027557.566004
2013-05-15,42.503063383612,43.098054863719,42.387601036958,42.919897414819,12306670.231445
2013-05-16,42.907793588137,43.428258135422,42.790699264852,43.087583013669,12330854.829103
2013-05-17,43.048959566732,43.131510384658,42.557734600756,42.968992711806,12615058.787405
2013-05-20,42.946417035075,42.946417035075,42.29811431835,42.379441153803,9966184.9442402
2013-05-21,42.483207667933,42.569838427437,42.072085554936,42.343537667917,9150320.2844986
2013-05-22,42.276898622145,42.86128225415,42.039990014524,42.247659040837,13616824.792
2013-05-23,41.933503539341,42.072085554936,41.558148914177,41.933503539341,10934346.454144
2013-05-24,41.536797219919,42.372641251173,41.500893734034,42.238411173261,11542054.529768
2013-05-28,42.600301991218,43.048959566732,42.396712906482,42.545766772127,14412975.135413
2013-05-29,42.343537667917,42.429896431316,41.309408475979,41.398487200429,16986732.47474
2013-05-30,41.493005846983,41.602076285165,40.748960501232,40.767592234437,20875898.269977
2013-05-31,40.653081874151,40.771672176015,39.9876434028,39.9876434028,26203970.992506
2013-06-03,39.947659975337,40.840759186734,39.629424532263,40.8075756619,16580894.79098
2013-06-04,41.591468437063,41.717946625977,40.948605642442,41.419838894687,19241140.428807
2013-06-05,41.398487200429,41.398487200429,40.597186674535,40.653081874151,16429237.303742
2013-06-06,40.553259303546,40.791663889747,40.308462808874,40.791663889747,11171674.065701
2013-06-07,41.20156202027,41.729914454605,40.979341202329,41.409095048532,14460144.492194
2013-06-10,41.500893734034,41.519525467239,41.037684366892,41.180210326013,11247680.117957
2013-06-11,40.880742614197,40.979341202329,40.401621474902,40.791663889747,16494002.288893
2013-06-12,40.791641184971,40.942373171231,40.280151909013,40.387122996037,11611087.928377
2013-06-13,40.3079751968,40.479642181152,39.678709673514,40.411029413213,17866379.898835
2013-06-14,40.380774964358,40.791641184971,40.258946781914,40.339715355197,13635198.684574
2013-06-17,40.539205627336,40.9094174323,40.399278801381,40.679537646802,12411011.045158
2013-06-18,40.700472644894,40.999235327338,40.569730205198,40.931973204437,9893069.4720767
2013-06-19,41.011391132682,41.43941054528,40.411029413213,40.411029413213,16936294.779226
2013-06-20,40.272318167792,40.350115321991,38.967595060914,39.132778949083,24902450.978566
2013-06-21,39.63116696817,39.972204840309,39.300529062825,39.758127601759,21941296.809034
2013-06-24,39.449910404047,40.006511224279,39.132778949083,39.527977687253,16436616.968189
2013-06-25,39.821472854049,39.931145231149,39.436809147176,39.717067992598,12944217.725106
2013-06-26,40.084578507486,40.479642181152,40.062022735348,40.327829678861,13857722.618186
2013-06-27,40.651579294512,40.881729209017,40.243144234967,40.258946781914,11460850.665642
2013-06-28,40.249762395655,40.440203346037,40.10173169947,40.11091608573,16319416.848893
2013-07-01,40.498146018175,40.921168044132,40.359569837258,40.459787699091,10754584.608899
2013-07-02,40.469242214358,40.744233544131,40.166427596799,40.372671094129,12248785.515336
2013-07-03,40.243144234967,40.561761399473,40.02636570634,40.487746051381,5264816.9104704
2013-07-05,40.720327126955,40.802311280772,40.147923759776,40.520701790313,10402251.2018
2013-07-08,40.651579294512,40.757334801001,40.422780025045,40.539205627336,9936973.7485194
2013-07-09,40.859173436879,41.071900030392,40.720327126955,40.829999504055,8761103.8108124
2013-07-10,40.921168044132,40.958175718178,40.527455015503,40.679537646802,9588145.9658102
2013-07-11,40.999235327338,41.148616668561,40.744233544131,41.029759905201,13489516.312744
2013-07-12,41.029759905201,41.128762186499,40.732347867795,41.029759905201,10686346.729934
2013-07-15,41.053396193369,41.246538433828,40.931973204437,41.011391132682,11423061.184612
2013-07-16,39.783114534965,40.498146018175,39.501640109009,40.233959848708,33581225.571291
2013-07-17,40.551226368175,40.979380845277,40.3079751968,40.839454019322,18516751.899046
2013-07-18,40.859173436879,41.071900030392,40.744233544131,40.808929441459,9708856.2485002
2013-07-19,40.881729209017,41.098507737644,40.791641184971,41.087702577339,11408420.62596
2013-07-22,41.080003900621,41.139567346805,40.757334801001,40.839454019322,9426825.9673624
2013-07-23,40.949126396422,41.128762186499,40.791641184971,40.958175718178,9405642.4338845
2013-07-24,41.118362219705,41.128762186499,40.748150414741,40.859173436879,10511718.370623
2013-07-25,40.808929441459,40.881729209017,40.479642181152,40.839454019322,9148369.3956795
2013-07-26,40.651579294512,40.651579294512,40.006511224279,40.63982868268,12279651.501674
2013-07-29,40.610654749855,40.679537646802,40.258946781914,40.280151909013,10132041.24459
2013-07-30,40.422780025045,40.732347867795,40.249762395655,40.317159583059,10769615.52193
2013-07-31,40.411029413213,40.578914591458,40.062022735348,40.084578507486,13557387.288854
2013-08-01,40.399278801381,40.748150414741,40.399278801381,40.569730205198,12001513.4168
2013-08-02,40.02636570634,40.411029413213,39.923446554431,40.221939107868,25516982.243631
2013-08-05,40.177097692601,40.469242214358,40.177097692601,40.289471359777,9933154.1763274
2013-08-06,40.233959848708,40.432234540312,40.062022735348,40.372671094129,8646232.9572671
2013-08-07,40.3079751968,40.327829678861,40.062022735348,40.147923759776,9306076.3466336
2013-08-08,40.298655746036,40.359569837258,40.017181320081,40.199653464738,9481128.3463562
2013-08-09,40.249762395655,40.317159583059,40.050272123516,40.155892565501,9021737.2252648
2013-08-12,40.038251382676,40.10173169947,39.705182316262,39.82822607924,13970568.319274
2013-08-13,39.931145231149,40.050272123516,39.501640109009,39.654938320842,13548897.081147
2013-08-14,39.588891778475,39.678709673514,39.349692542214,39.527977687253,13790286.629996
2013-08-15,39.300529062825,39.401152118169,39.020540346411,39.090503759388,14229147.83424
2013-08-16,39.032290958243,39.179106073893,38.709756923126,39.049579214731,20568468.123428
2013-08-19,39.049579214731,39.090503759388,38.688686860531,38.778639820073,11914022.594222
2013-08-20,38.848603233051,39.13939710977,38.649112960912,38.649112960912,10238162.410677
2013-08-21,38.633175349462,38.69787124679,38.249862287628,38.280251800987,15800302.264568
2013-08-22,38.317259475033,38.519451037247,38.10169652694,38.307804959765,10308979.957136
2013-08-23,38.610754641828,38.610754641828,38.371420341063,38.519451037247,11300784.945409
2013-08-26,38.600084546027,38.600084546027,38.111015977703,38.118849718925,12729876.859904
2013-08-27,37.978787828466,38.241893481902,37.803068908999,38.148023651749,16742430.875819
2013-08-28,38.060771982283,38.527419842973,38.048886305947,38.354267149079,19245217.469749
2013-08-29,38.470557686866,38.470557686866,38.10169652694,38.10169652694,14216027.085557
2013-08-30,38.155857392971,38.280251800987,37.999992955565,38.17706252007,14296780.512622
2013-09-03,38.268366124651,38.397892983812,37.805635134572,37.903421835335,19068818.142224
2013-09-04,37.883702417778,38.728260760149,37.81090265022,38.536604229232,19144158.806556
2013-09-05,38.631824704424,38.687471279997,38.066039497932,38.239192191826,14291078.010109
2013-09-06,38.417747465873,38.621154608622,38.097779656329,38.350215213964,13977744.485211
2013-09-09,38.459887591064,38.55916000137,38.270797285719,38.519451037247,10608579.967758
2013-09-10,38.770535949844,38.778639820073,38.50891600595,38.631824704424,11759440.747788
2013-09-11,38.679367409767,38.778639820073,38.527419842973,38.778639820073,11997245.996173
2013-09-12,38.59050081638,38.612759641648,38.27941361987,38.440857147714,12114308.996603
2013-09-13,38.558989828803,38.741351288826,38.418464233138,38.688788279761,11623629.643463
2013-09-16,39.031520553157,39.200607171605,38.741351288826,38.859483969915,13399778.350497
2013-09-17,38.810943640114,39.090251670429,38.78720983245,38.78720983245,12883280.064792
2013-09-18,38.810943640114,39.597109257846,38.577360064114,39.587723006228,18075168.470047
2013-09-19,39.641492819073,39.673137895959,39.146703269451,39.309487690383,14254641.584665
2013-09-20,39.270333612202,39.398791170071,38.778091759448,39.398791170071,30698540.131424
2013-09-23,39.146703269451,39.190148205515,38.440857147714,38.62992307318,19017047.82396
2013-09-24,38.719092463559,38.871149739784,38.519701661313,38.531367431182,15070804.995081
2013-09-25,38.637566163784,38.679670206759,38.29912474827,38.330635735848,11446120.386314
2013-09-26,38.490604281294,38.741351288826,38.387087334869,38.741351288826,10940177.359998
2013-09-27,38.569448794893,38.577360064114,38.149481079604,38.398753104739,12608808.268549
2013-09-30,38.190244229491,38.29912474827,37.749224492715,37.875268443025,18102332.337122
2013-10-01,37.99849651785,38.091688587494,37.621973738625,37.952772063535,13192361.255073
2013-10-02,37.812112378561,37.812112378561,37.209783203249,37.427678330115,25664498.269394
2013-10-03,37.459323407002,37.459323407002,37.129865975181,37.158695176581,14437946.633246
2013-10-04,37.250546353137,37.268916588448,36.908082258358,37.19932423716,17218828.474928
2013-10-07,37.079984752292,37.380478893403,36.833260424025,37.049680568494,16708131.314673
2013-10-08,37.103584470648,37.407967201716,36.900036899828,37.278034661449,20469310.393077
2013-10-09,37.380478893403,37.418560257114,37.009051507915,37.079984752292,18999855.522319
2013-10-10,37.766253834938,37.86078679767,37.448596262294,37.779394587204,17177793.875348
2013-10-11,37.921126986649,37.921126986649,37.523418096627,37.766253834938,14266860.295632
2013-10-14,37.558817674161,37.952772063535,37.511752326758,37.907986234382,14201899.577833
2013-10-15,38.178310281005,38.370057992647,37.598239930961,37.663943692292,21675539.101294
2013-10-16,38.007882769468,38.238650469983,37.779394587204,37.99849651785,17996447.510114
2013-10-17,38.060311689225,38.558989828803,38.007882769468,38.547055880316,15887741.838089
2013-10-18,38.577360064114,38.778091759448,38.418464233138,38.778091759448,18896639.228257
2013-10-21,38.95133514647,38.95133514647,38.60216658625,38.820061713116,12977494.06067
2013-10-22,38.859483969915,39.249281590714,38.688788279761,39.090251670429,17109911.639755
2013-10-23,39.07858590056,39.249281590714,38.799009691628,39.090251670429,12599478.309267
2013-10-24,39.146703269451,39.372643754847,38.761062417226,38.799009691628,17143672.162947
2013-10-25,38.841113734603,39.131014820317,38.62992307318,39.031520553157,14391344.843001
2013-10-28,39.018111622273,39.736025781805,38.99075740327,39.608775027716,16552096.051521
2013-10-29,39.56667098474,39.959150391716,39.351591733359,39.802936346917,14199602.14013
2013-10-30,39.876417288161,39.88701034356,39.51692385116,39.620440797585,12359951.950188
2013-10-31,39.51692385116,39.85804705285,39.51692385116,39.56667098474,14853498.6305
2013-11-01,39.56667098474,39.717655546494,39.330539711871,39.608775027716,12430394.514367
2013-11-04,39.707330669713,39.812188509227,39.299028724294,39.51692385116,10252127.91512
2013-11-05,39.363391592537,39.641492819073,39.221659193093,39.505258081291,10581854.040619
2013-11-06,39.597109257846,40.221831347734,39.415954601603,40.049794764492,17196438.553861
2013-11-07,40.082512555849,40.249185566738,39.75975958947,39.830558744538,16232962.523537
2013-11-08,39.736025781805,40.049794764492,39.491849150407,40.049794764492,11903578.714071
2013-11-11,40.009031614605,40.049794764492,39.771425359339,39.865958322072,9568203.9520739
2013-11-12,39.909403258136,39.990661379293,39.608775027716,39.876417288161,10509185.666978
2013-11-13,39.820099778448,40.121934812648,39.653560856868,40.121934812648,11771000.937566
2013-11-14,40.089217021291,40.442005992851,40.027401849916,40.20842241685,10894365.0044
2013-11-15,40.158675283271,40.321325614894,39.959150391716,40.221831347734,12021312.680806
2013-11-18,40.238860689957,40.238860689957,39.998572648515,40.17034105314,9553863.825995
2013-11-19,40.140305047959,40.229474438338,39.921203117314,40.140305047959,11014819.320256
2013-11-20,40.049794764492,40.451258155161,39.943461942582,40.060119641273,14422487.125414
2013-11-21,40.17034105314,40.501139378049,40.098201004984,40.430340222982,26364342.751818
2013-11-22,40.337148153337,40.456621727514,40.089217021291,40.430340222982,26396701.190309
2013-11-25,40.478746463473,40.883025729627,40.326689187248,40.371206837783,14059133.065168
2013-11-26,40.492021305048,40.599695020047,40.238860689957,40.249185566738,14240540.727387
2013-11-27,40.090363661391,40.378248043911,39.690228337861,40.188100542413,9908566.8041123
2013-11-29,40.268926546201,40.48277590713,40.108606103762,40.188100542413,8641107.4033383
2013-12-02,40.098219895697,40.199818315615,39.747618795246,40.081309018463,16739679.697069
2013-12-03,40.046155698858,40.388900565004,40.008339248981,40.351084115126,16592300.429302
2013-12-04,40.199818315615,40.473454951174,39.942027305181,40.369326557496,13166931.998876
2013-12-05,40.278114345644,40.399153616555,39.802346122358,39.829909520684,18171206.48846
2013-12-06,40.046155698858,40.499686784364,40.046155698858,40.460538769349,12557214.687139
2013-12-09,40.351084115126,40.499686784364,40.199818315615,40.399153616555,12237629.614604
2013-12-10,40.259871903273,40.289698962331,39.747618795246,39.851747188924,15967753.49359
2013-12-11,39.949617226459,40.340697907061,39.889563638801,40.130843241542,14962605.632085
2013-12-12,39.991428371747,40.213000810467,39.180638360108,39.210864888707,19817200.366855
2013-12-13,39.468922212168,39.639495706159,39.210864888707,39.235365687219,14037155.297505
2013-12-16,39.411531754784,39.570387475573,39.198880802478,39.265592215819,14561149.156771
2013-12-17,39.118187955204,39.25360812959,38.869451587698,39.103940208243,17663623.742097
2013-12-18,39.261597520409,40.081309018463,38.998347092915,40.019923865669,23886723.586737
2013-12-19,39.969191233966,40.098219895697,39.560134424021,39.861068144879,14791752.648752
2013-12-20,39.918458602264,40.188100542413,39.851747188924,40.040829438312,22237246.749465
2013-12-23,40.098219895697,40.249485695208,39.869989631294,40.162001865737,10952475.340143
2013-12-24,40.171189665179,40.309272969839,40.098219895697,40.188100542413,4783756.9221382
2013-12-26,40.222055453395,40.538834799378,40.140031040984,40.491697393544,8588470.141834
2013-12-27,40.688502720725,40.78890273202,40.529513843422,40.65734409653,6762202.6398511
2013-12-30,40.774654985059,41.139503832471,40.762804055344,41.087306479119,10927492.265663
2013-12-31,41.128984467892,41.389704921627,40.977718668381,41.311542048112,11729272.621599
2014-01-02,41.117399851204,41.229517635701,40.507276705642,40.65734409653,12720196.290842
2014-01-03,40.676784947523,40.731645431149,40.351084115126,40.460538769349,10403752.396127
2014-01-06,40.48277590713,40.592230561353,40.162001865737,40.268926546201,11041225.183845
2014-01-07,40.48277590713,40.721259223084,40.289698962331,40.388900565004,11877489.057935
2014-01-08,40.439633196706,40.439633196706,39.829909520684,39.942027305181,15357528.969733
2014-01-09,39.949617226459,40.001681423298,39.524847947903,39.729376352876,14074788.748725
2014-01-10,39.958938182415,40.289698962331,39.898884594757,40.130843241542,13314519.98328
2014-01-13,40.001681423298,40.130843241542,39.5014124015,39.533902590832,14136291.095906
2014-01-14,39.639495706159,39.918458602264,39.578376866392,39.690228337861,12808148.100345
2014-01-15,39.829909520684,39.942027305181,39.578376866392,39.756806594688,12845193.768684
2014-01-16,39.780108984578,39.817925434455,39.578376866392,39.711133910505,11076881.965739
2014-01-17,39.718990144811,39.747618795246,39.274513702234,39.274513702234,14023986.965878
2014-01-21,39.639495706159,39.918458602264,39.533902590832,39.918458602264,17590407.173679
2014-01-22,39.991428371747,40.090363661391,39.747618795246,39.898884594757,9856355.4166276
2014-01-23,39.608203925451,39.639495706159,39.118187955204,39.246018208312,14867051.779495
2014-01-24,39.083034635599,39.25360812959,38.820982616728,38.840556624235,16533727.788439
2014-01-27,38.820982616728,38.980104650545,38.710196397368,38.731101970012,14603455.7121
2014-01-28,38.771581550163,39.083034635599,38.618984185515,38.869451587698,8931214.3202999
2014-01-29,38.570914684086,38.570914684086,37.821509825242,37.895811159861,23776374.640496
2014-01-30,37.998741144915,38.40926267651,37.998741144915,38.16944779542,13663075.99927
2014-01-31,37.951870052109,38.159194743868,37.72124297046,37.821509825242,16185570.789549
2014-02-03,38.018315152422,38.018315152422,37.104861468756,37.198736810882,23195584.5338
2014-02-04,37.440948509219,37.553066293715,37.21032142757,37.478764959096,17797928.293786
2014-02-05,37.487952758539,37.710723605882,37.378498104315,37.609125185964,13712475.083544
2014-02-06,38.761062185584,38.941089792044,37.9205782714,38.028834517001,22664390.717908
2014-02-07,38.127769806646,38.351872219125,37.871044048321,37.951870052109,20495016.085367
2014-02-10,38.028834517001,38.618984185515,37.838553858989,38.570914684086,20915497.235586
2014-02-11,38.668651565108,38.789823992533,38.508331122669,38.638558193022,15417558.023009
2014-02-12,38.909664854822,38.921515784537,38.400208033582,38.508331122669,10633537.135713
2014-02-13,38.127769806646,38.761062185584,38.127769806646,38.647879148978,10449124.477057
2014-02-14,38.602073308281,39.017787943909,38.268649398092,38.930437270952,16047316.735914
2014-02-18,37.98835493685,38.109527364275,37.263717189545,37.471041881305,46190013.804914
2014-02-19,37.495675836331,37.601268951658,37.051465706781,37.104861468756,26647207.522041
2014-02-20,37.038283211929,37.520576104384,36.885819003795,37.29887050915,22648118.493649
2014-02-21,37.590882743593,37.615783011646,37.137351658088,37.179162803375,19439582.861223
2014-02-24,37.29887050915,37.601268951658,37.220840792149,37.495675836331,24224480.818798
2014-02-25,37.624704498061,37.942815409181,37.495675836331,37.767980906753,22878934.538969
2014-02-26,37.895811159861,37.942815409181,37.72124297046,37.871044048321,18202451.829382
2014-02-27,37.838553858989,38.109527364275,37.802068974248,38.073042479534,18424460.339568
2014-02-28,38.083561844113,38.389688669003,38.037889159929,38.201937984751,15765269.964365
2014-03-03,37.860524683742,38.159194743868,37.850271632191,38.118715163717,18732252.154788
2014-03-04,38.344149141334,38.389688669003,38.228169817941,38.307664256592,20456783.341158
2014-03-05,38.418450475952,38.449742256661,38.249075390585,38.351872219125,14367570.614934
2014-03-06,38.418450475952,38.550009111443,38.268649398092,38.471846237928,14740175.851923
2014-03-07,38.560528476021,38.61259267286,38.359861609945,38.550009111443,17074142.736036
2014-03-10,38.550009111443,38.647879148978,38.441886022356,38.647879148978,14541436.177369
2014-03-11,38.840556624235,38.840556624235,38.540954468514,38.798878635462,13845663.922035
2014-03-12,38.271546667507,38.499039732149,38.208133966562,38.469447138375,15692276.324427
2014-03-13,38.45002699871,38.490188375975,37.919738287053,37.969147349873,18302808.815731
2014-03-14,37.949727210209,38.319370412804,37.879709019581,38.171935883105,14687231.342671
2014-03-17,38.171935883105,38.369704244179,38.051715970896,38.271546667507,19202971.04435
2014-03-18,38.271546667507,38.461520550756,38.139701093458,38.402203253414,16880361.274079
2014-03-19,38.359531790069,38.578041388744,38.099539716193,38.139701093458,20881352.643525
2014-03-20,38.10997638989,38.469447138375,37.949727210209,38.45002699871,13227979.822736
2014-03-21,38.783472117848,38.82495459305,38.279209035538,38.440779313155,19210757.066485
2014-03-24,38.479619592485,38.541843305287,38.208133966562,38.402203253414,15693041.237102
2014-03-25,38.490188375975,38.802892257513,38.461520550756,38.620712852088,16898934.189105
2014-03-26,38.690598932922,38.945042395466,38.611597276327,38.611597276327,15835501.388819
2014-03-27,38.499039732149,38.996961544365,38.479619592485,38.819670201305,13031473.060621
2014-03-28,38.888367293996,39.030649541742,38.819670201305,38.951647885148,11502049.890504
2014-03-31,38.987845968604,39.030649541742,38.461520550756,38.659421021624,24488226.817976
2014-04-01,38.528896545511,38.888367293996,38.311708044773,38.411186719381,20515812.555106
2014-04-02,38.490188375975,38.541843305287,38.302592469012,38.329807086501,15708926.516595
2014-04-03,38.39044548178,38.490188375975,38.042732504929,38.067172816752,18113937.258794
2014-04-04,38.240500866003,38.479619592485,38.139701093458,38.217249542323,15453555.509049
2014-04-07,38.271546667507,38.888367293996,38.258599907731,38.620712852088,17293127.952709
2014-04-08,38.668536597385,38.899992955836,38.479619592485,38.899992955836,14770127.303589
2014-04-09,38.835259156954,38.987845968604,38.698261300953,38.987845968604,12030660.234732
2014-04-10,38.976352416558,39.400292744337,38.819670201305,38.888367293996,21025733.197841
2014-04-11,38.82495459305,39.22313351107,38.567604715046,38.631017415992,18084872.897429
2014-04-14,38.707376876714,38.802892257513,38.402203253414,38.729174992664,19389666.196569
2014-04-15,39.798471662357,40.46958941403,39.499903528739,40.180004746379,47528984.40083
2014-04-16,40.18766711441,40.593772620048,40.119102131513,40.593772620048,21925557.44179
2014-04-17,40.432070232637,40.724429205955,40.248437619483,40.724429205955,18547101.350934
2014-04-21,40.46958941403,40.759306191475,40.346859415742,40.751379603857,12630881.564315
2014-04-22,40.573031382448,40.759306191475,40.42163355894,40.711218226591,17404959.887221
2014-04-23,40.698403576608,40.808318924914,40.560216732465,40.734601660065,12071569.527954
2014-04-24,40.698403576608,40.889698557794,40.460473838269,40.698403576608,11401519.173381
2014-04-25,40.460473838269,41.01269277567,40.442374796541,41.01269277567,16811384.558256
2014-04-28,40.817434500675,41.28298941345,40.743849345619,41.028149621525,20736667.361611
2014-04-29,40.968700214389,41.028149621525,40.518734257263,40.573031382448,18927996.925941
2014-04-30,40.688231122498,40.883357287699,40.593772620048,40.788898785249,12349795.878714
2014-05-01,40.788898785249,40.79801436101,40.25887429318,40.778726331139,15385750.524977
2014-05-02,40.788898785249,40.958395650485,40.627328507632,40.947958976788,14197253.342308
2014-05-05,40.648069745233,40.928538837123,40.55096904691,40.759306191475,10163593.472912
2014-05-06,40.518734257263,40.658242199343,40.454132568175,40.487688455758,9359855.0996364
2014-05-07,40.698403576608,40.968700214389,40.627328507632,40.910439795395,11115581.822253
2014-05-08,40.851122498052,40.958395650485,40.648069745233,40.734601660065,8538993.9743921
2014-05-09,40.778726331139,40.947958976788,40.711218226591,40.872920614002,8516106.9209453
2014-05-12,40.883357287699,40.968700214389,40.688231122498,40.817434500675,8906008.975318
2014-05-13,40.827739064579,41.219444602711,40.817434500675,41.110850352341,11579713.663109
2014-05-14,41.028149621525,41.176773139366,40.827739064579,40.889698557794,10036174.025721
2014-05-15,40.619401920014,40.958395650485,40.442374796541,40.518734257263,12379230.7084
2014-05-16,40.518734257263,40.910439795395,40.454132568175,40.889698557794,13824168.538887
2014-05-19,40.603945074158,40.734601660065,40.42163355894,40.711218226591,7559355.8494111
2014-05-20,40.788898785249,40.928538837123,40.573031382448,40.582014848415,9639509.184266
2014-05-21,40.55096904691,40.883357287699,40.496671921726,40.872920614002,8607297.0411346
2014-05-22,40.766836449712,40.839364726419,40.529038821167,40.582014848415,8430515.590291
2014-05-23,40.627328507632,40.698403576608,40.529038821167,40.582014848415,6255167.3649444
2014-05-27,40.560216732465,40.817434500675,40.479893977934,40.766836449712,11291237.946565
2014-05-28,40.698403576608,40.889698557794,40.529038821167,40.582014848415,7536670.658662
2014-05-29,40.68030453488,40.872920614002,40.603945074158,40.658242199343,9867261.3529841
2014-05-30,40.5407965928,40.916913175283,40.487688455758,40.910439795395,10446098.384758
2014-06-02,40.751379603857,40.889698557794,40.68030453488,40.863937148035,7472050.6193764
2014-06-03,40.724429205955,41.003577199909,40.711218226591,40.883357287699,10493146.314883
2014-06-04,40.910439795395,40.916913175283,40.711218226591,40.788898785249,7864567.6077754
2014-06-05,40.734601660065,41.003577199909,40.627328507632,40.889698557794,10132045.658972
2014-06-06,40.940296608757,41.061837618902,40.839364726419,40.991951538069,8760036.7220286
2014-06-09,40.851122498052,41.087599028661,40.851122498052,40.910439795395,7300997.892676
2014-06-10,40.839364726419,41.152332827543,40.808318924914,41.066989900854,9168595.2208205
2014-06-11,41.01269277567,41.061837618902,40.788898785249,40.863937148035,9648618.5285316
2014-06-12,40.412573755113,40.682163996709,40.369040700536,40.425292749974,11583571.131875
2014-06-13,40.388053630999,40.540943816651,40.252209520933,40.369040700536,9203772.2220264
2014-06-16,40.18677881541,40.768049992938,40.153473406185,40.657643872595,12877958.465636
2014-06-17,41.180040527517,41.200626941881,40.607685758758,40.919628942006,26927159.116579
2014-06-18,40.821941816525,41.568822174567,40.751397288325,41.558594529214,18518079.201402
2014-06-19,41.536696878268,41.867915239295,41.530402942666,41.792256888419,13275257.864846
2014-06-20,41.867915239295,41.880765357815,41.530402942666,41.688275827336,23403121.697709
2014-06-23,41.4635298769,41.74085641434,41.332668465853,41.731808881913,13099754.229145
2014-06-24,41.509947651961,41.892173116092,41.47401976957,41.84745994859,14962792.04426
2014-06-25,41.60225870745,41.978190235979,41.4635298769,41.960226294783,17620414.631528
2014-06-26,41.912759530456,42.051488361005,41.783078232334,42.032213183225,16903377.180115
2014-06-27,41.987237768406,42.291444655811,41.912759530456,42.189954944237,18674414.388064
2014-06-30,41.978190235979,42.489048008966,41.8178260018,42.360677947427,14068764.1731
2014-07-01,42.388869533975,42.450497653407,42.150224475753,42.291444655811,11497498.179973
2014-07-02,42.311899946516,42.411947297848,42.150224475753,42.291444655811,6707100.241707
2014-07-03,42.259319359512,42.319636242359,42.009135419353,42.228505299796,7537719.2668336
2014-07-07,41.932034708235,42.199002476664,41.932034708235,42.138685593817,9000086.7038147
2014-07-08,41.96534011746,42.248960590501,41.912759530456,41.942262353588,10091147.747585
2014-07-09,41.932034708235,42.161763357689,41.792256888419,41.951309886015,9900208.9869394
2014-07-10,41.558594529214,42.291444655811,41.547055647278,42.259319359512,12564493.270652
2014-07-11,42.116919066528,42.248960590501,41.880765357815,41.96534011746,9772856.7383449
2014-07-14,41.987237768406,42.388869533975,41.978190235979,42.377330652039,11857698.109338
2014-07-15,42.411947297848,42.433844948794,41.951309886015,42.101446474841,10551679.885284
2014-07-16,42.311899946516,42.388869533975,42.021854414215,42.116919066528,10331524.415494
2014-07-17,41.932034708235,42.150224475753,41.828184770811,42.021854414215,9983506.2969265
2014-07-18,42.138685593817,42.467150358019,42.021854414215,42.433844948794,19272399.243336
2014-07-21,42.116919066528,42.571000295443,42.089776469247,42.40053953957,17606915.131097
2014-07-22,41.101759703474,41.332668465853,40.607685758758,41.191579409453,24707373.391663
2014-07-23,40.97220952901,41.050359229395,40.629452286047,40.811845294831,17531712.534252
2014-07-24,40.97220952901,41.101759703474,40.657643872595,40.97220952901,14856013.98811
2014-07-25,40.919628942006,41.040131584043,40.811845294831,40.996467405808,10809950.949864
2014-07-28,40.990173470206,40.996467405808,40.607685758758,40.682163996709,11709724.134847
2014-07-29,40.751397288325,40.778408761948,40.348585409831,40.348585409831,10872630.430138
2014-07-30,40.47931569722,40.498590875,39.613112810067,39.619406745669,20344532.622277
2014-07-31,39.529587039689,39.729812866011,39.252522749566,39.288450631958,15434732.98973
2014-08-01,39.129397634362,39.48867645828,39.062655692255,39.288450631958,13566733.773134
2014-08-04,39.410264510578,39.461664984657,39.118907741693,39.3988567523,11013022.429381
2014-08-05,39.339719982378,39.529587039689,39.102255037081,39.180666984783,11639154.101503
2014-08-06,39.129397634362,39.959541515465,39.129397634362,39.918630934055,17563720.47005
2014-08-07,39.959541515465,40.011073113202,39.332245933851,39.348898638464,14367394.255567
2014-08-08,39.339719982378,39.568137395248,39.26025904541,39.448814866137,13666471.423696
2014-08-11,39.519359394337,39.872213158995,39.519359394337,39.568137395248,14102617.341929
2014-08-12,39.55922098648,39.840218986354,39.541257045284,39.681165988758,13297537.027674
2014-08-13,39.700441166538,40.101941808448,39.700441166538,39.939217348419,9646473.0812439
2014-08-14,39.928727455749,40.18677881541,39.928727455749,40.177731282983,6899370.7182518
2014-08-15,40.811845294831,41.147915231218,40.657643872595,40.875833640113,23213848.945602
2014-08-18,40.788636407301,41.418816709398,40.788636407301,41.349452294124,14891651.609489
2014-08-19,41.349452294124,41.478871344929,41.156962763645,41.259632588144,10260403.461646
2014-08-20,41.147915231218,41.340404761697,41.092712171047,41.24796258255,6782838.9535528
2014-08-21,41.289135411276,41.688275827336,41.221082232585,41.407146703804,11951009.393007
2014-08-22,41.289135411276,41.518732937072,41.050359229395,41.121034881254,11244642.032763
2014-08-25,41.321129583917,41.440583236687,41.121034881254,41.407146703804,10229320.480076
2014-08-26,41.430224467676,41.698503472689,41.407146703804,41.60225870745,8416524.7447275
2014-08-27,41.530402942666,41.708731118041,41.440583236687,41.60225870745,7701956.6951191
2014-08-28,41.509947651961,41.698503472689,41.440583236687,41.631761530582,9746891.7848759
2014-08-29,41.60225870745,41.749772823109,41.47401976957,41.719089887052,7666718.0430433
2014-09-02,41.518732937072,41.838281292505,41.309721825639,41.64067793935,9798636.2334274
2014-09-03,41.688275827336,41.84745994859,41.65995311713,41.783078232334,8644485.0515244
2014-09-04,41.801042173529,42.173302239625,41.731808881913,41.867915239295,16785307.98097
2014-09-05,41.858867706868,41.858867706868,41.611175116218,41.838281292505,12768146.060913
2014-09-08,41.667689412973,41.942262353588,41.631761530582,41.783078232334,9097707.16766
2014-09-09,41.774292947223,42.032213183225,41.749772823109,41.942262353588,11892490.258657
2014-09-10,41.901351772178,42.189954944237,41.828184770811,42.173302239625,17557517.744154
2014-09-11,41.678352607068,42.058204101761,41.658045261909,41.949768085627,19615784.398568
2014-09-12,41.898869547441,41.918005314994,41.358642096113,41.461871100668,12979746.984523
2014-09-15,41.450415675194,41.581762542276,41.33195616177,41.500012460484,12258698.376458
2014-09-16,41.293684626664,41.800717379176,41.178870021345,41.642684577751,15232840.018641
2014-09-17,41.770126186149,41.781711786912,41.311518641322,41.613525312908,16701946.90745
2014-09-18,41.750990418596,41.881035532783,41.54843766817,41.789261953702,12593964.935666
2014-09-19,41.990643126522,42.338341324715,41.750990418596,42.050393584392,47559739.324302
2014-09-22,41.851746092651,42.250473004318,41.731854651043,42.221313739475,11518107.766688
2014-09-23,42.000796799102,42.157397672342,41.881035532783,41.889887452467,10252374.427623
2014-09-24,41.851746092651,42.338341324715,41.851746092651,42.273514030555,13540932.175815
2014-09-25,42.058204101761,42.168983273106,41.770126186149,41.781711786912,11076329.174324
2014-09-26,42.000796799102,42.250473004318,41.710375728279,42.196970960343,9939559.5459987
2014-09-29,41.898869547441,42.261928429792,41.881035532783,42.250473004318,12446707.236345
2014-09-30,42.101422297867,42.8098362232,42.078511446919,42.662087269644,22600829.279925
2014-10-01,42.510433057403,42.849149160622,42.371536023531,42.739671742172,30409719.599816
2014-10-02,42.558728089799,42.781718360673,42.421262984112,42.662087269644,16643237.701458
2014-10-03,42.860734761385,43.072269606785,42.662087269644,42.999631795257,14046660.844371
2014-10-06,43.031524741179,43.679927858063,42.967738849335,43.604686540745,20331448.497186
2014-10-07,43.481150191031,44.141138908679,43.481150191031,43.918148637805,24935897.93826
2014-10-08,43.581905865087,44.557699835004,43.509268053558,44.547546162425,26113151.071506
2014-10-09,44.437938568686,44.752702418641,43.871025183014,43.871025183014,25029425.925457
2014-10-10,43.878705525094,44.86738684867,43.852019590751,44.472435020397,25920727.070856
2014-10-13,44.28003594255,44.632810977032,44.02645447865,44.069802850045,20183824.243067
2014-10-14,44.035436573624,44.120701388231,43.470996518452,43.638011414851,21027433.234162
2014-10-15,42.699057051855,43.528273645822,42.699057051855,43.225095396631,22988561.054942
2014-10-16,42.649199915985,42.940922739703,42.381689696111,42.558728089799,22519281.43379
2014-10-17,42.689944781592,43.031524741179,42.307880306977,42.879870528938,23235276.766079
2014-10-20,42.74995559004,43.470996518452,42.709080549145,43.288881288474,17647232.077081
2014-10-21,40.800710805415,41.190585797398,40.262956684587,40.682121116702,55951427.440094
2014-10-22,40.190318873059,41.107664138001,40.098545293978,40.619767153043,27727781.784801
2014-10-23,40.940779416892,41.376476110771,40.739398244072,40.85928968568,23347179.587992
2014-10-24,40.977749199104,41.269472022821,40.921773824629,41.032552995973,13396322.776036
2014-10-27,40.69748180086,40.910188223865,40.561058097489,40.75983576452,17222526.147252
2014-10-28,40.75983576452,40.85928968568,40.511461312198,40.561058097489,18660971.158941
2014-10-29,40.65022817078,41.032552995973,40.521614984777,40.958613431551,25767748.918932
2014-10-30,41.001831627657,41.591786039566,40.828698492653,41.398215384114,18295605.50589
2014-10-31,41.827533488808,41.889887452467,41.398215384114,41.881035532783,18477683.556245
2014-11-03,41.789261953702,42.28223577495,41.591786039566,41.80969947415,13239535.43689
2014-11-04,41.781711786912,42.050393584392,41.658045261909,41.816078063334,10105328.655057
2014-11-05,42.349926925478,42.54349758093,41.990643126522,42.307880306977,20674860.892989
2014-11-06,42.458102591034,42.619910475853,42.113007898631,42.288744539424,11528206.469099
2014-11-07,42.371536023531,42.458102591034,42.142167163473,42.316732226662,11803493.04669
2014-11-10,42.250473004318,42.569011937668,42.091268625288,42.39184336869,9088938.9189115
2014-11-11,42.381689696111,42.709080549145,42.361382350952,42.510433057403,8563690.2262392
2014-11-12,42.510433057403,42.888722448623,42.307880306977,42.709080549145,12768268.413707
2014-11-13,42.649199915985,43.077346443075,42.631365901327,42.790700455647,12006911.336527
2014-11-14,42.699057051855,42.967738849335,42.500279384824,42.728216316698,10939475.508926
2014-11-17,42.739671742172,42.989478122678,42.728216316698,42.919443816939,10663995.0576
2014-11-18,42.999631795257,43.863344840935,42.74995559004,43.528273645822,26142991.143757
2014-11-19,43.648034912141,44.429086649001,43.557693261244,44.221457062286,25400723.957867
2014-11-20,43.961497009201,44.418932976422,43.852019590751,44.249444749523,13465246.8517
2014-11-21,44.579439108347,44.739815064982,44.28003594255,44.50159428524,14382571.817902
2014-11-24,44.509274627319,44.781991858773,44.201019541838,44.269752094682,12890422.996246
2014-11-25,44.269752094682,44.590894533821,44.120701388231,44.429086649001,10741654.440207
2014-11-26,43.990027826088,44.368305995806,43.971023420432,44.292288373183,9200463.234852
2014-11-28,44.229198917673,44.99958839592,44.151888478339,44.827643773321,10501970.417021
2014-12-01,44.180976854343,44.771923373065,44.12784208751,44.546714701962,10065658.819798
2014-12-02,44.368305995806,44.668239472821,44.229198917673,44.539087083365,9878097.8489569
2014-12-03,44.420147945928,44.441737985006,43.758355071428,43.800113051202,15246480.464267
2014-12-04,43.630495498683,43.842000312647,43.369992931362,43.499016039147,13804775.76967
2014-12-05,43.499016039147,43.606578389525,43.19662621038,43.531982865284,12536929.932068
2014-12-08,43.509100009495,43.630495498683,43.087771043291,43.142198626836,12805563.916595
2014-12-09,42.307168313026,42.531084167418,41.670714646066,42.036452493685,25706709.897228
2014-12-10,42.036452493685,42.242656759133,41.560695943937,41.601161107,18324062.01322
2014-12-11,41.620036230985,42.007364117682,41.499804276836,41.52656558276,16201423.827942
2014-12-12,41.388492757996,41.608659443925,40.872400326856,40.909116321456,18431679.365351
2014-12-15,41.129153725715,41.183581309259,40.558504429359,40.569881216419,23378307.64449
2014-12-16,40.218235070953,41.311440882004,39.799491738172,40.391472510263,23462918.217245
2014-12-17,40.520624899719,41.76172894254,40.382681356626,41.549189875207,20223737.555771
2014-12-18,41.852872520685,42.393140624325,41.749188620441,42.393140624325,18030497.563265
2014-12-19,42.438777054233,42.786674031236,41.888295698573,41.952936534137,24009101.214512
2014-12-22,42.138843577218,42.438777054233,42.09204361227,42.3489262928,11190861.044589
2014-12-23,42.538582504343,43.142198626836,42.467736148565,42.968961187526,13411264.211275
2014-12-24,43.096691478599,43.228300219807,42.918282772444,42.937287178099,6405908.540888
2014-12-26,42.968961187526,43.304188560758,42.925781109369,42.957455118795,6466880.8531008
2014-12-29,42.819511575703,43.058682667288,42.490619004355,42.860106020436,8694510.0927461
2014-12-30,42.741166882999,42.989129128221,42.651316121566,42.761334823695,9222024.4834993
2014-12-31,42.918282772444,42.937287178099,42.221066720055,42.221066720055,9369022.0759585
2015-01-02,42.261661164789,42.39947542621,41.801030570563,42.138843577218,9921091.5209349
2015-01-05,42.689195651206,42.968961187526,42.081830360251,42.138843577218,26292564.770056
2015-01-06,42.407232326478,42.937287178099,42.242656759133,42.46023781164,16897485.995051
2015-01-07,42.780339229351,43.106775448947,42.579176949077,42.989129128221,13412271.893986
2015-01-08,43.182663789899,43.571155211636,43.096691478599,43.509100009495,21743626.573617
2015-01-09,43.468634846432,43.562234776328,42.947371148447,43.034636276458,12733546.611535
2015-01-12,43.066181004213,43.19662621038,42.46023781164,42.642524967929,11415811.390858
2015-01-13,42.82959554605,43.238384190155,42.450024559621,42.631018899199,12529492.838495
2015-01-14,42.081830360251,42.599474171444,42.071875671574,42.560172543421,13447646.694332
2015-01-15,42.82959554605,42.860106020436,42.167931953222,42.383056653977,11193062.139764
2015-01-16,42.360303079859,42.589390201096,42.242656759133,42.531084167418,15114873.15057
2015-01-20,42.699408903225,43.328234951588,42.610721676832,43.163788665914,17001971.232215
2015-01-21,42.894236381614,43.431918851832,42.761334823695,43.358486862632,10720338.816926
2015-01-22,43.369992931362,43.83307987734,43.066181004213,43.782401462258,14709118.444827
2015-01-23,43.596365137506,43.746978284369,43.182663789899,43.312979714395,12357722.848484
2015-01-26,43.182663789899,43.228300219807,42.82959554605,43.000505915281,11151810.375782
2015-01-27,42.538582504343,42.642524967929,42.150220364277,42.393140624325,15274038.017797
2015-01-28,42.589390201096,42.786674031236,41.899672485633,41.918676891288,13205040.166296
2015-01-29,41.768193026096,42.150220364277,41.469552365793,42.102127582618,13657918.067282
2015-01-30,41.83516093174,41.93147577673,41.108856503348,41.170911705489,19192707.429563
2015-02-02,41.21008405184,41.628956666292,40.900066604477,41.590947854981,15195765.966877
2015-02-03,41.749188620441,41.852872520685,41.369617634011,41.628956666292,13193125.00979
2015-02-04,41.768193026096,42.09204361227,41.620036230985,41.680798616414,16399991.85534
2015-02-05,41.801030570563,41.823913426352,41.511310345567,41.788490248463,11078161.810241
2015-02-06,41.590947854981,41.76172894254,41.322688387392,41.453133593559,12366251.400741
2015-02-09,41.375823154225,41.453133593559,41.041888597704,41.226632105745,13370668.428979
2015-02-10,42.918282772444,43.034636276458,42.199605962648,42.39947542621,32183984.503527
2015-02-11,42.09204361227,42.490619004355,41.701095838781,42.372843401958,20496180.976113
2015-02-12,42.407232326478,42.660236556874,42.071875671574,42.167931953222,13818225.765252
2015-02-13,42.048992815785,42.232443507114,41.76172894254,41.991979598817,10791990.985192
2015-02-17,41.811114540911,41.878341009897,41.63904063664,41.811114540911,12803972.173081
2015-02-18,41.749188620441,41.801030570563,41.469552365793,41.728891398074,9789767.1487375
2015-02-19,41.680798616414,42.242656759133,41.52656558276,42.111048017926,16578268.709474
2015-02-20,42.036452493685,42.111048017926,41.63904063664,41.971811658122,15982329.896485
2015-02-23,41.711179809129,42.167931953222,41.690882586762,41.852872520685,11830337.283049
2015-02-24,41.852872520685,42.329921887144,41.768193026096,42.130052423581,12782659.091
2015-02-25,42.167931953222,42.242656759133,41.738975368422,42.048992815785,10323314.990324
2015-02-26,42.036452493685,42.547632221322,41.971811658122,42.46023781164,14346137.696714
2015-02-27,42.520870915399,43.662298789781,42.467736148565,43.304188560758,28312800.262438
2015-03-02,43.119445052718,43.28143498664,43.077687072943,43.19662621038,13514598.714302
2015-03-03,43.106775448947,43.163788665914,42.838515981358,42.947371148447,10036299.292479
2015-03-04,42.882859594555,42.980208692914,42.467736148565,42.501866509743,16262898.796002
2015-03-05,42.579176949077,42.610721676832,42.25144791277,42.39947542621,9222900.1795334
2015-03-06,42.119839171562,42.199605962648,41.331738104371,41.521394315915,18180399.652948
2015-03-09,41.52656558276,41.549189875207,41.322688387392,41.388492757996,10123201.059097
2015-03-10,41.097479716289,41.149450948082,40.678736383508,40.687527537144,14598998.087879
2015-03-11,40.697740789163,40.730707615301,40.077705894437,40.100588750227,18549600.371988
2015-03-12,40.098052058562,40.571175582375,40.020095662227,40.571175582375,17728698.940549
2015-03-13,40.571175582375,40.571175582375,39.608644879594,40.081768403407,17439014.786099
2015-03-16,40.098052058562,40.348974209267,39.990092707058,40.289994040987,15238702.201576
2015-03-17,40.672724046023,40.730550254489,40.321407391484,40.509502841195,21661799.552382
2015-03-18,40.479499886027,40.789402205012,39.800586862019,40.598614182401,26247398.152728
2015-03-19,40.479499886027,40.519760261766,39.958807574318,40.020095662227,16057498.331068
2015-03-20,40.071510982836,40.660286923581,40.010222894928,40.648875543197,31608401.022826
2015-03-23,40.63887455814,40.937621932255,40.498347896325,40.616180015128,17060498.885878
2015-03-24,40.907362541572,40.991601608007,40.469370683213,40.469370683213,13485700.075091
2015-03-25,40.590023592673,40.701573041377,40.238578720378,40.449496930858,22811301.723229
2015-03-26,40.338973224211,40.559635984233,40.228449517564,40.348974209267,17359596.789185
2015-03-27,40.479499886027,40.479499886027,39.966115986475,40.081768403407,14384297.509143
2015-03-30,40.109207003433,40.610025562786,39.941241741591,40.509502841195,12561397.918853
2015-03-31,40.509502841195,40.898643734087,40.348974209267,40.55489192722,16604779.566588
2015-04-01,40.768118057328,40.809532392882,40.228449517564,40.68400720865,14300699.785421
2015-04-02,40.730550254489,40.869794738733,40.479499886027,40.68400720865,14343101.898605
2015-04-06,40.768118057328,41.612560205792,40.590023592673,41.170978250233,19843400.838547
2015-04-07,41.049171380959,41.370485080329,40.971471420138,41.011475360363,9773387.0570209
2015-04-08,40.982626365008,41.090585716512,40.737986884403,40.88736057146,8954602.084092
2015-04-09,40.800813585397,41.079430771642,40.627591395513,41.049171380959,12710883.915613
2015-04-10,41.090585716512,41.159566869849,40.85338286582,40.878513546218,8719898.2712193
2015-04-13,40.907362541572,40.971471420138,40.701573041377,40.701573041377,9616200.640789
2015-04-14,40.590023592673,40.648875543197,40.321407391484,40.509502841195,11209600.158158
2015-04-15,40.579766172103,40.809532392882,40.321407391484,40.400389529877,11171068.575593
2015-04-16,40.411800910262,40.862229891062,40.299995026043,40.598614182401,13120966.515217
2015-04-17,40.458087520586,40.660286923581,40.098052058562,40.299995026043,15330301.571982
2015-04-20,40.421673677561,40.898643734087,40.411800910262,40.660286923581,13023937.086
2015-04-21,40.672724046023,40.991601608007,40.543352329078,40.776836864813,19664241.5706
2015-04-22,41.556144392655,41.567555773039,41.066737213686,41.308940556906,26886506.671307
2015-04-23,41.231112378328,41.410617238311,40.917491744386,40.950059054697,17408700.012516
2015-04-24,41.020322385605,41.120588671681,40.809532392882,40.88736057146,11623317.406754
2015-04-27,41.020322385605,41.150848062364,40.776836864813,40.832098718137,10044499.517814
2015-04-28,40.971471420138,40.971471420138,40.598614182401,40.768118057328,12174692.304161
2015-04-29,40.660286923581,40.748116087216,40.400389529877,40.487064733697,11371300.201203
2015-04-30,40.400389529877,40.579766172103,40.281147015745,40.559635984233,12700699.566978
2015-05-01,40.579766172103,40.929928866827,40.498347896325,40.907362541572,10848300.429134
2015-05-04,40.878513546218,41.10186887914,40.768118057328,40.961342217324,10204801.00594
2015-05-05,41.139436681979,41.139436681979,40.68400720865,40.748116087216,11721202.703767
2015-05-06,41.03660604076,41.090585716512,40.390388544821,40.660286923581,11905974.520024
2015-05-07,40.530915206636,40.907362541572,40.509502841195,40.701573041377,13834435.919877
2015-05-08,41.001474375306,41.170978250233,40.85338286582,40.982626365008,11144398.01377
2015-05-11,40.982626365008,41.389333090627,40.878513546218,40.937621932255,10113499.675158
2015-05-12,40.768118057328,40.961342217324,40.519760261766,40.691572056321,12384500.245697
2015-05-13,40.748116087216,41.360355877516,40.721703229247,41.049171380959,13183746.091541
2015-05-14,41.29893957185,41.601405260922,41.249960388626,41.500882539331,9960900.9971959
2015-05-15,41.449467218722,41.686670069414,41.428183071038,41.517294412244,8478788.9971322
2015-05-18,41.493445909418,41.493445909418,41.249960388626,41.320223719534,11492454.105083
2015-05-19,41.231112378328,41.389333090627,41.12956391468,41.308940556906,9071995.4291927
2015-05-20,41.370485080329,41.591276058108,41.308940556906,41.351637070031,10965231.573748
2015-05-21,41.259961373682,41.320223719534,41.066737213686,41.231112378328,9270898.6268541
2015-05-22,41.120588671681,41.241241581141,41.03660604076,41.209828230644,11909399.585002
2015-05-26,41.120588671681,41.18097923529,40.737986884403,40.991601608007,15193797.033692
2015-05-27,40.937621932255,41.197262890445,40.832098718137,41.120588671681,9863101.765102
2015-05-28,41.197262890445,41.29893957185,40.878513546218,41.139436681979,9395168.3995263
2015-05-29,41.18097923529,41.18097923529,40.756834894701,40.961342217324,19628601.131765
2015-06-01,41.360355877516,41.410617238311,40.878513546218,40.937621932255,12684049.192927
2015-06-02,40.843381880764,41.159566869849,40.68400720865,40.991601608007,11878840.163922
2015-06-03,41.10186887914,41.209828230644,40.776836864813,40.869794738733,8153699.4885771
2015-06-04,40.710420066619,40.982626365008,40.530915206636,40.590023592673,10145700.704862
2015-06-05,40.479499886027,40.519760261766,40.081768403407,40.098052058562,15975498.386613
2015-06-08,40.098052058562,40.259862868062,40.020095662227,40.159468364228,14339198.695193
2015-06-09,40.172161922184,40.421673677561,40.109207003433,40.200882699781,10772740.212481
2015-06-10,40.321407391484,40.543352329078,40.281147015745,40.330126198969,11979775.187241
2015-06-11,40.118519147888,40.250265834114,40.028865273574,40.102241565034,11944857.597093
2015-06-12,40.03865725701,40.118519147888,39.842181745215,39.960321389524,15548000.336877
2015-06-15,39.829592052226,39.860875531774,39.569405063791,39.591913908831,11364699.54057
2015-06-16,39.679024410825,40.149548290204,39.601833060883,40.08240326093,12517401.954908
2015-06-17,40.08240326093,40.318682549548,40.008899800854,40.268959620673,13898401.23748
2015-06-18,40.156924069935,40.738211813892,40.156924069935,40.65364468422,16314498.768091
2015-06-19,40.588788690035,40.65364468422,40.399688957971,40.399688957971,23550499.044971
2015-06-22,40.514267881031,40.810443587808,40.459458207514,40.480568197778,8775898.962005
2015-06-23,40.428301896582,40.522788178306,40.310162252273,40.380995171412,11094929.868812
2015-06-24,40.372220536905,40.448267369302,40.190623753187,40.190623753187,10384999.065693
2015-06-25,40.279005941341,40.34373476691,40.018818952906,40.018818952906,10607499.688413
2015-06-26,40.102241565034,40.352382232801,40.000125166347,40.000125166347,16215503.008513
2015-06-29,39.799707427454,39.980286862243,39.400270804446,39.400270804446,15500700.755914
2015-06-30,39.61060769539,39.61060769539,39.115413104498,39.232281062646,14621322.572544
2015-07-01,39.380305331727,39.601833060883,39.2794606192,39.499716662196,11177399.820558
2015-07-02,39.62930148195,39.809753748122,39.352964079276,39.48992467876,8975901.5710592
2015-07-06,39.380305331727,39.601833060883,39.222234741978,39.418964591005,10252500.942775
2015-07-07,39.48992467876,40.380995171412,39.400270804446,40.250265834114,20335001.716705
2015-07-08,39.991477700456,40.230300361395,39.842181745215,39.860875531774,11383698.434581
2015-07-09,40.459458207514,40.578869537983,39.89928045382,39.91797424038,13392000.284583
2015-07-10,40.268959620673,40.522788178306,40.156924069935,40.390914323464,13360298.501531
2015-07-13,40.557632379103,40.771784328529,40.49048734983,40.661020463951,9854200.6918111
2015-07-14,40.902513665827,41.261001994467,40.842744416284,41.170076433993,19531043.020101
2015-07-15,41.153926019755,41.357904479896,41.097844660077,41.131417174714,11252042.350101
2015-07-16,41.44145426064,41.598253164228,41.3468408103,41.477442978982,10483600.32062
2015-07-17,41.309453237182,41.318227871689,41.049393417363,41.2509556738,9608298.9531276
2015-07-20,41.3468408103,41.54217180455,41.216111473002,41.380413324937,10024099.623208
2015-07-21,41.380413324937,41.521061814286,41.097844660077,41.187498534391,13653798.712685
2015-07-22,40.810443587808,41.588334012176,40.588788690035,40.902513665827,15528598.903499
2015-07-23,40.99089585398,41.020780478752,40.480568197778,40.842744416284,13522198.067759
2015-07-24,40.761865176477,40.831553578072,40.408336423862,40.438221048634,10912502.401753
2015-07-27,40.279005941341,40.578869537983,40.156924069935,40.540210278705,10945599.81531
2015-07-28,40.65364468422,40.72829266184,40.438221048634,40.549112081828,11021800.276658
2015-07-29,40.531689981429,40.708454357737,40.49048734983,40.588788690035,8479897.5431608
2015-07-30,40.549112081828,40.750547169649,40.390914323464,40.557632379103,9095399.5203717
2015-07-31,40.880131989402,41.216111473002,40.771784328529,41.081694245839,15309401.353318
2015-08-03,40.846559474765,41.553489811379,40.842744416284,41.54217180455,14672371.152893
2015-08-04,41.509870976074,41.869630990875,41.338193344409,41.848393831995,17559902.543983
2015-08-05,41.920625605911,42.217945830232,41.821052579545,42.118499972482,15329200.505233
2015-08-06,41.998961473397,42.247957623619,41.858440152663,41.920625605911,11378873.586465
2015-08-07,41.812277945037,41.967805162465,41.530980966338,41.768786278349,10886699.708602
2015-08-10,41.889469294979,41.987770635184,41.577016005348,41.684091980061,9501799.5704769
2015-08-11,41.401650483817,41.570911911777,41.170076433993,41.477442978982,11254885.836775
2015-08-12,41.131417174714,41.261001994467,40.846559474765,41.261001994467,9793197.0959495
2015-08-13,41.282111984731,41.380413324937,41.010734158084,41.097844660077,10270800.012853
2015-08-14,41.010734158084,41.2509556738,40.959739543049,41.2509556738,9905598.7823896
2015-08-17,41.030699630804,41.448830040371,40.9696586951,41.3468408103,8272797.8677609
2015-08-18,41.282111984731,41.530980966338,41.187498534391,41.302077457451,11199300.051212
2015-08-19,41.142608012926,41.239764835587,40.781830649197,40.781830649197,15796501.306811
2015-08-20,40.522788178306,40.820235571243,40.415839372209,40.549112081828,14217898.581958
2015-08-21,40.156924069935,40.471793563271,39.50989015148,39.529728455584,28036098.872034
2015-08-24,37.990098021085,38.9434811356,36.558815247459,38.379742660657,44063825.701763
2015-08-25,39.127748460254,39.2794606192,37.930455940158,37.990098021085,31363698.995231
2015-08-26,38.74815014135,38.827757694996,37.89306836704,38.729456354791,23523202.697757
2015-08-27,39.061875117141,39.380305331727,38.598599848877,39.268396949604,18871498.736573
2015-08-28,39.107782987535,39.472502578362,39.051701627857,39.449993733321,14503800.36037
2015-08-31,39.148985619135,39.449993733321,39.051701627857,39.3206632508,12673199.152872
2015-09-01,38.672103308953,39.031736155138,38.541628308887,38.74815014135,23703201.269588
2015-09-02,39.031736155138,39.072938786738,38.56019492683,38.901133986456,14054801.039287
2015-09-03,38.901133986456,39.341773241064,38.836532329503,39.161320974891,13311499.642201
2015-09-04,38.679733425916,38.792913494199,38.379742660657,38.520391150007,15450501.445249
2015-09-08,38.867561471819,39.031736155138,38.598599848877,38.901133986456,15273899.148686
2015-09-09,39.115413104498,39.213587276087,38.200434912029,38.298863420851,13764499.44934
2015-09-10,38.308782572902,38.653409522394,38.247868805815,38.419546437481,14950177.14952
2015-09-11,38.009239709665,38.190789624359,37.840171351607,38.128886146502,11802199.498547
2015-09-14,38.220291485496,38.220291485496,37.850257457979,38.099384285364,8949999.4966925
2015-09-15,38.07227787449,38.629913480523,37.91808652333,38.496650800085,13019802.688503
2015-09-16,38.668240684736,39.19019668948,38.470931228837,39.149474035003,22233300.640651
2015-09-17,39.149474035003,39.612174164812,39.03953547555,39.382715244852,21232472.022533
2015-09-18,38.863280766702,39.29748764601,38.710224102509,38.980405676945,27527196.968477
2015-09-21,39.046973978999,39.308708439349,38.939683022469,39.19019668948,12935700.022164
2015-09-22,38.679209325416,38.991500393954,38.581878398927,38.786626358276,15021298.648609
2015-09-23,38.786626358276,38.883074750457,38.549728934867,38.760906787028,8910788.3253545
2015-09-24,38.518966310433,39.198769879896,38.507745517094,39.149474035003,19385665.806897
2015-09-25,39.428354876185,40.077395821214,39.330897873367,39.619612668261,22511299.360199
2015-09-28,39.520894902147,39.816922124161,39.330897873367,39.530728855859,19323119.84325
2015-09-29,39.520894902147,39.710765854597,39.330897873367,39.658948483112,14166900.654047
2015-09-30,39.882229662918,40.22906564578,39.798388903702,40.12177468925,19752598.182849
2015-10-01,40.218097005101,40.470880046046,39.601079447803,39.798388903702,19606597.899122
2015-10-02,39.55909603003,40.388300050126,39.360525810834,40.388300050126,15537199.923724
2015-10-05,40.450077451654,41.05335268902,40.431544231195,41.008973820984,15660440.822446
2015-10-06,41.042257972011,41.343328247211,40.931184725591,40.959677976091,14579299.932307
2015-10-07,41.137319524566,41.607332081494,41.100253083649,41.519709032389,14401358.87011
2015-10-08,41.258226724698,41.989973741976,41.258226724698,41.982409162197,11960098.557
2015-10-09,41.823300834181,42.119454132525,41.780182729442,42.018214839817,13931000.677988
2015-10-12,41.83452162752,42.289783253879,41.810945353876,41.997412245425,12298496.403642
2015-10-13,41.799976713196,41.90966311999,41.539503016143,41.650576262563,12903499.905191
2015-10-14,41.560557763195,41.963875941739,41.560557763195,41.681464963327,14180002.921516
2015-10-15,41.90966311999,42.026914106563,41.600019654374,41.920883913329,11801500.09502
2015-10-16,42.119454132525,42.211994158487,41.876378968963,42.018214839817,20384200.08969
2015-10-19,41.899829166278,42.06019825759,41.799976713196,41.989973741976,15553775.706279
2015-10-20,41.997412245425,42.398334973707,41.997412245425,42.289783253879,16199275.725623
2015-10-21,41.940551820754,42.516720647246,41.712353664091,42.188543961172,19441800.436469
2015-10-22,42.440318391479,43.849347451627,42.409429690716,43.241155237404,35920099.26873
2015-10-23,43.307723539459,43.307723539459,42.751222620392,42.788289061308,18796000.55698
2015-10-26,42.761182650434,42.890663040983,42.462507825497,42.589592765783,14788501.819834
2015-10-27,42.498187426788,42.768495077554,42.482175732923,42.614303726394,30166600.813228
2015-10-28,42.751222620392,42.840106432794,42.211994158487,42.731428636637,13667297.993461
2015-10-29,42.656161067837,42.900623071025,42.339079098772,42.788289061308,9427299.045954
2015-10-30,42.797996938691,42.861035103515,42.351560655407,42.351560655407,15356097.363079
2015-11-02,42.319285115017,42.36126853279,41.899829166278,42.240361332657,16252217.249869
2015-11-03,42.178710007459,42.319285115017,41.810945353876,42.158916023705,9693094.2680343
2015-11-04,42.269989270125,42.388501019994,41.888734449269,41.972701284814,10488505.719914
2015-11-05,41.997412245425,42.351560655407,41.982409162197,42.331766671652,9625100.5749428
2015-11-06,41.972701284814,42.221828112199,41.607332081494,41.963875941739,11926701.430744
2015-11-09,41.701132870752,41.788755919858,41.343328247211,41.539503016143,10842712.67966
2015-11-10,41.442046013325,41.810945353876,41.432085983283,41.770222699399,8283000.3153864
2015-11-11,41.940551820754,42.200899441478,41.920883913329,42.038008823572,9101098.2133165
2015-11-12,42.008380886105,42.049229616911,41.570391716907,41.581486433916,10724900.870428
2015-11-13,41.460579233784,41.780182729442,41.356944490813,41.377873161534,11619399.081135
2015-11-16,41.432085983283,41.997412245425,41.389093954873,41.963875941739,11244800.010665
2015-11-17,41.850533321385,42.151603596585,41.498906437997,41.670370246318,12739303.783693
2015-11-18,41.770222699399,42.351560655407,41.681464963327,42.27868853687,12966199.04064
2015-11-19,42.319285115017,43.29650274612,42.319285115017,43.109027243933,24090720.284555
2015-11-20,43.307723539459,43.578031190224,42.398334973707,42.429097598141,19780700.751465
2015-11-23,42.55126556157,43.179377835877,42.526680677288,42.958492106333,13338100.180238
2015-11-24,42.701926775499,43.600094547913,42.656161067837,43.362062437537,15767101.076017
2015-11-25,43.320079019764,43.502637545095,43.241155237404,43.362062437537,10344800.581945
2015-11-27,43.041805851031,43.236487592431,42.799329491884,43.152033752171,6173917.5333274
2015-11-30,43.117751748865,43.152033752171,42.610778473703,42.623039920141,16062999.150654
2015-12-01,42.732016653276,43.099359579208,42.732016653276,42.892416391371,11153029.913858
2015-12-02,42.827480771971,42.929200730684,42.590009084839,42.771178211797,12598498.664327
2015-12-03,42.732016653276,42.892416391371,42.315627941593,42.457635510031,15004858.422222
2015-12-04,42.580124857608,43.480090002782,42.580124857608,43.291538984601,16487899.51796
2015-12-07,43.311182322261,43.441053561061,43.000267073303,43.200954421121,12030699.581147
2015-12-08,43.051690078261,43.248749038869,42.790696432657,43.01240340294,10736211.912687
2015-12-09,42.779686154223,43.258508149299,42.500550572563,42.65857309145,12945499.78709
2015-12-10,42.732016653276,43.068831079914,42.529953020654,42.760167933363,15483299.871525
2015-12-11,42.630421811363,42.827480771971,42.141715589057,42.270335659854,17313398.438744
2015-12-14,42.309622335175,42.760167933363,41.970305572529,42.449127567605,20090892.087074
2015-12-15,42.837364999201,43.236487592431,42.760167933363,43.068831079914,17916297.873427
2015-12-16,43.248749038869,43.91124249691,43.248749038869,43.841427322295,21868599.412805
2015-12-17,43.810898823001,43.890347991246,43.421410223401,43.488723062008,14697000.059003
2015-12-18,43.357725772005,43.421410223401,42.500550572563,42.500550572563,24583599.06614
2015-12-21,42.817721661541,42.938959841114,42.457635510031,42.779686154223,10444301.053347
2015-12-22,42.860511607272,43.388379388099,42.708744928405,43.291538984601,12280333.385578
2015-12-23,43.388379388099,43.727445917144,43.350468997582,43.672394524974,9092199.6788704
2015-12-24,43.488723062008,43.720189142721,43.421410223401,43.539020015763,3036573.6212051
2015-12-28,43.441053561061,43.520627846106,43.311182322261,43.488723062008,6326031.3062354
2015-12-29,43.539020015763,43.78137125811,43.497231004434,43.709178864288,7739816.560803
2015-12-30,43.749591590812,43.770360979676,43.450812671491,43.569548515057,5110584.5563462
2015-12-31,43.301298095031,43.340584770352,42.870395834503,42.958603178775,9726892.8569472
2016-01-04,42.337648498461,42.500550572563,41.96417484931,42.400206898654,16040871.25404
2016-01-05,42.309622335175,42.626668307352,42.171243153948,42.549471241514,15769452.545191
2016-01-06,42.196892098027,42.509058514989,42.041371915148,42.315627941593,16245114.1244
2016-01-07,41.652008432348,42.10993592176,41.449819682925,41.621354816254,20456462.154081
2016-01-08,41.652008432348,42.120946200193,41.407029737194,41.513629251122,14645730.075339
2016-01-11,41.579690921726,41.858826503386,41.289545061632,41.579690921726,15807746.807371
2016-01-12,42.302115327152,42.449127567605,41.868710730616,42.120946200193,21805035.608813
2016-01-13,42.171243153948,42.569114579174,41.791513664778,41.849192509756,16829601.411274
2016-01-14,41.991200078194,42.171243153948,41.643375373122,41.880972177054,16027465.159015
2016-01-15,40.946599911775,41.589575148956,40.923328186903,41.502493855888,21131970.586988
2016-01-19,41.773246611922,42.120946200193,41.652008432348,41.918882567571,15462199.318207
2016-01-20,41.449819682925,41.621354816254,40.751918170375,41.381380793115,19923489.845296
2016-01-21,41.449819682925,41.513629251122,41.084979093001,41.392391071548,15547324.265038
2016-01-22,41.643375373122,42.238555992556,41.449819682925,42.058512916801,15209224.606444
2016-01-25,42.23980716056,42.500550572563,41.928641678001,42.162610094722,12483361.083582
2016-01-26,42.162610094722,42.500550572563,41.928641678001,42.078156254462,12994237.34503
2016-01-27,42.177248760367,42.457635510031,41.808654666431,42.090292584099,14159245.45901
2016-01-28,42.177248760367,42.719755206839,42.058512916801,42.569114579174,16622810.598877
2016-01-29,42.860511607272,43.258508149299,42.64868886422,42.920567671457,20425553.657215
2016-02-01,42.600894246472,43.152033752171,42.569114579174,43.000267073303,17060806.734935
2016-02-02,42.698985817975,42.790696432657,42.406212505072,42.439243340374,12324988.519722
2016-02-03,42.799329491884,42.933955169099,42.282597106292,42.719755206839,15958298.332486
2016-02-04,42.51894274222,42.892416391371,42.400206898654,42.529953020654,14413632.971967
2016-02-05,42.929200730684,42.990382846073,42.260451432623,42.439243340374,17299961.311091
2016-02-08,42.171243153948,42.698985817975,41.901741565918,42.64868886422,17252431.575675
2016-02-09,42.260451432623,43.488723062008,42.260451432623,43.301298095031,24839358.547886
2016-02-10,43.340584770352,43.388379388099,42.509058514989,42.549471241514,16728123.903112
2016-02-11,42.030361636714,42.610778473703,41.981315850963,42.412468345092,16825075.547566
2016-02-12,42.719755206839,43.133641582514,42.560481519948,43.109118689638,15205068.684319
2016-02-16,43.320941432691,43.459445730718,43.02216251337,43.357725772005,12675526.545358
2016-02-17,43.421410223401,43.618469184008,43.281904990971,43.488723062008,12313676.310397
2016-02-18,43.630855747246,43.727445917144,43.301298095031,43.607584022374,11154719.558754
2016-02-19,43.580558793491,43.770360979676,43.281904990971,43.770360979676,12849867.845948
2016-02-22,43.759475818042,44.16097563048,43.630855747246,43.941770996204,20714539.283102
2016-02-23,43.739832480382,44.051998897344,43.66138424654,43.690786694631,11157041.289271
2016-02-24,43.565795011046,43.941770996204,43.367609999235,43.91124249691,10817813.023016
2016-02-25,43.960163165861,44.18061896814,43.862321827959,44.16097563048,10898228.36032
2016-02-26,44.04098861891,44.057003569359,43.104239134423,43.139772305733,18397564.925119
2016-02-29,43.171551973031,43.605081686367,42.920567671457,43.128762027299,15018260.434007
2016-03-01,43.378495160869,43.690786694631,43.171551973031,43.690786694631,12358143.61548
2016-03-02,43.470456009152,43.770360979676,43.421410223401,43.770360979676,12856309.566072
2016-03-03,43.607584022374,43.977304167514,43.539020015763,43.960163165861,13117207.397592
2016-03-04,43.78137125811,44.149965352046,43.682153635404,44.108301457517,13685205.742905
2016-03-07,43.91124249691,44.140206241616,43.857317155944,44.009083834812,10682727.996055
2016-03-08,43.92087649054,44.46951366023,43.810898823001,44.321500485374,18888698.719018
2016-03-09,44.391315659989,44.830850979744,44.291972920483,44.811207642083,18463248.747549
2016-03-10,44.841736141377,45.259376021064,44.681461520084,45.229973572974,28903970.432322
2016-03-11,45.002632611142,45.251923036486,44.929881520877,45.198414982043,16069513.724084
2016-03-14,45.037890818711,45.420765157238,45.037890818711,45.290657405365,13206532.98873
2016-03-15,45.079356457189,45.560308204094,45.070666053915,45.241991147031,13686303.213101
2016-03-16,45.047822708166,45.169240056766,44.548248668532,45.047822708166,15385481.434295
2016-03-17,45.047822708166,45.912766131163,44.962656756082,45.77434042187,24076927.088157
2016-03-18,45.838649406097,45.870307303738,45.390224597161,45.601773842573,23853439.350774
2016-03-21,45.420765157238,45.870307303738,45.35993233432,45.668565799164,9740372.3089753
2016-03-22,45.549507274311,45.730515959646,45.390224597161,45.499723678413,13787792.70423
2016-03-23,45.398915000435,45.708789951461,45.349007255919,45.460741012298,9292045.4406597
2016-03-24,45.448698596333,45.601773842573,45.188607241205,45.579799537151,10888270.84689
2016-03-28,45.560308204094,45.928657154292,45.509283122014,45.798549402419,13305420.92382
2016-03-29,45.860623711519,46.513024700157,45.807115657075,46.47900797877,24998895.174888
2016-03-30,46.630841738828,46.729291593061,46.328291556276,46.578575170567,14311955.630663
2016-03-31,46.549524393908,46.881125353119,46.317490626493,46.392724689122,15538555.148104
2016-04-01,46.14119958865,46.871441760899,46.109665839627,46.831341757221,14922512.274458
2016-04-04,46.839908011876,46.927432787707,46.500982284192,46.890933093956,10622261.124586
2016-04-05,46.620040809045,46.809615749036,46.438783826474,46.531274547032,10685785.6747
2016-04-06,46.570257213147,46.729291593061,46.380558124538,46.711041746185,9122643.0739479
2016-04-07,46.500982284192,46.578575170567,46.160690921707,46.359949453917,9291886.5984206
2016-04-08,46.438783826474,46.980692544915,46.438783826474,46.871441760899,11946949.427824
2016-04-11,46.898133713812,47.132526304973,46.412216022179,46.438783826474,11879672.744212
2016-04-12,46.412216022179,46.759583855901,46.350265861698,46.65281604425,11219100.54772
2016-04-13,46.771874569103,46.779075188959,45.816799249294,46.042873883036,13230766.717798
2016-04-14,46.061123729911,46.218916623643,45.746282834157,45.827848476314,12981239.552534
2016-04-15,45.816799249294,46.154483490797,45.679366728947,46.099858098789,13633418.62391
2016-04-18,46.130398658866,46.27974944656,45.816799249294,46.218916623643,11537943.832174
2016-04-19,46.308924371837,46.620040809045,46.151007329487,46.596825017442,14413713.425261
2016-04-20,45.339323663699,45.381782491123,44.059848004535,44.369722955561,40344681.686899
2016-04-21,44.259106536745,44.27735638362,42.870380093565,43.657730630187,37195153.668529
2016-04-22,43.788831571005,44.660106573529,43.788831571005,44.53868922493,25116045.852311
2016-04-25,44.500948044998,44.718332275465,44.380648033962,44.710014318046,11173721.048539
2016-04-26,44.918832293857,44.959056446154,44.427948657496,44.529998821656,13923243.159743
2016-04-27,44.64073938909,44.860606591922,44.250664430707,44.680715244151,11324838.451464
2016-04-28,44.500948044998,44.898223623236,44.460723892701,44.630807499634,10932507.175763
2016-04-29,44.529998821656,44.860606591922,44.500948044998,44.799773769004,11707235.091619
2016-05-02,44.568981487771,45.188607241205,44.568981487771,44.980906602957,12566084.375509
2016-05-03,44.870290184141,45.06483106886,44.651540318874,44.839873772682,10420254.948162
2016-05-04,44.718332275465,45.10964872003,44.505913989726,44.980906602957,9337558.268557
2016-05-05,44.929881520877,45.491157423757,44.870290184141,45.059865124132,8789663.653292
2016-05-06,45.059865124132,45.408474444036,44.915231983929,45.319832330642,8563794.9283672
2016-05-09,45.319832330642,45.499723678413,45.169240056766,45.241991147031,8110493.7466363
2016-05-10,45.441249679241,45.838649406097,45.420765157238,45.751124630267,8931386.3196791
2016-05-11,45.730515959646,45.881108233522,45.448698596333,45.460741012298,8833091.7796876
2016-05-12,45.549507274311,45.898116594215,45.485198290083,45.827848476314,10452914.723017
2016-05-13,45.751124630267,45.827848476314,45.231190217247,45.349007255919,10329201.309795
2016-05-16,45.158190829746,45.730515959646,45.143665441417,45.623748147994,9399949.5245656
2016-05-17,45.448698596333,45.560308204094,44.710014318046,44.749990173106,17456753.771602
2016-05-18,44.558056409369,44.830190180463,44.232414583832,44.480215225758,12524170.599987
2016-05-19,44.250664430707,44.390331626182,44.040356671477,44.321056697227,10652224.696473
2016-05-20,44.510631637217,44.53868922493,43.940789479681,43.952831895647,12913866.575959
2016-05-23,44.070773082936,44.153456062657,43.940789479681,43.971081742522,13553373.657986
2016-05-24,44.102430980577,44.417147727713,43.999015181617,44.369722955561,12633895.19701
2016-05-25,44.510631637217,44.630807499634,44.250664430707,44.380648033962,9218141.0029232
2016-05-26,44.529998821656,44.765757047617,44.438873735898,44.688040012624,8695715.4649114
2016-05-27,44.710014318046,44.959056446154,44.651540318874,44.780406584565,7893167.9358809
2016-05-31,44.980906602957,44.980906602957,44.259106536745,44.599273750612,18934806.31357
2016-06-01,44.599273750612,44.776806274637,44.49114030416,44.70008242859,8898124.0965413
2016-06-02,44.70008242859,44.718332275465,44.500948044998,44.718332275465,6682822.1768158
2016-06-03,44.749990173106,45.047822708166,44.680715244151,45.037890818711,13434860.064775
2016-06-06,45.090157386973,45.481473831537,45.079356457189,45.372098898904,10308550.172768
2016-06-07,45.349007255919,45.480232345355,45.198414982043,45.319832330642,9812130.3189508
2016-06-08,45.241991147031,45.657764869381,45.188607241205,45.549507274311,7915402.5571919
2016-06-09,45.327157099115,45.798549402419,45.311390224604,45.76329119485,8042846.7054743
2016-06-10,45.623748147994,46.011340134013,45.560308204094,45.989365828592,12356206.043591
2016-06-13,45.477850466171,45.670664419037,45.091976152832,45.12216108475,10603099.443896
2016-06-14,44.849511067055,45.129183701564,44.440720846219,45.040107351454,11296728.865477
2016-06-15,45.12216108475,45.337890945113,44.873782216394,45.008690381498,8352410.3650211
2016-06-16,44.867622026206,45.337890945113,44.720639888335,45.307829216999,11305129.131399
2016-06-17,45.169101733978,45.219738497319,44.378010110111,44.792960521135,20805234.432404
2016-06-20,45.091976152832,45.307829216999,44.961626528466,44.977396615346,10709191.261269
2016-06-21,45.159491837286,45.281093991585,44.997848446768,45.129183701564,7918896.4341724
2016-06-22,45.251032263471,45.323476100075,44.810825072678,44.858012129514,10738653.147626
2016-06-23,45.030374250958,45.169101733978,44.838792336129,45.081011014298,9653861.9306641
2016-06-24,44.19850216805,44.555300383705,43.817432803056,43.92831622643,25992712.540482
2016-06-27,43.66897221954,43.886180525548,43.312174003885,43.780102050521,15787870.624541
2016-06-28,44.058542646992,44.189877901787,43.66897221954,44.181623246936,16498912.622222
2016-06-29,44.388975248644,44.708442711764,44.238173792857,44.440720846219,12250901.71117
2016-06-30,44.520433707244,45.329513086458,44.490248775325,45.329513086458,16055852.293797
2016-07-01,45.318547947925,45.412675653988,45.070292283372,45.12216108475,11797926.763425
2016-07-05,45.159491837286,45.670664419037,45.14975873679,45.433127485411,12339041.889076
2016-07-06,45.49817909379,45.552511971243,44.915794713472,45.272839336734,10902570.7071
2016-07-07,45.423517588718,45.519986167053,44.971359628962,45.091976152832,9739822.6339094
2016-07-08,45.300436988774,45.519986167053,45.069060245335,45.380149849799,11119258.423614
2016-07-11,45.347500841806,45.768241831606,45.109963908179,45.573087006469,10937741.689183
2016-07-12,45.639370652885,45.711814489489,45.179820464904,45.579123992852,9746804.7485108
2016-07-13,45.606844848696,45.758755138717,45.433127485411,45.739412141529,8028212.679812
2016-07-14,45.728693410603,45.937154246545,45.579123992852,45.692471492301,7619232.7668128
2016-07-15,45.879371662587,45.90216436628,45.440396509832,45.628528718155,10620951.563972
2016-07-18,45.692471492301,45.700726147152,45.477850466171,45.628528718155,7958313.5769353
2016-07-19,45.457275430945,45.711814489489,45.433127485411,45.628528718155,7761078.5840346
2016-07-20,45.750130872455,45.768241831606,45.390991784529,45.510376270361,8466263.865558
2016-07-21,45.337890945113,45.510376270361,45.257192453658,45.448774368487,8138950.3940851
2016-07-22,45.49817909379,45.838221592135,45.457275430945,45.829966937284,8835344.7960772
2016-07-25,45.810623940095,45.829966937284,45.466885327638,45.573087006469,9134129.3754837
2016-07-26,45.530828101783,45.650089383811,44.827703993792,44.879695998974,15818027.487977
2016-07-27,43.900595370586,44.058542646992,43.101125888064,43.402605595836,37452673.110964
2016-07-28,43.272379175274,43.687083178691,43.220510373896,43.652093298426,13068392.137374
2016-07-29,43.718500148647,43.751025952836,43.479731176983,43.631641467004,16529294.233615
2016-08-01,43.687083178691,43.828274737786,43.426753541371,43.447205372793,12349422.590878
2016-08-02,43.350736794458,43.578663831392,43.306137017501,43.532832016398,12824315.025819
2016-08-03,43.659485526651,43.699157151458,43.372420663918,43.6413745675,12119062.568706
2016-08-04,43.55821199997,43.793284857522,43.402605595836,43.512380184976,11236059.35678
2016-08-05,43.652093298426,43.751025952836,43.411106658295,43.479731176983,10390057.454403
2016-08-08,43.426753541371,43.518293967556,43.220510373896,43.437595476101,8672915.0514973
2016-08-09,43.501415046442,43.6413745675,43.379689688339,43.471353318328,7281032.7033001
2016-08-10,43.6413745675,43.687083178691,43.501415046442,43.611312839386,8381338.9933082
2016-08-11,43.718500148647,43.869301604434,43.623263608349,43.751025952836,11303258.166849
2016-08-12,43.910205267279,44.189877901787,43.789588743409,44.029589753111,10918082.462834
2016-08-15,44.098337475602,44.331069460883,44.012710831997,44.238173792857,10390639.64284
2016-08-16,44.24913893139,44.24913893139,43.828274737786,43.828274737786,9705953.6971903
2016-08-17,44.012710831997,44.068152543684,43.780102050521,44.058542646992,11207121.605882
2016-08-18,44.012710831997,44.258625624279,44.001868897268,44.098337475602,9132901.9696618
2016-08-19,44.051273622571,44.058542646992,43.741416056144,43.919938367775,9385896.8479734
2016-08-22,43.937926123122,43.942731071468,43.72453713503,43.741416056144,8687412.5387717
2016-08-23,43.851190645283,43.980185027808,43.741416056144,43.851190645283,8420845.7035227
2016-08-24,43.817432803056,43.937926123122,43.663181640764,43.851190645283,11508874.351123
2016-08-25,43.851190645283,43.937926123122,43.631641467004,43.66897221954,9815157.1541874
2016-08-26,43.718500148647,43.919938367775,43.306137017501,43.318087786465,11817536.230079
2016-08-29,43.339894859728,43.611312839386,43.327820886961,43.540101040819,9544544.0263685
2016-08-30,43.45927934556,43.532832016398,43.12170092329,43.24231744716,9710276.1560698
2016-08-31,43.426753541371,43.45927934556,43.079442018605,43.426753541371,10200278.12254
2016-09-01,43.20979164297,43.411106658295,43.197594466399,43.350736794458,8450089.4765475
2016-09-02,43.520758043631,43.828274737786,43.471353318328,43.659485526651,9025873.0113575
2016-09-06,43.741416056144,43.799321843905,43.39780064749,43.789588743409,8585061.8211691
2016-09-07,43.718500148647,43.799321843905,43.532832016398,43.6413745675,8656549.9169871
2016-09-08,43.66897221954,43.72946528718,43.447205372793,43.631641467004,10020216.8592
2016-09-09,43.426753541371,43.426753541371,42.27036263939,42.27036263939,23607229.422561
2016-09-12,42.361903065575,43.23246114286,42.340342399919,43.186752531669,15921266.416145
2016-09-13,42.771032348193,42.771032348193,42.208887537292,42.280622103379,12962670.114511
2016-09-14,42.271090082673,42.411015258429,41.990017677222,42.108434703692,9823525.8645874
2016-09-15,42.012747880445,42.389507109143,41.882354725395,42.35846693915,10244481.56083
2016-09-16,42.169415195136,42.260213802636,41.962521463645,42.140696927622,16344766.902796
2016-09-19,42.163427130846,42.369098808399,42.077272328305,42.100002531529,7659862.2638655
2016-09-20,42.310562424829,42.528210230963,42.238827858743,42.340502746279,8391300.0953271
2016-09-21,42.280622103379,42.609476817756,42.100002531529,42.528210230963,13645256.072248
2016-09-22,42.706507900334,43.010188303614,42.688543707463,42.956417930397,9288215.4134109
2016-09-23,42.811604538893,42.939675791464,42.651393267787,42.7399921782,8852667.1972787
2016-09-26,42.706507900334,42.71836182352,42.012747880445,42.050998168665,15035268.632077
2016-09-27,42.190923344422,42.6298851185,42.000649546472,42.58564676599,11899758.92544
2016-09-28,42.6298851185,42.761378122093,42.031934127252,42.151451002266,15503714.18893
2016-09-29,42.021057847215,42.389507109143,41.850092501465,42.031934127252,12629681.736788
2016-09-30,42.208887537292,42.49949196345,42.060530189372,42.320094445536,14333042.595717
2016-10-03,42.310562424829,42.310562424829,41.888342789685,42.031934127252,11141197.050103
2016-10-04,42.340502746279,42.340502746279,41.780679837858,41.838116372885,13679778.798784
2016-10-05,41.929037185779,42.068962361536,41.668250875678,41.808298256829,9593354.8452508
2016-10-06,41.679004950321,41.938569206485,41.578552116721,41.708945271772,9722473.5213567
2016-10-07,41.826140244305,41.938569206485,41.565476139598,41.731675474995,8110192.7954539
2016-10-10,41.920605013615,41.990017677222,41.601282319945,41.731675474995,8983409.5869944
2016-10-11,41.658718854971,41.699413251065,41.399154598808,41.539079774564,12249058.852496
2016-10-12,41.632444695332,41.838116372885,41.499729637801,41.780679837858,12216484.247848
2016-10-13,41.649186834265,41.893108800038,41.511583560988,41.761493591051,17637029.729465
2016-10-14,41.850092501465,41.905084928619,41.621568415295,41.668250875678,9873323.3717279
2016-10-17,41.731675474995,41.860846576108,41.570119944558,41.601282319945,10777525.334564
2016-10-18,41.808298256829,42.000649546472,41.731675474995,41.967165268605,11288522.722892
2016-10-19,41.929037185779,42.113200714046,41.808298256829,42.050998168665,16365540.738193
2016-10-20,41.967165268605,42.108434703692,41.893108800038,41.929037185779,10620486.64375
2016-10-21,41.850092501465,42.169415195136,41.679004950321,42.128720799042,14390510.519259
2016-10-24,42.320094445536,42.771032348193,42.248359879449,42.560472454893,13392989.337382
2016-10-25,42.640639193143,42.882117051043,42.430201505236,42.540186359543,16443943.029065
2016-10-26,43.000534077514,43.032918506837,42.411015258429,42.439733525943,16872329.179914
2016-10-27,42.6298851185,42.645405203496,41.901418766808,42.119188778336,14537026.007452
2016-10-28,42.260213802636,42.469551641999,42.100002531529,42.226729524769,13396011.852674
2016-10-31,42.119188778336,42.411015258429,42.119188778336,42.401361032329,13327475.586823
2016-11-01,42.401361032329,42.425435494883,41.911072992909,42.119188778336,12223367.890561
2016-11-02,42.100002531529,42.340502746279,42.012747880445,42.050998168665,12034028.837151
2016-11-03,42.218419557999,42.218419557999,41.957755453292,42.031934127252,11257826.843518
2016-11-04,41.850092501465,42.041466147959,41.689881230358,41.689881230358,14463584.320516
2016-11-07,42.041466147959,42.49949196345,42.041466147959,42.460019621293,13999533.325318
2016-11-08,42.369098808399,42.977926079684,42.369098808399,42.882117051043,12016468.984821
2016-11-09,41.761493591051,42.320094445536,41.699413251065,42.271090082673,21348583.192956
2016-11-10,41.860846576108,42.260213802636,40.85741808865,40.941128783317,33225228.028419
2016-11-11,40.949438750087,41.130058321937,40.631338110353,41.030827542274,13403458.193254
2016-11-14,41.130058321937,41.420662748094,40.85143002436,41.170752718031,19514172.258108
2016-11-15,41.181506792674,41.518671473821,41.170752718031,41.441071048838,16553905.730657
2016-11-16,41.399154598808,41.649186834265,41.157554535514,41.259229423051,12672104.808277
2016-11-17,41.278293464464,41.302245721624,41.001009426217,41.120526301231,12398308.400165
2016-11-18,41.030827542274,41.198248931607,40.899212333287,40.911188461867,16324566.634615
2016-11-21,40.737779008243,41.358582408108,40.72934683608,41.358582408108,12291837.268106
2016-11-22,41.450603069544,41.699413251065,41.241387435574,41.370436331294,12743501.38528
2016-11-23,41.217435178414,41.311777742331,41.030827542274,41.120526301231,9293977.8409072
2016-11-25,41.392066685974,41.578552116721,41.241387435574,41.528325699921,7402654.1554507
2016-11-28,41.511583560988,41.789112010022,41.271205551631,41.751961570345,19389543.459491
2016-11-29,41.521793052456,41.521793052456,41.139830801071,41.151827711886,11400911.603091
2016-11-30,40.997564404141,41.20042125973,40.351064210251,40.351064210251,22390736.225026
2016-12-01,40.310953326619,40.389115018289,39.877973909043,40.169656377027,20397121.871011
2016-12-02,40.298956415805,40.494663597272,40.191105399392,40.360637502719,11163101.593944
2016-12-05,40.341733279618,40.690491959658,40.310953326619,40.620449389448,15958392.089069
2016-12-06,40.749628247309,40.771077269674,40.418683162114,40.570644032431,11303129.751627
2016-12-07,40.538531089341,41.290458681297,40.511265382945,41.290458681297,13710577.299064
2016-12-08,41.069909411779,41.208661562108,40.844634086486,40.979750809295,13069026.026065
2016-12-09,41.500344030091,42.220279859875,41.290458681297,41.998518781184,28112149.496318
2016-12-12,41.998518781184,42.009182701908,41.71859086218,41.898908067149,17545772.761836
2016-12-13,41.71859086218,41.961679782319,41.543120893904,41.757732298474,18687292.340383
2016-12-14,41.888244146425,41.989066669633,41.058033681882,41.208661562108,17920545.99726
2016-12-15,41.095963309002,41.81347552044,41.095963309002,41.550149387109,14265158.719334
2016-12-16,41.608316227421,41.757732298474,41.476713751214,41.738828075372,19664679.150795
2016-12-19,41.691325155784,41.80172097146,41.578748083596,41.671209123509,8668245.7441687
2016-12-20,41.701989076508,41.71859086218,41.438784124094,41.661757011958,10598573.269746
2016-12-21,41.598742934953,41.831289115286,41.521793052456,41.569174791128,9693275.1636832
2016-12-22,41.569174791128,41.617768338972,41.081785141676,41.550149387109,11893148.861582
2016-12-23,41.617768338972,41.691325155784,41.349837330783,41.598742934953,6433651.8962342
2016-12-27,41.559722679577,41.757732298474,41.543120893904,41.608316227421,6988455.9139978
2016-12-28,41.488589481111,41.671209123509,41.393583641934,41.393583641934,8836196.3965958
2016-12-29,41.381829092955,41.691325155784,41.381829092955,41.598742934953,6875234.7340738
2016-12-30,41.691325155784,41.840741226836,41.349837330783,41.458900156369,11470189.170906
2017-01-03,41.500344030091,41.81347552044,41.28221837892,41.80172097146,14689666.474401
2017-01-04,41.877580225701,41.970162446532,41.588200195147,41.650971910317,9942419.0952345
2017-01-05,41.661757011958,41.859766630855,41.526519108232,41.749491996096,8968200.0832528
2017-01-06,41.701989076508,41.81347552044,41.543120893904,41.738828075372,10246709.86959
2017-01-09,41.228777594383,41.578748083596,41.208661562108,41.317845568611,14804792.38061
2017-01-10,41.438784124094,41.438784124094,40.857600444639,41.041431896209,19678852.034421
2017-01-11,40.848027152171,41.119714768797,40.830334738242,41.049793379504,9256623.1976066
2017-01-12,41.009440134038,41.041431896209,40.800645413499,40.951273293725,8541180.5178267
2017-01-13,40.997564404141,41.041431896209,40.690491959658,40.879049467004,8113480.5123323
2017-01-17,40.839786849793,41.298820164592,40.800645413499,41.219325482832,12469343.318082
2017-01-18,41.251438425921,41.380617283781,41.139830801071,41.290458681297,10383356.063074
2017-01-19,41.139830801071,41.290458681297,41.031979784659,41.139830801071,10986017.698883
2017-01-20,41.271554458196,41.438784124094,41.130378689521,41.317845568611,14695292.120159
2017-01-23,41.308272276143,41.500344030091,41.208661562108,41.430422640799,11628883.477538
2017-01-24,41.468352267919,41.970162446532,41.468352267919,41.898908067149,17004020.208505
2017-01-25,41.941563750045,42.248757375445,41.898908067149,42.118366708411,12530396.583029
2017-01-26,42.028086925009,42.111095853372,41.790935869819,41.81347552044,8977124.21915
2017-01-27,41.909571987873,41.951137042513,41.420970529248,41.448236235645,12967293.912254
2017-01-30,41.298820164592,41.476713751214,41.205026134588,41.381829092955,11621660.863394
2017-01-31,41.393583641934,41.686599100008,41.359289442334,41.569174791128,12647268.699125
2017-02-01,41.521793052456,41.661757011958,41.251438425921,41.260769356554,11125843.495207
2017-02-02,41.41139723678,41.488589481111,41.251438425921,41.401945125229,9450407.8069272
2017-02-03,41.578748083596,41.790935869819,41.454174100593,41.543120893904,11882323.372089
2017-02-06,41.532335792263,41.671209123509,41.401945125229,41.559722679577,15742809.788779
2017-02-07,41.701989076508,41.980705186338,41.671209123509,41.898908067149,13314668.262946
2017-02-08,41.909571987873,42.150358470583,41.840741226836,42.018755994376,14206989.103741
2017-02-09,41.521793052456,41.681873044233,40.720060103483,41.251438425921,27235916.383502
2017-02-10,41.020104054762,41.20042125973,40.54810438181,40.580096143981,28841040.774696
2017-02-13,40.771077269674,40.830334738242,40.500601462221,40.620449389448,23614966.792883
2017-02-14,40.379662906738,40.600212176256,40.221885352391,40.529078977791,32176563.042236
2017-02-15,40.418683162114,40.629901500999,40.393841074064,40.441343993653,26599580.13134
2017-02-16,40.54810438181,41.28221837892,40.500601462221,41.20042125973,22214320.965619
2017-02-17,41.130378689521,41.359289442334,41.049793379504,41.228777594383,15064222.171365
2017-02-21,41.20042125973,41.500344030091,41.20042125973,41.458900156369,17072490.017232
2017-02-22,41.511129131733,41.681873044233,41.401945125229,41.598742934953,11185545.998088
2017-02-23,41.671209123509,41.998518781184,41.617768338972,41.661757011958,12856739.686397
2017-02-24,41.701989076508,41.909571987873,41.598742934953,41.779181320839,13198744.715718
2017-02-27,41.749491996096,41.749491996096,41.583352958454,41.671209123509,12170534.85019
2017-02-28,41.681873044233,42.070863788823,41.639217361337,41.961679782319,15946353.2746
2017-03-01,42.009182701908,42.346065652051,41.877580225701,42.162113019563,14661758.313585
2017-03-02,42.080315900373,42.563100674967,42.070863788823,42.465913579278,15506366.561973
2017-03-03,42.44325274774,42.487120239809,42.248757375445,42.476456319085,11742796.901942
2017-03-06,42.338915977929,42.43149819876,42.118366708411,42.179926614408,16299463.726625
2017-03-07,41.998518781184,42.236881645548,41.951137042513,41.989066669633,11272454.299238
2017-03-08,41.998518781184,42.023482050151,41.738828075372,41.989066669633,14639748.14319
2017-03-09,42.089889192841,42.111095853372,41.920357089514,42.028086925009,14495800.077365
2017-03-10,42.22864134317,42.400597064844,42.150358470583,42.291534239258,16051953.01987
2017-03-13,41.921520815105,42.117798025414,41.840319227486,42.0307105239,12730610.55741
2017-03-14,41.976776333307,42.096656783667,41.829748606613,41.968488005577,9844451.9178476
2017-03-15,41.976776333307,42.275396372982,41.968488005577,42.117798025414,22757262.388808
2017-03-16,42.0307105239,42.389390909447,41.899058245749,42.24836921734,16004192.605341
2017-03-17,42.281282286877,42.346988305261,42.009689402845,42.0307105239,37525406.724887
2017-03-20,42.096656783667,42.336417684388,42.073113128086,42.181341871347,11484083.568762
2017-03-21,42.31179294258,42.629151810167,42.210651320132,42.498700738934,17185965.718513
2017-03-22,42.563325671092,42.698581569995,42.24836921734,42.379901374799,11605348.015097
2017-03-23,42.210651320132,42.389390909447,42.061461420986,42.171852336699,11502570.823178
2017-03-24,42.227107854901,42.24836921734,41.909748987314,42.117798025414,13804410.925614
2017-03-27,42.107227404541,42.336417684388,42.050770679421,42.321162356536,12386621.223988
2017-03-28,42.237678475774,42.563325671092,42.237678475774,42.431673392941,14123716.278365
2017-03-29,42.509271359807,42.526808980802,42.292933993977,42.422303978985,9579225.2292471
2017-03-30,42.346988305261,42.616298896151,42.260020924439,42.597439947547,11987805.536316
2017-03-31,42.55287517091,42.651614379523,42.431673392941,42.443445220731,11543617.223369
2017-04-03,42.579782205861,42.624467103189,42.269390338395,42.411733358111,11240038.030534
2017-04-04,42.509271359807,42.689212156039,42.368129547008,42.680923828309,10945525.537101
2017-04-05,42.651614379523,42.852576296811,42.531613808471,42.569331705679,10129084.524466
2017-04-06,42.579782205861,42.762005295236,42.468190083231,42.673836707496,14583522.723194
2017-04-07,42.639722431041,42.738581760346,42.509271359807,42.609091654646,11028022.379349
2017-04-10,42.726689811863,42.802005485587,42.558640964114,42.689212156039,9413281.4084137
2017-04-11,42.680923828309,42.750353588137,42.515157273703,42.662064879705,8909377.4093672
2017-04-12,42.542184429345,42.987712075022,42.509271359807,42.940744884551,13417087.039135
2017-04-13,42.86903283158,43.079364162823,42.78086424384,42.792515950939,9891535.9793927
2017-04-17,42.792515950939,43.071195955784,42.78086424384,43.071195955784,11318034.271737
2017-04-18,43.107712646074,43.588435654433,43.088853697471,43.481528238781,13164639.13139
2017-04-19,43.738946881188,43.790598778637,43.189995319919,43.231076596495,13885920.204487
2017-04-20,43.200445820101,43.300386235631,43.05233700718,43.088853697471,10836509.93882
2017-04-21,42.977261574841,43.098223111427,42.891375280244,43.071195955784,13810521.739809
2017-04-24,43.238163717308,43.428555013722,43.148673801959,43.278163907659,16603966.806988
2017-04-25,42.846690382915,43.428555013722,42.819663227273,43.107712646074,18667645.921948
2017-04-26,43.060745455603,43.428555013722,42.977261574841,43.238163717308,13625150.735596
2017-04-27,43.172337578232,43.278163907659,42.921885935947,43.010174644378,10383720.212572
2017-04-28,42.958402626237,43.200445820101,42.846690382915,43.148673801959,10337764.916401
2017-05-01,43.148673801959,43.500387187385,43.098223111427,43.220505975622,13208085.11494
2017-05-02,43.220505975622,43.439245755287,43.160685871133,43.388674944063,11341459.343023
2017-05-03,43.331017012026,43.487414152676,43.148673801959,43.320446391153,10384951.05168
2017-05-04,43.420386806683,43.809457727241,43.400446771854,43.661348914321,10193065.191408
2017-05-05,43.790598778637,43.841289710553,43.557804878038,43.690658363107,8133040.3161161
2017-05-08,43.588435654433,43.911800556607,43.541348343269,43.889458107943,14282327.802657
2017-05-09,43.889458107943,43.889458107943,43.38158782325,43.508435273731,8691955.2527498
2017-05-10,43.481528238781,43.619186551519,43.361527667729,43.568615740295,7597652.5245026
2017-05-11,43.490897652737,43.681409069842,43.428555013722,43.672039655886,6859815.0917867
2017-05-12,43.640087551883,43.681409069842,43.455702290056,43.588435654433,7275750.2458409
2017-05-15,43.46146808326,43.760088122935,43.46146808326,43.729577467232,7705928.0882139
2017-05-16,43.869397952421,44.109399094525,43.770658743808,43.849457917592,10453096.326959
2017-05-17,43.809457727241,44.165615578261,43.708316104793,43.928257091376,14538338.934326
2017-05-18,43.869397952421,43.961170160914,43.640087551883,43.800208433977,13832197.947791
2017-05-19,43.849457917592,43.999849023655,43.760088122935,43.901109815042,11741247.283009
2017-05-22,43.889458107943,44.217387596403,43.809457727241,44.177507526744,12849169.199184
2017-05-23,44.251501872858,44.599611637532,44.208138303139,44.39144247874,11995861.705754
2017-05-24,44.510121722182,45.08862297362,44.510121722182,45.02868274844,12854323.922739
2017-05-25,45.002736679024,45.482498721848,44.971024816403,45.407062927433,16690640.166176
2017-05-26,45.351927529923,45.557574154188,45.330786288176,45.388444220213,11338293.356046
2017-05-30,45.159253940366,45.461237359409,45.109884336059,45.428324289872,13093262.371822
2017-05-31,45.428324289872,45.697634880761,45.370786478526,45.472889066509,14187738.625415
2017-06-01,45.450666738536,45.790368054787,45.231926958871,45.790368054787,11010873.992075
2017-06-02,45.829287158912,45.89042859101,45.606943758495,45.89042859101,9912831.112101
2017-06-05,45.781118761523,45.989167799623,45.688025225422,45.989167799623,10014972.895026
2017-06-06,45.899677884274,46.059798766368,45.781118761523,45.977395971832,9836714.7288271
2017-06-07,45.502438756677,45.697634880761,45.351927529923,45.510606963716,12766286.177976
2017-06-08,45.388444220213,45.510606963716,45.02868274844,45.13198654334,12803852.714462
2017-06-09,45.060514731752,45.351927529923,44.971024816403,45.320215667302,9358785.9431823
2017-06-12,45.351927529923,45.482498721848,45.148443078109,45.330786288176,11217814.026849
2017-06-13,45.000453562913,45.112445372368,44.799821427677,45.028451515277,10023156.368255
2017-06-14,45.178925616704,45.467959797275,45.157837797264,45.298780680865,11457074.276849
2017-06-15,45.178925616704,45.339764917517,45.037625312434,45.252196853741,9908519.0231356
2017-06-16,45.308311898691,45.351321519131,45.008555098065,45.308311898691,27022692.8565
2017-06-19,45.351321519131,45.380510873722,45.102914154542,45.380510873722,7623916.0291017
2017-06-20,45.351321519131,45.86553072084,45.317485695848,45.607830418871,14918857.954148
2017-06-21,45.618433898702,45.680267674348,45.163675668182,45.221935237143,9515844.7361969
2017-06-22,45.16820299665,45.28126706811,45.028451515277,45.06907833126,7446300.6126016
2017-06-23,45.049420194494,45.380510873722,45.028451515277,45.252196853741,9528776.7069233
2017-06-26,45.317485695848,45.511088557938,45.298780680865,45.429477505303,7747057.4807086
2017-06-27,45.339764917517,45.395641682021,45.000453562913,45.049420194494,11419180.575239
2017-06-28,45.252196853741,45.499412816101,45.232300436529,45.317485695848,9209242.3668978
2017-06-29,45.132222649357,45.240640252127,44.652921532935,44.831274446503,9280932.087503
2017-06-30,44.888580893681,45.120427767297,44.849979461486,44.849979461486,9352680.1259015
2017-07-03,45.112445372368,45.272093270952,44.761219995482,44.761219995482,6434460.3079008
2017-07-05,44.789456228292,44.99104148531,44.728575574429,44.820909247117,6839183.2225162
2017-07-06,44.718210375043,44.849979461486,44.290139554436,44.39998683988,13105292.924565
2017-07-07,44.470994412683,44.52234384872,44.24010066085,44.39283842651,9223956.4607878
2017-07-10,44.44895347146,44.572501882529,44.230807723469,44.381281824896,9533872.6529456
2017-07-11,44.319567189473,44.480406490286,44.150388073063,44.331123791087,10300698.466442
2017-07-12,44.588824093056,44.770751213308,44.437158589401,44.510668106883,7737296.1112004
2017-07-13,44.490890829894,44.52699031741,44.370678345065,44.426674249792,6371852.7260321
2017-07-14,44.52234384872,44.718210375043,44.496728700813,44.680800345076,8558616.4723424
2017-07-17,44.658878544076,44.784690619379,44.609792772273,44.728575574429,7186726.3981388
2017-07-18,44.778733608238,44.849979461486,44.615511502968,44.669243743462,9036835.2439339
2017-07-19,44.669243743462,44.840686524106,44.543312527937,44.831274446503,6851750.707033
2017-07-20,44.898946093067,44.98174854793,44.750854796097,44.820909247117,7397450.8843306
2017-07-21,44.778733608238,45.06907833126,44.669243743462,45.028451515277,8545560.1474966
2017-07-24,45.037625312434,45.043582323576,44.831274446503,44.840686524106,9103285.7968767
2017-07-25,45.017967175669,45.288415481479,44.935164720806,45.240640252127,14092978.513733
2017-07-26,44.54807813685,45.79214034358,44.308844569419,45.737216700858,13606576.383519
2017-07-27,45.80143328096,46.424060085439,45.701117213342,46.120967358575,15119740.455059
2017-07-28,46.000874013968,46.120967358575,45.729234305929,46.010166951348,11945231.086559
2017-07-31,46.000874013968,46.074264391228,45.79214034358,45.841106975161,13621895.953323
2017-08-01,45.970493257148,46.057942180701,45.645240448838,45.701117213342,10292226.94931
2017-08-02,45.598656621713,46.000874013968,45.380510873722,45.588053141882,9899272.2223945
2017-08-03,45.651078319756,45.948333175702,45.651078319756,45.670736456522,14259997.244093
2017-08-04,45.651078319756,45.758304520298,45.467959797275,45.499412816101,9523456.065873
2017-08-07,45.521692037769,45.758304520298,45.499412816101,45.639283437697,6226294.0860953
2017-08-08,45.639283437697,45.817755491487,45.546115783448,45.598656621713,5685984.8742457
2017-08-09,45.561246591747,45.662754061593,45.322251304761,45.588053141882,9635172.3756263
2017-08-10,45.561246591747,45.841106975161,45.458547719672,45.737216700858,8892136.7914528
2017-08-11,45.861003392372,45.90055794635,45.57065866935,45.588053141882,8357355.7633881
2017-08-14,45.670736456522,45.936657433866,45.618433898702,45.80143328096,8411812.575989
2017-08-15,45.80143328096,46.249281378556,45.80143328096,46.188519864916,9624730.0601168
2017-08-16,46.151348115395,46.340066228348,46.120967358575,46.200314746975,8076003.283481
2017-08-17,46.120967358575,46.330892431191,45.852663576775,45.861003392372,8185243.65985
2017-08-18,45.80143328096,45.90055794635,45.628918238311,45.670736456522,10877094.385915
2017-08-21,45.670736456522,45.80143328096,45.561246591747,45.680267674348,9429539.5473835
2017-08-22,45.701117213342,45.74913072314,45.540158772307,45.598656621713,10523861.79496
2017-08-23,45.628918238311,45.661562659365,45.438889582906,45.540158772307,6517658.358977
2017-08-24,45.540158772307,45.607830418871,45.308311898691,45.411963892548,7534363.0537542
2017-08-25,45.598656621713,45.758304520298,45.561246591747,45.57065866935,8767162.6174212
2017-08-28,45.628918238311,45.690632873734,45.380510873722,45.421375970151,8009387.210918
2017-08-29,45.401479552939,45.57065866935,45.252196853741,45.449254782292,7750957.9119617
2017-08-30,45.359661334728,45.540158772307,45.288415481479,45.391114353554,7134877.5915714
2017-08-31,45.401479552939,45.651078319756,45.339764917517,45.551953654366,14256078.802933
2017-09-01,45.639283437697,45.80143328096,45.540158772307,45.780583741966,7391251.1883041
2017-09-05,45.74913072314,45.929747300942,45.651078319756,45.921526625567,10455166.864579
2017-09-06,45.980977596756,46.041619970174,45.79214034358,45.960128057762,9238704.8592618
2017-09-07,46.010166951348,46.320288951359,45.960128057762,46.279542995154,9418120.4088319
2017-09-08,46.188519864916,46.36925558294,46.020651290957,46.298248010137,10534914.732073
2017-09-11,46.349597446174,46.590975537616,46.220092023964,46.519729684367,10417179.682977
2017-09-12,46.499833267155,46.749432033972,46.450866635575,46.720361819603,8572870.8847998
2017-09-13,46.68056898518,46.976870719343,46.650307368582,46.867261714345,10209148.96428
2017-09-14,46.400123172224,46.464896612764,45.939617105897,46.110888484261,13723328.230118
2017-09-15,46.299417020142,46.360644469412,45.999898957495,46.176843921892,16141413.798164
2017-09-18,46.148948790564,46.240435365343,45.910658177188,46.110888484261,8535281.2938532
2017-09-19,46.140911210351,46.188427493376,45.889855028401,45.98134160318,7297932.4665081
2017-09-20,45.76030814732,46.144457201622,45.550976462652,45.779929299016,11026532.084094
2017-09-21,45.709482272443,45.7915128705,45.359965732882,45.398262438603,7497909.1085634
2017-09-22,45.450388510279,45.631825063619,45.369421709603,45.491876608144,8023173.1470524
2017-09-25,45.500150587775,45.76030814732,45.352046352378,45.688679123656,9215026.5686852
2017-09-26,45.688679123656,45.869170079323,45.562560034136,45.569415617259,6480138.9339127
2017-09-27,45.470009661976,45.500150587775,44.379026347758,44.640484104101,14780599.792941
2017-09-28,44.66826103572,44.999220220965,44.648521684314,44.911161437748,8789462.5609366
2017-09-29,44.861399360252,45.107845753551,44.788706539207,45.01068559274,10068771.239949
2017-10-02,45.051109893223,45.262805572071,44.748045839306,44.797807916802,10707479.019144
2017-10-03,44.861399360252,45.258313983128,44.761875205261,45.192358545497,12038101.640368
2017-10-04,45.107845753551,45.562560034136,44.934446780424,45.500150587775,14059811.835839
2017-10-05,45.509251965369,45.744114787184,45.500150587775,45.518589742382,10215322.980633
2017-10-06,45.3890428613,45.518589742382,45.320841629198,45.491876608144,5427818.0111918
2017-10-09,45.475683248009,45.650382417935,45.359965732882,45.409727810378,5249377.1290173
2017-10-10,45.599438343349,45.901556799594,45.523199531033,45.869170079323,6302478.6398315
2017-10-11,45.879453454008,46.17105213615,45.869170079323,46.102732704339,6630144.1069686
2017-10-12,45.98134160318,46.140911210351,45.939617105897,46.110888484261,7909741.5084883
2017-10-13,46.250836939736,46.29126124022,46.148948790564,46.176843921892,7125633.4208828
2017-10-16,46.118926064474,46.748221315276,46.102732704339,46.618674434194,12708561.11531
2017-10-17,46.530852050395,46.626830214116,46.310882391916,46.520332276293,7697896.988321
2017-10-18,46.411588543998,46.535343639338,46.240435365343,46.400123172224,6259316.3540128
2017-10-19,46.370100446134,46.789945812559,46.319156371548,46.590897502576,7515544.5212927
2017-10-20,46.581677925272,46.590897502576,46.279677668736,46.379201823728,9623468.6402569
2017-10-23,46.379201823728,46.649879157375,46.232279585421,46.319156371548,7139920.8627528
2017-10-24,46.26005651704,46.29126124022,45.950136879999,46.176843921892,9438657.7097315
2017-10-25,46.370100446134,46.75980488676,45.929215531504,46.049542835282,11993619.356743
2017-10-26,46.319156371548,46.748221315276,46.221996210736,46.232279585421,10567515.16535
2017-10-27,46.129327638868,46.329439746232,45.910658177188,46.069163986979,9987244.3027728
2017-10-30,46.058762412585,46.069163986979,45.819408001828,45.860896099692,7201866.5358172
2017-10-31,45.918932156819,46.17105213615,45.840211150614,45.98134160318,6560540.3719774
2017-11-01,45.749906572926,46.092331129946,45.631825063619,45.800850647512,7067633.9102179
2017-11-02,45.808888227725,45.950136879999,45.744114787184,45.879453454008,8317805.8203739
2017-11-03,45.970821829077,46.154858776015,45.915386165549,45.970821829077,4730357.7952759
2017-11-06,45.910658177188,45.918932156819,45.420365784189,45.470009661976,7451292.5259323
2017-11-07,45.409727810378,45.950136879999,45.310203655386,45.939617105897,9866034.4453115
2017-11-08,45.98134160318,46.188427493376,45.869170079323,46.176843921892,7585864.8759179
2017-11-09,46.118926064474,46.385111809179,46.020583906573,46.232279585421,6525069.8611924
2017-11-10,46.19989286515,46.6384137856,46.13511942461,46.540071627699,8022884.4245461
2017-11-13,46.601299076969,46.816540747087,46.540071627699,46.721744580456,7640385.8854887
2017-11-14,46.712288603735,47.479404715249,46.618674434194,47.428460640663,17199331.961091
2017-11-15,47.320898905459,47.460847360934,46.778244041366,46.810630761636,12409622.673114
2017-11-16,46.95069741682,46.979656345529,46.508748704809,46.550473202092,12506161.451741
2017-11-17,46.341023317716,46.379201823728,45.247794209026,45.709482272443,19715453.515491
2017-11-20,45.650382417935,45.879453454008,45.420365784189,45.458307890784,19151825.690084
2017-11-21,45.562560034136,45.950136879999,45.54045668855,45.779929299016,10205873.80184
2017-11-22,45.889855028401,45.929215531504,45.54045668855,45.840211150614,8434403.8976826
2017-11-24,45.889855028401,46.04375104954,45.860896099692,45.879453454008,2996338.8308321
2017-11-27,45.879453454008,45.989379183393,45.808888227725,45.901556799594,5649095.2858174
2017-11-28,45.989379183393,46.148948790564,45.779929299016,45.829691376512,8432148.5772664
2017-11-29,45.770827921422,45.819408001828,45.210915899813,45.500150587775,16477556.81506
2017-11-30,45.139176727734,45.841435489874,45.027917367923,45.769216558742,17154835.326734
2017-12-01,45.798995143982,46.009086580001,45.208112980178,45.969928912796,12468778.938812
2017-12-04,45.989507746399,46.377215547133,45.769216558742,46.227032997166,17523480.270999
2017-12-05,46.247666977489,46.442751882364,46.06172667753,46.257983967651,13664145.388949
2017-12-06,46.332430430749,46.479330302028,46.259156352897,46.45189648728,8137857.1026006
2017-12-07,46.290107323381,46.323403064358,45.722086671868,45.779533548904,9075656.3114724
2017-12-08,45.700280306299,45.731348515308,45.049840972016,45.311282881794,13238081.712089
2017-12-11,45.180561926905,45.409997719478,44.920175163848,45.329689330151,9680376.6714061
2017-12-12,45.25055332607,45.520084694043,45.061213108899,45.28959375475,13986051.277458
2017-12-13,45.449155386682,46.050237302123,45.42136985636,45.898765128386,12395069.646442
2017-12-14,45.808139748898,46.170758505375,45.798995143982,46.030658468521,9013211.4897364
2017-12-15,46.290107323381,46.41977313155,46.03886516524,46.191392485698,21172987.479129
2017-12-18,46.202881861106,46.379560317624,45.910371742318,45.930888484117,10156756.145801
2017-12-19,46.03886516524,46.379560317624,45.910371742318,46.128318159483,8242609.27153
2017-12-20,46.210971319301,46.300307075019,45.955039620177,46.081188272608,7302908.3934184
2017-12-21,46.13980753489,46.221171070938,45.559242361248,45.60039308337,9647072.1854633
2017-12-22,45.688908169416,45.731348515308,45.548808132562,45.591365716978,5406197.2637898
2017-12-26,45.700280306299,45.856324782494,45.609772165335,45.808139748898,6045667.9709269
2017-12-27,45.898765128386,45.940150327557,45.71751436941,45.930888484117,5657410.2106342
2017-12-28,45.910371742318,45.989507746399,45.64072313582,45.722086671868,6538766.7957779
2017-12-29,45.700280306299,46.181075495537,45.692308086628,45.880593157078,8371435.5969257
2018-01-02,45.540835912891,45.940150327557,45.540835912891,45.540835912891,10863044.991011
2018-01-03,45.489133723558,45.688908169416,45.338833935067,45.439776304717,12348958.089243
2018-01-04,45.559242361248,46.215543621759,45.449155386682,46.081188272608,12701537.327383
2018-01-05,46.019286331638,46.202881861106,45.790905685787,46.070988520971,13113147.620802
2018-01-08,45.949177693949,46.10076710621,45.880593157078,45.99853511279,7035244.5260563
2018-01-09,45.99853511279,46.359043575825,45.935460786575,46.227032997166,9962425.0716747
2018-01-10,46.227032997166,46.257983967651,45.930888484117,46.070988520971,10700166.410557
2018-01-11,46.227032997166,46.227032997166,45.861014323476,46.03886516524,7583024.6210452
2018-01-12,46.27979033322,46.388822161065,46.030658468521,46.150124525052,14562203.022508
2018-01-16,46.150124525052,46.620485485604,46.13980753489,46.529860106115,15589071.293999
2018-01-17,46.580389910203,47.001510690437,46.549438939718,46.819087546215,12118960.694325
2018-01-18,46.750151293772,47.070329704357,46.610168495442,46.880989487185,11416618.989348
2018-01-19,46.991076461751,47.250525316612,46.871844882269,47.159782698599,15981106.246998
2018-01-22,47.141493488767,47.500595089508,47.088618914189,47.379018739534,9548282.1243572
2018-01-23,47.210312502686,47.699079911595,47.131176498606,47.450182523945,10591087.987684
2018-01-24,47.530490913271,47.947977299245,47.482305879676,47.828862958287,15949238.907056
2018-01-25,47.699079911595,47.998507103332,47.699079911595,47.837890324679,11743889.990525
2018-01-26,47.780677924692,48.615885173687,47.740347872241,48.528659711412,15948980.935427
2018-01-29,48.210943309842,48.460895844213,47.573986405885,47.699079911595,11653706.246441
2018-01-30,47.728975735359,48.161585891001,47.400825105103,47.408797324774,12013390.162693
2018-01-31,47.450182523945,47.898737118928,47.370929281339,47.591220468996,10960081.542259
2018-02-01,47.408797324774,47.728975735359,47.109370133037,47.450182523945,10274349.37549
2018-02-02,47.352522832983,47.408797324774,46.63091971429,46.730689698694,12877748.509133
2018-02-05,46.650381309367,46.920029915865,44.412766829534,44.889106954838,23187775.535252
2018-02-06,43.879448781291,44.739979551593,43.439804314175,44.669870913903,25184303.383349
2018-02-07,44.579245534415,45.493823264541,44.279818342678,44.559666700813,18019200.64538
2018-02-08,44.620630733586,44.620630733586,43.071440869994,43.099226400316,22872832.266154
2018-02-09,43.363013080585,43.460555533023,42.191565743139,43.129004985555,22852419.389465
2018-02-12,43.559270370706,44.230460923836,43.372274924026,43.9711293075,14688390.367858
2018-02-13,43.921771888659,44.411828921337,43.69010856412,44.189075724665,13158227.291482
2018-02-14,44.019314341096,44.189075724665,43.631489301838,44.100795115668,13455105.574328
2018-02-15,44.25238452793,44.832832463048,44.122718719762,44.780075126994,13438831.573543
2018-02-16,45.570614498131,45.64072313582,44.720400717991,44.971642876132,17201021.835149
2018-02-20,44.747951771263,44.832832463048,43.941350722261,43.989535755857,14134757.977295
2018-02-21,44.11111210583,44.261411894321,43.3320621101,43.342379100262,12772246.828039
2018-02-22,43.520112703502,43.82188466573,43.520112703502,43.520112703502,12359751.064434
2018-02-23,43.580021589554,44.059644393546,43.418115187131,44.04123794519,8276404.4264841
2018-02-26,44.230460923836,44.39236732626,43.811684914093,44.029514092733,12678026.176566
2018-02-27,44.148980149264,44.309714166442,43.621172311676,43.621172311676,12774393.396021
2018-02-28,43.831146509171,43.910399751776,43.223030282256,43.223030282256,11929359.390577
2018-03-01,43.099226400316,43.640751145278,42.819143565132,43.429604562538,17746825.309681
2018-03-02,43.249408950283,43.800195538686,43.241436730612,43.717542378868,14050082.276105
2018-03-05,43.570642507589,43.936661181278,43.50182349367,43.890820918174,11992711.470645
2018-03-06,43.949322941931,44.051437696827,43.590221341191,43.932206117345,10010480.13135
2018-03-07,43.590221341191,43.921771888659,43.471927669906,43.82188466573,10881682.569696
2018-03-08,43.900082761614,44.458958808212,43.800195538686,44.448407341001,12361100.186332
2018-03-09,44.569045782778,44.821460326165,44.39236732626,44.821460326165,9778644.6885738
2018-03-12,44.951126134333,45.088646923647,44.32917576152,44.531060500819,11857700.798354
2018-03-13,44.669870913903,44.827205013869,44.400222307405,44.569045782778,11342134.039038
2018-03-14,44.379172322179,44.431468016745,43.726173416038,43.779747449804,15321218.195387
2018-03-15,43.882014585843,44.002759533962,43.551040945571,43.670623767144,12456711.527241
2018-03-16,43.70014178141,44.022050834624,43.448773809532,43.459000523136,26603280.577156
2018-03-19,43.459000523136,43.710252282359,43.173466030808,43.261206585023,12380290.674559
2018-03-20,43.319080487009,43.478408036452,43.009722400491,43.158707023675,13559806.298241
2018-03-21,43.130351135955,43.448773809532,42.789150782079,43.000657813433,13053980.948222
2018-03-22,42.877821037531,43.364635847609,42.702688567064,42.759400342504,12274086.271852
2018-03-23,42.820993049436,43.155220644037,42.28862287876,42.32964594583,13475203.431787
2018-03-26,42.609486018083,42.810650123178,42.251202403982,42.691415939569,11276081.053627
2018-03-27,42.702688567064,43.310132112606,42.525231843505,42.886885624589,11627041.614928
2018-03-28,43.000657813433,43.70014178141,43.000657813433,43.319080487009,16277392.802261
2018-03-29,43.542092571168,43.918505359385,43.290724599289,43.431690549307,10450496.872885
2018-04-02,43.441917262911,43.500023590206,42.473982062831,42.66968417316,14207925.361015
2018-04-03,42.982412426662,43.536281938438,42.842492390536,43.381719107833,15484644.820566
2018-04-04,43.140461636904,44.400787875933,43.112105749184,44.239252286053,13563321.416558
2018-04-05,44.280159140469,44.609040952958,43.938958786592,44.400787875933,11707815.481814
2018-04-06,44.280159140469,44.518976145651,43.710252282359,43.918505359385,11495073.452328
2018-04-09,44.029953295136,44.31083928128,43.779747449804,43.830997230478,11913407.700857
2018-04-10,44.068768321769,44.179054130975,43.716062915089,43.992416607704,10687337.42112
2018-04-11,43.80926546407,44.141401230888,43.75813189605,43.992416607704,8424265.9144735
2018-04-12,44.077716696173,44.405203956808,43.949185500196,44.029953295136,8476392.1825273
2018-04-13,44.189164631925,44.689692535244,44.141401230888,44.508865644702,10774161.195247
2018-04-16,44.648669468174,44.889810726448,44.400787875933,44.679349608985,8962115.9442296
2018-04-17,44.948962967634,45.03089288912,44.648669468174,44.879584012844,8406404.5766505
2018-04-18,44.900037440052,44.970694734043,44.324552374522,44.508865644702,7429014.4107484
2018-04-19,44.33942759431,44.468888491523,44.016356414549,44.31083928128,10370409.676186
2018-04-20,44.31083928128,44.409852462991,43.580675172491,43.73988650928,14690701.100775
2018-04-23,43.73988650928,43.992416607704,43.559175831392,43.981027767554,11878473.684823
2018-04-24,43.981027767554,44.100610589127,42.729882328238,43.070152980877,18523876.959688
2018-04-25,42.738017214059,42.886885624589,41.906515670468,42.428542914886,20774726.44039
2018-04-26,42.402395067603,43.101995248235,42.262591244131,42.749289841554,13560996.761023
2018-04-27,42.729882328238,43.33732587378,42.711636941467,43.310132112606,9777911.7777416
2018-04-30,43.500023590206,43.690031280461,42.972185713058,43.209956804349,16037684.24103
2018-05-01,42.961958999454,42.991593226375,42.1794991961,42.58891637822,11514188.556714
2018-05-02,42.402395067603,42.584267872037,41.939520064371,42.060032587181,13736365.820446
2018-05-03,42.220289837861,42.402395067603,41.520922082538,41.889432410243,18352236.668846
2018-05-04,41.790535441187,42.499083996222,41.772406267071,42.360326086642,10946197.134723
2018-05-07,42.34103478598,42.48990319651,41.964505785108,42.138476129029,9335966.9771139
2018-05-08,41.971362331729,42.088504687556,41.689314219039,41.809710529194,15062158.899028
2018-05-09,41.971362331729,42.229586850228,41.671068832268,41.781354641474,9295151.8639256
2018-05-10,41.990653632391,42.360326086642,41.939520064371,42.1794991961,7924184.5034163
2018-05-11,42.240859477723,42.470611895848,42.040741286519,42.138476129029,6331948.4457268
2018-05-14,42.251202403982,42.313724812151,41.900821250393,42.040741286519,10715476.831262
2018-05-15,41.781354641474,41.921274677601,41.447010834219,41.718832233305,16449730.31392
2018-05-16,41.739401873167,41.939520064371,41.5402133832,41.55160222335,11590491.594025
2018-05-17,42.008899019161,42.351145286929,41.868978983035,42.298849592364,14857407.213531
2018-05-18,42.298849592364,42.38077951385,42.080486014389,42.1794991961,11950173.130461
2018-05-21,42.309192518622,42.520583337321,42.270377491989,42.411459654661,9110231.8464532
2018-05-22,42.499083996222,42.600189005715,42.205530830728,42.251202403982,8222864.933305
2018-05-23,42.251202403982,42.448996342094,41.929293350767,42.402395067603,8971430.3923172
2018-05-24,42.402395067603,42.470611895848,42.184147702283,42.318140893026,9269607.0296107
2018-05-25,42.34103478598,42.579851791162,42.200068835962,42.402395067603,8806470.4088719
2018-05-29,42.121509081459,42.85271910414,42.099893527705,42.67979467411,14826877.206414
2018-05-30,42.768697354871,43.280381673031,42.702688567064,43.130351135955,10114224.547354
2018-05-31,43.1998463034,43.209956804349,42.67979467411,43.000657813433,15571263.736621
2018-06-01,43.101995248235,43.319080487009,43.038194500865,43.122216250134,10664648.290731
2018-06-04,43.359987341425,43.592180225296,43.290724599289,43.488518537402,11727575.933085
2018-06-05,43.500023590206,43.542092571168,43.101995248235,43.112105749184,9975897.8715794
2018-06-06,43.059693841964,43.459000523136,43.038194500865,43.459000523136,9202923.5294451
2018-06-07,43.329307200613,43.731984048768,43.329307200613,43.441917262911,11948051.574557
2018-06-08,43.569286332342,44.002759533962,43.559175831392,43.949185500196,12078768.608252
2018-06-11,43.949185500196,44.245062918782,43.89003325901,44.131290729939,7526128.566261
2018-06-12,44.131290729939,44.420079176595,44.074230316535,44.409852462991,8243314.6924202
2018-06-13,44.348492181368,44.518976145651,44.152673858383,44.179054130975,16745026.62915
2018-06-14,43.751741960489,43.849881100981,43.518488721645,43.580459211767,12696173.855662
2018-06-15,43.558919283044,44.150979355963,43.451910760137,44.119418176979,21562458.551461
2018-06-18,43.881442279965,43.953549207134,43.399040025999,43.548898032783,12161934.903776
2018-06-19,43.299749017662,43.751741960489,43.20160987717,43.601883953705,12936410.848717
2018-06-20,43.620889773167,43.775585624904,43.227411716924,43.258972895908,10893715.597148
2018-06-21,43.27049157437,43.299749017662,42.95822020128,43.087690147186,10465212.075389
2018-06-22,43.150812505155,43.409061276261,43.074213293386,43.248951645647,16031144.313065
2018-06-25,43.162215996832,43.751741960489,43.162215996832,43.580459211767,12092383.115544
2018-06-26,43.558919283044,43.839744663934,43.280512824631,43.331310196646,13974672.293526
2018-06-27,43.331310196646,43.612020390752,42.99093324811,43.068684327725,15332570.544734
2018-06-28,43.238930395385,43.672839013028,43.171200566032,43.471031766383,12668916.594301
2018-06-29,43.570322774721,44.099030116102,43.310922135769,43.861054219088,11485548.908109
2018-07-02,43.779847535935,44.159848738378,43.580459211767,43.751741960489,9232582.9744491
2018-07-03,44.060557730041,44.332283354946,43.989602670718,43.989602670718,8214329.8213369
2018-07-05,44.159848738378,44.670702128144,44.12943942724,44.660335317528,11652984.850098
2018-07-06,44.670702128144,44.940008830572,44.57475153656,44.640062443436,8751371.8500879
2018-07-09,44.541001808668,44.730368882574,44.340346429869,44.401165052146,7373066.1348445
2018-07-10,44.509325442899,44.999790771787,44.499189005853,44.969266273865,10606148.296412
2018-07-11,44.990691015803,44.999790771787,44.640062443436,44.79118750485,7715616.3205133
2018-07-12,44.828392836281,44.959129836818,44.490204436653,44.670702128144,6331621.9559242
2018-07-13,44.69880770359,44.781051067804,44.466591145807,44.739238264989,5585978.6725061
2018-07-16,44.730368882574,44.80017207405,44.529598316991,44.730368882574,5831417.3246547
2018-07-17,44.74948988882,45.392116960184,44.679571510559,45.251128335816,11592240.57775
2018-07-18,45.189157845694,45.284993250493,44.839681141173,45.120391335279,7351564.0515527
2018-07-19,44.990691015803,45.42920710483,44.921924505388,45.111291579294,10097454.600081
2018-07-20,45.019948459095,45.279349098047,44.90049976345,45.279349098047,9059140.819342
2018-07-23,45.279349098047,45.3605557812,44.776558783204,44.947841531926,9055748.7415163
2018-07-24,44.781051067804,45.270249342062,44.609653132298,45.261264772862,13786136.101733
2018-07-25,45.999727249026,46.579116775637,45.749426366059,46.090955182441,21318605.944069
2018-07-26,46.359340390593,46.589253212683,46.199115573194,46.239776508163,12673079.518265
2018-07-27,46.31983132347,46.49456967573,46.060545871303,46.210519064871,10516948.358637
2018-07-30,46.101091619487,46.440547073746,46.051561302103,46.230791938963,8968167.6693373
2018-07-31,46.401038006623,46.670344709052,46.31084675427,46.628762279806,12438795.515349
2018-08-01,46.450568324007,46.489040710069,46.169858129902,46.390901569577,9904086.6488936
2018-08-02,46.478789086238,46.628762279806,46.181261621579,46.181261621579,12009746.458062
2018-08-03,46.230791938963,46.759499280343,46.137145083071,46.619777710606,11462884.789788
2018-08-06,46.598352968668,46.867659671097,46.549859332345,46.65133888959,10056108.329276
2018-08-07,46.521753756899,46.609526086775,46.130464249564,46.500213828176,8632949.8359977
2018-08-08,46.489040710069,46.559880582607,46.122516361425,46.148548574748,6812168.6801052
2018-08-09,46.251064813055,46.419007145023,46.075174592949,46.349203953547,8924085.7374395
2018-08-10,46.210519064871,46.419007145023,45.965862334349,46.080933932179,7535441.4586332
2018-08-13,46.051561302103,46.130464249564,45.698628994044,45.829481181366,8143397.7838639
2018-08-14,45.910572677734,46.101091619487,45.872330665242,45.889263122581,6846114.2957573
2018-08-15,45.770851107997,46.142904422302,45.651287225567,46.080933932179,9686426.8432952
2018-08-16,46.111343243318,46.380649945746,45.970469805734,46.219503634071,10600734.632455
2018-08-17,46.289422012332,46.727938101359,46.239776508163,46.598352968668,8885693.3419377
2018-08-20,46.681748200729,46.863282573281,46.589253212683,46.727938101359,6392024.7141614
2018-08-21,46.727938101359,46.749362843297,46.210519064871,46.219503634071,13986293.53087
2018-08-22,46.340104197562,46.380649945746,45.920824301565,45.930845551827,7159135.4859353
2018-08-23,45.889263122581,46.080933932179,45.69079629269,45.698628994044,13144908.318576
2018-08-24,45.651287225567,45.800108551289,45.579295485183,45.631014351475,10953102.683548
2018-08-27,46.051561302103,46.051561302103,45.563514895691,45.69079629269,9581245.819193
2018-08-28,45.651287225567,45.729038305182,45.279349098047,45.371728899308,8476798.9395381
2018-08-29,45.251128335816,45.413426515338,45.220719024678,45.330031283277,12410931.512034
2018-08-30,45.279349098047,45.318742978385,44.884719173957,44.947841531926,9716528.8728527
2018-08-31,44.999790771787,45.069593963264,44.389876747253,44.571411119806,19834439.724699
2018-09-04,44.600668563098,44.90049976345,44.509325442899,44.759626325866,11138578.554081
2018-09-05,44.660335317528,45.418033986723,44.660335317528,45.380713468508,10555032.060864
2018-09-06,45.399949661538,45.999727249026,45.298470104293,45.770851107997,11439474.66272
2018-09-07,45.599453172491,45.820381425381,45.279349098047,45.71901705492,10208110.494566
2018-09-10,45.910572677734,46.31084675427,45.795616266689,46.060545871303,8569053.8762752
2018-09-11,46.101091619487,46.148548574748,45.87901149875,46.018963442057,9278267.8050476
2018-09-12,46.15983687964,46.299558449378,46.018963442057,46.239776508163,13216376.134033
2018-09-13,46.009679771706,46.120240152854,45.711235271768,45.829676506531,8294848.3610235
2018-09-14,45.921391368166,46.025327263666,45.609469466393,45.990605821653,7612884.3681625
2018-09-17,46.000770980663,46.329368311823,45.910198271727,46.319317368083,8527344.6251773
2018-09-18,46.390816126966,46.530615617178,45.930300159208,45.930300159208,9847711.2076655
2018-09-19,46.000770980663,46.104592660894,45.866568038671,45.959310837733,7119133.2981498
2018-09-20,46.218693715406,46.680237620591,46.150507199346,46.641290213595,9736715.2421461
2018-09-21,46.641290213595,46.691544932299,46.374026482308,46.579842398453,19240576.382184
2018-09-24,46.489155474247,46.530615617178,45.84086960297,46.071127586848,10778894.126829
2018-09-25,46.061076643108,46.176205635047,45.609469466393,45.679940287848,7919143.5588026
2018-09-26,45.769370844087,46.071127586848,45.565953448607,45.849778394013,10162558.509182
2018-09-27,45.73122294398,46.180660030568,45.679940287848,46.009679771706,10826880.196354
2018-09-28,46.000770980663,46.189683036881,45.969475996743,46.189683036881,9071903.3169774
2018-10-01,46.170609086828,46.348328046607,46.051025699367,46.228630443876,9364733.7438286
2018-10-02,46.281283683246,46.556199837609,46.061076643108,46.510399514426,7462699.7791974
2018-10-03,46.459002643025,46.550603289389,45.800665828007,45.869994496764,10542292.566756
2018-10-04,45.660980553065,45.893408627069,45.425011805697,45.849778394013,9582386.8896825
2018-10-05,45.940351102949,46.160558143087,45.691133384287,45.878903287807,8734089.0810278
2018-10-08,45.990605821653,46.579842398453,45.969475996743,46.477962377809,9808093.1786745
2018-10-09,46.379623030527,46.550603289389,46.218693715406,46.390816126966,10824554.249658
2018-10-10,46.300357633299,46.702738028738,45.669775128838,45.679940287848,13917019.362988
2018-10-11,45.800665828007,45.969475996743,44.499411259392,44.640238687032,17677940.086447
2018-10-12,44.47942358718,44.880661829921,44.25007932546,44.680670892534,12420074.064108
2018-10-15,44.640238687032,45.266252580701,44.5889560309,44.909672508445,11608530.686222
2018-10-16,45.020347104863,45.596106279829,44.863872185263,45.488743926235,10442521.083235
2018-10-17,45.410506466435,45.990605821653,45.360137532461,45.860971490451,11055841.916125
2018-10-18,45.899005175288,46.079008440463,45.455164636919,45.609469466393,12716854.127366
2018-10-19,45.829676506531,46.489155474247,45.829676506531,46.329368311823,13989248.059251
2018-10-22,46.369572086786,46.454548247503,45.80946040378,45.969475996743,14283643.132552
2018-10-23,45.618378257436,46.454548247503,45.450710241398,46.359521143046,17483860.410355
2018-10-24,46.329368311823,47.387915432154,46.238795602887,46.729464401866,21626030.635119
2018-10-25,46.651226942066,46.739629560877,46.120240152854,46.510399514426,14220213.67156
2018-10-26,46.369572086786,46.477962377809,45.430608353916,45.921391368166,21458109.808003
2018-10-29,46.150507199346,46.556199837609,46.051025699367,46.459002643025,20932175.687072
2018-10-30,46.618789805449,47.740041108889,46.037548297533,47.630508665169,20895359.529256
2018-10-31,47.49973218127,48.07880359906,47.222531721511,47.879840599101,25309420.398443
2018-11-01,47.809255562376,48.149160205245,47.295172633092,47.740041108889,16494500.196758
2018-11-02,47.819420721387,47.999309771292,47.434972123304,47.999309771292,17585056.983525
2018-11-05,47.999309771292,48.775059883645,47.921072311492,48.690312153467,16543547.255816
2018-11-06,48.647709857839,49.130612018473,48.601909534657,49.109482193564,14373424.675015
2018-11-07,49.389994896146,49.550924211267,49.029988365796,49.369778793395,12239746.100558
2018-11-08,49.119418922035,49.369778793395,49.099317034553,49.33071717113,9762841.8857046
2018-11-09,49.389994896146,49.891856791564,49.359842064924,49.680558542469,12398304.992223
2018-11-12,49.610087721014,50.241698162903,49.540873267527,49.869470598687,13918312.052595
2018-11-13,49.81030708894,50.000247082586,49.577764799666,49.859419654946,13873125.170458
2018-11-14,49.850510863903,49.939941420142,49.587815743407,49.762222460362,12106794.092826
2018-11-15,49.661484592415,49.751029363924,49.270411508685,49.739722052215,12080073.438263
2018-11-16,49.661484592415,50.250721169216,49.630189608495,50.169171466592,13405755.703547
2018-11-19,50.308856741534,50.758179612853,50.250721169216,50.510104046889,13575796.720535
2018-11-20,50.820769580693,50.839843530746,49.211019568399,49.378801799707,16255436.711567
2018-11-21,49.227809213057,49.44024961485,48.590716438218,48.731543865858,13559345.120637
2018-11-23,48.751759968609,49.227809213057,48.549370510557,49.019937422055,4792475.3993087
2018-11-26,49.008744325617,49.227809213057,48.66781174532,48.870086988103,9341933.2040435
2018-11-27,48.880252147113,49.405642388106,48.731543865858,49.369778793395,9180669.9520475
2018-11-28,49.211019568399,49.718706442576,49.211019568399,49.709569220993,11368689.798079
2018-11-29,49.280930754688,49.428245706149,48.969189653557,48.980294934514,11564316.994049
2018-11-30,48.999105920623,50.484153950544,48.98811395886,50.400977662565,25538171.985262
2018-12-03,49.870870475692,49.959599404149,48.891566006057,49.690013042976,14868769.519447
2018-12-04,49.970704685106,50.508517577132,49.501563224299,49.5791868718,19059889.007374
2018-12-06,49.511535313321,49.630180508844,48.660961447423,49.379518452973,17674941.760645
2018-12-07,49.569214782778,49.680154273147,48.880574044294,49.090101232949,15565698.288997
2018-12-10,49.44943639532,49.44943639532,48.465712477141,49.239795887472,12331097.15395
2018-12-11,49.590292152756,50.009459849259,49.180983226081,49.540318388453,18083597.054854
2018-12-12,49.949627315127,50.019431938281,49.187782377687,49.219965028621,12316945.460091
2018-12-13,48.718527597687,49.6102363308,48.569966135098,49.469380573364,13766246.621707
2018-12-14,49.230956990384,49.519241018474,49.021316482536,49.338496904951,13836072.76533
2018-12-17,49.338496904951,49.530346299431,48.019914770181,48.329276168249,18483062.539327
2018-12-18,48.608721299251,48.830600279991,47.85016261842,48.320437271162,14765715.072409
2018-12-19,48.241680431727,48.759549145709,47.619444740594,47.898889871596,17903815.99187
2018-12-20,47.810274262333,48.133007325226,47.101576026611,47.541934412287,21130010.86748
2018-12-21,47.260109578222,48.750710248621,47.230193311156,47.56845110355,32477700.999382
2018-12-24,47.619444740594,47.870106796464,45.829454761148,45.959205237628,10733715.805598
2018-12-26,45.879428525452,46.960720269176,45.658682736647,46.940662771939,14342579.87685
2018-12-27,46.739974480371,47.54964011744,46.03127624465,47.531849004071,16966519.417242
2018-12-28,47.890164293702,48.009829361966,47.023952379111,47.20027704409,13218168.96583
2018-12-31,47.489694264115,47.541934412287,46.960720269176,47.348951825873,10576274.492029
2019-01-02,46.940662771939,47.214668581656,46.555830791045,46.93080400211,11603715.417953
2019-01-03,46.81986451174,47.371049068592,46.529314099782,46.639007079024,14714411.913619
2019-01-04,46.749946569393,47.56845110355,46.639007079024,47.56845110355,13013813.817822
2019-01-07,47.56845110355,47.750328409007,46.893068710697,46.950748180154,13135484.121593
2019-01-08,47.2501374892,47.56845110355,47.033811148939,47.478588983158,15420735.171751
2019-01-09,47.08038533744,47.280053756266,46.430613082303,46.571355520545,18032541.85502
2019-01-10,46.660197768195,47.090470745655,46.339617769977,47.070526567611,15976608.6572
2019-01-11,47.288892653354,47.354391147157,46.970692358198,47.337733225723,11088619.008203
2019-01-14,47.2501374892,47.397679079048,46.990636536242,47.150303279787,11514288.795126
2019-01-15,46.88853594296,47.598367370615,46.812045487394,47.56845110355,11342944.648322
2019-01-16,47.400965335658,47.468616894136,46.859752867828,46.91958540196,16907780.194786
2019-01-17,46.91958540196,47.139311318024,46.878677173131,47.059421286655,12044613.491438
2019-01-18,47.609472651572,47.689362682941,47.119253820787,47.609472651572,12760779.367611
2019-01-22,47.719278950007,47.790216765095,47.204696492634,47.719278950007,11700445.559115
2019-01-23,47.821266224095,48.288254620227,47.650494199594,48.26819712299,12058272.874061
2019-01-24,48.113063147182,48.113063147182,47.375468517136,47.689362682941,10271978.3598
2019-01-25,47.951130019768,48.024220899531,47.241298592113,47.371049068592,12066683.641842
2019-01-28,47.220221222134,47.300111253504,46.940662771939,47.16922758509,9966924.8256696
2019-01-29,47.20027704409,47.63055002155,47.130359101743,47.400965335658,11998598.620923
2019-01-30,47.859114834702,47.890164293702,47.190304955068,47.859114834702,12952455.247122
2019-01-31,47.85016261842,48.780626515687,47.468616894136,48.128587876682,32181498.247469
2019-02-01,48.478970822772,48.780626515687,48.400327302531,48.699716611577,19130142.54207
2019-02-04,48.699716611577,49.44943639532,48.540049868032,49.249881295687,15105740.737666
2019-02-05,49.328638135122,49.464961124821,49.100073321971,49.26087325745,12651851.449162
2019-02-06,49.208746428472,49.360707466863,49.021316482536,49.26087325745,8689407.825296
2019-02-07,49.171124456252,49.460428357083,49.001372304492,49.419520128254,10047847.808817
2019-02-08,49.37181274782,49.501563224299,49.110045410993,49.501563224299,9813295.7683368
2019-02-11,49.569214782778,49.880842564714,49.474933213842,49.6102363308,9369284.2320371
2019-02-12,49.658963583975,49.798686149477,49.460428357083,49.658963583975,10983479.000931
2019-02-13,49.6102363308,49.939541906912,49.56037588569,49.789960571582,12748848.484327
2019-02-14,46.700086124283,46.960720269176,45.501169057777,45.589897986234,58905401.844357
2019-02-15,45.901525768171,46.25417509813,45.200646556797,45.240648232078,35701557.847456
2019-02-19,45.319405071513,45.589897986234,44.772526644012,44.829072921534,25511303.152811
2019-02-20,44.911116017579,45.236115464341,44.798023462534,45.099679155449,27463982.63476
2019-02-21,44.999958265229,45.911611176386,44.958823398014,45.859484347408,23121168.169356
2019-02-22,45.760670010735,45.95036634054,45.200646556797,45.278156885104,24728386.725735
2019-02-25,45.440203331711,45.56995380819,44.83915832975,44.938765900776,23774351.569087
2019-02-26,45.099679155449,45.139567511537,44.661587153643,44.688217164099,20463228.496942
2019-02-27,44.600621427576,45.020922316014,44.419877314053,44.938765900776,17827612.343904
2019-02-28,45.120756525427,45.608822291537,45.109651244471,45.341388995039,22533940.048528
2019-03-01,45.470119598777,45.641004942472,45.200646556797,45.380370797579,16291591.36959
2019-03-04,45.528932260168,45.669788017603,45.30048076621,45.649730520366,15973821.598537
2019-03-05,45.649730520366,45.700837476604,45.398048591754,45.599870075256,13062286.63784
2019-03-06,45.669788017603,45.786166829258,45.440203331711,45.449042228799,14232156.089645
2019-03-07,45.490063776821,45.528932260168,45.124042782037,45.278156885104,12083994.783632
2019-03-08,45.149652919752,45.249373809972,44.610593516598,44.83915832975,15579292.751457
2019-03-11,45.139567511537,46.234230920086,45.099679155449,46.181084218367,22126901.44671
2019-03-12,45.95036634054,46.249755649586,45.901525768171,46.051220422694,19348464.541806
2019-03-13,46.129977262129,46.339617769977,45.911611176386,46.21983938252,16222517.217855
2019-03-14,45.83848896386,46.110123455452,45.630775078437,45.699975594078,18504234.212095
2019-03-15,45.718736123481,45.895669260063,45.13817075849,45.299825859152,47254492.093398
2019-03-18,45.42957682598,45.68020401818,45.360263971839,45.409692911583,24006385.659704
2019-03-19,45.550453051353,45.690089806129,45.339481349447,45.559327792807,14986949.889678
2019-03-20,45.399919462133,45.895669260063,45.179960680274,45.530681475456,13376077.562609
2019-03-21,45.530681475456,45.760413706765,45.439350275429,45.510909899558,20043422.02754
2019-03-22,45.459234189826,46.10461886898,45.459234189826,45.931954595375,19055937.728652
2019-03-25,45.859496263251,46.200218931984,45.791194455605,46.029801428368,11668222.769157
2019-03-26,46.170561568138,46.789546699929,46.170561568138,46.640024157204,11434887.473637
2019-03-27,46.648898898658,46.903907292336,46.329969898812,46.609243408364,11543630.296496
2019-03-28,46.680690693994,46.920421051751,46.479604780036,46.580597091012,11121068.773334
2019-03-29,46.66979385955,46.903907292336,46.479604780036,46.861106324058,16045552.966104
2019-04-01,46.990744952386,47.164420272486,46.589471832466,46.720233845789,11522684.49222
2019-04-02,46.750003548134,46.928060069711,46.570823641563,46.570823641563,8495331.3452617
2019-04-03,46.420065375345,46.589471832466,46.034294968345,46.179436309592,12854520.760312
2019-04-04,46.339855686761,46.541166277717,46.110123455452,46.479604780036,7814918.7765054
2019-04-05,46.488254844491,46.580597091012,46.200218931984,46.469606653588,7677796.4762481
2019-04-08,46.541166277717,46.570823641563,46.265150584648,46.550939727166,9421519.9021818
2019-04-09,46.450846124185,46.720233845789,46.270655171119,46.66979385955,8641776.4339089
2019-04-10,46.840211363167,46.99961969384,46.560825515115,46.640024157204,8060255.4566892
2019-04-11,46.720233845789,46.750003548134,46.541166277717,46.709337011345,7352466.6335189
2019-04-12,46.66979385955,46.928060069711,46.570823641563,46.74112880668,10690042.158313
2019-04-15,46.879642176462,47.039050507136,46.70057460839,46.99961969384,10261723.244858
2019-04-16,47.049048633584,47.100612004817,46.70057460839,46.950078415597,10804647.878143
2019-04-17,47.278780864893,47.547045201502,47.149029898066,47.278780864893,11849264.043363
2019-04-18,47.32944552813,47.580072720331,47.271141846932,47.478968070855,12167114.735953
2019-04-22,47.40078047526,47.609730084177,47.013886683266,47.40078047526,9834684.054648
2019-04-23,48.090201846186,48.72019615092,47.552662126473,48.210067025065,25327964.131947
2019-04-24,48.030887118494,48.225457399485,47.914279756098,47.980334793756,15997286.389375
2019-04-25,47.73835766601,47.890239317223,47.468969944407,47.84069803898,11444409.45136
2019-04-26,47.988984858211,48.449685044323,47.980334793756,48.260619349803,10154300.165019
2019-04-29,48.17052387327,48.449685044323,48.111096807078,48.417780910488,9731538.542984
2019-04-30,48.530007071406,49.179772952038,48.39037031663,49.059907773159,17912962.96253
2019-05-01,48.948917335734,49.075298147579,48.549778647304,48.590445184093,10551593.748254
2019-05-02,48.530007071406,48.764232842692,48.270617476251,48.39037031663,8724931.1586438
2019-05-03,48.601454357036,48.959926508677,48.521244668452,48.72019615092,7076949.5860817
2019-05-06,48.331055588938,48.611340144985,48.260619349803,48.471815728708,8658208.1895234
2019-05-07,48.229838600962,48.290276713649,47.769138414851,47.997859599665,12487480.307558
2019-05-08,48.049535309397,48.229838600962,47.823060894571,47.84833705694,9281542.554827
2019-05-09,47.801042548685,47.980334793756,47.068820209481,47.40078047526,11450530.657785
2019-05-10,47.411901986703,48.294657915126,47.40078047526,48.189172064173,9653802.8595391
2019-05-13,47.908775169627,48.129744997981,47.729595263056,48.049535309397,11911503.888193
2019-05-14,48.530007071406,49.320420753308,48.34981611834,48.68941540208,16844203.049232
2019-05-15,48.669643826182,49.379960158,48.601454357036,49.179772952038,11422539.554108
2019-05-16,49.270991813565,49.659121329053,49.210553700878,49.579922686963,17771455.768338
2019-05-17,49.270991813565,49.551388708111,49.174380704066,49.200667912929,11257015.037944
2019-05-20,49.039125150767,49.139106415248,48.760975026209,48.849947117748,13850531.9998
2019-05-21,48.998346275478,49.030250409313,48.444292796351,48.601454357036,10587371.426703
2019-05-22,48.778499832118,49.70978599229,48.72019615092,49.649347879603,16050700.964375
2019-05-23,49.498701951884,49.900986118299,49.460057508085,49.85054613206,12199511.652993
2019-05-24,49.820888768214,49.89110033035,49.529482700725,49.609580050809,6887899.8092636
2019-05-28,49.598683216366,49.670130501995,49.030250409313,49.100686648448,18614225.833827
2019-05-29,48.741091111812,49.030250409313,48.411377616021,48.611340144985,12534850.077521
2019-05-30,48.72019615092,49.310647303859,48.669643826182,49.250209191172,9087411.1761798
2019-05-31,48.998346275478,49.310647303859,48.778499832118,49.130344012294,11368637.465488
2019-06-03,49.16000137614,49.982319191877,49.01924123637,49.982319191877,14167448.59447
2019-06-04,49.999956336286,50.281588954325,49.61519697578,49.999956336286,12010727.461951
2019-06-05,50.010965509228,51.14109081337,49.685520876416,50.779473183744,15837551.097415
2019-06-06,50.910235197066,51.541352886794,50.590295150725,51.401716132018,15190442.257407
2019-06-07,51.467771169676,52.185614180954,51.447887255279,51.489789515562,15293560.482861
2019-06-10,51.541352886794,51.541352886794,51.089639780636,51.380933509626,9737469.6554811
2019-06-11,51.447887255279,51.587524010055,51.179735257169,51.329145461395,9915822.3284683
2019-06-12,51.499675303511,52.135174194716,51.467771169676,51.639312058287,11088124.313015
2019-06-13,51.458575600324,51.699681604365,50.773602694715,51.131304574959,10353645.870425
2019-06-14,51.048260666956,51.530584143371,51.048260666956,51.308985097586,8694260.6176013
2019-06-17,51.25012981782,51.478194026913,50.608629562038,50.872698042655,12322604.475525
2019-06-18,51.25012981782,51.301516719282,50.530267324017,50.63917188525,9221096.1171726
2019-06-19,50.539965068978,51.23931738953,50.470074424256,51.120380678336,9414125.0377848
2019-06-20,51.500041820159,51.78473194236,51.348444887429,51.660333282855,10656579.995072
2019-06-21,51.530584143371,51.888397491948,51.411647432178,51.551205784956,21264421.294534
2019-06-24,51.738918457543,52.199394140711,51.699681604365,51.91893981516,10780166.059577
2019-06-25,52.002986938159,52.101079071102,51.640714856267,51.759763035793,11519911.497027
2019-06-26,51.520663461744,51.640714856267,51.084376406813,51.120380678336,12405072.794097
2019-06-27,51.291596037655,51.400723535554,50.96432501229,51.078802990168,12374913.486147
2019-06-28,51.270974396071,51.400723535554,50.520346642389,50.919626210801,16339869.759807
2019-07-01,51.069105245207,51.629790959643,50.778841706361,51.599248636432,14983241.720002
2019-07-02,51.780273209045,52.048800422977,51.551205784956,51.981139144913,8570396.8110049
2019-07-03,52.002986938159,52.328028596866,52.002986938159,52.101079071102,7253702.2175203
2019-07-05,51.888397491948,52.121923649353,51.478194026913,52.110888284396,8916270.0463937
2019-07-08,52.199394140711,52.329143280195,51.888397491948,52.002986938159,9495084.565982
2019-07-09,51.721417929279,51.970215248289,51.431265858766,51.58955089147,10584926.201917
2019-07-10,51.800003103966,51.970215248289,51.654871334544,51.819732998888,7620934.094771
2019-07-11,51.991951573203,52.0597243196,51.660333282855,52.03887974135,10376532.552113
2019-07-12,52.250558105508,52.288791743689,51.909130601866,52.121923649353,7347729.3736468
2019-07-15,52.281100428719,52.288791743689,51.865546483706,52.131621394314,5876139.9404365
2019-07-16,51.960406034995,52.469927784635,51.809812317261,52.140427392612,7132540.6673166
2019-07-17,52.221018997292,52.260478787135,52.009452101467,52.178549562461,8264360.7746769
2019-07-18,52.03887974135,52.164393084184,51.67014249615,52.028067313059,11912292.324887
2019-07-19,52.140427392612,52.148007239249,51.370181212343,51.39091432226,10355791.725993
2019-07-22,51.520663461744,51.520663461744,51.131304574959,51.219587494608,12095776.26727
2019-07-23,53.250986393195,54.635423087689,52.760079855148,54.331003070566,33417948.667474
2019-07-24,54.119436174741,54.819791710289,53.618608955066,53.780015101091,15633378.208862
2019-07-25,53.629532851689,53.800748211008,52.712037003672,53.069850352249,19134961.675996
2019-07-26,53.339269312844,54.309266745652,53.189901746771,54.169485456208,11452089.261443
2019-07-29,54.169485456208,54.294998799043,53.899063280617,53.988460883595,12283928.660063
2019-07-30,53.960147927041,54.299346064025,53.565215623612,53.720045137996,8127138.7650912
2019-07-31,53.510596140496,53.510596140496,52.03887974135,52.630107778998,16865526.459609
2019-08-01,52.781816180061,53.199710960066,52.009452101467,52.028067313059,19527450.667442
2019-08-02,51.909130601866,52.728422848607,51.909130601866,52.329143280195,13102306.275311
2019-08-05,52.390227926619,52.66065010221,51.400723535554,51.651750221223,19986478.597678
2019-08-06,51.862202433719,52.758965171819,51.60805463473,52.271291215425,19903076.222369
2019-08-07,52.271291215425,53.389541530977,51.770575464083,53.179981065144,17937045.36724
2019-08-08,53.690617498113,53.783359151078,52.848474243129,53.690617498113,10799081.854327
2019-08-09,53.791050466047,53.899063280617,53.079771033876,53.420083854189,9260870.9846749
2019-08-12,53.279299349749,53.435355015795,52.989258747569,53.219329386654,4768924.2991874
2019-08-13,52.900752891255,53.608799741772,52.869095884714,53.499672243873,8657590.4117011
2019-08-14,53.339269312844,53.96549840702,52.969528852648,52.989258747569,17088931.931986
2019-08-15,53.430004535816,53.999273311885,53.230253283278,53.869635640734,12393223.381481
2019-08-16,53.960147927041,54.490291318266,53.951341928743,54.410591460249,14288686.662526
2019-08-19,54.440019100132,54.780554857111,54.309266745652,54.688816419143,10936538.523897
2019-08-20,54.620151926083,54.681236572506,53.841099747515,53.878218702367,8176976.5127426
2019-08-21,54.249185314225,54.410591460249,53.848791062484,54.099706279819,10886648.527734
2019-08-22,54.119436174741,54.639770352671,54.099706279819,54.490291318266,7467948.6173471
2019-08-23,54.418282775219,54.70954952906,53.389541530977,53.738660349589,14160659.474472
2019-08-26,53.999273311885,54.540452068066,53.72985435129,54.540452068066,9227332.9395927
2019-08-27,54.698625632437,54.94519358479,54.410591460249,54.720473425684,13538721.599389
2019-08-28,54.65938877926,55.150295317307,54.419397458548,55.109943780801,10052411.197389
2019-08-29,55.259422815207,55.341240571548,54.600422031161,55.049862349373,9262979.2579809
2019-08-30,55.160104530602,55.220185962029,54.809982496994,55.040053136079,8746709.8742294
2019-09-03,54.978968489655,55.330316674925,54.86883777676,55.300777566709,12991492.680472
2019-09-04,55.351049784842,55.918312130919,55.300777566709,55.769947779843,10733807.879519
2019-09-05,55.751444036583,55.769947779843,55.030355391118,55.118638310767,13677161.824288
2019-09-06,55.440558856153,55.440558856153,54.759710278861,55.228880491995,9093514.416434
2019-09-09,55.030355391118,55.081519355914,54.35931602712,54.519718958149,10814947.985908
2019-09-10,54.228452204307,54.440019100132,53.848791062484,54.400893715288,12038561.396332
2019-09-11,54.289536850731,54.800061815367,53.969845672003,54.769519492155,9740376.6651865
2019-09-12,55.099019884178,55.310698248336,54.978968489655,55.109943780801,12357889.637528
2019-09-13,54.478113016012,54.791057437884,54.06989096075,54.260446227533,11486110.528049
2019-09-16,54.100211601341,54.339456947906,53.629135079451,53.961666192507,11172000.530112
2019-09-17,54.100211601341,54.695890463764,53.961666192507,54.24097019562,11402941.386414
2019-09-18,54.19980494635,54.285455223057,53.821903531679,54.230125586941,9786554.8342515
2019-09-19,54.230125586941,54.594083933311,54.12942564921,54.521491450727,8088638.9965249
2019-09-20,54.690468159425,54.690468159425,53.899918318602,53.909545675286,19349483.530545
2019-09-23,53.909545675286,54.359043639091,53.880331627417,54.140270257889,6837554.3905908
2019-09-24,54.250708211576,54.609244253607,54.039570320158,54.298402357908,10336536.336805
2019-09-25,54.439160952187,54.478113016012,54.000507597061,54.169484305758,10289533.592897
2019-09-26,54.469481592778,54.575603834848,54.12942564921,54.391577465127,11252682.187371
2019-09-27,54.55933692183,54.635138523309,54.000507597061,54.309136307315,7941142.4378859
2019-09-30,54.151004207296,54.681726076919,54.151004207296,54.439160952187,9822824.6463229
2019-10-01,54.531229466684,54.780323488477,54.011352205739,54.650298843605,14650923.78644
2019-10-02,54.210649555028,54.43484524057,52.900222453261,53.078826518643,15383999.46645
2019-10-03,53.498003841856,53.976826512803,52.82331425906,53.839166378147,14206689.916765
2019-10-04,54.000507597061,54.54096748264,53.888963050651,54.54096748264,9926616.6400381
2019-10-07,54.330936183944,54.359043639091,53.76989367373,53.870593611461,6105342.9590491
2019-10-08,53.880331627417,54.06989096075,53.451416288247,53.580334340397,13558243.182693
2019-10-09,54.059046352071,54.06446865641,53.535959972232,53.831641547635,7168098.0362254
2019-10-10,53.551120292528,53.880331627417,53.3583518403,53.660451653493,9054320.3191503
2019-10-11,53.590072356353,53.701616902763,53.195904028664,53.300919678012,9433729.0902771
2019-10-14,53.487159233178,53.6811449374,53.219695772194,53.300919678012,7363269.532027
2019-10-15,53.451416288247,53.6811449374,53.269492444698,53.508959109807,9575426.135421
2019-10-16,53.459051778031,53.57059632444,53.133049562036,53.487159233178,10675920.062396
2019-10-17,53.691878886806,54.120683566704,53.580334340397,53.789369705642,13336935.557453
2019-10-18,54.999096869679,55.388949485751,54.450005560866,54.780323488477,18122505.547496
2019-10-21,54.450005560866,54.55933692183,53.6811449374,54.230125586941,12879183.955317
2019-10-22,54.230125586941,54.419684920274,53.739573033138,53.848904394103,9618979.2721939
2019-10-23,54.059046352071,54.661254111556,54.011352205739,54.639564894198,8648740.3315749
2019-10-24,54.570292189781,54.81717302613,54.483535320352,54.609244253607,11069473.515459
2019-10-25,54.549598905874,54.55933692183,53.671296262171,53.749311049095,9782439.4972597
2019-10-28,53.739573033138,53.950710924556,53.368089856257,53.57059632444,8866052.6543326
2019-10-29,53.389668414342,53.660451653493,53.259754428742,53.410251038977,7999725.7419384
2019-10-30,53.519693059214,54.050414928837,53.160161083733,53.9409729086,8620879.3985681
2019-10-31,53.961666192507,54.469481592778,53.848904394103,54.42942293623,13981959.461317
2019-11-01,54.661254111556,54.739158239207,53.848904394103,53.899918318602,9889529.6699592
2019-11-04,53.919283691242,54.000507597061,52.969495157678,53.139467799826,17515048.751747
2019-11-05,52.890484437305,52.890484437305,52.120517221117,52.421510441587,19283964.078525
2019-11-06,52.531948395274,52.800629108252,52.41177242563,52.800629108252,13288900.516761
2019-11-07,52.880746421348,52.99981579827,51.960171935653,52.291596455987,11725818.520259
2019-11-08,52.45835997924,52.599118573519,52.089089987803,52.208159364724,7141930.5131456
2019-11-11,52.328335334368,52.369500583638,51.773932380487,51.840881240187,8198920.2404943
2019-11-12,51.909268670426,51.909268670426,51.583266454432,51.711077913859,12656896.663811
2019-11-13,52.1811585023,52.448621963284,51.961167869103,52.41177242563,12538462.306616
2019-11-14,52.531948395274,52.669497870658,52.349028618275,52.630545806832,8660825.0366586
2019-11-15,52.640173163517,52.680453138609,52.374922887977,52.669497870658,8982555.3792658
2019-11-18,52.680453138609,53.441678272291,52.669497870658,53.030136438861,13783404.839031
2019-11-19,53.150423067777,53.311764286691,52.87089774612,53.078826518643,12679742.001004
2019-11-20,53.09951980255,53.400623682293,53.01077106622,53.219695772194,11970305.732633
2019-11-21,53.110253751957,53.339871741837,52.775730772,52.958650548999,7856139.5382832
2019-11-22,52.958650548999,53.18826853888,52.750721776476,53.030136438861,9113349.5975729
2019-11-25,53.280337053377,53.389668414342,52.771304401111,53.219695772194,10965780.319378
2019-11-26,53.311764286691,53.9409729086,53.219695772194,53.899918318602,13240293.003793
2019-11-27,53.930238959193,54.100211601341,53.59881443886,53.950710924556,9595243.8329467
2019-11-29,53.70019628126,53.724910014464,53.219651468966,53.400226479575,7222346.3734658
2019-12-02,53.318506401781,53.749513908853,52.849824181425,53.749513908853,13182504.818718
2019-12-03,53.749513908853,53.839911252972,53.400226479575,53.800149602218,15847772.878681
2019-12-04,53.800149602218,54.310680410799,53.720516461894,54.289261842022,13624914.598351
2019-12-05,54.209738540513,54.289261842022,53.830245437319,54.189308521065,14069774.62864
2019-12-06,54.310680410799,54.499932687732,54.170965439087,54.419310998081,7843836.5457004
2019-12-09,54.300026045817,54.510696891527,54.019387875438,54.068925180659,13925128.909005
2019-12-10,54.0399277337,54.068925180659,53.729193728219,53.770053767116,8994059.9259204
2019-12-11,53.939864573929,54.149546870311,53.659226403549,53.949640228396,8879194.891386
2019-12-12,54.009831898599,54.449406833182,53.939864573929,54.139771215843,11233466.235465
2019-12-13,53.939864573929,54.550458542281,53.839911252972,54.419310998081,13072403.540303
2019-12-16,54.690283352807,54.828899936376,54.369773692859,54.419310998081,9538427.6680005
2019-12-17,54.396794041162,54.578467439912,54.289261842022,54.419310998081,9230074.6925758
2019-12-18,54.531126910976,54.749376634868,53.885055005624,53.909768738828,15132346.198601
2019-12-19,54.0399277337,54.339677857758,53.920532942623,54.319357677123,15150935.173124
2019-12-20,54.939617461129,55.19982561206,54.468738464488,54.968614908088,23833294.191911
2019-12-23,54.999809131332,55.239477424,54.838565752029,54.911608563498,9300762.6565958
2019-12-24,54.801989426888,54.999809131332,54.639647659443,54.708516595971,3359258.302626
2019-12-26,54.921384217965,55.02023915078,54.791225223093,55.02023915078,6228683.2194963
2019-12-27,55.009474946985,55.444876006627,54.999809131332,55.349206399425,6895611.8669119
2019-12-30,55.181482530082,55.384684336424,55.061099189677,55.269573259102,6432612.1677443
2019-12-31,55.19982561206,55.380400622668,54.979379111883,55.349206399425,7982821.7584064
2020-01-02,55.320208952466,55.429828089076,54.760030999849,54.989044927536,11099118.266316
2020-01-03,54.319357677123,54.989044927536,54.089245361294,54.690283352807,11354496.896939
2020-01-06,54.650411863239,54.906336300415,54.52036270718,54.671940270829,14698442.528313
2020-01-07,54.449406833182,54.598897459361,54.149546870311,54.250488740596,10230671.851254
2020-01-08,54.272126987001,54.639647659443,54.149546870311,54.349453512225,10676711.42514
2020-01-09,54.999809131332,55.395448540219,54.838565752029,55.338442195629,15410150.111154
2020-01-10,55.479255555483,55.930802920818,55.450258108524,55.529781410033,13041105.634694
2020-01-13,55.529781410033,56.229564495547,55.420162273423,56.128622625262,14303170.771301
2020-01-14,56.240328699343,56.293051330177,55.830849599861,55.998463630389,16347159.823379
2020-01-15,55.998463630389,56.979983274425,55.998463630389,56.69945494286,17735380.310479
2020-01-16,56.850922667695,56.949887439324,56.604773884986,56.819838283266,10234415.134719
2020-01-17,56.870254299001,57.150892469381,56.800396813145,56.941210172999,14264299.786493
2020-01-21,56.850922667695,57.243266912155,56.574678049885,57.170224100687,11968922.830945
2020-01-22,57.248649014053,57.641103097328,57.179999755154,57.609908874084,12869730.415285
2020-01-23,57.379796558254,57.845293452997,57.239093037214,57.830245535447,12858947.079817
2020-01-24,57.849687005567,57.869018636873,57.458331310435,57.680864748082,8594326.7406031
2020-01-27,57.210095590255,57.849687005567,57.12936406179,57.47996955684,14359937.702257
2020-01-28,57.448775333596,57.74973368461,56.970317458772,57.010079109527,15240426.066735
2020-01-29,56.999424744546,57.256227892236,56.659583453291,57.010079109527,13173957.77884
2020-01-30,57.93008901759,58.980477598153,57.760388049591,58.859984418934,20225581.030738
2020-01-31,58.969713394358,59.074060267885,58.143066478398,58.39888107676,17685224.59115
2020-02-03,58.75157350928,58.969713394358,58.519264417165,58.579565926182,12336756.24574
2020-02-04,58.75157350928,59.450258206652,58.621414514407,58.839774077114,15417923.191829
2020-02-05,58.899965747317,59.079442369782,58.535410722859,58.849330053953,11414908.50598
2020-02-06,58.980477598153,59.338552132571,58.839774077114,58.990253252621,9347023.4634328
2020-02-07,58.881622665339,59.315925336838,58.849330053953,59.191148443863,8757798.6458159
2020-02-10,59.321307438736,59.839417125499,59.285829501737,59.75132639648,7984914.7971231
2020-02-11,59.720132173236,59.799765313559,59.321307438736,59.590083017178,7431243.7305076
2020-02-12,59.479255653611,59.765275925888,59.315925336838,59.410606394712,9179101.2927889
2020-02-13,59.38051055961,59.839417125499,59.209491525841,59.611501585954,8173190.6064883
2020-02-14,59.630943056075,60.070517990657,59.620178852279,59.950134650252,9965811.2901244
2020-02-18,59.81041967854,59.929704630804,59.450258206652,59.529891346975,10076116.290975
2020-02-19,59.510449876855,60.000660504802,59.4706882261,59.770658027786,6265794.1913031
2020-02-20,59.680260683668,59.86094553309,59.109538204884,59.720132173236,7597337.9806726
2020-02-21,59.510449876855,60.129611272718,59.429828187204,60.129611272718,10842358.23014
2020-02-24,59.109538204884,59.799765313559,58.569900110529,58.649313573224,14415501.83363
2020-02-25,58.679409408325,59.19883716086,57.619574689737,57.820689558608,15915088.724769
2020-02-26,57.980724710954,58.4709353389,57.474477616128,57.599254509103,15839658.400136
2020-02-27,57.150892469381,57.889338817507,54.879315952112,54.931050033618,23754008.955083
2020-02-28,53.830245437319,53.889338719379,51.580307166455,53.489415596736,40891822.060741
2020-03-02,53.931297146418,55.96089875592,53.70019628126,55.921137105165,25698627.970807
2020-03-03,56.759646613063,57.490623921821,55.639400546643,56.060742238062,27099173.200111
2020-03-04,56.41024934497,58.999809229459,56.41024934497,58.919187539808,20526140.46022
2020-03-05,57.799051312203,58.169867149072,56.191011071749,56.740205142943,17948494.442856
2020-03-06,54.939617461129,55.91037290137,53.980724612826,55.260017282263,22353923.264058
2020-03-09,52.048989386811,53.579703102041,51.474861904786,51.859737109878,27898258.172579
2020-03-10,53.151880920581,53.79476750032,51.169619840017,53.659226403549,27457399.102076
2020-03-11,52.350057576639,52.649807700696,51.139524004915,52.209134377971,22660708.786043
2020-03-12,48.540188465959,49.927892045049,46.690063478923,47.159844087422,31913103.643495
2020-03-13,49.50874561484,49.561118769124,46.604920975353,48.469775473103,33697153.108992
2020-03-16,42.24020109465,47.880495824488,41.169110203404,45.261184806921,28682285.531407
2020-03-17,45.880407527112,47.500164373526,45.370939774734,47.180372369094,32106679.773639
2020-03-18,44.740066477603,45.150341000142,41.589946463917,44.849930329313,35408291.248327
2020-03-19,44.360823865607,44.66014569747,41.040082785886,41.828619965352,41956851.594492
2020-03-20,41.949154438932,42.069580028616,37.510720160204,38.300346178636,51513502.005263
2020-03-23,38.75646082166,38.887557033214,36.269334854614,37.560806752658,44978495.875176
2020-03-24,41.221265589895,41.399181877004,38.828977496822,39.450269011049,49096204.597951
2020-03-25,40.629917147244,43.450663373595,39.909541287075,41.610307752589,42511651.070402
2020-03-26,42.838953642272,45.269677750859,42.450020363475,44.289287145515,37828294.056149
2020-03-27,43.65950268735,44.029272400339,42.399933771021,42.809119454593,23297902.284481
2020-03-30,43.040497734953,45.559526683714,43.040497734953,45.000081222779,23445965.485501
2020-03-31,45.069331381042,45.510637814123,44.059106588018,44.252048852864,25373932.607791
2020-04-01,42.480943390121,43.649920904446,41.798785777672,42.119775504967,21936413.935618
2020-04-02,42.219839805979,44.189222844503,41.86172066993,43.949351620205,17621881.930012
2020-04-03,43.580561862286,44.335127266,43.309985379136,43.830014869488,14207106.263993
2020-04-06,45.391192179509,47.008880231887,44.689979885149,46.670033545544,22849975.981861
2020-04-07,48.499609660782,48.598802890621,46.481337752667,46.511171940346,21279571.219275
2020-04-08,46.640199357864,48.08944402214,46.329989136338,47.818649771197,18937131.671629
2020-04-09,48.442118963356,49.729562157225,48.349458767316,49.000584469222,19167277.456049
2020-04-13,48.349458767316,48.639307700171,46.500501318476,46.928850567857,19586014.898858
2020-04-14,47.939075360881,49.249928592527,46.928850567857,48.920663689088,21801875.860348
2020-04-15,47.709003687281,48.399436475874,47.408484132555,47.610899296408,12893169.340728
2020-04-16,47.398902349651,47.849572797843,46.760516063651,47.100560472857,17606778.419365
2020-04-17,48.301549852794,48.301549852794,47.371136956007,48.059609834461,19844640.114445
2020-04-20,47.79099326145,48.000921414172,46.308756776493,46.529246667188,18957924.687407
2020-04-21,45.880407527112,46.90119405811,44.260541796802,45.380521557639,26863724.317744
2020-04-22,46.049830870283,46.145648699326,45.499858308356,45.681149996261,15815149.219096
2020-04-23,45.950637640445,46.098719739875,44.9702470351,45.069331381042,17668163.703552
2020-04-24,45.499858308356,45.750291270627,45.120506812463,45.429519311127,15177580.252685
2020-04-27,46.000833116796,46.975779527308,45.708806506008,46.780768468426,19175538.17082
2020-04-28,47.90085711316,48.000921414172,46.569860360635,46.740372542773,17246695.523497
2020-04-29,47.267806138096,47.86035230361,46.879852814369,47.120703993736,15779999.657226
2020-04-30,47.000387287949,47.000387287949,45.699115839207,45.88988042612,20801092.565013
2020-05-01,45.61930394297,46.38856867273,45.208920536534,45.599051538195,14290419.08675
2020-05-04,45.318675504347,45.480803626444,44.599388483145,45.140759217238,22544162.500577
2020-05-05,45.360269152864,46.098719739875,45.150341000142,45.399794007344,13370525.671365
2020-05-06,45.399794007344,45.62997456484,44.718725233862,44.750737099474,11892889.026551
2020-05-07,45.150341000142,45.240932402146,44.500304137202,44.599388483145,16474652.292859
2020-05-08,45.079022047843,46.221323007491,44.880744472062,46.109499245642,13987843.077459
2020-05-11,45.689642940199,46.109499245642,45.520110713131,45.540472001802,10874594.292125
2020-05-12,45.599051538195,45.849484500466,44.799734852962,44.819007302667,13424423.480468
2020-05-13,44.709252334854,44.780571287153,43.521982325894,43.938680998334,15854777.753089
2020-05-14,43.379235537399,44.059106588018,43.228975760036,43.701096335866,18000813.481665
2020-05-15,43.960131125972,44.689979885149,43.199141572357,43.260987625648,31579431.653591
2020-05-18,44.819007302667,45.391192179509,44.130534424214,44.9702470351,26122327.278514
2020-05-19,45.01075184465,45.329346126218,44.252048852864,44.539720107786,17839922.38437
2020-05-20,45.199447637527,46.169167621001,45.021422466521,45.88988042612,22295930.039288
2020-05-21,46.080753896929,46.091315634903,45.031004249425,45.170593404917,13193527.916303
2020-05-22,45.219700042302,45.304847249474,44.650563914565,45.031004249425,13008410.206123
2020-05-26,46.921555346782,46.928850567857,45.93038523567,46.091315634903,22223097.241813
2020-05-27,47.000387287949,47.089889850987,46.163832310065,46.729701920902,18447623.091049
2020-05-28,47.299709119812,47.460748402942,46.819095600044,47.089889850987,16234424.363774
2020-05-29,46.680595283518,47.190063035895,46.140422272288,46.680595283518,51129923.508301
2020-06-01,46.659362923673,47.230567845445,46.590003881513,46.989607782182,17013041.070154
2020-06-02,47.15914000925,47.278476759967,46.560169693834,46.900105219144,15255146.328055
2020-06-03,47.267806138096,48.114922853954,47.120703993736,47.90085711316,15508290.362797
2020-06-04,47.939075360881,48.26409379235,47.380827622808,47.921000634038,13604668.0915
2020-06-05,48.540223354229,49.489690932928,48.459213735129,49.09008703226,20504799.128187
2020-06-08,49.540757480452,49.970195568799,49.470527367119,49.848790024046,19896657.3746
2020-06-09,49.589864117837,49.589864117837,48.680792464791,49.000584469222,16713659.366564
2020-06-10,49.159337190523,49.264845686367,48.572126335944,48.618946411499,15716569.604496
2020-06-11,47.810265711156,47.921000634038,45.459353498806,45.540472001802,26070384.151776
2020-06-12,46.210798665948,46.249859771625,45.010047329016,45.600387962046,21822736.775017
2020-06-15,44.570663841957,46.450452576743,44.470313487594,46.299387527165,15627064.769916
2020-06-16,47.560456980322,47.684977742617,46.190728595076,46.770386771028,18808006.986999
2020-06-17,46.780961324499,47.059892148184,46.439985926879,46.580260615773,12602791.892949
2020-06-18,46.299387527165,47.040793209773,46.07030816984,46.989107382096,9380777.8421596
2020-06-19,47.769358363167,47.789536337646,46.018514438556,46.018514438556,30432087.782019
2020-06-22,46.029196895634,46.149509417262,45.380696218516,45.739799422085,20876167.08096
2020-06-23,46.000602439821,46.288920877301,45.580209987566,45.640420200184,14675296.469157
2020-06-24,45.370121665046,45.439827395065,44.499879075869,44.64878605331,17631817.012894
2020-06-25,44.470313487594,44.981452873203,44.028879832006,44.929767045526,13829653.605078
2020-06-26,44.919192492055,45.010047329016,43.509323965064,43.57061321375,21955056.939777
2020-06-29,44.0003932798,44.570663841957,43.549572010416,44.36046761583,17603888.468991
2020-06-30,44.250729647672,44.830387823625,44.039454385476,44.679430677653,23679840.065391
2020-07-01,44.929767045526,45.530574328419,44.711154338065,44.819921173761,14316519.693747
2020-07-02,45.288762345487,45.429252841595,44.799851102888,44.880131386378,15111894.208953
2020-07-06,45.139855368046,45.26987921429,44.605516706967,45.230710205007,15146038.354747
2020-07-07,44.999364871938,45.494750330948,44.799851102888,45.209561098066,13043564.615793
2020-07-08,45.139855368046,45.179995509791,44.470313487594,45.070257541633,13851198.941738
2020-07-09,45.049108434692,45.049108434692,43.825049918682,43.908567310377,16087064.762171
2020-07-10,43.879972854564,45.250780275879,43.86098181976,45.149350885448,15627763.599013
2020-07-13,45.530574328419,45.676352101262,44.960411669869,45.250780275879,16705349.545002
2020-07-14,44.908617938585,45.940392227203,44.669935160251,45.870686497184,17080127.423514
2020-07-15,46.299387527165,47.191858259351,46.200116208871,46.399737881528,23738001.016604
2020-07-16,46.260326421488,46.691293427213,45.940392227203,46.149509417262,13306108.458021
2020-07-17,46.469551515154,46.910985170743,46.125123202116,46.821209369851,13906054.18512
2020-07-20,46.718700943351,46.830596983646,45.849537390243,46.119943828988,16633176.975693
2020-07-21,47.519129898901,47.991208178833,46.930839434402,47.200274740685,25686341.274961
2020-07-22,47.930026833754,48.515080190049,47.030326559909,48.480227325039,29831184.715872
2020-07-23,48.469652771568,48.567845053794,48.029298152048,48.280713555989,15934950.121186
2020-07-24,48.399947041549,48.800161519324,48.069438293793,48.490693974902,16196843.427384
2020-07-27,48.180147394413,48.509792913313,48.180147394413,48.480227325039,17346531.87039
2020-07-28,48.339844732538,49.279685148128,48.100082918136,48.180147394413,13872699.773021
2020-07-29,48.140115156274,48.500297395911,47.819101925921,48.019694731039,13758065.287195
2020-07-30,47.669115912411,48.229890957167,47.200274740685,47.690265019352,17276477.567598
2020-07-31,47.441115591155,47.769358363167,46.729275496822,47.239335846361,14850566.215725
2020-08-03,47.165421875675,47.360727404058,46.230760833214,46.299387527165,14141814.313226
2020-08-04,46.288920877301,46.859083535852,46.22029418335,46.691293427213,11707036.922274
2020-08-05,46.900302713665,47.263614157901,46.810526912773,47.220344811557,10561638.986911
2020-08-06,46.659569766802,47.52873331991,46.599359554184,47.480068793225,10745033.331929
2020-08-07,47.47068117943,48.078825907588,47.209770258087,47.80000298751,11669705.434011
2020-08-10,48.059942776391,48.275318375647,47.659620395009,47.720909643695,11887956.957764
2020-08-11,48.459078218098,48.653304710413,47.699760536754,47.930026833754,16531561.732767
2020-08-12,48.299488783579,48.690423551166,48.12112412147,48.430483762285,9564024.4672065
2020-08-13,48.26053558151,48.729376753236,48.059942776391,48.380956006745,9882910.2217646
2020-08-14,48.339844732538,48.690423551166,48.029298152048,48.449582700696,10075809.778813
2020-08-17,48.31858772199,48.750633763784,48.199246332824,48.209712982687,9102363.5721907
2020-08-18,48.199246332824,48.500297395911,47.959592422029,48.420988244883,9828984.856665
2020-08-19,48.12112412147,48.380956006745,47.220344811557,47.369251788999,17371037.288022
2020-08-20,47.268793531029,47.601568254528,47.09247903745,47.350260754195,11308736.532095
2020-08-21,47.339578297117,47.494851587362,46.970116347292,47.279475988106,14734119.319475
2020-08-24,47.430541037685,47.980633625363,47.175996429145,47.970166975499,9257725.2117864
2020-08-25,48.00189063591,48.049260319314,47.649045841539,47.909956762881,7827832.8145375
2020-08-26,47.758891713303,48.180147394413,47.47068117943,48.160293130754,10124150.19267
2020-08-27,48.251147967714,48.820231590196,48.199246332824,48.229890957167,10931634.904797
2020-08-28,48.750633763784,49.849955710285,48.529862984186,49.828698699737,16420258.521691
2020-08-31,49.800212147531,50.070618586276,49.350362010609,49.530992648462,18510778.306003
2020-09-01,49.309250736402,49.350362010609,48.83069824006,49.121066846071,12590433.602228
2020-09-02,49.360936564079,51.361037820494,49.360936564079,51.19001060365,26332629.408603
2020-09-03,51.399127793709,52.137296368112,50.099105138482,50.479249545385,22289381.325235
2020-09-04,50.939782139384,51.465596415523,50.279735776335,51.038945554072,21019544.46438
2020-09-08,50.929207585914,51.038945554072,49.360936564079,49.80981556854,17776745.456019
2020-09-09,49.599619342413,50.753864224796,49.54879674359,50.191039011511,15252273.634483
2020-09-10,50.349441506354,50.674662977375,49.950198161041,50.001020759863,15439504.911078
2020-09-11,50.400048297963,51.199506121052,50.099105138482,51.059123528551,18272338.3861
2020-09-14,50.970777250488,51.229486080267,50.570458250332,50.709820640226,10911656.980552
2020-09-15,51.000105433921,51.380301446903,50.839763759528,51.050198827524,12838391.70746
2020-09-16,50.95076130048,51.446236341046,50.740219195318,50.789456291594,15354678.084774
2020-09-17,50.219483383619,50.6291146172,49.938724897681,50.550656374656,13287136.852351
2020-09-18,50.74963846591,51.155095250024,50.209100778535,50.451004773281,23816601.610002
2020-09-21,49.750232448678,50.019537957873,48.604292551443,49.090348321417,17514770.443842
2020-09-22,49.111220568751,50.035272421248,49.069369036917,49.661177526718,13034614.911153
2020-09-23,49.730430573002,49.921063765322,48.170577955553,48.209325409579,17121209.077653
2020-09-24,48.209325409579,49.100837963667,47.558753515744,48.700518963512,16788102.725196
2020-09-25,48.198835767328,48.760245702038,47.979944763233,48.72053491352,12603380.728854
2020-09-28,49.309239325513,49.709344251336,49.139478380527,49.278947807586,11215707.582933
2020-09-29,49.390908683031,49.553391100741,48.909027362523,48.919517004773,12427768.035047
2020-09-30,49.269314462663,49.620289329376,48.891259192998,49.370999770189,15755900.974391
2020-10-01,49.439182444814,49.658180486075,48.590591794218,49.179296206211,17577261.593816
2020-10-02,48.760245702038,49.5795081692,48.549810634042,49.360510127939,13610071.114893
2020-10-05,49.428585765398,49.549109614108,49.121603173836,49.381596449605,10628735.22935
2020-10-06,49.549109614108,49.725078714711,48.830462082814,48.939425917615,10077431.057039
2020-10-07,49.018954531817,49.759758756436,48.949915559865,49.5585288847,10135645.652696
2020-10-08,49.709344251336,50.54005969524,49.535515894049,50.460638118204,12143920.333468
2020-10-09,50.670002814542,51.229486080267,50.600856805424,50.810435576094,11407808.875566
2020-10-12,50.839763759528,51.524908657921,50.831307823428,51.091194062031,11386512.971484
2020-10-13,50.989508754505,50.989508754505,49.900084480822,50.219483383619,14365292.470316
2020-10-14,50.051006884623,50.48889592998,49.650687884468,50.118975484917,10582935.05086
2020-10-15,49.400327953623,50.129358090001,49.298749683262,49.990209774439,9963189.7814628
2020-10-16,49.990209774439,50.349426502921,49.870756297388,50.029920562957,13570887.185952
2020-10-19,50.029920562957,50.480332956715,49.460054692148,49.620289329376,9930441.6849362
2020-10-20,49.889594838571,50.618732012116,49.79112064602,50.248918604219,10972731.521909
2020-10-21,49.959811219347,50.430239563112,49.77014136152,49.990209774439,12517412.441178
2020-10-22,51.169759341741,51.200157896833,50.378754686354,50.680492456792,20189225.373532
2020-10-23,51.000105433921,51.180141946825,50.465668864998,50.519187447906,13491264.999416
2020-10-26,50.340114269495,50.50859076849,49.199205119053,49.80161028827,14696396.097111
2020-10-27,49.808888815546,50.285632352094,49.552320729083,49.900084480822,13892108.91759
2020-10-28,49.000223027799,49.148897651119,47.77967822599,47.959928813225,19886156.087633
2020-10-29,47.73054816688,48.474349432141,47.299937648799,48.020725923409,15369876.0806
2020-10-30,47.809006409424,48.121340859277,47.365016245615,48.059473377435,15805002.118245
2020-11-02,48.749863096954,48.949915559865,48.239723964671,48.619919977652,15156149.55102
2020-11-03,49.220291440719,49.959811219347,49.000223027799,49.350127522855,15285086.709125
2020-11-04,49.428585765398,50.209100778535,49.079751642001,49.168806563961,12930817.783074
2020-11-05,49.759758756436,50.209100778535,49.339637880604,49.439182444814,12452432.680242
2020-11-06,49.650687884468,49.990209774439,49.251653330303,49.449672087064,9294903.7113769
2020-11-09,52.500124275679,53.260623338807,52.071654500914,52.569270284796,33441952.191617
2020-11-10,52.569270284796,54.279938268881,52.449923844911,53.98034124176,29706666.461891
2020-11-11,53.929070439334,54.299847181723,53.329769347925,53.579165944278,17399923.004873
2020-11-12,53.049117899153,53.209352536381,52.605876995506,53.011440816786,15026961.336265
2020-11-13,53.250240733723,53.500600664569,52.89080993091,53.449222824977,12449443.865158
2020-11-16,54.499899644635,54.620423493345,53.280639288815,53.850505159624,14908180.040077
2020-11-17,53.659871967304,53.749997260922,53.025034536845,53.67967384298,14248362.120294
2020-11-18,53.749997260922,54.020159067444,52.559851014204,52.611228853797,15278206.038695
2020-11-19,52.489634633429,53.230331820881,51.950167317712,53.130787256672,17189548.98841
2020-11-20,53.189443623539,53.250240733723,52.590142532131,52.669778183498,15647920.84162
2020-11-23,52.949573334944,53.169534710697,52.200527248557,52.680267825748,13194014.882072
2020-11-24,53.141276898922,53.589655586528,53.02182342187,53.219842178631,13836366.704899
2020-11-25,53.069026811995,53.280639288815,52.790302032208,52.928594050444,10194758.515677
2020-11-27,53.109807972171,53.189443623539,52.611228853797,52.699106366932,8499288.9639948
2020-11-30,52.089661399788,52.190449402766,51.079338668149,51.600058982795,43203587.35563
2020-12-01,52.140533321207,52.330745453275,51.786129142138,52.039745318229,18969340.163481
2020-12-02,51.90040510758,52.13012528718,51.635425057602,52.110371263414,14913071.767922
2020-12-03,51.90040510758,52.939934057152,51.90040510758,52.779777778448,17318877.277658
2020-12-04,52.779777778448,53.869116605151,52.758961710394,53.849362581385,18122398.584983
2020-12-07,53.759938452294,53.779798680489,52.699805843525,52.990699774142,16208903.062031
2020-12-08,52.939934057152,53.480408395564,52.784981795462,53.179956066351,12484798.971279
2020-12-09,53.369106154131,53.599888378019,53.00015196831,53.329704311028,11508458.596526
2020-12-10,53.400330256212,53.509508409069,52.980397944544,53.04996184544,12097339.530303
2020-12-11,52.799531802214,53.539670466862,52.779777778448,53.350414174653,10638102.089381
2020-12-14,53.649804459578,53.840016591646,53.179956066351,53.27044223973,22292030.908864
2020-12-15,53.790100510088,54.219378811495,53.594684361006,53.840016591646,16194486.400604
2020-12-16,53.599888378019,53.800402339686,52.939934057152,53.059414039607,15679647.554252
2020-12-17,53.299542253235,53.710022370735,53.149794008558,53.27044223973,12677328.986942
2020-12-18,53.080123903233,53.840016591646,52.619727704173,53.73912238424,35480122.439559
2020-12-21,52.680051819759,53.00015196831,51.979421202643,52.809939836241,14926601.398196
2020-12-22,52.809939836241,53.179956066351,52.390007524573,52.758961710394,9691585.9725005
2020-12-23,52.950235886751,53.38578024946,52.939934057152,53.080123903233,7040628.9113382
2020-12-24,53.019799787647,53.54997229646,53.019799787647,53.439732099315,3265532.0741327
2020-12-28,53.849362581385,54.435611028631,53.728714350213,54.160116740197,9020481.4839124
2020-12-29,54.451116875243,54.489669082915,54.019820689688,54.129954682404,8320600.4347688
2020-12-30,54.049982747481,54.629965133424,54.030228723715,54.440815045645,8142748.7643433
2020-12-31,54.451116875243,54.930311258209,54.269294893054,54.839931289259,8494972.2877516
2021-01-04,54.269294893054,54.629965133424,52.030293124062,52.758961710394,25611104.260389
2021-01-05,52.330745453275,52.619727704173,52.030293124062,52.17993516431,20323821.341733
2021-01-06,51.970075212904,52.019991294463,50.188389714536,50.520066145831,38724516.811442
2021-01-07,50.089725800135,50.254024051564,49.520151448219,49.959837783653,53225700.184971
2021-01-08,50.030463728838,51.125006572554,49.840251596769,51.079338668149,29673952.272064
2021-01-11,50.619898308949,50.860026522576,49.950491793914,50.201028041569,19310581.625483
2021-01-12,50.039809718576,50.368300017006,49.760279661846,50.10958602833,18538663.448701
2021-01-13,49.978529763131,50.358954027267,49.953571722351,50.16035174532,18864147.119744
2021-01-14,50.16035174532,50.180211973515,49.220761163294,49.230107153033,34303578.556213
2021-01-15,49.154383395263,49.179235231614,48.529582740345,48.700040848648,24366789.080354
2021-01-19,48.740504736039,49.038939181105,48.239644649588,48.50982871658,29114466.511675
2021-01-20,48.539990774373,48.819627035532,48.310270594773,48.679330985022,23115796.152775
2021-01-21,48.77916314814,49.089811102523,48.461080883738,48.950577096302,19707197.113625
2021-01-22,48.810281045793,48.940169062275,48.489118852954,48.489118852954,15400348.189635
2021-01-25,48.419448747629,48.840336899157,48.239644649588,48.77916314814,16604213.979411
2021-01-26,48.909051164622,49.400671465764,48.610616719557,49.289475428759,12922625.811366
2021-01-27,48.889190936428,49.319531282123,48.229236615561,48.529582740345,21242412.332517
2021-01-28,48.68973901905,49.499335380164,48.610616719557,49.150135218109,17498866.673922
2021-01-29,49.028531147077,49.121035204605,48.109650428677,48.150220520497,18670255.77102
2021-02-01,48.27086875167,48.68973901905,48.18038257829,48.480728703075,12183608.601383
2021-02-02,48.799766807337,49.350649179776,48.629414903463,48.959923086041,13319750.236039
2021-02-03,48.950577096302,49.087687013946,48.669878790855,48.768542705255,12274115.603301
2021-02-04,48.959923086041,49.070163283186,48.649168927229,49.010901211889,20597413.690297
2021-02-05,49.499335380164,49.780033685612,49.270783449282,49.650039464701,12742031.271289
2021-02-08,49.959837783653,50.170865983776,49.489989390426,49.920329736121,17833220.6565
2021-02-09,49.849703790937,50.020161899239,49.630391645364,49.69995554626,14592923.75282
2021-02-10,50.409932153115,50.580284056988,49.530559482246,49.600229587571,22965431.865308
2021-02-11,49.811151583265,50.589736251156,49.800743549238,50.300754000258,21928581.919621
2021-02-12,50.571044271678,50.84855644426,50.38911608506,50.690524254133,13137057.41511
2021-02-16,50.619898308949,50.719624267638,50.16035174532,50.269636102605,15093405.586261
2021-02-17,49.999345831185,50.484806275453,49.884963661315,50.129233847667,12810507.767365
2021-02-18,50.16035174532,50.845476515824,50.032587817415,50.769540349197,12749840.416488
2021-02-19,50.790356417251,50.824660447769,49.97024581768,50.10958602833,15968769.682511
2021-02-22,49.849703790937,50.879674341913,49.670855532755,50.629244298688,14370879.266736
2021-02-23,51.000216368657,51.510634853704,50.420233982713,50.539820169597,16222250.860539
2021-02-24,50.38911608506,50.899428365679,50.129233847667,50.710278277899,14441998.57689
2021-02-25,50.470256268701,50.745644352706,49.978529763131,50.170865983776,14211089.551709
2021-02-26,50.201028041569,50.211436075596,48.970331120068,48.991040983694,23638351.785334
2021-03-01,49.439117469007,50.441156255196,49.400671465764,49.900575712355,13904858.882232
2021-03-02,49.840251596769,50.560636237651,49.69995554626,50.099071789874,11755131.185103
2021-03-03,49.719815774455,50.560636237651,49.709301535999,49.978529763131,15410666.420786
2021-03-04,50.310099989997,51.089640497747,49.619877406908,49.941145804176,22036419.70158
2021-03-05,50.050323957032,50.949450651667,49.900575712355,50.790356417251,21310757.986688
2021-03-08,51.470170966313,52.489839687691,51.160372647361,51.640629074615,25084869.66131
2021-03-09,51.71953896525,51.879695243954,50.819456430756,50.860026522576,23082680.643735
2021-03-10,51.180126671127,51.630221040588,50.715482294913,51.438946864231,21331588.787702
2021-03-11,51.410908895015,51.429600874493,50.810110441017,50.879674341913,17417653.295588
2021-03-12,50.590599412354,50.679285370567,50.200044147443,50.359721003323,17598593.555087
2021-03-15,50.500017554796,51.119450001652,50.470104476254,51.029816093767,13414077.26776
2021-03-16,51.199815068299,51.519484763284,51.040032884677,51.220459305603,14214187.115153
2021-03-17,51.250372384145,51.620388739494,51.149363080194,51.240050265493,17502652.586198
2021-03-18,51.059729172309,51.189598277389,50.484534376818,50.570060502791,18007305.962877
2021-03-19,50.459677029861,51.080373409613,50.170131068901,50.81020775306,67845714.507819
2021-03-22,50.320539083543,51.080373409613,50.320539083543,50.999903015224,17911391.186164
2021-03-23,50.989580896573,51.649248540623,50.825690931038,51.389615658205,16936692.057327
2021-03-24,51.169901989757,51.890554396046,51.149363080194,51.519484763284,14997372.936829
2021-03-25,51.699805856469,52.059605420907,51.169901989757,52.020423501126,17091937.932101
2021-03-26,52.139970487554,53.110038985351,51.760685290967,53.039996037355,17126693.00887
2021-03-29,52.729595183609,53.939916259416,52.71010955146,53.850177023789,17514065.584167
2021-03-30,53.750220997252,53.790350866705,52.925504782512,53.150274182545,14871752.352742
2021-03-31,53.029568590962,53.169759814694,52.499770051992,52.71010955146,15826473.642213
2021-04-01,52.960578920381,53.150274182545,52.454373795472,52.509986842902,15834731.93815
2021-04-05,52.349256709608,53.215156071214,52.290483829937,52.810065577997,16368723.461665
2021-04-06,53.039996037355,53.650159642973,52.899699485883,53.190404051998,15614267.546304
2021-04-07,53.280037959883,53.49964630059,53.120361104002,53.280037959883,10062686.550123
2021-04-08,53.169759814694,53.380204641903,52.969742433878,53.120361104002,9695560.5265119
2021-04-09,53.169759814694,53.280037959883,52.810065577997,53.180081933346,10828169.371382
2021-04-12,53.330595275729,53.550203616436,53.095609084786,53.350291563361,8565279.8750214
2021-04-13,53.039996037355,53.285199019209,52.810065577997,53.09044802546,11071689.66826
2021-04-14,52.980169880271,53.190404051998,52.645122335049,53.080125906808,9787596.9210858
2021-04-15,53.129629945241,53.660481761625,53.120361104002,53.330595275729,13078102.471581
2021-04-16,53.7398988786,53.799619707943,53.374938254836,53.680072721515,17974107.865432
2021-04-19,54.000690366173,54.358383375784,53.299628919773,54.000690366173,19352941.591824
2021-04-20,53.839960232878,54.590209734486,53.810047154336,54.169741391033,14419246.627465
2021-04-21,54.239889666769,54.740828404611,54.239889666769,54.609906022118,13866499.566108
2021-04-22,54.4707680758,54.865536450365,54.31509367409,54.439801719844,12558856.172809
2021-04-23,54.400725127805,54.590209734486,54.169741391033,54.4707680758,9023480.9433558
2021-04-26,54.4707680758,54.50994999558,53.580116694978,53.660481761625,11684626.348986
2021-04-27,53.559472457674,53.699663681406,53.320378484819,53.580116694978,9852429.3460883
2021-04-28,53.980046128869,54.047034572365,53.43476441192,53.59043881363,10868140.571404
2021-04-29,53.539881497784,54.359436653197,53.429498024853,54.26032324859,15390993.80111
2021-04-30,54.25010645768,54.270856022725,53.689341562754,53.980046128869,14912570.433105
2021-05-03,54.270856022725,54.795388174628,54.15931394464,54.480036917038,10417920.355962
2021-05-04,54.569776152665,54.620122813028,53.939916259416,54.139933640232,14151237.616546
2021-05-05,54.139933640232,54.139933640232,53.744954610184,54.000690366173,6505841.4973784
2021-05-06,54.1202373526,54.605692912464,54.050194404605,54.540916351536,11572695.541975
2021-05-07,54.439801719844,54.76968820574,54.15931394464,54.50994999558,10637482.572873
2021-05-10,54.879966350929,55.494237738459,54.830567640238,54.909879429471,15545823.511319
2021-05-11,55.02953174364,55.140757838502,54.044928017538,54.320149405675,12986733.492442
2021-05-12,54.359436653197,54.554292974687,53.874823715264,54.039872285953,15836455.771331
2021-05-13,53.969829337958,54.774849265066,53.829427458744,54.50994999558,15476902.196691
2021-05-14,54.899557310819,55.099574691636,54.689323139093,54.7306116137,11725564.719342
2021-05-17,54.839731153735,55.020052246919,54.499627876929,54.63981910066,12119757.931161
2021-05-18,54.390297681411,54.559348706272,54.099593115296,54.339845693307,13232496.615611
2021-05-19,54.1202373526,54.180063509685,53.61002977352,54.169741391033,15126119.120531
2021-05-20,54.1202373526,54.800654561696,54.1202373526,54.650035891571,10948424.439809
2021-05-21,54.800654561696,55.115057869613,54.220193379138,54.620122813028,16033217.214403
2021-05-24,54.62960230975,54.930523666775,54.489200430535,54.800654561696,10326135.212256
2021-05-25,54.819086916431,54.819086916431,54.345006752633,54.790332443044,11916454.264691
2021-05-26,54.979922377466,55.049965325462,54.590209734486,55.02953174364,16064276.28418
2021-05-27,55.209747509083,55.569547073521,54.774849265066,55.489287334616,59109569.490682
2021-05-28,55.349096110884,55.709738297253,55.200583995586,55.290323231213,17011952.848513
2021-06-01,55.340775219318,55.650122795651,55.094308304568,55.27989578482,13304325.261721
2021-06-02,55.499504125526,55.559330282611,55.260410152671,55.499504125526,11328699.905616
2021-06-03,55.179834430541,55.739651375795,55.099574691636,55.639695349258,17364322.976495
2021-06-04,55.899433559417,56.480948019389,55.779991900731,56.239642163965,18935059.982437
2021-06-07,56.309790439701,56.340651467916,55.810747601204,56.039624783149,14011112.387699
2021-06-08,56.249964282617,56.249964282617,55.54595365946,55.650122795651,10968281.019103
2021-06-09,55.750078822189,55.920183124462,55.479807837895,55.479807837895,9838834.6369072
2021-06-10,55.909755678069,56.120095177537,55.759242335686,55.909755678069,12444369.203483
2021-06-11,55.990226072457,56.210782362836,55.655073199494,56.159277097318,11825803.145178
2021-06-14,55.690253225188,55.710533991759,55.200065006353,55.549855959695,9710829.2057185
2021-06-15,55.780157654319,55.790402577639,55.189924623067,55.409772314304,11154217.427529
2021-06-16,55.440507084263,55.459951530564,54.640357664992,54.669001634274,15211720.549486
2021-06-17,54.669001634274,55.149885790094,54.645584666686,54.949482545158,10658389.37609
2021-06-18,54.510414402887,54.619972358387,53.72061444697,53.769643722857,31445554.632665
2021-06-21,54.220002188786,54.429604956703,54.000886277786,54.360085834177,14404310.302733
2021-06-22,54.339491447503,54.850169512977,54.255650340337,54.559652758842,13072841.068409
2021-06-23,54.559652758842,54.599482511748,54.110339693252,54.120689156605,12339159.267721
2021-06-24,54.26087734203,54.414237571723,54.000886277786,54.390820604136,11488441.842287
2021-06-25,54.240282955357,54.469539249643,54.010190340801,54.320256081271,18880339.691794
2021-06-28,54.250736958745,54.370226217462,54.000886277786,54.26087734203,10556912.82461
2021-06-29,54.130934079925,54.339491447503,53.72061444697,53.860802632395,12300923.766355
2021-06-30,53.799333092477,54.179963355812,53.749362956285,54.110339693252,14614195.0564
2021-07-01,54.339491447503,54.479784172962,53.855575630701,53.960011124541,13214702.402122
2021-07-02,54.000886277786,54.450199343376,54.000886277786,54.179963355812,10605054.17481
2021-07-06,53.9907458945,54.089954386647,53.54979603162,53.879306218391,15278171.348742
2021-07-07,53.72061444697,54.375453219156,53.72061444697,54.320256081271,14377871.900075
2021-07-08,54.010190340801,54.164700510866,53.735040971645,54.130934079925,11943918.342756
2021-07-09,54.250736958745,54.520763866241,54.179963355812,54.460339726662,10847004.166037
2021-07-12,54.320256081271,54.595300910393,54.269972324977,54.479784172962,15107577.677767
2021-07-13,54.949482545158,55.295196437178,54.750020160526,55.020047068022,15170812.863539
2021-07-14,55.020047068022,56.350005378966,54.959622928443,56.2599964098,22002674.97267
2021-07-15,56.239611103195,56.470853658124,55.910100916425,56.440118888165,15068176.149992
2021-07-16,56.460608734804,56.679515565736,56.2599964098,56.400289135259,14860539.393592
2021-07-19,56.079873931436,56.350005378966,55.160235253447,55.730082978094,19526982.947805
2021-07-20,55.730082978094,56.330665472699,55.520166590075,55.830336870579,16257889.608734
2021-07-21,57.330277276601,57.559429030853,56.424751503186,56.549572303631,20918157.034801
2021-07-22,56.620136826496,56.739939705315,56.050184561816,56.470853658124,13402711.210197
2021-07-23,56.590447456876,57.330277276601,56.450259271451,57.009966612812,12143963.710119
2021-07-26,56.890163733992,57.120465428616,56.559817226951,57.060145829071,8681136.0116676
2021-07-27,57.11032504533,57.539984584552,56.919853103612,57.260549074007,12794364.053739
2021-07-28,56.990522166511,57.159354321217,56.628395489172,56.739939705315,9857958.6721605
2021-07-29,57.070390752391,57.250408690721,56.860578904406,57.049900905751,9599109.6058158
2021-07-30,57.150154798236,57.250408690721,56.899572337041,57.029411059112,11727286.665114
2021-08-02,57.200229474462,57.240268307436,56.705023334001,56.880023350706,9777990.5675894
2021-08-03,57.000767089831,57.000767089831,56.744957626941,56.919853103612,8825478.9388871
2021-08-04,56.750080088601,56.949542473232,56.01035480891,56.100468318109,11888362.511131
2021-08-05,56.440118888165,56.590447456876,56.289685779421,56.499497627405,9806779.5934781
2021-08-06,56.600796920229,56.739939705315,56.440118888165,56.639581272796,10409249.703163
2021-08-09,56.795136843201,56.880023350706,56.430919365184,56.649826196116,8859892.8448972
2021-08-10,56.8401935978,57.169599244537,56.654948657776,56.800363844894,10906921.112364
2021-08-11,56.890163733992,57.179844167857,56.710250335695,56.730635642301,8370669.0184771
2021-08-12,56.730635642301,56.980277243191,56.730635642301,56.8401935978,6169450.6183657
2021-08-13,56.809458827841,57.299542506642,56.770674475274,57.229918844082,7714174.6474791
2021-08-16,57.200229474462,57.489805368293,57.029411059112,57.479560444973,7973529.0245149
2021-08-17,57.460115998672,57.554306569193,57.009966612812,57.280098060342,10346445.546433
2021-08-18,57.189984551142,57.229918844082,56.419524501492,56.499497627405,13873727.236132
2021-08-19,56.060638565203,56.980277243191,55.94993066933,56.860578904406,9223661.8081039
2021-08-20,56.8401935978,57.029411059112,56.580202533556,56.639581272796,10543565.585176
2021-08-23,56.670316042755,56.750080088601,56.379694748586,56.440118888165,8912813.6327679
2021-08-24,56.639581272796,56.639581272796,55.899960533139,56.009309408571,12067192.64862
2021-08-25,56.060638565203,56.169987440635,55.730082978094,56.06973354815,11270668.572987
2021-08-26,55.94993066933,55.979620038951,55.510026206789,55.539715576409,10331493.432428
2021-08-27,55.660563855568,55.785280115979,55.44960206721,55.650214392214,8844145.1353366
2021-08-30,55.690253225188,56.200722210594,55.639969468894,56.180232363955,10034680.579168
2021-08-31,56.159847057349,56.514865012385,56.000214425624,56.31017562606,14185706.251834
2021-09-01,56.379694748586,56.800363844894,56.279440856101,56.689760489056,9519203.0768217
2021-09-02,56.769629074936,57.029411059112,56.409384118206,56.769629074936,11654233.595619
2021-09-03,56.460608734804,56.764402073242,56.244733564855,56.730635642301,13220668.391394
2021-09-07,56.600796920229,56.689760489056,55.510026206789,55.669658838515,20037974.229517
2021-09-08,55.609234698936,56.479948641071,55.609234698936,56.419524501492,12040067.14071
2021-09-09,56.180232363955,56.419524501492,55.800647500959,55.860026240199,12545367.079771
2021-09-10,56.009309408571,56.130157687729,55.515253208483,55.609234698936,10573710.251155
2021-09-13,55.739282501075,56.395062133565,55.739282501075,56.06973354815,20274270.996308
2021-09-14,55.919918674916,55.979890199218,55.55023261767,55.689266947367,13918852.290198
2021-09-15,55.680240091633,56.000019049935,55.420225143707,55.880283515256,15745981.431646
2021-09-16,55.71977149433,55.984766776453,54.8201986298,55.350189194046,17430419.855635
2021-09-17,55.020034539498,55.193723694656,54.370204683609,54.44024063327,33383192.435255
2021-09-20,54.110293492646,54.399671660948,53.727534058131,54.059452581041,27542449.875087
2021-09-21,54.389503478627,54.8201986298,53.939717046362,54.050321968344,16418161.479274
2021-09-22,54.505296248733,54.560183681874,54.06152772029,54.129488530702,12719722.625579
2021-09-23,54.259496004664,54.617042497302,53.999688570664,54.040257542986,13836214.61234
2021-09-24,53.999688570664,54.240300966609,53.86034297008,53.889809947418,9682234.5254473
2021-09-27,53.850278544721,54.245281300807,53.570030989116,53.609666148776,12429465.610998
2021-09-28,53.460463636758,53.460463636758,52.43067578434,52.639953577622,19926090.331954
2021-09-29,52.639953577622,53.154691868388,52.56057950134,52.959732535925,13941473.364822
2021-09-30,53.169944141869,53.325268314672,52.43067578434,52.469377131338,17674372.157759
2021-10-01,52.780025476944,53.200448688833,52.570851440624,53.019704060227,16277409.767343
2021-10-04,53.060273032549,53.525311738296,52.400274994339,52.990237082888,18973447.758805
2021-10-05,53.019704060227,53.470528062117,52.930265558586,53.080609397191,17173136.767426
2021-10-06,52.769857294622,53.764990321579,52.50994610366,53.7102066454,21284531.605483
2021-10-07,53.990454201005,54.279936126269,53.809709572399,53.87974552206,13774365.358378
2021-10-08,53.999688570664,54.389503478627,53.894997795541,54.120461674968,13786819.702149
2021-10-11,54.209900176608,54.389503478627,54.009752996022,54.230029027326,12378522.647638
2021-10-12,54.42000802559,54.830263055158,54.219964601967,54.230029027326,19474368.023812
2021-10-13,54.170161259986,54.430072450949,53.790307020419,54.240300966609,12143664.66549
2021-10-14,54.389503478627,54.804946356318,54.310440673232,54.60977950993,13704288.379089
2021-10-15,54.640284056893,54.879962640177,54.284812703505,54.479979549892,17867141.213461
2021-10-18,54.34997207593,54.389503478627,53.86034297008,53.939717046362,15861788.019671
2021-10-19,54.040257542986,54.199524480362,53.770178169702,54.149928652306,11068618.552553
2021-10-20,54.18043319927,54.760227105497,54.110293492646,54.630219631535,12474869.261974
2021-10-21,54.599715084571,54.669751034232,54.209900176608,54.34997207593,14388304.337035
2021-10-22,54.389503478627,54.529679134911,54.069724520325,54.450512572554,12828798.333579
2021-10-25,54.380476622893,54.469707610609,54.014837087183,54.230029027326,11855030.54634
2021-10-26,54.320505098591,54.580520046516,54.234179305824,54.469707610609,12086749.092422
2021-10-27,55.969514502972,56.079289369255,55.264797213942,55.519728070707,24019827.319285
2021-10-28,55.750276041293,56.109690159256,55.620268567331,56.040588022257,15927962.368742
2021-10-29,55.870011575972,56.464020186057,55.780780588257,56.369705107181,24463736.488859
2021-11-01,56.390041471823,56.400209654144,55.900516122936,56.170699253182,11651091.282574
2021-11-02,56.46920803418,56.499712581144,55.964637925736,56.099521976934,11498856.206783
2021-11-03,56.000019049935,56.330173704484,55.775696497096,56.290538544824,10788276.168564
2021-11-04,56.109690159256,56.629720055106,56.030523596898,56.599215508143,10820195.409858
2021-11-05,56.840969230675,57.159710619353,56.590084895447,56.840969230675,12886659.282626
2021-11-08,56.749455589785,56.889527489107,56.130026523898,56.330173704484,12827967.190529
2021-11-09,56.410274079503,56.520048945786,56.089457551576,56.489544398823,10155816.683596
2021-11-10,56.540281553466,56.92003203607,56.290538544824,56.719988612447,8813611.2577597
2021-11-11,56.825716957194,56.879463063748,56.570786100429,56.739391164427,7257680.9419948
2021-11-12,56.749455589785,56.984050081908,56.545365644626,56.609383690464,10162510.142489
2021-11-15,56.530217128107,56.680457209749,56.270202180182,56.619448115823,10289188.554286
2021-11-16,56.619448115823,56.940472157675,56.184913957039,56.219465025538,13756461.315989
2021-11-17,56.040588022257,56.049926148878,55.649735544669,55.910684305257,13288676.479083
2021-11-18,55.82944260365,55.929983100274,55.139977588102,55.410056961386,15380376.966686
2021-11-19,55.439523938725,55.48528075917,54.904449283317,55.129913162743,15813660.504153
2021-11-22,55.100446185405,56.02045917154,55.0800060638,55.470028485688,16906226.600486
2021-11-23,55.659799970028,56.106784964307,55.500429275689,55.880283515256,13836254.987773
2021-11-24,55.709707068971,55.834526694811,55.030306478782,55.429355756404,12598975.46329
2021-11-26,54.589650659213,54.750162680139,53.580199171437,53.730543010042,14754338.160252
2021-11-29,54.045237877184,54.729722558534,53.929548864041,54.580520046516,22712471.800279
2021-11-30,53.600112713614,53.625440514335,52.440387724503,52.450374702836,30485169.015511
2021-12-01,52.980508222805,53.519496177172,52.280184237015,52.300261152221,18724143.741061
2021-12-02,52.599664585134,53.340245359875,52.50483977024,53.070082152184,17074165.058105
2021-12-03,53.330155423002,53.610305609026,52.980508222805,53.539779009457,21064352.82316
2021-12-06,54.30960000942,55.249714433743,54.140336170455,54.910157170418,26624136.58747
2021-12-07,55.019910973542,55.414962889666,54.849617549183,55.210487230187,23832724.391435
2021-12-08,55.119677798334,55.350510843929,54.359843776704,54.999834058337,18026445.506967
2021-12-09,54.749953682931,55.129767735206,54.584602268468,54.859810444595,13846414.95739
2021-12-10,55.249714433743,56.319865493475,55.070463616445,56.279505745984,23153567.228474
2021-12-13,56.979829731774,57.930137051508,56.954707848132,57.759740668609,31362826.689515
2021-12-14,57.400106490079,58.169927490042,57.400106490079,57.79999745756,24806568.771926
2021-12-15,57.930137051508,58.249514441088,57.649986865485,58.060070728378,24923791.451478
2021-12-16,57.980483777332,58.880341412704,57.899867240891,58.649508367108,24696858.585465
2021-12-17,58.490334465016,58.91956861626,57.700333591308,57.729470857991,51899376.756478
2021-12-20,57.199543255101,57.779920542354,57.000009605519,57.540130103821,20879477.017228
2021-12-21,57.609730076534,57.965348872023,57.530040166948,57.769933564021,15864884.899999
2021-12-22,57.710423528181,58.190107363787,57.489783377998,58.179914468375,12447435.91324
2021-12-23,58.519574690239,58.610281163553,57.940124029842,58.220377174405,11027340.511356
2021-12-27,57.999634065682,58.689868114599,57.999634065682,58.649508367108,9862191.5362578
2021-12-28,58.399627991703,58.939748490005,58.299861166911,58.880341412704,8982271.1826978
2021-12-29,58.949838426877,59.094907009056,58.659598303981,58.949838426877,9996045.9029675
2021-12-30,59.059695188541,59.229988612901,58.760291755628,58.779545002517,7703895.9361954
2021-12-31,58.750304777295,59.349832352898,58.694913083035,59.209705780616,10021250.962357
