Date,Open,High,Low,Close,Volume
2012-01-03,26.480155522037,26.958008544419,26.393457520098,26.758628490253,64732993.128199
2012-01-04,26.821877471199,27.470718219629,26.779542481949,27.396315109777,80517477.770043
2012-01-05,27.387569258705,27.734234514996,27.291111393974,27.68099889977,56081888.669569
2012-01-06,27.565908569711,28.188511764921,27.525094598038,28.09965898808,99457556.945664
2012-01-09,28.047437384573,28.09965898808,27.722066374373,27.742853614604,59707361.393325
2012-01-10,27.902433708816,28.14668378153,27.752993731789,27.839438230799,60003777.326122
2012-01-11,27.429523993561,27.981780125795,27.368810041911,27.723207137556,65582844.378346
2012-01-12,27.841973260095,28.022847600398,27.651339057001,28.000285839659,49373960.351861
2012-01-13,27.933614569162,28.2541690237,27.793680951998,28.2541690237,60199568.655766
2012-01-17,28.397778433344,28.64811257637,28.173808595002,28.257844816179,72384953.983807
2012-01-18,28.270266459732,28.402594989007,27.969485233707,28.231987517356,64844005.224904
2012-01-19,28.137937930457,28.442521700427,28.027790907526,28.117911199015,74026994.58658
2012-01-20,28.8087066823,29.73982294289,28.749133493834,29.7116841177,165888849.53557
2012-01-23,29.552864532276,29.949089611313,29.350062188559,29.727401299338,76078485.791474
2012-01-24,29.482390717835,29.57162374907,29.1776801964,29.341316337487,47299918.754671
2012-01-25,29.078940805303,29.647294373569,29.071462468878,29.562751146532,59233958.240516
2012-01-26,29.618521791055,29.70040323733,29.39949525984,29.502163946347,49103555.155247
2012-01-27,29.44259075788,29.534612321342,29.170201859976,29.230789060161,44189472.661962
2012-01-30,28.983243449362,29.618521791055,28.831141691574,29.60736766215,51107193.616717
2012-01-31,29.661870792024,29.705346544458,29.230789060161,29.534612321342,50576371.695124
2012-02-01,29.777087873548,30.050617534636,29.759596171403,29.893318966791,67588244.513488
2012-02-02,29.939076245592,30.16951040864,29.7116841177,29.949089611313,52224639.139872
2012-02-03,30.143526358352,30.399817820224,30.089023228478,30.236181679137,37769590.509697
2012-02-06,30.067982485317,30.21653520209,29.964173035627,30.196888725042,28039774.732089
2012-02-07,30.089023228478,30.489050851459,30.04808250534,30.348863731365,39242328.699118
2012-02-08,30.277375905205,30.669671688832,30.21653520209,30.659785074576,49660386.197548
2012-02-09,30.722780552593,30.800986206389,30.481572515035,30.767777322605,50468903.139181
2012-02-10,30.64229337243,30.800986206389,30.358877097086,30.500078228899,44606179.970307
2012-02-13,30.631265994991,30.767777322605,30.429350911527,30.580311906132,33319715.894993
2012-02-14,30.32994087255,30.45926326162,29.851561363226,30.251365243748,59645761.903472
2012-02-15,30.32994087255,30.390257741454,30.029993520297,30.046993055374,43313218.098707
2012-02-16,30.300600934231,31.549122343799,30.300600934231,31.279522309721,94698261.28204
2012-02-17,31.197043083976,31.321328573763,30.949857251703,31.247789844243,70036410.315895
2012-02-21,31.180043548898,31.610572515042,31.151585067954,31.441962311571,50829860.489605
2012-02-22,31.453169412474,31.680459492582,31.180043548898,31.2684411313,49246328.440163
2012-02-23,31.228020014561,31.588284235718,30.999092942186,31.371823489067,35034908.137387
2012-02-24,31.481250125972,31.502153257993,31.237716045679,31.481250125972,35576527.460559
2012-02-27,31.206865037576,31.502153257993,31.101467920096,31.349661132225,34568684.958466
2012-02-28,31.40758547397,31.927645324854,31.381645442667,31.87098020793,45219911.558127
2012-02-29,31.889742657756,31.998917449697,31.605787460724,31.734732082347,59324420.108846
2012-03-01,31.917949293736,32.390032678957,31.851588145693,32.293198290258,77345506.794335
2012-03-02,32.313975499797,32.440653516743,32.001435899338,32.079130070766,47315068.547382
2012-03-05,32.01138377542,32.048404985144,31.62026854616,31.80235245521,45215288.531813
2012-03-06,31.510967831737,31.97826616264,31.489938777234,31.556299925276,51937049.274205
2012-03-07,31.662200732684,31.917949293736,31.529226591635,31.843025416914,22999381.921309
2012-03-08,32.018939124344,32.209207994728,31.900697913695,32.01138377542,36749543.554252
2012-03-09,32.098773977966,32.158839001906,31.917949293736,31.989347341061,34628398.099799
2012-03-12,31.97826616264,32.199511963609,31.821870439929,32.038457109062,34076755.444162
2012-03-13,32.241444150133,32.688846728872,32.14926889327,32.668321364297,48951649.945741
2012-03-14,32.509407191945,32.877100839543,32.488629982406,32.775229551561,41987740.516193
2012-03-15,32.792355009121,32.942580530211,32.576020184952,32.849146048527,49070793.285537
2012-03-16,32.911729522108,32.950765491545,32.499711160827,32.599315844132,65626400.142614
2012-03-19,32.518095843207,32.610145177588,32.14926889327,32.199511963609,44797116.857498
2012-03-20,32.120684489843,32.14926889327,31.737250531988,31.989347341061,41566789.822544
2012-03-21,31.989347341061,32.14926889327,31.821870439929,31.911779092115,37935481.51872
2012-03-22,31.811922563846,32.088952024366,31.79253050161,32.001435899338,31749516.192096
2012-03-23,32.098773977966,32.108470009084,31.718739927126,32.01138377542,35912884.740583
2012-03-26,32.199511963609,32.610145177588,32.14926889327,32.588360588193,36753978.765041
2012-03-27,32.648677457097,32.701438977078,32.398847252701,32.518095843207,36274389.78774
2012-03-28,32.529177021627,32.701438977078,32.038457109062,32.188556707671,41347058.666438
2012-03-29,32.001435899338,32.188556707671,31.811922563846,32.120684489843,37038633.113944
2012-03-30,32.370514694239,32.408669206301,32.038457109062,32.263354662011,31749536.518449
2012-04-02,32.21915587081,32.461556648764,31.948674379357,32.293198290258,35850585.273766
2012-04-03,32.139321017187,32.188556707671,31.662200732684,31.938726503275,42749199.131681
2012-04-04,31.657289755884,31.687762996541,31.052106307131,31.211901936858,49449275.717934
2012-04-05,31.154103517595,31.626312825298,31.052106307131,31.515752886055,51121994.124308
2012-04-09,31.219331363299,31.397889442852,30.970886306206,31.101467920096,26951343.362832
2012-04-10,31.05940981109,31.18873220016,30.300600934231,30.46908521522,54137144.732918
2012-04-11,30.45926326162,30.530535386462,30.230336189245,30.341273895935,43014863.786139
2012-04-12,30.480166393641,31.040017748854,30.419975447219,30.980834182288,38304408.937882
2012-04-13,30.889540382799,31.161658866518,30.71979687699,30.81360912612,39749425.004545
2012-04-16,30.989396911068,31.18873220016,30.774321311719,31.08144624545,38124887.378398
2012-04-17,31.2733521081,31.605787460724,31.199561533617,31.448258435674,34361410.606119
2012-04-18,31.279522309721,31.311758465127,31.040017748854,31.140503889533,40554069.808166
2012-04-19,31.129422711112,31.680459492582,30.941294522923,31.008914895786,54707637.237671
2012-04-20,32.14926889327,32.889567165267,32.048404985144,32.420002229686,106046024.11744
2012-04-23,32.313975499797,32.499711160827,32.031027682621,32.120684489843,64683855.651317
2012-04-24,32.209207994728,32.518095843207,31.831818316011,31.917949293736,40832616.493741
2012-04-25,31.917949293736,32.318634631633,31.87098020793,32.199511963609,62495705.585255
2012-04-26,32.120684489843,32.230488894195,31.917949293736,32.108470009084,40311422.718772
2012-04-27,32.119425265023,32.21915587081,31.878535556853,31.975747712999,41420904.316283
2012-04-30,31.97826616264,32.108470009084,31.917949293736,32.01138377542,35700600.348111
2012-05-01,32.047145760324,32.331100957356,31.947415154537,32.0101245506,43832746.738627
2012-05-02,31.851588145693,31.917949293736,31.641045755699,31.80235245521,37385791.006273
2012-05-03,31.878535556853,31.899438688874,31.605787460724,31.754250067066,31502966.442429
2012-05-04,31.458080389274,31.562344204415,30.921650615723,30.982093407109,57928238.518006
2012-05-07,30.700530737236,30.860074521998,30.56654921633,30.647265527327,48642979.601186
2012-05-08,30.479033091302,30.781372970714,30.167626793182,30.501069525662,47609260.835379
2012-05-09,30.189915072506,30.830860506162,30.093710296216,30.764373435637,50306881.247562
2012-05-10,30.861333746819,31.021129376546,30.450574610358,30.740825931493,43749811.955618
2012-05-11,30.688064411512,31.534263490917,30.688064411512,31.16543654098,44525394.13602
2012-05-14,30.824564382059,31.042536198495,30.637569496208,30.677990612948,40518157.203115
2012-05-15,30.640760900245,30.799514837468,30.152239131246,30.208284650455,61825660.837672
2012-05-16,30.311993881313,30.322877720981,29.736526496578,29.897532262698,60068286.18841
2012-05-17,29.993109889206,30.208284650455,29.71075556587,29.720513491089,38265063.261902
2012-05-18,29.790069983679,29.808585021275,29.173068865958,29.267270374807,56194676.488312
2012-05-21,29.10238645892,29.790069983679,29.060602522724,29.746284421797,38787853.572343
2012-05-22,29.691239715431,29.878516818681,29.502961799338,29.75729336307,39504886.928542
2012-05-23,29.348961723119,29.396875637978,28.644139278423,29.113270298588,67040860.90453
2012-05-24,29.162059924685,29.298795979362,28.757981739316,29.06910943189,43311770.081574
2012-05-25,29.198714695061,29.360095765997,29.009310864519,29.060602522724,29507345.950119
2012-05-29,29.378485701988,29.720513491089,29.217104631051,29.559257521758,37758704.57032
2012-05-30,29.348961723119,29.482194932846,29.121777207754,29.337952781846,41588956.827671
2012-05-31,29.298795979362,29.41739230126,28.941005387983,29.1903328875,39140234.786423
2012-06-01,28.757981739316,28.960646340028,28.439848356842,28.450982399721,56638632.183105
2012-06-04,28.624623427984,28.779749418652,28.317624088388,28.548561651915,47926479.509809
2012-06-05,28.508278934983,28.745471578779,28.39118383235,28.501023041871,45706529.992498
2012-06-06,28.868946863286,29.368727776768,28.807772178257,29.348961723119,39566993.668432
2012-06-07,29.642199886123,29.70099764065,29.173068865958,29.22823867393,37791499.063341
2012-06-08,29.207471807437,29.681481790212,29.051094800715,29.653333929002,42552002.076829
2012-06-11,29.726643469753,29.808585021275,28.819031322741,28.898095537339,46362022.11576
2012-06-12,29.10238645892,29.298795979362,28.838547173179,29.287787038089,35337831.496008
2012-06-13,29.217104631051,29.439535285412,29.051094800715,29.131535132973,32984515.633824
2012-06-14,29.329821177496,29.459176237456,28.880080906165,29.337952781846,39459154.520264
2012-06-15,29.590908227918,30.08230733384,29.49207795967,30.02250876647,62305929.280765
2012-06-18,29.993109889206,30.03089057403,29.71075556587,29.838984711382,58545889.090188
2012-06-19,30.18976961286,31.112268850912,30.051782542128,30.699433553167,75716303.910752
2012-06-20,30.930120913482,31.048842336985,30.640760900245,30.930120913482,36250897.7152
2012-06-21,30.962272026064,31.139165696068,30.062791483402,30.140979986762,48459647.814011
2012-06-22,30.302235956094,30.729833243273,30.03089057403,30.699433553167,45097401.255606
2012-06-25,30.302235956094,30.322877720981,29.622934238895,29.858625663426,36983670.332972
2012-06-26,30.00411883048,30.268083217826,29.939316198894,30.02250876647,38421240.569642
2012-06-27,30.18976961286,30.500396899011,30.03089057403,30.169002746367,33760569.584146
2012-06-28,29.981975846328,30.051782542128,29.41739230126,29.906039171864,45331022.7357
2012-06-29,30.447478919937,30.689425424736,30.140979986762,30.591721070937,55220313.734563
2012-07-02,30.623621980308,30.623621980308,30.208284650455,30.563823412938,30572760.233866
2012-07-03,30.231303345845,30.760483136591,30.169002746367,30.760483136591,20941439.431318
2012-07-05,30.591721070937,30.780124088635,30.377672224136,30.699433553167,28802324.910964
2012-07-06,30.613989156694,30.699433553167,29.951576156221,30.179761484429,38295112.877463
2012-07-09,30.120088018664,30.231303345845,29.779311245617,30.00411883048,30682548.785168
2012-07-10,30.08230733384,30.220419506177,29.514220943822,29.736526496578,37531775.058918
2012-07-11,29.71075556587,29.736526496578,29.10238645892,29.298795979362,39185841.98115
2012-07-12,29.151426288228,29.182951892783,28.537802913852,28.635632369257,63525470.807242
2012-07-13,28.757981739316,29.482194932846,28.719575546466,29.386992611153,39086349.584686
2012-07-16,29.482194932846,29.53348659105,29.041211773891,29.439535285412,27901897.894962
2012-07-17,29.642199886123,29.858625663426,29.198714695061,29.660714923719,33775829.269634
2012-07-18,29.600791254743,30.447478919937,29.459176237456,30.447478919937,41096419.093319
2012-07-19,30.508653604966,30.799514837468,30.377672224136,30.668783659849,46632741.99781
2012-07-20,30.996174561122,31.048842336985,30.051782542128,30.110330093445,64023907.491127
2012-07-23,29.569140548583,29.579023575408,29.009310864519,29.277028300027,55139514.166385
2012-07-24,29.238997411992,29.360095765997,28.898095537339,29.151426288228,47722076.980213
2012-07-25,29.238997411992,29.329821177496,28.779749418652,28.828539044749,45582637.321293
2012-07-26,29.22823867393,29.502961799338,29.091377517647,29.162059924685,45301462.516896
2012-07-27,29.482194932846,29.847491620547,29.182951892783,29.746284421797,44244136.373857
2012-07-30,29.746284421797,29.8184680481,29.459176237456,29.642199886123,28904667.757098
2012-07-31,29.482194932846,29.71075556587,29.329821177496,29.471185991572,37622115.408679
2012-08-01,29.590908227918,29.653333929002,29.207471807437,29.407634376041,31721873.638815
2012-08-02,29.207471807437,29.523978869042,28.970279163642,29.1903328875,39521423.301222
2012-08-03,29.53348659105,29.939316198894,29.482194932846,29.746284421797,35859837.789572
2012-08-06,30.00411883048,30.110330093445,29.808585021275,29.951576156221,27471772.978071
2012-08-07,30.071173290962,30.349774566137,29.871010722358,30.259451207055,28002888.762096
2012-08-08,30.208284650455,30.467119871981,30.110330093445,30.330258715698,26258226.152665
2012-08-09,30.387555250961,30.649142707805,30.302235956094,30.500396899011,24920029.646021
2012-08-10,30.500396899011,30.623621980308,30.252070212337,30.418455347489,27810585.298801
2012-08-13,30.349774566137,30.457487048367,30.16162175165,30.387555250961,23050019.269344
2012-08-14,30.299670363696,30.391636303973,30.008237755658,30.130651878864,34551337.411253
2012-08-15,30.112507247404,30.277424548413,30.020292750532,30.199999168964,24350981.906834
2012-08-16,30.363922243592,30.940324988191,30.257042907595,30.779011757814,35787128.602596
2012-08-17,30.919694790777,30.919694790777,30.589363075568,30.901674437615,32589862.805114
2012-08-20,30.817786586687,30.847986213021,30.581036429624,30.741231155322,23737779.973288
2012-08-21,30.761985631033,30.962197968581,30.607756263623,30.796907832678,28821183.701558
2012-08-22,30.589363075568,30.761985631033,30.469434518315,30.540894539476,33437903.545221
2012-08-23,30.391636303973,30.403815577145,30.079822055116,30.248343426758,28356540.396341
2012-08-24,30.248343426758,30.630996305287,30.177753353681,30.560530510508,22944449.33331
2012-08-27,30.929512776293,30.962197968581,30.589363075568,30.691644114551,34691204.835467
2012-08-28,30.701462100067,30.796907832678,30.519021559086,30.630996305287,23947893.745815
2012-08-29,30.650259441426,30.751049140838,30.439110613683,30.650259441426,23347868.666277
2012-08-30,30.530082327579,30.607756263623,30.218268078722,30.319927726217,23972037.169411
2012-08-31,30.599181061084,30.962197968581,30.380699813778,30.817786586687,36591721.560246
2012-09-04,30.449922825581,30.659828870347,30.1500392933,30.391636303973,48557719.482586
2012-09-05,30.218268078722,30.530082327579,30.209568597885,30.391636303973,33650348.702357
2012-09-06,30.499758422947,31.360385634319,30.460859315776,31.337145592654,48360798.216472
2012-09-07,31.042481748876,31.071438592234,30.730170386829,30.951385756683,42652672.384199
2012-09-10,30.828598798584,30.901674437615,30.510694913142,30.719358174932,40523944.410879
2012-09-11,30.691644114551,30.911119588238,30.607756263623,30.788456908437,25192516.18911
2012-09-12,30.940324988191,31.178193649933,30.730170386829,30.779011757814,32776218.697509
2012-09-13,30.889370886146,31.178193649933,30.403815577145,30.929512776293,45048298.585807
2012-09-14,31.009423721696,31.25251207194,30.809211384148,31.209760337542,51422728.373039
2012-09-17,31.189378696724,31.263324283838,31.042481748876,31.209760337542,36488801.227335
2012-09-18,31.101886775163,31.209760337542,31.03266376336,31.167257159738,34534223.565352
2012-09-19,31.092068789647,31.189378696724,31.042481748876,31.05080839482,48877661.241719
2012-09-20,30.951385756683,31.481805531144,30.911119588238,31.44999028694,45545019.436594
2012-09-21,31.432094212075,31.610309290936,31.092068789647,31.189378696724,102340450.0061
2012-09-24,30.997493005119,31.071438592234,30.640690012506,30.779011757814,46806826.57352
2012-09-25,30.951385756683,30.997493005119,30.363922243592,30.391636303973,54268273.909145
2012-09-26,30.277424548413,30.599181061084,30.041917174327,30.166195471998,54677967.385291
2012-09-27,30.166195471998,30.403815577145,29.890546207763,30.158738774137,47130153.371297
2012-09-28,30.177753353681,30.257042907595,29.738802406307,29.760426830102,54229759.92967
2012-10-01,29.811380932147,29.97878379911,29.421768468948,29.490867202453,54002832.178382
2012-10-02,29.678154597043,29.890546207763,29.501927970946,29.658394347714,43328676.71152
2012-10-03,29.750733122883,29.989844567602,29.669455116206,29.86245931249,46663696.858473
2012-10-04,29.970457153166,30.031229240727,29.567546912116,30.031229240727,43638689.902695
2012-10-05,30.227837507642,30.248343426758,29.738802406307,29.851522822294,41133882.405971
2012-10-08,29.639006933277,29.9206215558,29.546916714703,29.782299810492,29754874.404621
2012-10-09,29.678154597043,29.738802406307,29.178928675299,29.281955384068,45121635.048492
2012-10-10,29.14736198769,29.312527845295,28.949635216095,28.982320408383,47223797.594417
2012-10-11,29.208258353549,29.249394470078,28.870469940479,28.949635216095,41489402.906641
2012-10-12,28.97125963989,29.324831396764,28.801371206974,29.197321863354,46465731.824054
2012-10-15,29.3709386452,29.716680869321,29.249394470078,29.51025461689,42445169.268148
2012-10-16,29.451968095282,29.738802406307,29.324831396764,29.490867202453,47740631.786284
2012-10-17,29.302958416374,29.639006933277,29.088081239701,29.590414118888,44208368.263191
2012-10-18,29.647333579221,29.727741637814,29.259336733892,29.501927970946,59209607.34308
2012-10-19,29.048933575935,29.078387532483,28.50061772661,28.63881519362,90471394.845392
2012-10-22,28.729786907515,28.830700885224,27.831751928544,28.002883144437,83377974.282438
2012-10-23,27.75780634143,28.200609916032,27.75780634143,28.051227402231,64417116.523216
2012-10-24,28.158355294824,28.200609916032,27.871645262097,27.902093445026,53325999.92119
2012-10-25,28.189424869242,28.200609916032,27.863318616153,27.883824535268,54073987.190023
2012-10-26,27.863318616153,28.338061713256,27.842439862144,28.211794962822,57782121.141441
2012-10-31,28.546600696748,28.877802360042,28.50061772661,28.537901215911,69467693.038077
2012-11-01,28.840270314145,29.556486143623,28.819640116732,29.51025461689,72047823.205364
2012-11-02,29.590414118888,29.771363320297,29.333282321006,29.501927970946,57139346.047208
2012-11-05,29.619743797138,29.738802406307,29.333282321006,29.62819472138,38070899.41918
2012-11-06,29.822565978937,30.199999168964,29.608931585241,29.86245931249,43406100.923476
2012-11-07,29.526162238992,29.829649841904,29.048933575935,29.078387532483,57874733.953417
2012-11-08,29.120890710286,29.3709386452,28.801371206974,28.811064914192,49836273.045787
2012-11-09,28.877802360042,29.186385373159,28.811064914192,28.830700885224,43292549.311979
2012-11-12,28.941060013556,29.009040242382,28.211794962822,28.219127382385,61102194.888752
2012-11-13,27.021870911659,27.299094793384,26.746249480116,27.089420350158,131681423.98
2012-11-14,27.237585359422,27.2880009075,26.794446251016,26.840300979341,76090946.893519
2012-11-15,26.880978560919,26.973920671556,26.625819185564,26.658484516226,50947897.27519
2012-11-16,26.669455136712,26.700641282589,26.338117744947,26.521166862049,64088199.287625
2012-11-19,26.794446251016,26.794446251016,26.470628048573,26.728252731903,57166178.356666
2012-11-20,26.757220100602,26.794446251016,26.460890082074,26.710255983689,47059029.174215
2012-11-21,26.710255983689,27.17508980227,26.669455136712,26.950993307393,66345319.393623
2012-11-23,27.226738004335,27.77218739368,27.200235943609,27.700939993218,57845670.246289
2012-11-26,27.535271297336,27.579523575477,27.17508980227,27.388215676661,85181801.402668
2012-11-27,27.357892388575,27.376012402187,27.038881536682,27.078449729672,45023193.089381
2012-11-28,27.012379475957,27.388215676661,26.764369493728,27.357892388575,53003580.075132
2012-11-29,27.110005671745,27.357892388575,26.860763035529,26.950993307393,69538964.415012
2012-11-30,27.048619503181,27.131577116521,26.493678678134,26.610534276123,83677886.35302
2012-12-03,26.775340114214,26.818606269166,26.401845956086,26.433401898159,53161544.810829
2012-12-04,26.421321889085,26.625819185564,26.338117744947,26.36967368702,49784884.753362
2012-12-05,26.379411653519,26.931640639794,26.25873482817,26.669455136712,68281582.195597
2012-12-06,26.806526260091,26.983535372656,26.610534276123,26.728252731903,39186487.220049
2012-12-07,26.806526260091,26.818606269166,26.36967368702,26.451028850177,46165627.154899
2012-12-10,26.562090974425,26.973920671556,26.521166862049,26.941501871692,47034365.92423
2012-12-11,27.048619503181,27.490279426802,27.048619503181,27.320666238161,52275240.930341
2012-12-12,27.5291080274,27.621433811043,27.078449729672,27.237585359422,43953888.292679
2012-12-13,27.320666238161,27.518260672312,26.950993307393,27.110005671745,45078189.960729
2012-12-14,27.110005671745,27.131577116521,26.700641282589,26.806526260091,42068140.551016
2012-12-17,26.786310734701,27.218232691823,26.681165349591,27.089420350158,42047141.821099
2012-12-18,27.249911899294,27.632527696928,27.143533860197,27.556596211315,50488519.949735
2012-12-19,27.672465686114,27.730153892716,27.249911899294,27.309818883073,53520884.559062
2012-12-20,27.376012402187,27.682943245005,27.154504480683,27.682943245005,52605942.271506
2012-12-21,27.420634476524,27.490279426802,27.00054599768,27.451820622401,98779077.041291
2012-12-24,27.200235943609,27.249911899294,27.00054599768,27.058480735079,20842331.655048
2012-12-26,27.031732143556,27.200235943609,26.700641282589,26.860763035529,31635684.646135
2012-12-27,26.931640639794,27.089420350158,26.572938329513,26.961840662481,39377628.653308
2012-12-28,26.710255983689,26.901810413303,26.551490150135,26.551490150135,28242785.914171
2012-12-31,26.594633039688,26.764369493728,26.36967368702,26.710255983689,42751277.857363
2013-01-02,27.249911899294,27.730153892716,27.154504480683,27.621433811043,52902098.949433
2013-01-03,27.632527696928,27.652989753116,27.162886527797,27.249911899294,48294997.373587
2013-01-04,27.267538851312,27.338662986374,26.728252731903,26.736634779016,52515474.639941
2013-01-07,26.764369493728,26.880978560919,26.636666540652,26.692135970077,37113987.661755
2013-01-08,26.746249480116,26.786310734701,26.460890082074,26.551490150135,44693220.997677
2013-01-09,26.7188845616,26.746249480116,26.562090974425,26.700641282589,49040302.781174
2013-01-10,26.647760426537,26.983535372656,26.287578931471,26.460890082074,71415911.328331
2013-01-11,26.493678678134,26.931640639794,26.279320149757,26.828220970266,55513051.226018
2013-01-14,26.901810413303,27.078449729672,26.757220100602,26.890839792817,48313275.1226
2013-01-15,26.840300979341,27.2880009075,26.828220970266,27.207385336735,48235635.803018
2013-01-16,27.154504480683,27.226738004335,27.012379475957,27.038881536682,41068106.147281
2013-01-17,27.191977161895,27.473638597975,27.058480735079,27.249911899294,51677573.654185
2013-01-18,27.100267705246,27.2880009075,27.038881536682,27.249911899294,52168507.215132
2013-01-22,27.299094793384,27.451820622401,27.00054599768,27.154504480683,58652348.889814
2013-01-23,27.200235943609,27.64103300944,27.200235943609,27.611819109942,50352960.946901
2013-01-24,27.700939993218,28.070736189385,27.473638597975,27.632527696928,101666938.12906
2013-01-25,27.579523575477,28.234309373489,27.388215676661,27.879428290568,81849644.665642
2013-01-28,28.007870836036,28.234309373489,27.759984119206,27.909258517059,56058580.488052
2013-01-29,27.82137028777,28.129533784575,27.601341551051,28.007870836036,49245988.505215
2013-01-30,28.007870836036,28.193508526512,27.759984119206,27.85033765647,43581911.26592
2013-01-31,27.789074753305,27.969535297034,27.398939766349,27.451820622401,50531356.295621
2013-02-01,27.672465686114,28.049288010007,27.545748856227,27.928857715456,55566012.34517
2013-02-04,27.869813589468,28.019950845111,27.420634476524,27.440973267314,50523856.155951
2013-02-05,27.601341551051,27.662604454216,27.357892388575,27.50112678189,35388510.346568
2013-02-06,27.357892388575,27.535271297336,27.249911899294,27.338662986374,41883368.007124
2013-02-07,27.347045033487,27.388215676661,27.100267705246,27.278386206399,38028242.228864
2013-02-08,27.347045033487,27.709568571129,27.309818883073,27.545748856227,33318437.74377
2013-02-11,27.652989753116,27.917887094969,27.50112678189,27.860198888367,32247850.531159
2013-02-12,27.879428290568,27.997516542544,27.750246152707,27.879428290568,35991127.881024
2013-02-13,27.928857715456,28.107099482008,27.879428290568,28.029812077009,41715913.061475
2013-02-14,27.917887094969,28.058779445709,27.869813589468,28.040659432097,32663177.2024
2013-02-15,28.040659432097,28.15998033806,27.879428290568,28.007870836036,49653790.949959
2013-02-19,27.899774781393,28.084988414244,27.799649391753,28.04452259743,38805580.651931
2013-02-20,28.129121827749,28.200639963206,27.829479178166,27.868966969196,44111443.808206
2013-02-21,27.739867565704,27.739867565704,27.231294158008,27.489248458546,49084440.455758
2013-02-22,27.678863207425,27.759305828162,27.480812986159,27.759305828162,31317892.693869
2013-02-25,27.97532727321,28.04941272635,27.371029591901,27.371029591901,48014154.618454
2013-02-26,27.380443090073,27.601354664041,27.338510234582,27.371029591901,49924749.739787
2013-02-27,27.42225369234,28.004790299954,27.326651671951,27.810407675377,36394687.100154
2013-02-28,27.876302162577,27.97532727321,27.739867565704,27.799649391753,35840458.957348
2013-03-01,27.718350998455,27.984863024604,27.51871148529,27.952221414062,34850287.597481
2013-03-04,27.850873492192,28.148193330537,27.698301469883,28.148193330537,39021266.840565
2013-03-05,28.290251575668,28.538792378035,28.159196120608,28.350033401717,41433623.429557
2013-03-06,28.211642753276,28.228391444828,27.777888318058,28.084988414244,51448452.33249
2013-03-07,28.109072299176,28.280960330719,28.004790299954,28.13975785815,29196889.87478
2013-03-08,28.248563226623,28.330961898928,27.964446736362,28.004790299954,37670285.5474
2013-03-11,27.9407296111,27.97532727321,27.669327456031,27.868966969196,36635429.99941
2013-03-12,27.84023746179,27.952221414062,27.639742176064,27.909432786011,39259452.983888
2013-03-13,27.868966969196,28.022883776958,27.752092888005,27.917990511621,29103199.383441
2013-03-14,28.004790299954,28.159196120608,27.929849074252,28.13975785815,55917304.110031
2013-03-15,28.031441502569,28.159196120608,27.984863024604,28.031441502569,92711911.218444
2013-03-18,27.876302162577,28.280960330719,27.810407675377,28.097091483322,44828020.509316
2013-03-19,28.118485797347,28.220078225664,28.031441502569,28.179490155626,51902966.993894
2013-03-20,28.340497650322,28.49221390007,28.179490155626,28.320325868527,35454209.595622
2013-03-21,28.109072299176,28.359813659557,28.04941272635,28.109072299176,34234568.343907
2013-03-22,28.188903653798,28.340497650322,28.097091483322,28.248563226623,28720835.821759
2013-03-25,28.301254365738,28.350033401717,27.964446736362,28.159196120608,44153925.484667
2013-03-26,28.238905222006,28.340497650322,28.109072299176,28.159196120608,27831655.902535
2013-03-27,28.13975785815,28.442090078639,28.077775474087,28.370327436735,36048961.440644
2013-03-28,28.320325868527,28.662023626823,28.259321510248,28.596251392847,55455611.605488
2013-04-01,28.640262553128,28.662023626823,28.359813659557,28.607987702255,29201016.862412
2013-04-02,28.587815920459,28.852983161155,28.522165939706,28.801392301047,28458128.940235
2013-04-03,28.747600882925,28.952130525011,28.538792378035,28.557863880823,35062969.828194
2013-04-04,28.39208851043,28.607987702255,28.270202047095,28.587815920459,45263565.096889
2013-04-05,28.238905222006,28.778897708014,28.109072299176,28.698821846947,50927256.00242
2013-04-08,28.727551354353,28.727551354353,28.470697332822,28.587815920459,34759724.17023
2013-04-09,28.727551354353,29.820006155116,28.678283305482,29.612297929232,77737557.837199
2013-04-10,29.570487326965,30.318065785634,29.518040694296,30.278700247827,71093526.478418
2013-04-11,29.098834392616,29.198226262918,28.727551354353,28.931714236769,130912135.30855
2013-04-12,28.852983161155,29.021203596008,28.662023626823,28.789655991639,62886511.610768
2013-04-15,28.651143089975,28.981715804978,28.512507935089,28.69038637456,56333110.67579
2013-04-16,28.899561639119,29.139544715876,28.69038637456,28.972057800361,52801271.843564
2013-04-17,28.852983161155,29.04039735202,28.596251392847,28.83366715192,52841324.05754
2013-04-18,28.952130525011,28.981715804978,28.501627398242,28.789655991639,56873582.751462
2013-04-19,29.621833680626,30.241535268033,29.612297929232,29.7566789856,99790616.209611
2013-04-22,30.297527244169,31.179828754588,30.270264775439,30.827739472337,137905687.68154
2013-04-23,30.700107107521,30.901824925478,30.380048169697,30.599737211435,59100672.936466
2013-04-24,30.645093157169,31.916771182856,30.599737211435,31.759309031627,90952207.407494
2013-04-25,31.709185210195,32.838804990752,31.538275204436,31.939632535558,110697350.954
2013-04-26,31.898922212297,31.982665670055,31.449886124204,31.790116843824,47799783.237162
2013-04-29,31.802097659678,32.679875800847,31.771412100704,32.610680476626,59116520.970952
2013-04-30,32.563001719655,33.109718132928,32.279863255178,33.102382939548,75166269.51408
2013-05-01,32.928049843544,33.080010599738,32.601022472009,32.719119085431,54332962.100233
2013-05-02,32.631096764868,33.170722491207,32.389768902658,33.16228701882,46065115.200402
2013-05-03,33.226714467343,33.521956000897,33.080010599738,33.492981987046,46786440.28217
2013-05-06,33.420363572581,33.909865477489,33.246030476578,33.746168411887,40982077.552885
2013-05-07,33.651911176951,33.790424078614,33.23759500419,33.310457925101,45023813.746609
2013-05-08,33.071575127351,33.23759500419,32.651146293441,32.991499266283,51595060.888248
2013-05-09,32.848462995369,33.001157270901,32.591364467392,32.658359233598,48039707.941021
2013-05-10,32.669117517222,32.719119085431,32.319228792985,32.690634084471,36394977.697701
2013-05-13,32.610680476626,33.071575127351,32.554443994044,33.034410147558,36036345.989814
2013-05-14,32.861316943496,33.528906151025,32.804379438799,33.528906151025,56871709.627979
2013-05-15,33.451937328044,33.902581288463,33.431784607831,33.852685095647,46307828.427937
2013-05-16,33.635618446609,34.149270008175,33.549180273166,34.081649133727,59384088.862897
2013-05-17,34.130088503395,34.869062045171,34.100709236578,34.869062045171,60672513.056841
2013-05-20,34.732363473125,35.097904681321,34.680403447517,35.080058597759,54024561.544046
2013-05-21,35.097904681321,35.268595793484,34.720708887942,34.84988054039,48703362.699326
2013-05-22,34.786872939243,34.839197170639,34.360266560764,34.606833878547,66049938.353788
2013-05-23,34.232066123748,34.553659833649,33.902581288463,34.149270008175,51105314.706814
2013-05-24,33.920184568167,34.280869699203,33.902581288463,34.271278946813,33174303.402364
2013-05-28,34.420724721402,35.182036218113,34.412469390231,35.019600437121,48214432.407831
2013-05-29,34.741954225516,35.019600437121,34.572477132643,34.878531395632,38412371.90299
2013-05-30,34.84988054039,35.249535690633,34.807389865243,35.030162404944,51133118.431068
2013-05-31,34.822807910225,35.274423086076,34.790393595184,34.905482623868,56167596.271284
2013-06-03,34.923450109359,35.630373541882,34.828513800887,35.591282120746,51254771.215035
2013-06-04,35.620782789491,35.739392474117,34.769391061468,34.988521543299,65526892.018103
2013-06-05,34.599792566666,34.889093363454,34.432622110443,34.77873901,46026357.99176
2013-06-06,34.839197170639,35.107252629854,34.489559615141,34.961448913134,37621858.614437
2013-06-07,35.249535690633,35.780790531903,35.058570456328,35.669222159159,40757347.738493
2013-06-10,35.508000397457,35.650404860165,35.140516758398,35.473643651552,35994841.073027
2013-06-11,35.051529144446,35.182036218113,34.680403447517,34.839197170639,39435857.445357
2013-06-12,35.140516758398,35.268595793484,34.84988054039,35.00041893234,37372280.363041
2013-06-13,34.988521543299,35.019600437121,34.591415833565,34.720708887942,45648647.657254
2013-06-14,34.553659833649,34.692300836558,34.24991220731,34.40045059926,53198105.560001
2013-06-17,34.692300836558,35.160548076681,34.627108000689,35.00041893234,49670494.446741
2013-06-18,34.970796861666,35.170017427143,34.900990752496,34.979294996696,28616643.11466
2013-06-19,34.961448913134,35.089406546292,34.591415833565,34.591415833565,30819305.441257
2013-06-20,34.260595577061,34.32578841293,33.370112427903,33.491150151108,54495111.473075
2013-06-21,33.656863784183,33.730554755081,33.048640119931,33.2620647111,85338300.843922
2013-06-24,32.940835206986,34.200258818352,32.570923529346,33.720964002691,56111845.456794
2013-06-25,34.081649133727,34.380419280977,33.462377893937,33.669003977082,44060792.642666
2013-06-26,34.121590368365,34.477783628029,33.893111938002,34.348490573652,48666261.269352
2013-06-27,34.521488322466,34.77873901,34.500242984892,34.618852669518,28993442.653505
2013-06-28,34.380419280977,34.786872939243,34.337685801971,34.543947679329,65546201.729475
2013-07-01,34.749238341255,34.988521543299,34.32578841293,34.360266560764,31060751.468051
2013-07-02,34.412469390231,34.440877441615,33.630033957875,33.9379092498,37633272.233414
2013-07-03,33.656863784183,34.370828528586,33.598833662124,34.009293584047,15994380.584226
2013-07-05,34.090025866827,34.239228837559,33.578802343841,34.212156207393,26085829.544201
2013-07-08,34.348490573652,34.591415833565,33.976150857432,34.32578841293,32397040.504039
2013-07-09,34.582067885033,34.599792566666,34.138586638424,34.348490573652,25319954.121645
2013-07-10,34.337685801971,34.807389865243,34.31619766054,34.700556167729,29868234.900684
2013-07-11,35.00041893234,35.770228564081,34.900990752496,35.687311046579,53630980.595123
2013-07-12,35.581691368356,35.727495085075,35.278065143946,35.669222159159,35501450.412776
2013-07-15,35.659752808698,36.220508318713,35.581691368356,36.170976331684,34143185.901442
2013-07-16,36.008176344906,36.42931963658,35.963379033107,36.26785507102,36378581.21215
2013-07-17,36.341667443847,36.393870273314,35.489183098463,35.739392474117,37287305.657728
2013-07-18,35.718996950046,35.892116100789,35.221006237319,35.440500924938,49413450.200901
2013-07-19,32.401567838402,32.669501895688,31.02001388647,31.398059493352,248394574.60653
2013-07-22,31.698043659892,32.010168019331,31.601043518627,32.010168019331,79030561.027551
2013-07-23,31.909283016338,32.039547286147,31.710062450862,31.821388019748,65816017.354492
2013-07-24,32.031049151118,32.186686424086,31.890465717344,31.956629768645,52808477.295588
2013-07-25,31.621074836911,31.649482888295,31.25007054191,31.387254721671,63219523.610163
2013-07-26,31.259418490442,31.621074836911,31.201509770313,31.621074836911,38636818.940739
2013-07-29,31.46932242567,31.601043518627,31.398059493352,31.539371338699,28874184.924797
2013-07-30,31.781082579322,32.121493588217,31.551390129669,31.8488248557,45801054.131426
2013-07-31,31.968527157687,32.049259440466,31.710062450862,31.83923410331,43900010.221719
2013-08-01,32.07050477804,32.089443478963,31.601043518627,31.668664393076,42557121.290493
2013-08-02,31.688695711359,31.900784881309,31.571057242166,31.890465717344,29198809.365456
2013-08-05,31.900784881309,32.00069866887,31.639892135904,31.698043659892,30986513.188272
2013-08-06,31.561830695562,31.668664393076,31.378028175068,31.581862013846,36333488.39357
2013-08-07,31.539371338699,32.100126848714,31.25007054191,32.061156829508,38070591.614035
2013-08-08,32.238646449694,33.070249663292,32.049259440466,32.892274435389,59037512.560116
2013-08-09,32.770265496752,32.904293226359,32.470159928283,32.697667143214,26803491.829704
2013-08-12,32.45959796046,32.97045727766,32.45959796046,32.871878911318,25494765.325782
2013-08-13,32.509258072285,32.551571981498,32.209805791706,32.228853078474,39469501.966618
2013-08-14,32.141452553748,33.35903227752,31.696493468555,32.352178232674,48525928.53299
2013-08-15,31.967374818982,32.181717071346,30.838039487071,31.790886035259,33340623.479512
2013-08-16,31.790886035259,31.989918126739,31.661292153769,31.8000480213,32865290.246293
2013-08-19,31.758819084118,31.967374818982,31.381128264853,31.392942404747,27908416.316145
2013-08-20,31.437667362917,31.900106553055,31.374015670427,31.618857692108,22979513.155857
2013-08-21,31.609334048725,32.008483203716,31.542306887693,31.609334048725,37400726.586945
2013-08-22,32.192205134313,32.486714764528,32.102755217972,32.387861757252,31167882.782281
2013-08-23,35.16876562537,35.200712024063,33.999647985652,34.749725316475,225479197.18259
2013-08-26,34.396506644133,34.672089540029,34.031473831897,34.150579650421,72781662.098573
2013-08-27,33.512495543695,34.097416020897,33.153249248958,33.260299822692,58520150.000961
2013-08-28,33.39001425663,33.601824907588,33.002558689085,33.023534815019,44261432.857154
2013-08-29,32.928057276284,33.601824907588,32.798583947241,33.549866802543,45282230.498128
2013-08-30,33.368435368456,33.480308040106,33.085980983031,33.396765193713,42780205.855445
2013-09-03,31.748210468703,32.072014343758,31.289026194659,31.881300371183,154500325.30039
2013-09-04,31.392942404747,31.469252104267,31.108920837499,31.186797718841,142303572.37565
2013-09-05,31.099517746563,31.437667362917,30.950032711169,31.239720243468,71642217.776792
2013-09-06,31.289026194659,31.392942404747,31.130138068329,31.149064802649,75436530.204182
2013-09-09,31.228991075605,31.790886035259,31.198611858735,31.661292153769,49627846.07755
2013-09-10,31.900106553055,32.399675897146,31.790886035259,32.387861757252,56885769.552084
2013-09-11,32.573633079463,32.928057276284,32.531319170251,32.740959877146,39081925.696844
2013-09-12,32.721189275691,32.777607821307,32.592559813783,32.692497793091,32865022.725646
2013-09-13,32.765673128965,33.072961318658,32.509258072285,33.031732381477,40905542.607888
2013-09-16,33.379285088767,33.501645823384,32.730592366627,32.798583947241,55016974.77332
2013-09-17,33.416897452512,33.471025501618,32.898883583893,32.928057276284,84711436.211877
2013-09-18,32.950721136489,33.396765193713,32.828119296976,33.320334941745,64102105.880467
2013-09-19,33.480308040106,33.681751180544,33.320334941745,33.642933292321,42026259.635112
2013-09-20,33.407373809128,33.480308040106,32.692497793091,32.787131464691,102902280.53055
2013-09-23,32.540963366083,32.969286213465,32.497323379943,32.740959877146,39826264.953502
2013-09-24,32.870433206189,32.870433206189,32.151096749579,32.457179414793,40246430.333699
2013-09-25,32.486714764528,32.798583947241,32.399675897146,32.509258072285,28904151.9435
2013-09-26,32.641865764973,33.002558689085,32.592559813783,32.765673128965,28490221.068284
2013-09-27,32.882247346083,33.747693369544,32.870433206189,33.268617941597,55344473.549248
2013-09-30,33.002558689085,33.30972632633,32.700936464444,33.276694955606,39838298.28698
2013-10-01,33.340346648096,33.612192418107,33.299117710915,33.578076075352,36699155.813643
2013-10-02,33.35903227752,34.031473831897,33.288388543052,33.918757293112,46932502.522703
2013-10-03,33.881627139159,33.999647985652,33.416897452512,33.860892118121,38706409.93725
2013-10-04,33.69115427148,33.992535391226,33.62292158597,33.881627139159,32991644.918817
2013-10-07,33.601824907588,33.708875481321,33.202675752596,33.299117710915,35067701.106445
2013-10-08,33.299117710915,33.329858585129,32.798583947241,33.0131673045,40973697.526726
2013-10-09,33.072961318658,33.349629186584,32.958918702946,33.072961318658,35877401.177405
2013-10-10,33.30972632633,33.890065810512,33.260299822692,33.759386956991,42870107.230423
2013-10-11,33.681751180544,34.141056007037,33.681751180544,34.130326839174,30032300.099807
2013-10-14,33.897298957386,34.498855672399,33.780604187821,34.451960770166,27752202.093069
2013-10-15,34.672089540029,34.992276841646,34.470766952038,34.492828050004,47100400.179237
2013-10-16,34.600240281081,34.901741953275,34.5590113439,34.639058169304,35109869.154571
2013-10-17,34.451960770166,34.992276841646,34.367091846846,34.921633107178,31345201.411946
2013-10-18,34.749725316475,34.992276841646,34.332854951643,34.960692100297,41808999.748229
2013-10-21,34.9805832542,35.200712024063,34.909939519732,34.992276841646,27434688.20681
2013-10-22,35.019521694872,35.100774044755,34.519108483646,34.579143602699,40437371.284559
2013-10-23,34.351661133515,34.492828050004,33.672589194504,33.759386956991,58580201.167377
2013-10-24,33.791333355684,34.097416020897,33.567708564832,33.717193600226,52942906.731198
2013-10-25,35.877855123907,36.291108915303,35.469061773084,35.729575612992,113484610.89594
2013-10-28,35.610710899365,35.729575612992,35.267859737542,35.572857430725,38383525.255526
2013-10-29,35.632651444882,35.722463018566,35.257130569679,35.519934906097,31702598.804934
2013-10-30,35.530422969064,35.787320235536,35.427953388351,35.541152136927,37001217.197776
2013-10-31,35.640969563787,35.694012640862,35.341035073416,35.404325108563,41689564.093834
2013-11-01,35.671951542897,35.694012640862,35.389256052576,35.530422969064,40268602.275059
2013-11-04,35.591543060149,35.9815302291,35.551640199895,35.941506816398,28061872.953379
2013-11-05,35.787320235536,36.713765797634,35.769478473247,36.641916538687,51670699.980446
2013-11-06,37.242508834116,38.21970697678,37.05987187555,38.181130193452,88931005.404475
2013-11-07,37.960760318694,38.011512899259,37.433102254243,37.500370520171,60442288.396715
2013-11-08,37.671193338842,37.779328884607,37.336780848373,37.779328884607,36742951.066719
2013-11-11,37.692410569672,37.779328884607,37.347389463788,37.590905408542,26872372.546114
2013-11-12,37.380179729616,37.601634576405,37.201159344487,37.359203603682,31650298.943102
2013-11-13,36.981151127073,38.160756829757,36.899898777189,38.15026876679,44949972.402501
2013-11-14,37.917240885003,38.129292640856,37.720499290033,38.022000962226,46186297.415691
2013-11-15,37.9489461788,38.022000962226,37.720499290033,37.839484556108,50601650.107491
2013-11-18,37.347389463788,37.580537898023,37.069395518934,37.201159344487,53273679.450281
2013-11-19,36.851158256981,37.229954529242,36.670015630258,36.74120444327,44270095.124584
2013-11-20,36.921150619354,37.413131122051,36.860610217028,37.079082103683,32231299.300366
2013-11-21,37.270633850963,37.527870738317,37.260105085341,37.401645195918,23049481.025662
2013-11-22,37.527870738317,37.679819969451,37.330336737842,37.569985800805,27981300.985741
2013-11-25,37.930835313483,37.951773199663,37.569985800805,37.636388811261,30646845.325986
2013-11-26,37.569985800805,37.646917576883,37.350197818447,37.350197818447,34467900.513682
2013-11-27,37.569985800805,37.761537548085,37.491498638896,37.596547004987,26001714.806356
2013-11-29,37.819924339261,38.28977050514,37.819924339261,38.128369313958,22090428.988422
2013-12-02,38.087689992237,38.77816165592,38.057180500946,38.450932406193,42949427.439075
2013-12-03,38.140094530219,38.492927823617,38.075725485848,38.309631585745,52108306.622264
2013-12-04,38.210206537656,38.981677909589,38.119156644039,38.941836103315,51923755.054878
2013-12-05,38.849470113996,38.878783154648,37.17970360241,37.999750870281,116309039.15352
2013-12-06,38.42066220503,38.550237809218,37.990657845426,38.360959318151,36443498.215971
2013-12-09,38.560886219904,38.868254389026,38.370411278198,38.710083614569,30274900.36919
2013-12-10,38.599292285411,38.898524590189,38.01973159595,38.108627878417,37824603.181127
2013-12-11,38.057180500946,38.298863529995,37.392193235871,37.605998965034,39850471.439958
2013-12-12,37.636388811261,37.636388811261,37.17970360241,37.220382924131,36011118.546666
2013-12-13,37.418993730181,37.450580027047,36.618568252787,36.691192806566,40073198.064257
2013-12-16,36.679347945241,36.998441330624,36.536850674154,36.881548103208,31734250.851897
2013-12-17,36.952856561283,37.110548755484,36.332257614909,36.516989593549,45579962.003845
2013-12-18,36.360254559859,36.600980428396,35.528362430663,36.577769286002,63191103.592313
2013-12-19,36.507657278565,36.547140149648,36.079686885047,36.249343585637,34161502.297325
2013-12-20,36.196460467399,36.932995480678,36.189879988886,36.799830524574,62649532.409801
2013-12-23,36.809043194493,36.891000063255,36.547140149648,36.618568252787,25103437.199584
2013-12-24,36.721463007729,37.170251642363,36.640702589606,37.079082103683,14242996.330217
2013-12-26,37.198009297185,37.491498638896,37.170251642363,37.43897445585,17613301.407432
2013-12-27,37.577882375021,37.61664737572,37.170251642363,37.290734221696,14563376.892804
2013-12-30,37.220382924131,37.382980565952,36.899135927599,37.290734221696,16279946.924788
2013-12-31,37.401645195918,37.577882375021,37.220382924131,37.412054316476,17504378.588026
2014-01-02,37.350197818447,37.401645195918,37.100019989862,37.161876487891,30643644.960325
2014-01-03,37.198009297185,37.220382924131,36.600980428396,36.910741498796,31134794.980853
2014-01-06,36.851158256981,36.891000063255,36.109358860891,36.130296747071,43611599.352801
2014-01-07,36.332257614909,36.488873003535,36.204715976807,36.411821582393,35903854.954271
2014-01-08,36.001678303394,36.139150481798,35.576220456217,35.757243437876,59978044.28884
2014-01-09,35.883468980275,35.910389119649,35.403452983966,35.528362430663,36518299.48973
2014-01-10,35.899860354027,36.151114988187,35.747791477829,36.037691467623,40553598.621301
2014-01-13,35.991029892708,36.021419738935,34.830592418083,34.978952297301,45909642.452528
2014-01-14,34.733560271272,35.883468980275,34.629588710755,35.778540259247,41625899.105865
2014-01-15,35.883468980275,36.789182113888,35.853198779112,36.760108363364,44882362.726825
2014-01-16,36.691192806566,36.998441330624,36.312396534304,36.891000063255,38020893.41593
2014-01-17,36.830220370801,36.830220370801,36.151114988187,36.381431736166,46298499.715986
2014-01-21,36.770637128986,36.819571960115,36.058988288995,36.168702812578,31576523.311879
2014-01-22,36.258436610492,36.322805654862,35.747791477829,35.92797694404,21957553.913613
2014-01-23,36.086626298753,36.130296747071,35.517953310105,36.058988288995,44410491.914408
2014-01-24,37.450580027047,37.548688979433,36.527398714107,36.809043194493,77044480.219017
2014-01-27,36.869583596819,36.891000063255,35.981697577725,36.029435958215,44477526.739307
2014-01-28,36.120844787024,36.391840856724,35.747791477829,36.270401116881,36224899.549946
2014-01-29,35.981697577725,36.881548103208,35.899860354027,36.658170768933,52784495.110731
2014-01-30,36.74120444327,36.881548103208,36.228405699457,36.860610217028,35097100.103978
2014-01-31,36.962188876266,37.890155991762,36.557788560334,37.83990506493,93182500.339597
2014-02-03,37.771946668643,37.990657845426,36.432879113637,36.479660333616,64096818.198538
2014-02-04,36.972597996824,37.189155562457,36.249343585637,36.349845439301,54703927.251387
2014-02-05,36.291458648124,36.471285179144,35.800554951002,35.820416031607,55831985.122604
2014-02-06,35.81096407156,36.249343585637,35.690601137292,36.179470868328,35370854.590598
2014-02-07,36.291458648124,36.589255212135,36.011010618377,36.557788560334,33341660.176334
2014-02-10,36.618568252787,36.799830524574,36.291458648124,36.799830524574,26782062.361383
2014-02-11,36.881548103208,37.260105085341,36.860610217028,37.170251642363,32158468.733055
2014-02-12,37.350197818447,37.596547004987,37.300066536679,37.470560752716,27055409.528737
2014-02-13,37.330336737842,37.859766145535,37.330336737842,37.605998965034,37645308.257123
2014-02-14,37.392193235871,37.783791529968,37.330336737842,37.61664737572,42986496.915123
2014-02-18,37.649709356906,37.777251758288,37.410893929365,37.421106821841,32835133.532827
2014-02-19,37.218274027092,37.749581944953,37.211267507835,37.511954063049,29791635.550929
2014-02-20,37.559455888517,37.871424127279,37.399374736689,37.749581944953,27528202.634846
2014-02-21,37.93875796488,38.347036154778,37.860973725676,37.980322062164,38087420.080305
2014-02-24,37.692817263518,37.968684114924,37.539623876384,37.692817263518,32141552.98211
2014-02-25,37.649709356906,37.849217023872,37.347122728674,37.539623876384,30861751.135989
2014-02-26,37.580237937159,37.73913154335,37.190485459193,37.473477584419,41042627.38592
2014-02-27,37.451626744704,37.891137384848,37.228724428695,37.860973725676,33904677.526066
2014-02-28,37.990891218331,38.460803026774,37.817984573627,38.308678430713,41215446.405598
2014-03-03,37.918807198183,38.132327903662,37.492003296352,37.777251758288,29726433.563265
2014-03-04,38.204293169246,38.477666174815,38.070813039681,38.411044864596,26862941.312083
2014-03-05,38.250607449078,38.270439461211,37.92937635435,38.11154585502,20520255.860133
2014-03-06,38.141590759628,38.241344593112,37.891137384848,38.152041161231,23596084.558284
2014-03-07,38.299415574746,38.357486556381,37.692817263518,37.901469031887,26594536.276771
2014-03-10,37.968684114924,38.009416930263,37.72036832229,37.817984573627,19007850.62809
2014-03-11,37.871424127279,38.230894191509,37.72036832229,38.019748577303,25218134.550791
2014-03-12,37.787820914455,38.429095558274,37.787820914455,38.270439461211,30496293.602861
2014-03-13,38.420782738817,38.451421416244,37.641871555704,37.891137384848,32169650.642797
2014-03-14,37.649709356906,38.132327903662,37.511954063049,37.702198874048,27195637.926368
2014-03-17,37.909544342217,38.411044864596,37.787820914455,38.048724690838,20479608.181142
2014-03-18,38.259870305044,39.897852001749,38.221631335542,39.548476075431,64063865.584671
2014-03-19,39.3792508222,39.548476075431,38.909457768321,39.266671495841,35142482.460619
2014-03-20,39.246958238272,40.648143335018,39.237814136869,40.329168576999,59269810.31971
2014-03-21,40.718921054965,40.941704616411,40.01245015569,40.160774605715,80731944.320866
2014-03-24,40.369901392338,40.638999233615,39.859613032247,40.498631339357,46098375.146347
2014-03-25,40.658593736621,40.989087687315,39.962573238949,40.337243887329,43193151.519464
2014-03-26,40.48806218319,40.708351898798,39.597402955663,39.788597803172,41982898.51766
2014-03-27,39.740027186631,39.973261149679,39.341011852699,39.360725110268,35369170.77643
2014-03-28,39.788597803172,40.634249051068,39.680887413923,40.301498763664,43472746.994949
2014-03-31,40.397689960237,41.500682347607,40.397689960237,40.989087687315,46878791.098847
2014-04-01,41.140143492304,41.591173325123,41.070434563429,41.420641771693,32608729.719731
2014-04-02,41.440355029262,41.658388408161,41.172444733622,41.346657678526,28664077.143192
2014-04-03,41.291911824674,41.291911824674,40.708351898798,41.007732153811,30139459.950553
2014-04-04,41.25034772739,41.390596867084,39.637898261874,39.870894715795,51407142.380041
2014-04-07,39.962573238949,40.270028804291,39.740027186631,39.800473259539,37554393.033677
2014-04-08,39.749408797161,39.92896569743,39.201712749513,39.82089904449,35919273.15881
2014-04-09,39.92896569743,40.553139684081,39.879088780689,40.473099108168,27395824.383093
2014-04-10,40.440560357722,40.690063695993,39.088064632081,39.360725110268,45959080.892198
2014-04-11,38.999829991274,39.788597803172,38.999829991274,39.208838023333,34331067.781856
2014-04-14,39.110390490051,39.410483272446,38.897819821081,39.183187037581,32006591.790546
2014-04-15,39.300516546487,39.962573238949,39.047688080433,39.749408797161,33968765.642491
2014-04-16,40.060070735722,40.418590763443,39.907114857715,40.397689960237,30615824.401652
2014-04-17,40.01245015569,40.186781855158,39.514987288476,40.01245015569,36688402.11264
2014-04-21,40.11208523461,40.152699295385,39.788597803172,39.940722399234,22221820.051193
2014-04-22,39.962573238949,40.141417611836,39.83028065502,39.992736898121,27056669.557149
2014-04-23,39.984780342355,39.992736898121,39.473304436627,39.690150269889,24590330.165949
2014-04-24,39.749408797161,39.973261149679,39.300516546487,39.859613032247,42362451.867186
2014-04-25,40.289742061861,40.67830699419,39.749408797161,39.907114857715,56877858.043264
2014-04-28,40.141417611836,41.291911824674,40.091421940531,40.868314296062,50604860.238471
2014-04-29,41.099291922401,41.193583045955,40.388427104271,40.508962986396,29637266.963465
2014-04-30,40.369901392338,40.498631339357,40.171462516445,40.397689960237,35458802.926129
2014-05-01,40.236540017336,40.358382199662,39.951054046273,40.002237263215,28788610.879143
2014-05-02,40.320974512106,40.337243887329,39.65974910159,39.690150269889,43417166.371872
2014-05-05,39.526625235715,39.637898261874,39.300516546487,39.429127738942,22447938.499442
2014-05-06,39.28864109012,39.350393463228,38.949003038023,39.058019727472,27110780.249526
2014-05-07,39.208838023333,39.514987288476,38.509373643315,39.419983637539,41748796.750766
2014-05-08,39.341011852699,39.897852001749,38.968597541028,39.637898261874,32122567.167512
2014-05-09,39.542775856374,39.850231421717,39.367494120397,39.542775856374,29647082.307178
2014-05-12,39.740027186631,40.02183176622,39.649536209114,39.973261149679,22783751.711664
2014-05-13,39.91752720047,40.5017160472,39.852315970708,40.417519269532,27004425.479359
2014-05-14,40.302426755522,40.449830077769,40.050190190492,40.241342818782,18817422.118447
2014-05-15,40.089222590223,40.399123334916,39.508689345885,39.598546411127,37793164.337638
2014-05-16,39.671186768331,39.841702931506,39.270367654476,39.831089892304,29867127.116727
2014-05-19,39.608923605013,39.822009847654,39.460458978846,39.750784562344,24537442.481973
2014-05-20,39.750784562344,39.937102361664,39.460458978846,39.682625266137,21320934.24586
2014-05-21,39.802552609117,40.349595818641,39.741468672378,40.349595818641,22398734.588187
2014-05-22,40.291931638978,40.349595818641,39.852315970708,40.09959978411,20202060.554593
2014-05-23,40.302426755522,40.369170979835,39.999365524982,40.117052337464,18020467.354498
2014-05-27,40.218347900512,40.264455659711,39.811750576425,40.192994529085,26161168.128695
2014-05-28,40.137806725236,40.192994529085,39.822009847654,40.009860641526,25711563.074676
2014-05-29,40.149245223042,40.349595818641,39.906442470637,40.343817608409,19893802.934995
2014-05-30,40.449830077769,40.970576534603,40.252781316589,40.940388334207,34573978.537306
2014-06-02,40.949704224173,41.088970883032,40.679071724528,40.7898011002,18503738.177065
2014-06-03,40.600889002408,40.679071724528,40.252781316589,40.291931638978,18070297.484477
2014-06-04,40.209032010546,40.369170979835,39.861396015358,40.323299065952,23209917.601955
2014-06-05,40.589096736628,41.2502890789,40.399123334916,41.211138756511,31863364.11043
2014-06-06,41.47139406227,41.658183552222,41.240029807671,41.480709952236,24060519.153574
2014-06-09,41.429059828121,41.480709952236,41.017745597723,41.269746317436,15011640.514907
2014-06-10,41.029184095529,41.159370709738,40.859729236274,41.111022420041,15116685.422498
2014-06-11,40.930129062979,41.068334417918,40.772348546846,40.859729236274,18034521.962019
2014-06-12,40.809022493421,40.881662850624,40.291931638978,40.577658238822,29819983.233083
2014-06-13,41.068334417918,41.56136905017,40.859729236274,41.229652613785,26310331.202905
2014-06-16,41.038146217522,41.611014489103,41.038146217522,41.500403036089,24204996.490398
2014-06-17,41.290736550524,41.913604029012,40.3346196411,41.678820017337,22518580.765177
2014-06-18,41.600519372559,41.739786031418,41.18012509751,41.648867662256,27097029.78458
2014-06-19,41.627995351826,41.770917613077,41.329651027597,41.510544384659,19836487.953802
2014-06-20,41.419626015497,41.829761019318,41.37929646653,41.678820017337,47764924.870484
2014-06-23,41.708890295075,42.000277182493,41.687900061987,41.988720762029,18740503.790129
2014-06-24,41.829761019318,41.940372472332,41.56136905017,41.739786031418,26517332.789833
2014-06-25,41.698277255873,42.05074808003,41.459837641806,42.028932388338,20049776.260095
2014-06-26,41.931056582366,41.940372472332,41.429059828121,41.719267488961,23604408.590896
2014-06-27,41.611014489103,42.293904600409,41.510544384659,42.250155294366,74640273.348345
2014-06-30,42.167137743277,42.2098257454,41.698277255873,41.698277255873,30798894.287247
2014-07-01,41.85959545174,42.14874180866,41.687900061987,41.871151872205,26920623.102176
2014-07-02,41.739786031418,41.903344757783,41.530119545854,41.903344757783,20208500.079179
2014-07-03,41.920561465822,41.988720762029,41.56136905017,41.800869968157,15969309.038666
2014-07-07,41.750281147962,42.119968680158,41.708890295075,41.988720762029,21953598.218682
2014-07-08,41.881764911406,42.000277182493,41.611014489103,41.780115580385,31218208.31076
2014-07-09,41.940372472332,41.988720762029,41.530119545854,41.66738151953,18445910.951097
2014-07-10,41.367740046066,42.000277182493,41.049938483301,41.687900061987,21854715.876213
2014-07-11,41.698277255873,42.092492700891,41.480709952236,42.092492700891,24084880.299635
2014-07-14,42.21996709397,42.450623812622,42.04060673146,42.139543841352,21881945.593023
2014-07-15,42.330578546984,42.470081051159,42.028932388338,42.450623812622,28751943.324271
2014-07-16,42.49897210232,44.308377363568,42.477981869232,44.076777263653,63319567.421717
2014-07-17,45.447392315236,45.711185300729,44.250713183904,44.531840800094,82173369.337816
2014-07-18,44.648112540683,44.842567003391,44.250713183904,44.690682620148,43402095.305214
2014-07-21,44.561675232517,45.160486488814,44.220878751482,44.832425654821,37599297.054058
2014-07-22,44.998106989026,45.151524366821,44.589387057099,44.832425654821,43062917.201782
2014-07-23,45.447392315236,45.447392315236,44.619221489522,44.873934430365,52363947.897452
2014-07-24,44.926999626374,44.998106989026,44.319933784032,44.396819356916,30725185.736791
2014-07-25,44.299061473602,44.658489734569,44.299061473602,44.500591295778,26737525.113858
2014-07-28,44.362503863497,44.512029793584,43.92701548825,43.971000639608,29685474.700531
2014-07-29,43.906379023135,44.088451606775,43.639166280566,43.879846425131,27763252.735937
2014-07-30,44.067579296345,44.099890104581,43.289997290827,43.581502100902,31922405.096057
2014-07-31,43.377731748228,43.689755100761,43.080684573236,43.160046521933,31539194.778943
2014-08-01,43.209574038209,43.254502570829,42.600267665368,42.859343744549,31170382.012889
2014-08-04,42.968775970986,43.46971142131,42.81323598535,43.36853378092,34274679.992022
2014-08-05,43.312048827835,43.458155000846,42.83304699186,43.080684573236,26266949.279626
2014-08-06,42.740831473463,43.170187870504,42.2098257454,42.740831473463,24633965.025626
2014-08-07,42.840947809933,43.448131574933,42.648615955065,43.231271807243,30314988.802084
2014-08-08,43.231271807243,43.312048827835,42.91122971398,43.199196844322,28942765.790175
2014-08-11,43.26252131156,43.448131574933,43.018303487261,43.199196844322,20350622.826457
2014-08-12,43.037878648455,43.588459537713,42.998846248724,43.518295556323,21431776.201537
2014-08-13,43.68067505611,44.181610506435,43.518295556323,44.076777263653,22888135.852052
2014-08-14,44.076777263653,44.417809590004,44.012273569837,44.270524190414,19312625.639668
2014-08-15,44.580189089791,44.899051956476,44.396819356916,44.78961973004,41611072.250992
2014-08-18,44.937140974945,45.109897668619,44.680423348919,45.109897668619,26894287.643197
2014-08-19,44.968417719794,45.339560685807,44.82989830526,45.32795880591,28133643.979661
2014-08-20,45.339560685807,45.398859183061,44.900915873118,44.950135969652,24751028.551266
2014-08-21,44.841382994452,45.250026986396,44.82989830526,45.217916732943,22285040.583584
2014-08-22,45.309677055768,45.471048657978,45.073772164519,45.147133546497,18294483.225936
2014-08-25,45.398859183061,45.442336935,45.044005725186,45.166470012993,16907469.284194
2014-08-26,45.309677055768,45.398859183061,44.938651280461,45.013301760205,14873346.645836
2014-08-27,44.900915873118,45.002754596662,44.757826021049,44.871266624491,21287816.001999
2014-08-28,44.747630429624,44.980019599691,44.611220447799,44.880173118149,17657641.47815
2014-08-29,45.092171105367,45.442336935,44.852867683643,45.432141343575,21608073.691745
2014-09-02,45.432141343575,45.462024973614,44.852867683643,45.092171105367,22971980.00954
2014-09-03,44.531296386283,45.109280948448,44.531296386283,44.961620658844,33685182.052449
2014-09-04,44.737434838199,45.270652550658,44.717629608879,45.261511675588,26476033.209252
2014-09-05,45.109280948448,45.927623648691,45.109280948448,45.90934189855,36929564.092498
2014-09-08,46.022782501992,46.796475543236,45.989265960066,46.471388524694,45736146.036812
2014-09-09,46.471388524694,46.970386550992,46.419824614039,46.762255857073,40299476.006342
2014-09-10,46.817218298204,46.943081116485,46.281539580917,46.838781388114,27303700.249126
2014-09-11,46.741630292811,46.99909827397,46.471388524694,46.99909827397,29216359.780777
2014-09-12,46.931479236588,47.019723838232,46.600884254863,46.69112109851,38245147.956769
2014-09-15,46.53889037137,46.709520039358,46.099425223739,46.23771025686,37666139.044141
2014-09-16,46.389120649058,46.848156644597,46.291617981636,46.762255857073,27902258.473701
2014-09-17,46.281539580917,46.69112109851,46.227631856141,46.519436714169,38311171.112325
2014-09-18,46.59033709132,46.827179508217,46.462130458917,46.679636409319,35542234.768818
2014-09-19,46.805733609012,47.568996677419,46.600884254863,47.519776580884,202524076.66222
2014-09-22,47.302387821189,47.379030542936,46.979644616768,47.062146873817,38686091.218809
2014-09-23,46.848156644597,46.979644616768,46.471388524694,46.560687842693,33430380.529679
2014-09-24,46.628189689369,47.112304496,46.339783361817,47.080428623959,26582714.425711
2014-09-25,46.881087232993,47.090624215384,46.032040567769,46.040947061427,33071493.357587
2014-09-26,45.927623648691,46.61928319571,45.759337794825,46.408457115553,27078224.00473
2014-09-29,45.979187559347,46.560687842693,45.759337794825,46.442911183128,26090983.314501
2014-09-30,46.37072170821,46.479357492705,46.012469719861,46.360291735373,33033006.277611
2014-10-01,46.270054891726,46.53092140336,45.853207550359,45.899146307125,38086700.420866
2014-10-02,45.832816367509,46.099425223739,45.638162604784,45.759337794825,25119405.137776
2014-10-03,45.979187559347,46.299586949647,45.6093336911,46.091339065022,32453264.385913
2014-10-06,46.121222695061,46.299586949647,45.919771871387,46.091339065022,20603859.163118
2014-10-07,45.86352033249,45.927623648691,45.420539463677,45.531636252999,25723882.23389
2014-10-08,45.492494557183,46.89034529877,45.339560685807,46.779248509448,33030192.301933
2014-10-09,46.501154964027,46.796475543236,45.738829421269,45.853207550359,34423997.875756
2014-10-10,45.598903718263,46.121222695061,43.951085200703,44.027493541038,51974701.288999
2014-10-13,43.819245656413,44.563172258324,43.489588200337,43.646272174306,37097184.787245
2014-10-14,43.868465752948,44.377893752083,43.5607229589,43.731001054769,38119617.209336
2014-10-15,42.992816797454,43.392319914328,42.100057998878,43.220635529986,60219508.502073
2014-10-16,42.5315541785,43.081881734041,42.219006565504,42.738630156064,49040363.281552
2014-10-17,43.199892775018,43.940655227866,42.789139350365,43.627170089222,40681868.30593
2014-10-20,43.062662458251,44.139879428126,42.809764914627,44.082573172874,34528482.775897
2014-10-21,44.360666718296,44.968417719794,44.187693236188,44.880173118149,36433726.900661
2014-10-22,45.002754596662,45.073772164519,44.220037871054,44.377893752083,33579820.023596
2014-10-23,44.66735479599,45.442336935,44.531296386283,45.023380160924,45399504.211735
2014-10-24,46.805733609012,46.901947178667,45.177954702185,46.13012918872,61078819.445423
2014-10-27,45.709062981936,46.099425223739,45.709062981936,45.90934189855,30371306.7819
2014-10-28,45.86352033249,46.501154964027,45.770822484016,46.491076563308,29049750.754404
2014-10-29,46.442911183128,46.699207257226,46.339783361817,46.61928319571,30283620.993322
2014-10-30,46.299586949647,46.322673518736,45.770822484016,46.052197369207,30073870.164089
2014-10-31,46.943081116485,46.970386550992,46.479357492705,46.949878177436,35849663.140696
2014-11-03,46.89034529877,47.460478083631,46.731200319974,47.440907235723,23120145.74483
2014-11-04,47.302387821189,47.729430753981,47.25094110124,47.568996677419,21530026.709028
2014-11-05,47.800331131132,47.902287045383,47.26008197631,47.864317256628,22447445.682303
2014-11-06,47.864317256628,48.860203876514,47.790135539707,48.700004181364,33035786.181559
2014-11-07,48.91973675518,48.91973675518,48.290305473065,48.678323900747,28000353.61348
2014-11-10,48.688519492172,49.150016492539,48.549062551991,48.892314129968,36368678.720846
2014-11-11,48.848719187322,48.931455825783,48.65195599189,48.871688565705,23445090.481929
2014-11-12,48.558203427061,48.91973675518,48.51894454054,48.778873526526,22722063.84908
2014-11-13,48.810983779979,49.64772542107,48.709145056435,49.606591483252,26209000.808024
2014-11-14,49.740423269544,50.039259569933,49.391312156265,49.579168858039,29081655.000864
2014-11-17,49.411000194879,49.709602113856,49.140875617468,49.462446914828,30316947.516222
2014-11-18,49.131818831918,49.326300670709,48.699533451324,48.740293118137,24035938.370445
2014-11-19,48.662151014048,48.749609613408,47.928477011424,48.219501032464,26177245.723328
2014-11-20,48.002193780259,48.699533451324,47.871646390268,48.699533451324,21507184.176533
2014-11-21,49.020253801043,49.051114691629,47.574683103492,47.979717735416,42883755.630664
2014-11-24,47.991130442124,48.002193780259,47.388003829491,47.592850269271,35433308.547778
2014-11-25,47.654339138062,47.970517696336,47.450540804,47.469988987879,28007895.98029
2014-11-26,47.490601733667,47.991130442124,47.278884378624,47.750066126976,27164677.834371
2014-11-28,47.949904950548,48.189105966641,47.611133891241,47.809109415759,21534426.223468
2014-12-01,47.881661622685,48.780470503995,47.7088406354,48.621274891044,31189470.263228
2014-12-02,48.839746705159,49.051114691629,48.19807309334,48.460798259994,25768741.616084
2014-12-03,48.440185514206,48.500509821089,47.809109415759,48.078705497675,23533831.760951
2014-12-04,48.389061246404,49.061479292619,48.19807309334,48.839746705159,30345131.208222
2014-12-05,48.821346626998,48.969245989432,48.377648539697,48.420853786518,27312446.180226
2014-12-08,48.321866024259,48.350514247219,47.440409115392,47.686131678176,26662425.286909
2014-12-09,47.109440620875,47.918228866625,47.050164419711,47.592850269271,24326107.006566
2014-12-10,47.58365023019,47.654339138062,46.699864197505,46.897839722023,30431792.865585
2014-12-11,47.079744292197,47.738536964078,46.67831980219,47.170813033476,29061168.093173
2014-12-12,46.67831980219,47.729453381188,46.67040078121,46.950128551734,34248372.255811
2014-12-15,47.198180238335,47.66575184477,46.547539499818,46.67040078121,29247758.575752
2014-12-16,45.896665848918,46.338267724784,45.130267656653,45.163224758676,47765769.217139
2014-12-17,45.048515410647,45.937891340494,44.898286924395,45.742361395986,34969630.218324
2014-12-18,46.58038014565,47.520065149963,46.338267724784,47.520065149963,40100160.338438
2014-12-19,47.611133891241,48.100016980609,47.170813033476,47.654339138062,64550080.764765
2014-12-22,47.778248525172,48.119581620679,47.7088406354,47.979717735416,26565386.209273
2014-12-23,48.368564956807,48.80073388121,48.130994327386,48.450433659005,23655740.074837
2014-12-24,48.64153826826,48.64153826826,48.078705497675,48.138913348367,11442790.292636
2014-12-26,48.409557536001,48.409557536001,47.820289210084,47.881661622685,13197777.867587
2014-12-29,47.697427928692,47.778248525172,47.259669107127,47.450540804,14439516.557159
2014-12-30,47.440409115392,47.621382036039,46.843338224685,47.021749109133,16384289.425369
2014-12-31,46.729444069992,47.440409115392,46.450764405186,46.450764405186,21552145.378469
2015-01-02,46.660269092602,47.420029281986,46.538223004546,46.761353066297,27908744.318706
2015-01-05,46.369012159179,46.729444069992,46.249411651132,46.329300598085,39671917.681551
2015-01-06,46.379260303978,46.750988465307,45.543221309559,45.647566056599,36444978.669407
2015-01-07,45.980048481598,46.461012549984,45.490932479848,46.230196379635,29113882.469405
2015-01-08,46.750988465307,47.750066126976,46.719428837575,47.592850269271,29643419.262733
2015-01-09,47.611133891241,47.820289210084,46.897839722023,47.190028304973,23944180.313105
2015-01-12,47.420029281986,47.542890563378,46.357599452472,46.600992891438,23651087.642774
2015-01-13,46.970741297522,47.907980721826,46.060636165695,46.345953833382,35264825.802016
2015-01-14,45.958271173901,46.241609086343,45.620664676503,45.958271173901,29716455.940477
2015-01-15,46.220996340555,46.379260303978,45.407899215742,45.480451422668,32746471.006989
2015-01-16,45.310891208728,46.281437103628,45.173589359666,46.241609086343,35694489.156223
2015-01-20,46.299487813216,46.651185509712,45.572684725855,46.390556554494,28167019.354971
2015-01-21,45.937891340494,46.141456762175,45.480451422668,45.919840630906,38198221.142762
2015-01-22,46.488379754844,47.135526807635,46.081248911483,47.130868559999,31057428.05206
2015-01-23,47.359821431294,47.388003829491,46.801181083582,47.179896616365,23181772.239549
2015-01-26,47.002417381445,47.130868559999,46.241609086343,47.011733876716,42317905.778677
2015-01-27,42.950906500287,43.198725274507,42.099844657243,42.658601461146,169152493.77621
2015-01-28,42.741518269062,42.792758993055,41.159344459594,41.189040788271,88079336.579218
2015-01-29,40.928528289244,42.119292841122,40.788547947791,42.009125284538,63579803.39803
2015-01-30,41.549472699084,41.577888009662,40.350556213844,40.404126061654,77998028.836568
2015-02-02,40.589524317556,41.371993464164,40.229208862934,41.279876617168,50346949.427928
2015-02-03,41.629012277464,41.930517355685,41.041374338219,41.599665317359,52079626.076776
2015-02-04,41.940765500484,42.2103615824,41.362094687938,41.839565070598,41612922.536945
2015-02-05,42.219561621481,42.639036821077,41.850861321115,42.449213229921,36546351.928843
2015-02-06,42.678864838362,42.792758993055,42.1489891698,42.410666230736,34616133.295859
2015-02-09,42.240989560605,42.741518269062,42.2103615824,42.360590068652,31377876.178954
2015-02-10,42.741518269062,42.772262703458,42.179500691814,42.598277154264,29668563.671175
2015-02-11,42.648353316348,42.648353316348,42.2103615824,42.37992179634,38260271.153176
2015-02-12,42.690161088878,43.090653929358,42.507208412986,43.090653929358,33266310.837793
2015-02-13,43.377252615145,43.868814196904,43.149930130523,43.868814196904,40125864.761851
2015-02-17,43.971980257644,44.00389504092,43.192727632658,43.576976997969,33694065.639135
2015-02-18,43.630052670156,43.702092199072,43.391616861769,43.528179756873,27110733.516635
2015-02-19,43.269508125756,43.528179756873,43.047376608825,43.502393537052,27599840.494083
2015-02-20,43.502393537052,43.879473639453,43.287778182849,43.851374754178,29719019.259061
2015-02-23,43.702092199072,44.187867577848,43.650172859613,44.146239599662,32518509.985981
2015-02-24,44.146239599662,44.299800585859,43.920060918185,44.088538596565,25270520.675172
2015-02-25,43.953132034188,44.088538596565,43.799224148173,43.993603679647,29758122.990614
2015-02-26,43.993603679647,44.229495556034,43.889880634,44.058011412562,28956702.34947
2015-02-27,44.136063871661,44.198043305849,43.660348587614,43.851374754178,33803595.930528
2015-03-02,43.67075558216,44.187867577848,43.549803178875,43.879473639453,31924002.227023
2015-03-03,43.558822574149,43.830907664903,43.090160919739,43.279915120303,31748599.878115
2015-03-04,43.009680161912,43.207528691568,42.880055263172,43.057436703554,25748599.984184
2015-03-05,43.067265531736,43.240252907754,42.821313560621,43.111553075195,23193499.389517
2015-03-06,43.000892033184,43.111553075195,42.149252979463,42.358317936575,36248701.398319
2015-03-09,42.18879955874,43.13074819847,42.18879955874,42.850568778624,32107901.768543
2015-03-10,42.348142208574,42.71065251861,42.029572542179,42.029572542179,39159699.516883
2015-03-11,42.319812056753,42.369649997303,41.83877764216,41.984359932538,32215299.129124
2015-03-12,41.329297442473,41.64879217505,40.781426996236,41.199210010642,60023709.090512
2015-03-13,40.701293138228,41.472798333941,40.609827219492,41.379135383023,58007698.12593
2015-03-16,41.472798333941,41.640004046322,41.277378103013,41.560795254496,35273399.527046
2015-03-17,41.368728388477,41.829526980341,41.148447003909,41.690651419781,31673400.121927
2015-03-18,41.429898389755,42.830332955895,41.329297442473,42.50378459368,44194700.950026
2015-03-19,42.250894626201,42.587503083143,42.218170410016,42.278068445294,33879001.099731
2015-03-20,42.558016598595,42.980656210455,42.492683799497,42.880055263172,71904495.842542
2015-03-23,42.899019119901,43.13074819847,42.77945431589,42.850568778624,26245998.741229
2015-03-24,42.77945431589,43.173879409202,42.748927131887,42.899019119901,25513201.983653
2015-03-25,42.919601842449,42.919601842449,41.439958484484,41.46135063994,43469902.904346
2015-03-26,41.219792733189,41.609245595773,40.919146224068,41.210657704643,37495603.542868
2015-03-27,41.119307419179,41.429898389755,40.828836638059,40.968984164619,34401400.922504
2015-03-30,41.101037362086,41.540559431766,40.909317395885,40.959964769345,35049599.393145
2015-03-31,40.781426996236,41.031194865352,40.53882839003,40.653767863133,34887217.750141
2015-04-01,40.629253609312,40.762116239689,40.310568309644,40.721528960958,36865299.024786
2015-04-02,40.659318260224,40.743383649505,40.121854808534,40.289060520915,37487402.07416
2015-04-06,40.339823527647,41.778648340336,40.179440178358,41.540559431766,39223598.901152
2015-04-07,41.560795254496,41.909892104894,41.310102319198,41.531540036493,28809144.088639
2015-04-08,41.46135063994,41.690651419781,41.040098627353,41.420763361209,24753399.612672
2015-04-09,41.250319917192,41.61965259032,41.250319917192,41.48285842867,25723082.729719
2015-04-10,41.48285842867,41.951751349625,41.409546933753,41.717825238875,28022000.537301
2015-04-13,41.502169185217,42.060099726182,41.390351810479,41.758528150879,30276596.945717
2015-04-14,41.799231062883,42.029572542179,41.390351810479,41.64879217505,24244301.167892
2015-04-15,41.758528150879,42.461000282767,41.680591325053,42.261070354202,27317801.343984
2015-04-16,41.951751349625,42.338891546755,41.819466885612,42.159544340737,22509649.365503
2015-04-17,41.669374897597,41.73702036215,41.15989469791,41.61965259032,42387599.4467
2015-04-20,41.860169797616,43.173879409202,41.680591325053,42.899019119901,46057608.387826
2015-04-21,43.000892033184,43.150984021199,42.528761380592,42.634912724966,26013264.912064
2015-04-22,42.669949606606,43.13074819847,42.549228469867,42.990947571729,25062257.556584
2015-04-23,42.890346624446,43.608544881427,42.800962104619,43.339581889036,46309498.751259
2015-04-24,45.660919839267,48.140906639695,45.65051284472,47.868474649123,130933665.07063
2015-04-27,47.23503558106,48.129458945694,47.223819153604,48.029089264957,59248102.313139
2015-04-28,47.779552662387,49.209242446529,47.70369723547,49.153854108887,60730777.868205
2015-04-29,48.720113702844,49.312040425994,48.500179218095,49.061578757241,47804499.972508
2015-04-30,48.701149846115,49.541225572562,48.597311167195,48.638939145381,64725398.691781
2015-05-01,48.576844077921,48.88292535086,48.398190671539,48.6481898072,38937300.972635
2015-05-04,48.369282353354,48.872980889405,48.180453218972,48.241391953705,34039401.215478
2015-05-05,47.818752341845,48.161142462425,47.307306376522,47.599974189823,50369101.804427
2015-05-06,47.738965383655,47.77041763384,46.01614525312,46.28210178042,52430999.556999
2015-05-07,46.260247091872,47.079277562681,46.158721078407,46.700925494279,32971255.318517
2015-05-08,47.558114945092,47.981563989861,47.519724698543,47.748909845111,35364899.514139
2015-05-11,47.548979916546,47.909524460945,47.368245111255,47.368245111255,24609398.007329
2015-05-12,46.84870481684,47.683577046014,46.420630441161,47.345812256344,29928163.35156
2015-05-13,48.189356980973,48.319444412804,47.568290673093,47.624719710189,34184614.049279
2015-05-14,48.029089264957,48.823258582127,48.029089264957,48.720113702844,32980800.825817
2015-05-15,48.90107977468,48.90107977468,48.049440720959,48.290882994438,28642640.90436
2015-05-18,47.981563989861,48.221040497703,47.609918651279,48.011166107682,24128466.821961
2015-05-19,47.617750883856,47.808807349658,47.181296576229,47.579838295933,28574815.08271
2015-05-20,47.393377295334,47.93104672405,47.26780620867,47.579838295933,25047917.293407
2015-05-21,47.299285145308,47.599024363155,47.007473104937,47.42060542666,22410599.038025
2015-05-22,47.299285145308,47.351903221879,46.820093011297,46.903270931466,25720500.56142
2015-05-26,46.829169055072,46.880753151973,46.191663144828,46.591238844202,29563628.301206
2015-05-27,46.820093011297,47.770550101845,46.62053493487,47.6079855203,27335599.758374
2015-05-28,47.498843221736,48.019854089092,47.393377295334,47.449441970807,19283614.22735
2015-05-29,47.429566583805,47.569613385857,46.591238844202,46.861567084751,36519500.193229
2015-06-01,47.058023222167,47.770550101845,46.62053493487,47.231961580089,28837332.442083
2015-06-02,46.951408429464,47.351903221879,46.62053493487,46.924295184768,21497426.172934
2015-06-03,47.373387021702,47.739186051837,46.820093011297,46.850537968265,28002100.892856
2015-06-04,46.788728961288,47.159123456626,46.203036921204,46.362269790478,27745499.912165
2015-06-05,46.300690556762,46.520583566711,45.841718469642,46.141457687488,25438000.831327
2015-06-08,46.300690556762,46.429593355697,45.670882050732,45.727061612835,22121601.00497
2015-06-09,45.759804302404,45.939372105199,45.461328837489,45.6508917771,24405926.48869
2015-06-10,45.790019486112,46.829169055072,45.691331870884,46.611458891094,28417072.610299
2015-06-11,46.658792182682,46.924295184768,46.131117890782,46.440622472184,27347756.005039
2015-06-12,46.217512636593,46.469918562851,45.896749165444,45.970736155208,23915999.716109
2015-06-15,45.451103927413,45.6508917771,45.020164178029,45.471323974304,33254498.628197
2015-06-16,45.489246288595,46.235434950883,45.298649369313,45.831493559566,27070299.321636
2015-06-17,45.727061612835,46.069308883806,45.360343489659,45.970736155208,28703999.598911
2015-06-18,46.21314694465,46.799872964405,46.171443097936,46.720371416398,32658299.828093
2015-06-19,46.788728961288,46.829169055072,45.99199018177,46.099638954144,63836997.918135
2015-06-22,46.329871760799,46.720371416398,46.160299094819,46.224405834397,20318002.899773
2015-06-23,46.141457687488,46.278172777269,45.621825459693,45.907663395301,25896471.611322
2015-06-24,45.670882050732,46.235434950883,45.550940408941,45.629522863907,34890901.778879
2015-06-25,46.012095342032,46.05931374699,45.499471198671,45.6508917771,20615900.898773
2015-06-26,45.790019486112,46.278172777269,45.029125335175,45.256026429558,49835198.455849
2015-06-29,45.03797160569,45.228798298232,44.360370261552,44.371629151298,34081699.087699
2015-06-30,44.709166070437,44.718357000842,43.939655422245,44.15288500765,35945382.434098
2015-07-01,44.45905787678,45.228798298232,44.10118602412,44.437918736847,28343898.083047
2015-07-02,44.480426789972,44.746504225209,44.059597064035,44.400810355336,21752000.666935
2015-07-06,43.962058315108,44.480426789972,43.950799425361,44.389551465589,23033897.864601
2015-07-07,44.339001348359,44.490766586678,43.317888980319,44.298905914466,36435800.233135
2015-07-08,44.437918736847,44.900222536239,44.030415859998,44.235833154559,39785899.980606
2015-07-09,44.746504225209,45.219952027717,44.498463990893,44.519718017455,32424599.751064
2015-07-10,45.009020174913,45.141484459381,44.571531887616,44.61300596107,25465700.60518
2015-07-13,44.9707629271,45.621825459693,44.95284061281,45.541979251796,28178300.078463
2015-07-14,45.451103927413,45.961545224802,45.308874279389,45.621825459693,22880251.141012
2015-07-15,45.680072981137,45.885490275698,45.428701034549,45.759804302404,26625634.316389
2015-07-16,46.012095342032,46.68992645943,45.970736155208,46.658792182682,26271601.566729
2015-07-17,46.549534997488,46.779767804143,46.256918750706,46.62053493487,29467101.945814
2015-07-20,46.648567272606,47.127414746727,46.440622472184,46.924295184768,30631901.363847
2015-07-21,46.779767804143,47.329615215646,46.480143472927,47.278031118746,42781901.924096
2015-07-22,45.439845037666,46.933486115174,45.199731980825,45.541979251796,59152398.761139
2015-07-23,45.265906679744,46.224405834397,45.101044365597,46.10974897759,33933999.933221
2015-07-24,45.907663395301,46.320795717024,45.801278375858,45.939372105199,32333199.319785
2015-07-27,45.939372105199,46.012095342032,45.248214138713,45.350118579583,39701401.545547
2015-07-28,45.580236499608,45.640781753654,44.786944318992,45.338859689837,34328901.946745
2015-07-29,45.400553810183,46.779767804143,45.256026429558,46.289316780385,40945863.099934
2015-07-30,46.256918750706,47.402453339109,45.928228102083,46.880753151973,39777798.489627
2015-07-31,47.289290008493,47.373387021702,46.500248633189,46.700151369506,31201398.483804
2015-08-03,46.980704520131,46.998397061162,46.449813402589,46.809868101221,24125827.530425
2015-08-04,46.748288867505,47.707822001828,46.678552683054,47.53962797541,33403898.997753
2015-08-05,47.981367068019,48.411272837732,47.53962797541,47.579838295933,26959600.035594
2015-08-06,47.707822001828,47.770550101845,46.329871760799,46.62053493487,27367074.465213
2015-08-07,46.391450994515,46.779767804143,46.256918750706,46.738063957429,19163001.73202
2015-08-10,46.951408429464,47.490111837851,46.840427944819,47.329615215646,23079796.807828
2015-08-11,46.820093011297,46.943481251989,45.896749165444,46.410637061736,29234512.248033
2015-08-12,46.191663144828,46.903270931466,45.708105318874,46.738063957429,30198497.88555
2015-08-13,47.058023222167,47.098578202581,46.490023723113,46.730366553214,22627197.84876
2015-08-14,46.529544723856,47.098578202581,46.520583566711,46.998397061162,21473398.849232
2015-08-17,46.809868101221,47.449441970807,46.568950837969,47.320654058501,21099702.762376
2015-08-18,46.838992251772,47.429749791978,46.697351968271,47.270418739789,23574101.019044
2015-08-19,46.77884363823,47.082896591691,46.30050807969,46.613805886465,31485498.807529
2015-08-20,46.070870488713,46.46885571721,45.660444655139,45.660444655139,36238200.479661
2015-08-21,45.30160738574,45.479998814515,43.070858521108,43.070858521108,70052997.223657
2015-08-24,40.450113807386,43.309398563424,39.718629055612,41.67842382433,88751897.924725
2015-08-25,42.560451310945,43.239206158628,40.388595585947,40.469060049982,70616498.170799
2015-08-26,42.008499327862,42.841335064122,41.058676250273,42.709624437886,63407999.155073
2015-08-27,43.229276501364,43.94603796823,42.921457126183,43.902552917453,50943198.604382
2015-08-28,43.401847096571,44.147940999262,43.392031573299,43.930401611389,28246700.453493
2015-08-31,43.556955191073,43.930401611389,43.101104028865,43.519176839873,34441599.422539
2015-09-01,42.170227193872,42.591495756643,41.657423169887,41.820292375814,49688800.271292
2015-09-02,42.359803753819,43.38324325595,41.881468195279,43.361900199532,37671501.016399
2015-09-03,43.412005021818,43.977082413928,43.280522663565,43.498860989379,28285201.950112
2015-09-04,42.811089556365,43.038558601502,42.189173436468,42.614094286968,37138699.184346
2015-09-08,43.298327566245,43.997284130431,43.200286467513,43.891367786282,32469699.538018
2015-09-09,44.209116818727,44.399948852581,42.911527468919,43.070858521108,33469400.07886
2015-09-10,43.121077477385,43.792071213643,42.751055076815,43.28828377499,31366628.654816
2015-09-11,43.141050925904,43.587086564839,42.942800182601,43.479115808843,27132500.098272
2015-09-14,43.433348078236,43.441109189661,42.861308512642,43.038558601502,23656001.805241
2015-09-15,43.190242676258,44.290380220703,43.081929518287,43.977082413928,28882198.957116
2015-09-16,43.967495158639,44.382143949901,43.842404303912,44.301565351874,23372101.146738
2015-09-17,44.290380220703,44.998467504212,44.081971552153,44.252601869504,32768158.123611
2015-09-18,43.498860989379,43.987240339175,43.330855753834,43.479115808843,63143599.068203
2015-09-21,43.617217938605,44.465461763724,43.59827169601,44.111075719995,26177200.831393
2015-09-22,43.38324325595,44.048530292632,43.309398563424,43.902552917453,28085898.555029
2015-09-23,43.930401611389,44.168827519714,43.509018914626,43.871394337763,17145238.247936
2015-09-24,43.451038846924,44.128766488684,43.270593006301,43.9127108427,27905594.29087
2015-09-25,44.475391420988,44.729681954137,43.761140901936,43.940445402644,29384599.488595
2015-09-28,43.832360512657,44.081971552153,43.208161712929,43.28828377499,27613385.324972
2015-09-29,43.371943990788,43.565971776404,43.049972000656,43.441109189661,32763502.529205
2015-09-30,43.882579468934,44.301565351874,43.66058885539,44.262645660759,34958798.285599
2015-10-01,44.747486856817,44.747486856817,43.749955770765,44.610411932979,28657800.203829
2015-10-02,44.272803586006,45.569251595899,43.921385026057,45.569251595899,41839002.545116
2015-10-05,45.740909119174,46.892521093803,45.701761160076,46.633779334984,34368399.843612
2015-10-06,46.329269845558,47.171236301142,46.219130543723,46.747456790557,27510800.782363
2015-10-07,47.102071102269,47.35054080185,45.946007901969,46.79881708675,27711491.885451
2015-10-08,46.561075982374,47.50998598803,46.5000142969,47.449837374489,33772699.944414
2015-10-09,47.449837374489,47.540117361796,46.921396993663,47.111087687601,28597399.472875
2015-10-12,46.979491195356,47.073081068418,46.5000142969,47.000377715808,19768265.618994
2015-10-13,46.561075982374,47.128664322298,46.561075982374,46.892521093803,19987799.769495
2015-10-14,46.652839711571,47.102071102269,46.530145670667,46.679204663617,24697768.646586
2015-10-15,47.010649775046,47.030737357557,46.530145670667,47.010649775046,27189301.93814
2015-10-16,47.019552226386,47.540117361796,46.901309411152,47.50998598803,26450302.125531
2015-10-19,47.418564660807,47.881035594524,47.019552226386,47.621380763772,29387581.221891
2015-10-20,47.438652243318,47.809930117795,47.019552226386,47.76952668479,30802234.264123
2015-10-21,47.918015007782,47.988207412579,47.111087687601,47.198742593103,25264700.739896
2015-10-22,47.529959436549,48.949215621338,47.092940382946,48.028496711592,56636999.531944
2015-10-23,52.300303746918,54.069266481783,52.249171718709,52.871201972597,135227005.96456
2015-10-26,52.53108267781,54.320132995186,52.498668624213,54.250054724381,64633301.368681
2015-10-27,53.990514027621,54.372520497302,53.579974060055,53.689200289958,50999899.976702
2015-10-28,53.537744483185,53.982524648213,52.86104404735,53.982524648213,47000700.428303
2015-10-29,53.537744483185,53.826389347788,53.218968244817,53.36163573424,30201999.869796
2015-10-30,53.319292023379,53.990514027621,52.616683171465,52.636884887967,46619700.575897
2015-11-02,52.849858916179,53.36163573424,52.616683171465,53.237686219429,30284381.464971
2015-11-03,52.931350586138,54.392608079813,52.900990944389,54.150872285733,36596927.932553
2015-11-04,54.178720979669,54.880074357677,54.058195484604,54.400597459221,37085611.952655
2015-11-05,54.489736106613,54.700427454994,54.000443684885,54.381422948642,31468401.383759
2015-11-06,54.079538541021,54.981425342164,53.961181591795,54.921276728622,32851199.03707
2015-11-09,54.549884720154,54.868775092514,53.55885927162,54.15874753115,32513069.225551
2015-11-10,54.069266481783,54.132953249062,53.269073067102,53.508640315343,55283598.503731
2015-11-11,53.700271287137,54.198694428188,53.461845378812,53.650280598843,36516203.154885
2015-11-12,53.482047095314,53.982524648213,53.188608603067,53.319292023379,35361002.172791
2015-11-13,53.068197241993,53.291329195452,52.53108267781,52.838673785008,36848100.39031
2015-11-16,53.078469301232,53.889961981075,52.849858916179,53.759392694754,32165100.770595
2015-11-17,53.16812257242,53.530112029057,52.850347299337,52.969838964634,31551200.795076
2015-11-18,53.001129002226,53.979736264892,52.979702128658,53.849134368855,29709998.647729
2015-11-19,53.990959865333,54.657460339987,53.781452657107,53.941190566409,28149197.136805
2015-11-20,54.251143330094,54.30102599872,53.259952030571,54.190263800431,37147600.829582
2015-11-23,54.251143330094,54.460310429216,53.751636425633,54.190263800431,28235900.856369
2015-11-24,53.919990432244,54.441717798183,53.581128394696,54.251143330094,22435393.209351
2015-11-25,54.088117699451,54.23005656563,53.688489501942,53.688489501942,21005098.365773
2015-11-27,53.799478439633,54.077234208115,53.790408863519,53.930987293281,9009098.8583413
2015-11-30,54.541029656628,54.96083766099,54.002070096072,54.349548230928,56241397.340442
2015-12-01,54.409407433278,55.22895700485,54.30102599872,55.218753731723,39952678.245581
2015-12-02,55.321806790314,55.95973810021,55.058448973913,55.208663828296,47272544.20138
2015-12-03,55.489140469612,55.770410698837,53.930987293281,54.201374031171,38627265.200402
2015-12-04,54.119294367342,56.230918426009,54.099454669593,55.909855431585,43963600.133251
2015-12-07,55.790137026884,55.969601264234,55.290970231528,55.810316833737,30709699.063557
2015-12-08,55.468053705147,56.099182832958,54.990767262165,55.790137026884,32878025.352858
2015-12-09,55.372823155954,55.872330060415,54.509172770529,54.980563989037,36373202.389235
2015-12-10,55.391529156688,55.648311530407,55.010833699316,55.270903794376,31775798.368875
2015-12-11,54.7063226813,55.099148696723,54.012953587409,54.058414837679,39549401.960054
2015-12-14,54.329708533179,55.208663828296,53.67873970762,55.139054831624,47002774.611911
2015-12-15,55.657267736819,55.901012594874,55.089058793297,55.19778033696,39842898.146239
2015-12-16,55.54004346555,56.24214202645,54.759266331863,56.131493197863,37503300.199842
2015-12-17,56.358232600705,56.787677029688,55.531087259137,55.70046159306,41280899.866702
2015-12-18,55.770410698837,56.000664562423,54.031772957845,54.129384270768,84684096.081907
2015-12-21,54.883292785218,55.350489324774,54.23005656563,54.830235764953,37246300.148587
2015-12-22,54.990767262165,55.47780349947,54.499196236803,55.350489324774,28321069.341493
2015-12-23,55.70046159306,55.880946157723,55.437103776659,55.821427064477,27279798.389371
2015-12-24,55.86235352669,55.95973810021,55.429281267261,55.667357640245,9570003.9852787
2015-12-28,55.350489324774,55.949648196784,54.980563989037,55.949648196784,22458291.682549
2015-12-29,56.292024695075,56.852184389796,56.055875607015,56.549827396107,27731402.95196
2015-12-30,56.473302847647,56.77906093238,56.288623604033,56.309483629094,15847706.746823
2015-12-31,56.038416672996,56.190105333498,55.420438430551,55.47780349947,24406627.907526
2016-01-04,54.320752326767,54.800192794076,53.390440556906,54.800192794076,49354087.300158
2016-01-05,54.9297743628,55.391529156688,54.541029656628,55.048245700785,32463459.675732
2016-01-06,54.320752326767,54.400451226866,53.640760857644,54.049572000968,36867973.228853
2016-01-07,52.697638311522,53.482723493863,52.073991584006,52.170242460512,52950766.813012
2016-01-08,52.370906832027,53.282059122348,52.14938243545,52.327486236383,45577378.069271
2016-01-11,52.510351564775,52.850347299337,51.461681826631,52.298010114013,36943756.013082
2016-01-12,52.75727077447,53.101687927387,52.064128419982,52.778130799531,34606344.42114
2016-01-13,53.799478439633,54.067257674389,51.303417723447,51.640919324577,63207128.96203
2016-01-14,51.998940841665,53.417309176143,51.569156303578,53.11155109141,47846837.475704
2016-01-15,51.310219905532,51.969918198101,50.33988863107,50.992444632449,69378243.10571
2016-01-19,51.481748263782,51.68105219888,50.059978838261,50.558352045708,43564500.588477
2016-01-20,49.978012544134,51.379715532503,49.099737467226,50.789512866906,62223152.959174
2016-01-21,51.001060729757,51.57811250999,50.302476629601,50.479673472922,37721927.51783
2016-01-22,51.409645133678,52.327486236383,51.260110497504,52.286673143871,33817749.577628
2016-01-25,51.940215336329,52.654217715878,51.649762161288,51.7863726515,32503498.5899
2016-01-26,51.7863726515,52.438361804373,51.553511284782,52.170242460512,28134471.529297
2016-01-27,52.008577266286,52.202552825417,51.020900427506,51.22145142932,33896750.935703
2016-01-28,51.858022302799,52.211282292426,51.251381030495,52.058800044015,52846361.840366
2016-01-29,54.728316403375,55.058448973913,54.002070096072,55.039289494373,68361838.436107
2016-02-01,54.883292785218,55.089058793297,54.494661448747,54.7063226813,40966749.358837
2016-02-02,54.167929969251,54.261006494118,52.654217715878,53.001129002226,51174650.478169
2016-02-03,53.25031560595,53.390440556906,51.260110497504,52.159245599474,55461749.301394
2016-02-04,52.103014227569,52.809420837124,51.368718671465,51.998940841665,42422590.503481
2016-02-05,51.940215336329,51.998940841665,49.558317909474,50.159404066408,58337925.230423
2016-02-08,49.548114636346,49.568181073497,48.188471807204,49.408783273299,55614949.442987
2016-02-09,49.023326288468,50.241710469639,48.670293038243,49.279315074276,41949044.731523
2016-02-10,49.888223740609,50.389657929994,49.521812865616,49.709893200273,35551609.939154
2016-02-11,48.680156202267,50.110768464498,48.510555128941,49.690053502525,44960898.358721
2016-02-12,50.25134689426,50.68215175966,49.752066729202,50.499399800969,31125346.629426
2016-02-16,50.899194348386,51.091449426886,50.129611226778,51.091449426886,32932488.255083
2016-02-17,51.488341351238,52.768165849217,51.448832257237,52.419675379055,38051764.9463
2016-02-18,52.328050300659,52.949502460144,52.098762481628,52.190162436981,25283439.177294
2016-02-19,51.968979047488,52.283250815154,51.529313745016,51.821636016015,26886138.468758
2016-02-22,52.283250815154,53.001168198453,52.283250815154,52.651664674599,23371758.573447
2016-02-23,52.338180837583,52.368122202267,50.978325097909,51.18374987441,25812149.104143
2016-02-24,50.692643956672,51.499372380332,50.19793607025,51.359908655354,31088359.083245
2016-02-25,51.732712414132,52.098762481628,50.6111494152,52.098762481628,26048601.855255
2016-02-26,52.599886374768,52.68138091624,51.10157996381,51.300588733592,33361802.036369
2016-02-29,51.350003241474,51.650092257447,50.661689538295,50.880509135839,26114889.904124
2016-03-01,50.967294068815,52.590093522409,50.920130791361,52.579062493315,30207366.273706
2016-03-02,52.40864434996,52.960420927717,52.155943734484,52.949502460144,26662008.478471
2016-03-03,52.971564518333,52.971564518333,51.779875691586,52.348198812984,23190944.706478
2016-03-04,52.397725882387,52.44804088244,51.713802078542,52.029312022943,31683179.69416
2016-03-07,51.561056094043,51.800587011519,50.579181943131,51.029878274697,37692450.231314
2016-03-08,50.798001540674,52.130504830655,50.595615925251,51.650092257447,32346559.532994
2016-03-09,51.887484506016,52.849547829167,51.854391418733,52.840655468979,25286431.63988
2016-03-10,52.927665524998,52.938583992571,51.162138062307,52.04799723549,38387804.851224
2016-03-11,53.001168198453,53.069380480403,52.376902000934,53.069380480403,30295587.527071
2016-03-14,52.710984596361,53.590427762826,52.630840793145,53.170460726594,24083619.034859
2016-03-15,52.751731867097,53.590427762826,52.741939014737,53.590427762826,21104760.784421
2016-03-16,53.448712807421,54.601005101687,53.401436968445,54.346953747955,31691742.321146
2016-03-17,54.212780414482,55.002286925372,53.999701454528,54.658073793022,28223946.609355
2016-03-18,54.921917999114,54.972458122209,53.444322908087,53.488334462943,67625517.743049
2016-03-21,53.250942214373,53.930250995843,52.927665524998,53.861138221721,23925716.152712
2016-03-22,53.611589328844,54.250038278055,53.459743836515,54.069827282342,23124141.844895
2016-03-23,54.109561499385,54.240357987217,53.740134586248,53.968747036151,20129016.058485
2016-03-24,53.840201778746,54.327030358672,53.730229172368,54.212780414482,19949972.201302
2016-03-28,54.212780414482,54.287746387714,53.328834787162,53.539887639731,15325192.221079
2016-03-29,53.65976565999,54.861472462138,53.448712807421,54.709739531331,22097713.534566
2016-03-30,54.930697797781,55.637809275028,54.900081063968,55.047424095442,21532218.147429
2016-03-31,54.950621187063,55.589295259318,54.861472462138,55.227747652677,23463545.314148
2016-04-01,55.047424095442,55.610119140771,54.571288860046,55.569596993078,22828260.060221
2016-04-04,55.430808637229,55.656269364533,55.002286925372,55.430808637229,17218006.66719
2016-04-05,55.192290773445,55.300012149396,54.461316253667,54.560370392473,17235742.237998
2016-04-06,54.358097338571,55.199944956898,54.212780414482,55.120926768896,19724442.39341
2016-04-07,54.871265314497,54.910999531541,54.23067769638,54.461316253667,16544869.035462
2016-04-08,54.669329945159,55.278175214251,54.316337014142,54.421807159666,21593963.838197
2016-04-11,54.492045549001,55.149517395324,54.296301063338,54.306206477219,19761526.190394
2016-04-12,54.368903244622,54.776826198068,53.758707237274,54.649181432834,23791641.094992
2016-04-13,55.120926768896,55.438575382203,54.890175650087,55.350664834013,18248397.943928
2016-04-14,55.216716623582,55.574999946104,55.067122361681,55.359557194201,19237800.669312
2016-04-15,55.300012149396,55.919100516932,55.110233424366,55.646476512174,25595672.177744
2016-04-18,55.491366735726,56.588616446042,55.208837317086,56.460071188638,22128010.171729
2016-04-19,56.629251155257,56.770065618491,55.678443984243,56.388482061046,26116496.192551
2016-04-20,56.289653045283,56.500705897852,55.485851221179,55.589295259318,34356363.803633
2016-04-21,55.799222496673,56.228081893094,55.415725393365,55.779636791955,34102400.143798
2016-04-22,51.906057157042,52.429693354457,50.770423967939,51.779875691586,121660499.24176
2016-04-25,51.779875691586,52.130504830655,51.629380937514,52.108442772466,31209285.496852
2016-04-26,52.264678164128,52.348198812984,51.091449426886,51.437913789664,32577926.007273
2016-04-27,51.477760568229,51.499372380332,50.547439594104,50.939941619122,40197420.651385
2016-04-28,50.622180444294,50.770423967939,49.559036874953,49.900773653832,39007519.294511
2016-04-29,49.348884514554,50.249376685516,49.348884514554,49.881300510635,43280362.026019
2016-05-02,50.000052915681,50.750950824742,49.779995141402,50.6111494152,31963737.159793
2016-05-03,50.341564571518,50.411127591725,49.599671584167,49.779995141402,24480644.235803
2016-05-04,49.839540186207,50.059260275922,49.463134458745,49.870044358498,22649873.817155
2016-05-05,49.870044358498,50.302168039039,49.730468071999,49.942759101304,23211821.908219
2016-05-06,49.921710096807,50.39019114875,49.658991505929,50.39019114875,23188509.80607
2016-05-09,50.490258341248,50.584584896156,50.000052915681,50.070291305016,16195091.999101
2016-05-10,50.332784772851,51.10157996381,50.187918094848,51.018959807124,21374257.053244
2016-05-11,51.128932413503,51.779875691586,50.99813592567,51.049914225501,19036678.077535
2016-05-12,51.200521541094,51.811843163656,50.920130791361,51.509277794212,22838811.901698
2016-05-13,51.437913789664,51.891761843828,51.039896250099,51.080418397792,20408270.120204
2016-05-16,50.798001540674,51.957835456873,50.750950824742,51.832667045109,14516436.91262
2016-05-17,51.719346306115,51.729182919128,50.360999472788,50.511790279088,24838942.063672
2016-05-18,50.47892704925,51.139545036821,50.300861997778,50.812142315062,18998962.687267
2016-05-19,50.468084418997,50.617757428364,49.816185247506,50.32176480043,23204710.36545
2016-05-20,50.47892704925,51.220361755097,50.399228127907,50.617757428364,21586086.027742
2016-05-23,50.599984457125,50.679795158161,49.983184109338,50.030355139923,22459405.777276
2016-05-24,50.699803723267,51.709397913409,50.399228127907,51.588116946148,31437375.962223
2016-05-25,51.923344246439,52.489173054068,51.790326411379,52.138520156097,20744476.514615
2016-05-26,51.933292639146,51.978004516477,51.361204168691,51.894169746481,22892923.113667
2016-05-27,51.923344246439,52.312225799529,51.770653185353,52.312225799529,13908256.601682
2016-05-31,52.260918920291,53.002130066752,52.077376663846,53.002130066752,32203039.729358
2016-06-01,52.43786617483,52.948587593647,52.43786617483,52.861287653158,21776903.412596
2016-06-02,52.640634538528,52.738218210803,51.836156085643,52.480342458295,22168235.995279
2016-06-03,52.382199887552,52.417969389418,51.598065338854,51.790326411379,21560289.9185
2016-06-06,51.989070706116,52.351460471887,51.894169746481,52.127789305537,16560984.895887
2016-06-07,52.240016117639,52.727040241471,52.099173704045,52.099173704045,18166981.376821
2016-06-08,52.017350968529,52.43786617483,51.872260926588,52.037918432101,20051364.99167
2016-06-09,51.998907319129,51.998907319129,51.489862595712,51.618856361813,18976273.395327
2016-06-10,51.049003485225,52.049096401434,51.038943312825,51.481255559326,24047906.260527
2016-06-13,49.582677468143,50.716011778799,49.062790114472,50.140681697238,79855353.164322
2016-06-14,49.899237559649,50.100217448253,49.571723058197,49.827251437145,41681201.088797
2016-06-15,49.779186169014,50.119778894586,49.690656651898,49.690656651898,28402022.783481
2016-06-16,49.519298382026,50.468084418997,49.50599659852,50.390732871214,28873727.777261
2016-06-17,50.410182537853,50.428737966945,49.816185247506,50.129503727905,41755332.387536
2016-06-20,50.63743065439,50.832709778634,50.030355139923,50.069589812281,33355976.699963
2016-06-21,50.197465781449,51.429948680088,50.159237126331,51.189734119125,31293010.625247
2016-06-22,51.077283747637,51.461694112993,50.954102525589,51.001049996787,24742251.53433
2016-06-23,51.279157873788,52.06005081138,51.14926987014,51.913507633426,26188990.655131
2016-06-24,49.805454396946,50.939906504536,49.519298382026,49.827251437145,62960049.263798
2016-06-27,49.103477922844,49.145954206309,48.035758292171,48.43101128778,49540266.409198
2016-06-28,48.917811852225,49.471233113894,48.666642881317,49.439711240376,35555568.546145
2016-06-29,49.910415528982,50.720259407146,49.79885939504,50.5400705415,27335899.923884
2016-06-30,50.720259407146,51.301178473374,50.500947648836,51.169278435246,26146597.070541
2016-07-01,51.128478847181,51.719346306115,51.066552897077,51.159218262846,19912871.649309
2016-07-05,50.832709778634,51.279157873788,50.742168227038,51.169278435246,23567510.05525
2016-07-06,50.77916730553,51.53681006691,50.390732871214,51.381883411957,26252261.832181
2016-07-07,51.420223846768,51.6090197488,51.066552897077,51.381883411957,17938600.99537
2016-07-08,51.729182919128,52.3612970849,51.546646679923,52.303506983449,26952797.842467
2016-07-11,52.500127464014,52.830771796879,52.470282285895,52.59033367653,18141346.470363
2016-07-12,52.938862760328,53.398612638988,52.786059919548,53.209593177569,26050597.148584
2016-07-13,53.55991073646,53.86048633182,53.181312915157,53.510839451089,23884989.780366
2016-07-14,53.841707343341,53.989032979148,53.578801504633,53.739205364559,21675861.323994
2016-07-15,53.946556695683,54.000099168788,53.209593177569,53.700976709441,29748869.301445
2016-07-18,53.700976709441,54.339574097426,53.550297682834,53.957399325936,27532216.521914
2016-07-19,53.71170756,53.897485410312,52.929249706702,53.089541786935,45709538.691001
2016-07-20,56.152976062293,56.838520921476,55.528462915667,55.91074946685,85571640.544956
2016-07-21,55.979493978247,56.230551169462,55.760070440243,55.798075535975,30973675.236256
2016-07-22,56.081101719482,56.627033741698,55.778625869336,56.571255674727,29740446.455948
2016-07-25,56.468641916252,56.741496147667,56.254583803528,56.731659534654,22695420.392876
2016-07-26,56.522184389356,57.289663763749,56.511118199717,56.760275136146,25702898.312821
2016-07-27,56.608142973526,56.798392011571,56.110499778828,56.188969123544,30555741.446331
2016-07-28,55.999055424579,56.371393583056,55.719717970952,56.20998370589,36235162.849227
2016-07-29,56.260172788194,56.760275136146,56.05148010075,56.680464435109,28319475.966643
2016-08-01,56.599535937139,56.750438523133,56.14213343204,56.581315847127,24564883.590894
2016-08-02,56.848469314182,56.900893990353,56.309244073566,56.581315847127,31592517.155798
2016-08-03,56.680464435109,57.110592695037,56.489321159518,56.968744264203,20725017.689842
2016-08-04,56.798392011571,57.518923914766,56.66939824547,57.390041928358,25115787.695956
2016-08-05,57.652165309213,58.208939961682,57.449955843982,57.960006584639,26517391.868905
2016-08-08,58.055913561515,58.084529163007,57.778588142367,58.061502546182,17838294.394472
2016-08-09,58.169481729937,58.500461401882,58.022379653517,58.200332925295,16493788.064661
2016-08-10,58.159756896617,58.32038431593,57.818940611659,58.022379653517,14678285.666951
2016-08-11,58.032104486836,58.450272319578,58.032104486836,58.299593292971,15901468.582819
2016-08-12,58.032104486836,58.190384532589,57.620419876308,57.939327341374,20173423.893322
2016-08-15,58.011201684184,58.500461401882,57.960006584639,58.118398410086,17089786.816878
2016-08-16,57.61077327997,57.620437876882,57.27129042752,57.44036532982,17418149.451141
2016-08-17,57.541343704453,57.682424601904,57.229965944172,57.561783771485,17518499.680893
2016-08-18,57.418592214938,57.701864883049,57.27129042752,57.599886722529,12322056.719075
2016-08-19,57.429478772379,57.73008106254,57.200416716832,57.620437876882,15817011.089828
2016-08-22,57.599886722529,57.747299597268,57.260292782758,57.671538044463,14188457.815864
2016-08-23,57.898156178952,58.180540148497,57.84949993243,57.889602455249,16868961.821705
2016-08-24,57.799510638057,58.039237076404,57.716195147436,57.950256132421,16405620.674275
2016-08-25,57.879937858336,58.291072032721,57.778959483704,58.170542289623,16052499.530673
2016-08-26,58.281296348488,58.701095333897,57.692977897383,58.039237076404,18817140.388219
2016-08-29,58.180540148497,58.599117173377,58.101112714105,58.101112714105,12714357.428055
2016-08-30,57.981804931536,58.191426705938,57.61077327997,57.889602455249,15992037.602527
2016-08-31,57.650764715468,57.799510638057,57.300395305577,57.459694523644,19127445.200314
2016-09-01,57.008680001082,57.819173093844,57.008680001082,57.579335568176,23378141.876549
2016-09-02,57.671538044463,58.191426705938,57.418592214938,57.671538044463,17791430.407806
2016-09-06,57.778959483704,57.799510638057,57.211525448914,57.61077327997,14985253.367802
2016-09-07,57.469581295198,57.839835335518,57.402484553418,57.661873447551,16472416.068427
2016-09-08,57.629324862549,57.788735167937,57.179976649799,57.429478772379,18017779.008378
2016-09-09,56.78828275656,57.520681462779,56.212072823425,56.212072823425,31235006.448369
2016-09-12,56.000673651889,57.205971082873,55.609979544537,57.050782095676,24687929.742099
2016-09-13,56.498455936519,56.651645351941,56.049440985733,56.528893862426,28597599.872279
2016-09-14,56.3911455846,56.629872237059,56.028778744059,56.258618410852,20316817.029676
2016-09-15,56.150197185724,57.349273726741,55.980122497536,57.189752334032,20975609.933337
2016-09-16,57.629324862549,57.629324862549,56.752512639253,57.249406225317,39422225.049313
2016-09-19,57.27129042752,57.747299597268,56.850158394261,56.93047452722,19529744.71207
2016-09-20,57.349273726741,57.349273726741,56.752512639253,56.807611950384,16037252.024625
2016-09-21,57.509683818017,57.84949993243,57.080109148375,57.758408329351,32099988.13954
2016-09-22,57.920040381155,58.001245212681,57.629324862549,57.819173093844,18464057.031594
2016-09-23,57.869051300895,57.909264911035,57.378378604798,57.429478772379,18830422.971462
2016-09-26,57.080109148375,57.140873912868,56.829718327229,56.900036601313,19989246.33398
2016-09-27,56.93047452722,58.057788658982,56.681861103206,57.950256132421,23718928.79787
2016-09-28,57.879937858336,58.057788658982,57.671538044463,58.0306833527,18775979.310633
2016-09-29,57.809175234969,58.168320543206,57.211525448914,57.398041060585,24068569.853052
2016-09-30,57.569559883943,57.768072926263,57.339386955187,57.599886722529,19839972.106944
2016-10-03,57.402484553418,57.552119174573,57.060779954551,57.418592214938,18648973.594304
2016-10-04,57.27129042752,57.595554317017,56.969355089509,57.240630326971,19193863.646328
2016-10-05,57.291730494552,57.960142903974,57.260292782758,57.639989245348,15164958.092583
2016-10-06,57.737635000356,57.860164315229,57.28206589764,57.737635000356,15461404.300444
2016-10-07,57.84949993243,57.981804931536,57.418592214938,57.799510638057,18973695.520585
2016-10-10,57.909264911035,58.38882887505,57.869051300895,58.039237076404,17003218.029455
2016-10-11,57.889602455249,58.022129628996,56.889261131192,57.189752334032,24001295.209436
2016-10-12,57.11165794749,57.27129042752,56.401143443474,57.11165794749,20841609.939723
2016-10-13,56.701523558993,57.300395305577,56.313939896624,56.919476882458,23362114.668487
2016-10-14,57.121433631723,57.737635000356,57.121433631723,57.418592214938,25841636.194945
2016-10-17,57.358938323653,57.459694523644,56.870709548614,57.221412220468,21729825.091965
2016-10-18,57.531679107541,57.9448128537,57.407927832138,57.661873447551,18253986.32342
2016-10-19,57.469581295198,57.839835335518,57.392708869185,57.531679107541,21537561.266307
2016-10-20,57.499019435217,57.520681462779,56.662420822062,57.249406225317,42123121.119881
2016-10-21,60.277757678409,60.451387160863,59.48770465268,59.659223476039,76764740.594878
2016-10-24,59.944828977887,60.999380914508,59.933942420446,60.999380914508,50843662.349713
2016-10-25,60.851856952448,61.370412566073,60.800756784867,60.988383269746,33382525.143215
2016-10-26,60.8105324691,61.199893528602,60.471938315216,60.630459922038,27929533.491477
2016-10-27,60.608575719835,60.831083623453,60.086798573906,60.097685131347,27348908.940419
2016-10-28,60.011814632347,60.518817164606,59.577907557193,59.871955695424,31796704.332103
2016-10-31,60.157450109952,60.423059894052,59.922944775684,59.922944775684,26434697.269614
2016-11-01,59.974044943265,60.02159031658,59.250088873429,59.798082627074,24532986.546875
2016-11-02,59.818855956068,59.933942420446,59.298967294593,59.433382952795,22147004.377967
2016-11-03,59.532361755653,59.638672321685,59.108230364732,59.20998635061,21600426.814847
2016-11-04,58.650106253637,59.27841614024,58.520023000947,58.709871232243,28697015.565575
2016-11-07,59.77875343325,60.518817164606,59.77875343325,60.423059894052,28470790.463906
2016-11-08,60.550143789079,60.779094757306,60.147674425719,60.471938315216,21534842.447228
2016-11-09,60.002261122756,60.588024565482,59.19921088049,60.168114492752,46828149.053607
2016-11-10,60.480603126241,60.491600771003,57.629324862549,58.701095333897,55594075.207751
2016-11-11,58.230418355549,59.113673643452,58.011131984234,59.020249206636,34841590.922335
2016-11-14,59.020249206636,59.081902669696,57.28206589764,58.118442336154,41328424.127617
2016-11-15,58.327719626122,59.491936977274,58.314809624218,58.869939706073,35904125.441613
2016-11-16,58.937799972489,59.658773924951,54.271110139082,59.649174179946,25237744.684048
2016-11-17,60.411084976051,60.950877534277,59.965855423222,60.638499624968,30380970.62244
2016-11-18,60.780840671598,61.140886280242,60.29908795099,60.348521120672,26392076.456001
2016-11-21,60.499468835237,60.970408049977,60.420795062953,60.858190341123,18220759.773389
2016-11-22,60.981221555845,61.261489973239,60.805557256439,61.110542258674,16967326.0839
2016-11-23,61.010241474654,61.099728752806,60.249323755618,60.400271470183,20784080.923827
2016-11-25,60.29908795099,60.529702514909,60.129823481587,60.529702514909,7946353.3720241
2016-11-28,60.337707614804,61.020061903452,60.209490330941,60.610583125126,19457906.740485
2016-11-29,60.64920278894,61.410120507975,60.519771744214,61.089025588835,20979136.530727
2016-11-30,60.858190341123,61.179505944057,60.214897083875,60.25903384252,30442016.371862
2016-12-01,60.108306811748,60.150236732461,58.932282877658,59.197544797114,31742588.120809
2016-12-02,59.082237515154,59.472406461574,58.798769182758,59.249074462831,24107442.624196
2016-12-05,59.697503930662,60.583439018559,59.562886816796,60.220414178706,22508680.872291
2016-12-06,60.430394807958,60.46062848763,59.800011552615,59.950848925283,18274067.1724
2016-12-07,60.013412780662,61.381100589166,59.800011552615,61.371611186058,28350292.935188
2016-12-08,61.301323397916,61.576185062376,60.839101193009,61.010241474654,20766040.546486
2016-12-09,61.179505944057,61.989856832774,61.124445337647,61.97076768466,25237707.569657
2016-12-12,61.818606209233,62.299145168978,61.72260875918,62.171038227011,19756919.755051
2016-12-13,62.498753659948,63.420218838554,62.239008835324,62.97840988452,33408169.69343
2016-12-14,62.999816212463,63.448245680294,62.52898733962,62.691520953329,25561071.335802
2016-12-15,62.701231040231,63.15297076496,62.299145168978,62.578420509302,25811924.717312
2016-12-16,62.95137611985,62.95137611985,62.115977620602,62.299145168978,38035357.146927
2016-12-19,62.559993412568,63.770444018401,62.421072964734,63.622916902631,28485122.092836
2016-12-20,63.689673750081,63.801781117038,63.023539720235,63.539608770689,21743537.093674
2016-12-21,63.428604822697,63.700266572155,63.118102725631,63.550422276557,15191471.162216
2016-12-22,63.83819394292,64.102352443409,63.405101998719,63.550422276557,21325378.535009
2016-12-23,63.448245680294,63.539608770689,62.800649089079,63.240140863284,12006986.871636
2016-12-27,63.208914106543,64.070132609599,63.208914106543,63.283284544859,11164546.807737
2016-12-28,63.399584903888,63.399584903888,62.829558665991,62.989002706595,13399389.829027
2016-12-29,62.860785422732,63.199314361537,62.729478565764,62.900618847409,9888001.9873113
2016-12-30,62.960093129683,62.989002706595,62.026821368139,62.141907966306,25579908.744677
2017-01-03,62.790718318384,62.839268752893,62.127011810263,62.578420509302,19809878.278791
2017-01-04,62.479333486145,62.748678055774,62.121494715432,62.299145168978,16867760.236483
2017-01-05,62.189575665642,62.660183854692,62.026821368139,62.299145168978,21355446.758435
2017-01-06,62.299145168978,63.149660508062,62.037414190214,62.839268752893,17574834.839795
2017-01-09,62.758388142676,63.081800241646,62.538807768419,62.640874022785,18593650.837876
2017-01-10,62.729478565764,63.070876393881,62.279945678967,62.619357352945,17036235.444799
2017-01-11,62.609647266043,63.229327357416,62.429789974566,63.190707693602,20432115.880539
2017-01-12,63.061166306979,63.399584903888,61.952119904133,62.609647266043,20640160.596238
2017-01-13,62.619357352945,62.8650887567,62.349792099522,62.701231040231,18472849.991961
2017-01-17,62.681921208324,62.701231040231,62.026821368139,62.52898733962,18311055.373928
2017-01-18,62.671218044353,62.701231040231,62.121494715432,62.498753659948,17853362.566548
2017-01-19,62.239008835324,62.97840988452,62.194651392886,62.299145168978,18115323.357262
2017-01-20,62.671218044353,62.818634818226,62.371639795052,62.737974891803,27298948.02959
2017-01-23,62.701231040231,63.114902810629,62.56970349947,62.960093129683,21561871.430991
2017-01-24,63.199314361537,63.737010423727,62.941555691052,63.514009450675,21047579.178166
2017-01-25,63.950301309878,64.102352443409,63.448245680294,63.678860244213,22619699.292742
2017-01-26,64.123869113249,64.534671994335,63.550422276557,64.26941007488,37333431.237434
2017-01-27,65.389159641697,65.909752709912,64.891186662288,65.781535426049,43494337.473562
2017-01-30,65.688848232895,65.792238590021,64.801809726032,65.130518236039,30617005.155702
2017-01-31,64.861063324513,65.151152170705,64.259699987978,64.648655173535,21555510.952328
2017-02-01,64.356580173203,64.620738673692,63.467665854098,63.581759375194,37923295.812105
2017-02-02,63.250954369152,63.410619093549,62.748678055774,63.169853075142,43048863.651379
2017-02-03,63.497789191873,63.700266572155,63.070876393881,63.678860244213,30301758.306751
2017-02-06,63.497789191873,63.649619641611,63.140060763057,63.643109469711,17385038.342022
2017-02-07,63.740210338729,63.781147182372,63.229327357416,63.428604822697,19089024.958026
2017-02-08,63.572159630189,63.810277443078,63.219617270514,63.340220963511,17026839.936855
2017-02-09,63.519416203609,64.434371210314,63.3210214735,64.059319103731,21746814.294351
2017-02-10,64.248776140213,64.299533412655,63.973142082477,63.998851744387,17097463.982594
2017-02-13,64.239286737105,64.861063324513,64.13357920015,64.718942961677,21553078.104033
2017-02-14,64.411316743067,64.71983809056,64.019221536069,64.569909657562,18530357.686049
2017-02-15,64.501251867469,64.569909657562,64.155220992482,64.529109820638,15731510.440464
2017-02-16,64.740128332041,65.240474719265,64.442465005665,64.520555016122,20086371.534215
2017-02-17,64.471310051662,64.688799504943,64.299994607374,64.616851405421,19840121.017471
2017-02-21,64.607419185057,64.950159750615,64.451019810181,64.491819647105,18532046.360238
2017-02-22,64.328949330352,64.389929731776,64.048285936028,64.359878238988,18274978.620446
2017-02-23,64.422065087203,64.729379987905,64.197007922235,64.616851405421,19357830.441843
2017-02-24,64.529109820638,64.803411950065,64.133943658172,64.616851405421,21388307.594732
2017-02-27,64.539967841755,64.539967841755,64.043898856789,64.230240047471,15550362.094283
2017-02-28,64.078118074854,64.201175647512,63.762029015674,63.981712008574,21694768.821153
2017-03-01,64.129556578933,64.989753140748,64.021305398707,64.909359913691,22344744.090218
2017-03-02,64.688799504943,64.750876676177,63.879931770226,64.009679638723,23897810.926549
2017-03-03,63.990376490071,64.279704365893,63.619558617383,64.249433519143,17850189.781306
2017-03-06,63.971950757267,64.560148406255,63.810177210323,64.269943114586,16924388.393342
2017-03-07,64.191853104129,64.777747536517,64.191853104129,64.400678075912,16673839.178622
2017-03-08,64.259085093469,65.085172114199,64.249433519143,64.989753140748,20376916.843054
2017-03-09,65.189255569148,65.199674882341,64.482058395798,64.729379987905,19198520.974949
2017-03-10,65.110836527748,65.260764960746,64.750876676177,64.930966278944,18311195.034197
2017-03-13,65.141875113365,65.194520064235,64.569909657562,64.709199423405,20100034.952729
2017-03-14,64.529109820638,64.5495097391,64.150066174376,64.411316743067,14280200.926352
2017-03-15,64.5495097391,64.920108257827,64.249433519143,64.750876676177,24833809.703586
2017-03-16,64.750876676177,64.761734697294,64.299994607374,64.638457770674,20674295.261377
2017-03-17,64.909359913691,65.240474719265,64.678051160807,64.870972970348,43337736.698115
2017-03-20,64.909359913691,65.175216915583,64.71983809056,64.930966278944,14598081.473582
2017-03-21,65.189255569148,65.499641425318,64.129556578933,64.210936898819,26640481.984204
2017-03-22,64.119795327626,65.141875113365,64.119795327626,65.027262668243,20680013.789887
2017-03-23,64.939411406479,65.235210224178,64.7668895154,64.870972970348,19269205.385228
2017-03-24,65.121584871884,65.44951904501,64.761734697294,64.979114473593,21823220.077636
2017-03-27,64.627819103519,65.218978030993,64.349129894852,65.100088183613,17146501.790971
2017-03-28,64.958714555131,65.468602839701,64.648109345,65.288622913915,18742933.668432
2017-03-29,65.121584871884,65.499641425318,64.946979118166,65.468602839701,12852444.169807
2017-03-30,65.419357875241,65.980794340871,65.360461336456,65.712963153321,14888040.553902
2017-03-31,65.652969844726,66.189399958692,65.44951904501,65.85971095387,19976867.220794
2017-04-03,65.808272449791,65.939994503947,65.189255569148,65.548008973929,20400870.99913
2017-04-04,65.391499922073,65.808272449791,65.27908101657,65.730950178201,12636064.236449
2017-04-05,66.298857585709,66.350296089787,65.445131965771,65.558647641084,20585980.121749
2017-04-06,65.600544247818,66.056800488689,65.479460860818,65.730950178201,17419134.458022
2017-04-07,65.848852932753,65.960394422409,65.440854563513,65.681705213742,14108533.052838
2017-04-10,65.611292591954,65.818911116946,65.360461336456,65.528705825277,15525831.044538
2017-04-11,65.600544247818,65.611292591954,64.851340790753,65.479460860818,18791533.692895
2017-04-12,65.419357875241,65.510389769453,65.110836527748,65.22983605211,16475942.246327
2017-04-13,65.288622913915,65.85971095387,64.950159750615,64.950159750615,16810320.272232
2017-04-17,65.037901335398,65.490209204953,65.008178873553,65.479460860818,14547563.137645
2017-04-18,65.330519520649,65.712963153321,65.161178262018,65.391499922073,14564799.936364
2017-04-19,65.652969844726,65.748279141196,64.89016644202,65.037901335398,21678009.033219
2017-04-20,65.458841588394,65.748279141196,65.141875113365,65.499641425318,20786686.843602
2017-04-21,65.671285900549,66.700604367033,65.44951904501,66.401844270847,31278377.567272
2017-04-24,67.481614148582,67.658194087957,67.100047931757,67.53184620587,29724505.133472
2017-04-25,67.90167698573,68.038553857991,67.600503995962,67.921747873249,30230326.996515
2017-04-26,68.077160155295,68.309456001008,67.618600697824,67.829509532246,26167645.743667
2017-04-27,68.148888900855,68.378113791101,67.582187940139,68.270959380685,34348716.761358
2017-04-28,68.90927940998,69.140917193807,67.688355257726,68.460919911739,39548818.562532
2017-05-01,68.679286780868,69.54814782418,68.500403624892,69.409625797204,31927512.699925
2017-05-02,69.709702017162,69.709702017162,69.130168849671,69.300497201131,23530533.158749
2017-05-03,69.383083967807,69.383083967807,68.709447950637,69.081033562192,28902131.072215
2017-05-04,69.030582150942,69.081033562192,68.639474036773,68.809802388232,21686033.269439
2017-05-05,68.899956866597,69.030582150942,68.487242387174,68.999543565325,19128781.251389
2017-05-08,68.969382395556,69.048788529785,68.419900720853,68.939769610692,18553920.71195
2017-05-09,68.861240892311,69.279000512859,68.679286780868,69.040124048287,22845420.584481
2017-05-10,68.98890489817,69.557580044544,68.917834214496,69.310258452438,17934439.594185
2017-05-11,68.35902999641,68.729628515137,68.118837408067,68.460919911739,28771277.95908
2017-05-12,68.608545128137,68.608545128137,68.038553857991,68.378113791101,17350038.839045
2017-05-15,68.138140556719,68.481868215106,67.572317011851,68.430649064989,30961781.495269
2017-05-16,68.229305159502,69.442398538794,68.161147719547,69.412627369022,34939873.385507
2017-05-17,68.88950538588,69.100738923788,67.430281859424,67.480445735231,30495371.367308
2017-05-18,67.399529222516,68.129958875024,67.141621469727,67.7072736954,25201274.798544
2017-05-19,67.500511285553,68.096916148134,67.430281859424,67.688080560309,26905430.339815
2017-05-22,67.891571413038,68.502153023129,67.500511285553,68.44969905734,16216112.407051
2017-05-23,68.721347350024,68.750137052661,68.38056015025,68.680889093667,15424142.644643
2017-05-24,68.869439835558,68.879799766431,68.44969905734,68.770311654887,14665915.571284
2017-05-25,68.971621469538,69.880241933064,68.909898091915,69.618190207925,21838881.224664
2017-05-26,69.801397406524,70.221138184742,69.51699004108,69.958868355795,19715850.11344
2017-05-30,69.791691787074,70.408489355689,69.771626236752,70.408489355689,17057450.837655
2017-05-31,70.5309546438,70.737935157455,69.81099397407,69.839565572899,30448614.539653
2017-06-01,70.241312786968,70.612089260322,69.454285196322,70.099654363766,21574416.878955
2017-06-02,70.439351044501,71.859315885544,70.241312786968,71.751681656367,34636633.253285
2017-06-05,71.968913048991,72.891383104315,71.808170542601,72.279820027089,33305136.284764
2017-06-06,72.300321785027,72.620716278767,72.270332511447,72.519516111922,31506618.380834
2017-06-07,72.634565870566,72.769790231436,71.94862939486,72.388653827209,22282576.790456
2017-06-08,72.508938077241,72.519516111922,71.499226498774,71.94862939486,24462260.995028
2017-06-09,72.035107554675,72.080691250517,68.588085923424,70.319066794469,49143956.965551
2017-06-12,69.251666758824,69.938693753569,68.129958875024,69.781113752393,47721377.925837
2017-06-13,70.019610266283,70.820705552536,69.958868355795,70.652329412872,25256970.279615
2017-06-14,70.911218632796,71.100750841822,69.431711452209,70.269993437701,25483816.423061
2017-06-15,69.272059464859,70.212414032427,68.800300928468,69.900198431482,26058678.58334
2017-06-16,69.732040395626,70.02506286148,69.220914121917,69.999326612153,48278131.825734
2017-06-19,70.499874851181,70.945351878725,70.348728912337,70.870651324535,23621211.725778
2017-06-20,70.820705552536,70.870651324535,69.869772950287,69.910013102836,21511211.652198
2017-06-21,70.212414032427,70.62146772406,69.938693753569,70.269993437701,19891048.095934
2017-06-22,70.541423626577,70.592568969519,69.712956312438,70.260287818252,22602131.068295
2017-06-23,70.09005779622,71.249933846396,69.918628203246,71.210784212885,27072037.976889
2017-06-26,71.400098318104,71.712095815241,70.444585535889,70.5309546438,19508739.23241
2017-06-27,70.109032827504,70.180679928384,69.178165775577,69.210227035332,25214385.637213
2017-06-28,69.210227035332,69.840656091938,68.789395738075,69.801397406524,25803714.314717
2017-06-29,69.380675161171,69.489290857483,68.091572604841,68.49135688464,28899031.702347
2017-06-30,68.77870865149,69.380675161171,68.740431433211,68.931054161277,24150600.446621
2017-07-03,69.330729389172,69.596816034755,68.020579815384,68.170744287093,16165538.273988
2017-07-05,68.254823305021,69.442398538794,68.218618072917,69.079146646811,21164771.001442
2017-07-06,68.268781948724,68.77870865149,68.120798515094,68.568892788333,21108325.390755
2017-07-07,68.701936111125,69.839565572899,68.701936111125,69.461591673885,16190063.475459
2017-07-10,69.461591673885,70.250909354514,69.199539948747,69.978170542791,15006191.82772
2017-07-11,69.999326612153,70.678174714103,69.750252063582,69.988748577472,17459189.842039
2017-07-12,70.687662229744,71.279814068072,70.551238297931,71.150914717629,17747479.95672
2017-07-13,71.499226498774,72.040342046064,71.311657224019,71.77174720669,20268858.998267
2017-07-14,72.240561341675,73.270556574272,71.958225962406,72.780586369925,25861353.185408
2017-07-17,72.802069594999,73.45071031956,72.719953511341,73.350382567947,21786398.438897
2017-07-18,73.091493348023,73.390949876208,72.661283587028,73.300436795948,26392095.707135
2017-07-19,73.49956557252,74.040681119809,73.45071031956,73.860636426425,22176370.078305
2017-07-20,74.178086518758,74.301533274004,73.280044089914,74.219635294155,39893725.618245
2017-07-21,73.45071031956,74.290955239323,73.168156836484,73.790516052199,46302784.243096
2017-07-24,73.529336742292,73.748858224899,73.131188241052,73.599566168422,21228480.382898
2017-07-25,73.800003567841,74.312438464397,73.49956557252,74.188555501535,22008236.833437
2017-07-26,74.338829025148,74.379287281505,73.809491083483,74.051477258298,16230665.297147
2017-07-27,73.758236688637,74.421817524037,72.321477854389,73.159541736074,35805860.005041
2017-07-28,72.671861621709,73.30992431159,72.540126921764,73.039148434137,17800885.617848
2017-07-31,73.300436795948,73.440132284879,72.408828429435,72.70076037625,23546561.154646
2017-08-01,73.102071382704,73.419521475037,72.490835461189,72.579276555274,20805764.036645
2017-08-02,72.550486852637,72.559865316375,71.44273761254,72.260844995805,26487386.57817
2017-08-03,72.190397465868,72.439690118247,71.845466293745,72.151247832358,18211297.585182
2017-08-04,72.368370173078,73.039148434137,72.240561341675,72.681458189254,22578354.118771
2017-08-07,72.802069594999,72.899998204726,72.260844995805,72.39814134285,18704178.746237
2017-08-08,72.091378337102,73.131188241052,71.751681656367,72.791164404606,22040303.701003
2017-08-09,72.25015790922,72.508938077241,72.051029132648,72.470551807058,22209251.855141
2017-08-10,71.898683622861,72.190397465868,71.348843923258,71.409476781842,23886948.193677
2017-08-11,71.6110047003,72.70076037625,71.279814068072,72.499450561599,21439223.618728
2017-08-14,73.060740711115,73.721159041301,72.945690952471,73.59007865278,20080485.397449
2017-08-15,73.592211629854,73.592211629854,73.040079128445,73.219278124973,19174190.240898
2017-08-16,73.340009652295,74.100629121819,73.169488573274,73.650462151122,18146310.555192
2017-08-17,73.582557446627,73.870772781842,72.40127592593,72.40127592593,22450875.225273
2017-08-18,72.271107163319,72.83994465593,71.930715849091,72.491200846101,18760888.493427
2017-08-21,72.472217901553,72.482631402562,71.700751035145,72.14918242234,17713181.612137
2017-08-22,72.349099946917,73.23826106952,72.349099946917,73.158749650359,14333415.408864
2017-08-23,72.960567709283,73.148227675381,72.529383683134,72.722250399736,13758993.039536
2017-08-24,72.741450292221,72.860120814135,72.06956252921,72.691660740522,17097237.940957
2017-08-25,72.860120814135,73.349663835522,72.482631402562,72.818683758037,12791910.650129
2017-08-28,73.060363760618,73.090953419832,72.546305622273,72.829097259046,14561957.179002
2017-08-29,72.249629317488,73.158749650359,72.049277897036,73.049841785641,11473315.782826
2017-08-30,73.01144200067,74.207692929067,72.828012519357,74.010704201649,16893441.703916
2017-08-31,74.031639677635,74.961153116648,73.798529118593,74.799093007197,27645590.085404
2017-09-01,74.70884266512,74.738456058614,73.640916441864,73.940630017776,21732401.536326
2017-09-05,73.340009652295,73.891816731797,72.979659127799,73.611194574401,22234377.766212
2017-09-06,73.738326065885,74.042378600551,73.349663835522,73.400538126909,16534749.453714
2017-09-07,73.679858596679,74.600802592153,73.601648865143,74.340139645024,17468443.589505
2017-09-08,74.329400722108,74.440586540172,73.838989908971,73.979789120529,14703741.400807
2017-09-11,74.308356772153,74.944882021322,74.308356772153,74.756462737442,17900380.465723
2017-09-12,74.756462737442,75.239605794667,74.368885246767,74.680205537346,14398206.081873
2017-09-13,74.93002108759,75.22897534572,74.551013040454,75.210100875142,13354031.984564
2017-09-14,74.999986797494,75.491916246195,74.521291172991,74.767201660357,15701598.55763
2017-09-15,74.830550458161,75.39027613739,74.070147936575,75.31054777029,38515337.795111
2017-09-18,75.22897534572,75.969744078947,75.041315379623,75.158250318035,23305749.486593
2017-09-19,75.210100875142,75.710057397538,75.010834194378,75.442126694496,15769511.44528
2017-09-20,75.349706873042,75.548973553806,74.308356772153,74.940651536537,20790315.740806
2017-09-21,75.109328558087,75.239605794667,74.111259570766,74.207692929067,19174096.800979
2017-09-22,73.989443303756,74.510660724044,73.84940340998,74.411081620647,14095458.859084
2017-09-25,74.089998672873,74.249021511196,72.920323866842,73.258220279787,24139292.075263
2017-09-26,73.671506101078,73.809376515477,72.990398050715,73.258220279787,18014579.147219
2017-09-27,73.550666099787,74.170594831723,73.169488573274,73.84940340998,19488003.959053
2017-09-28,73.541228864498,73.96937561952,73.311155576583,73.870772781842,10879680.656167
2017-09-29,73.940630017776,74.536043632754,73.881294756819,74.489399826151,17075298.436922
2017-10-02,74.70884266512,75.010834194378,74.292411098733,74.61045677538,15296789.460503
2017-10-03,74.670768302056,74.88034000986,74.195001474712,74.259760434111,12186589.870664
2017-10-04,73.999965278733,74.719473114067,73.707627932702,74.690727512323,13295160.116883
2017-10-05,75.220514376151,76.119004260074,74.961153116648,75.969744078947,21189635.478695
2017-10-06,75.668837289377,76.029079339904,75.539427844548,75.997296467033,13946654.373523
2017-10-09,75.969744078947,76.551273025912,75.860402318354,76.292888032129,11386469.513761
2017-10-10,76.331938660913,76.628506491728,76.140265157968,76.292888032129,13941382.096924
2017-10-11,76.359491048999,76.457985412708,75.949459446773,76.417741570267,15381255.371248
2017-10-12,76.489768285579,77.290848545481,76.370013023976,77.119351200741,17269532.655663
2017-10-13,77.589477381705,77.870424961008,77.290848545481,77.492176231653,15319789.837956
2017-10-16,77.42036646428,77.807835480986,77.348014327062,77.65000585632,12362070.03713
2017-10-17,77.472108547418,77.620392462825,77.251689442729,77.589477381705,16076734.345768
2017-10-18,77.670290488493,77.849164063115,77.368407433204,77.609870487848,13288964.767151
2017-10-19,77.568650379688,77.928783956245,77.348014327062,77.908499324072,15087470.829911
2017-10-20,78.318639400266,78.969049317446,78.220036562588,78.809158687372,22854845.25081
2017-10-23,78.989442423588,79.341115030576,78.757091182328,78.829334845577,20609964.428707
2017-10-24,78.901144612951,79.198905657424,78.460414877543,78.85992450479,17364871.575074
2017-10-25,78.579302347394,79.101387559434,78.010247906846,78.632346118158,20401392.373622
2017-10-26,79.198905657424,79.421494241489,78.746677681319,78.757091182328,31601123.626527
2017-10-27,84.368449590558,86.200249502403,83.610758918192,83.807856119579,71024820.125859
2017-10-30,83.797225670632,84.323758315394,83.104185483697,83.891706497494,31756654.842364
2017-10-31,84.358686933362,84.358686933362,83.108307494513,83.180659631731,27086574.920375
2017-11-01,83.681809367784,83.756873354223,82.878668102473,83.180659631731,22307372.275276
2017-11-02,83.349228179312,84.461628729793,83.119046417428,84.050620861849,23992942.511192
2017-11-03,84.081318995031,84.542116414675,83.399017731011,84.140654255988,17633543.430505
2017-11-06,84.198904777257,84.699837565372,84.083488474408,84.472150704771,19852150.646504
2017-11-07,84.770020223213,84.900188985824,83.931841865966,84.260192569653,17927877.285301
2017-11-08,84.140654255988,84.610888910921,83.829008543503,84.562184098911,18029586.164392
2017-11-09,84.110823914556,84.269738278911,82.899929000366,84.090647756352,21175385.419244
2017-11-10,83.786703695654,84.095962980825,83.230449183429,83.871421865321,19396302.589591
2017-11-13,83.662717949267,83.941387575224,83.460305523407,83.931841865966,14185940.790422
2017-11-14,83.501742579505,84.100301939579,82.977053992213,84.050620861849,18765150.863838
2017-11-15,83.471418178975,83.690519979926,82.688911747007,82.979140684326,19338007.949254
2017-11-16,83.099160981202,83.419718788504,82.94017726061,83.201264579083,20958100.748768
2017-11-17,83.119236318629,83.119236318629,82.240886340235,82.401273175808,22075458.790157
2017-11-20,82.401273175808,82.588966787558,82.2516795324,82.528848707199,16128942.336359
2017-11-21,82.740719069399,83.840221555256,82.740719069399,83.72020125838,21195897.776334
2017-11-22,83.830831478072,83.898180997182,83.040014288137,83.108551058385,20552303.03526
2017-11-24,83.008498167015,83.430188184904,82.780869744253,83.261490591364,7425601.2922538
2017-11-27,83.306929930379,83.978374414969,83.299374695864,83.869794901788,17721906.764386
2017-11-28,84.072167254883,85.062118840264,84.020467864413,84.879821824596,21923926.360353
2017-11-29,84.708965592623,84.914360039524,83.17622437326,83.337258800363,27371851.443089
2017-11-30,83.511352989986,84.520300593577,83.337258800363,84.17135669088,33023712.177923
2017-12-01,83.599857165739,84.809126415915,83.222527167648,84.258889479339,29387603.558461
2017-12-04,84.418952519147,84.418952519147,80.699618499062,81.080294386724,39085883.958605
2017-12-05,81.34159756904,82.679845465588,80.979270108059,81.589409261151,26147421.753744
2017-12-06,81.54947445014,83.139203724134,81.431288995932,82.780869744253,24876978.460981
2017-12-07,82.538238784383,82.800729217837,82.00062988264,82.489777351561,23171202.541789
2017-12-08,83.63061776341,84.58257731237,83.326897335885,84.161750749853,24027796.594165
2017-12-11,84.289434213166,85.371991387323,84.121708006921,85.229737114588,21448190.01858
2017-12-12,85.311009851591,86.046565897641,85.082086245769,85.578681017285,23921269.429762
2017-12-13,85.740039240153,86.001450354391,85.167568327717,85.352023981818,21708932.190307
2017-12-14,85.430166693093,85.871500320723,84.530985853821,84.688782323274,19302735.090282
2017-12-15,85.260389780337,87.089296192709,84.879821824596,86.851198373547,53924650.690455
2017-12-18,87.119948858458,87.498142311922,86.231992939037,86.379859671698,22279354.601994
2017-12-19,86.349207005949,86.349207005949,85.270859176737,85.832644828929,23340580.562444
2017-12-20,86.202851320191,86.30085350505,84.708965592623,85.519642256142,23588617.485468
2017-12-21,86.046565897641,86.097293900817,85.401672665777,85.498379667576,17941850.612477
2017-12-22,85.401672665777,85.629301088539,84.917490065252,85.509172859742,14076564.690323
2017-12-26,85.311009851591,85.534320997486,85.031574106437,85.401672665777,9887708.5060518
2017-12-27,85.650347813261,85.980187765825,85.214086985948,85.710357961699,14662468.837422
2017-12-28,85.900318143804,85.92945976265,85.549107670752,85.721043221942,10589197.785291
2017-12-29,85.629301088539,86.046565897641,85.498379667576,85.539609661647,18548142.538462
2018-01-02,86.123737221621,86.309164263017,85.498379667576,85.949858895842,22475803.1309
2018-01-03,86.051854561802,86.509485909601,85.969718369425,86.349207005949,25980977.683681
2018-01-04,86.589571395466,87.66079571785,86.569711921882,87.110450849352,21905962.197297
2018-01-05,87.66079571785,88.411354301009,87.43003726936,88.189985929703,23402932.466866
2018-01-08,88.200347394182,88.580051894549,87.603699731296,88.279461492752,22110878.67866
2018-01-09,88.650639371309,88.728458286819,87.859930113295,88.22053066353,19466267.975614
2018-01-10,87.859930113295,88.189985929703,87.40974606809,87.820966689579,18639738.142474
2018-01-11,88.130839236639,88.130839236639,87.239969155333,88.080219165384,17785684.380977
2018-01-12,88.668664002224,89.778527952559,88.450317724725,89.602598920269,24262472.801345
2018-01-16,90.100273011,90.787583488072,88.010818939763,88.349185514138,36585263.544669
2018-01-17,89.080748079087,90.27944000094,88.750800194601,90.140207822011,25617511.195249
2018-01-18,89.799898473046,90.67036942116,89.658507655684,90.100273011,24147908.338729
2018-01-19,90.140207822011,90.609387885427,89.658507655684,89.999896323865,35614129.692697
2018-01-22,89.999896323865,91.618227557097,89.739672460765,91.607758160696,23513158.135426
2018-01-23,91.900793327978,92.299277982713,91.536846888172,91.900793327978,23225888.990427
2018-01-24,92.548061062118,93.430512453535,91.578184814164,91.822866480546,32736375.683912
2018-01-25,92.463658299387,93.239688816056,91.937706045183,92.329930648462,26101265.863683
2018-01-26,93.120531974554,94.061914195192,92.579685115162,94.061914195192,28966092.6566
2018-01-29,95.139506500953,95.449271116091,93.721388982383,93.919444058613,31522525.480813
2018-01-30,93.300670351789,93.659220195513,92.129501069956,92.739856086891,37406349.490821
2018-01-31,93.750854396994,95.400809683269,93.509410688261,95.011715105718,47745192.029374
2018-02-01,94.790454666334,96.069016210209,93.581077484237,94.257918564909,46897239.51916
2018-02-02,93.639144858086,93.971251381005,91.498962783672,91.780449235338,47486088.051204
2018-02-05,90.561034384527,93.239688816056,88.000241611441,88.000241611441,50609241.937215
2018-02-06,86.893399754913,91.474893965144,85.249812452015,91.330373122054,67998566.003472
2018-02-07,90.491310363141,91.771059158154,89.19990492059,89.612204861295,41082862.774206
2018-02-08,89.709019795016,89.87534288628,84.760772915015,85.012470156305,55256556.121827
2018-02-09,86.30085350505,88.92791647803,83.830831478072,88.180379988676,63472602.405802
2018-02-12,88.736984908629,89.778527952559,87.929438270838,89.14831346204,35711319.058962
2018-02-13,88.92791647803,89.999896323865,87.799919964857,89.830119411108,26320329.43174
2018-02-14,88.507837079438,90.992630208156,88.411474803759,90.80989639441,34951896.718741
2018-02-15,91.208773907896,92.719631260352,90.618031261341,92.658719989103,27523668.420101
2018-02-16,92.45020362668,93.499231075964,91.801772527461,91.997719897404,30580807.475188
2018-02-20,91.475301004842,93.058779202737,91.01347110167,92.719631260352,30865383.287584
2018-02-21,92.981001847562,93.359897885823,91.487869997322,91.487869997322,26687939.021152
2018-02-22,92.049499849329,92.730051707108,91.360783517803,91.731515082316,23617192.553308
2018-02-23,92.750355464191,94.071173947442,92.359749851739,94.062042628119,26305878.36189
2018-02-26,94.401727706935,95.451077438077,94.247676978592,95.419601243235,30170614.219123
2018-02-27,95.742742519983,95.838352804659,94.196971299527,94.196971299527,25869117.390078
2018-02-28,94.840460743584,95.706109815405,93.631474065218,93.767047300343,31167339.572484
2018-03-01,93.990496055541,94.571570246343,91.840338923189,92.851014831317,37135560.528846
2018-03-02,91.578216344976,93.149877541394,90.859420373327,93.049110746983,32830388.802506
2018-03-05,92.339875803801,94.267228744672,92.259090484614,93.639853393538,23901577.758996
2018-03-06,94.339849590111,94.489603227008,92.941253751685,93.319934935375,22175776.036119
2018-03-07,93.159438569862,93.940112658336,92.430007296883,93.860186757438,26716126.893902
2018-03-08,94.267228744672,95.101616476222,93.762965063469,94.429981083193,25887826.391329
2018-03-09,95.288325099556,96.540175265096,94.998808563373,96.540175265096,36937257.123822
2018-03-12,96.499352896358,97.20858783954,96.039564111623,96.769962230178,26073743.219546
2018-03-13,97.00082346812,97.239956607097,93.969118025597,94.411288735403,35387817.114981
2018-03-14,95.12149052416,95.408965941905,93.499231075964,93.849873737967,32131981.052023
2018-03-15,93.530922125379,94.581131274811,92.83081850152,94.179245797312,27610996.788626
2018-03-16,94.678567823351,95.378564019924,93.9209906014,94.601112750035,49081278.316923
2018-03-19,93.739545915088,93.900149707887,92.108155147569,92.889581227046,33344084.359152
2018-03-20,93.049110746983,93.767047300343,93.000983322786,93.130003493456,23075241.45853
2018-03-21,92.93051102307,94.05140732679,92.211929905993,92.480390694089,24457082.896655
2018-03-22,91.26646236056,91.752463403116,89.658813023281,89.789444603243,38604715.086958
2018-03-23,89.500357776205,90.460542859841,87.078731891745,87.180465531731,44068949.039253
2018-03-26,90.608577660159,94.001131356871,90.39855731573,93.777252892528,56396779.903437
2018-03-27,94.94026069242,95.139323453661,88.507837079438,89.47006328151,56569010.217115
2018-03-28,89.81941681608,91.22961480141,88.872982425072,89.390352235185,52501143.840026
2018-03-29,90.179405651978,92.289277552023,88.400839502429,91.271726297582,45867549.181439
2018-04-02,90.471070733884,90.879294421265,87.508870745501,88.518579808053,48515417.516917
2018-04-03,89.575019740082,90.050170626736,87.889915329486,89.7090889932,37213836.031858
2018-04-04,87.851026651898,92.760668483662,87.730278382262,92.331496475481,35559956.890473
2018-04-05,92.434304388329,93.063935712472,91.402787586688,92.380805599825,29771882.144301
2018-04-06,91.487869997322,92.460516646151,89.479624309978,90.230755894759,38026002.629784
2018-04-09,91.043013605362,93.16899959833,90.618031261341,90.769074025672,31533945.840005
2018-04-10,92.390366628293,93.281046257787,91.6400944618,92.879053353003,26939882.012407
2018-04-11,91.8604278257,93.29157413183,91.479598096288,91.8604278257,24872109.93879
2018-04-12,92.430007296883,94.161627722383,92.430007296883,93.58227236816,26758879.978109
2018-04-13,94.05140732679,94.179245797312,92.439568325351,93.07962009625,23346061.184937
2018-04-16,94.071173947442,94.659875475561,93.418553184063,94.169792196131,20288080.601242
2018-04-17,94.998808563373,96.540175265096,94.88020883946,96.069966033605,26770999.705523
2018-04-18,96.218967679499,96.719686260258,95.521334883221,96.441557016408,21043287.244111
2018-04-19,96.441557016408,97.06785809468,95.338708496761,96.108747283906,23552540.664622
2018-04-20,95.908610249803,96.108747283906,94.05140732679,94.998808563373,31154375.457362
2018-04-23,95.745965338567,96.289439979215,94.632588944878,95.349128943518,22331827.652573
2018-04-24,96.242279400594,96.470025247238,92.411314949093,93.119690473985,34524797.600868
2018-04-25,93.301027733012,93.301027733012,90.279098173528,92.310548154681,33729256.672891
2018-04-26,93.551870446179,95.149851327704,93.099494144189,94.257023152487,42529041.271788
2018-04-27,97.599838015709,97.899023007645,93.910570154644,95.818156474862,48272779.94506
2018-04-30,96.330154920667,96.396330128938,93.149877541394,93.52028682405,41523605.191952
2018-05-01,93.209821967068,95.288325099556,92.790103560068,94.998808563373,31408925.948358
2018-05-02,94.989247534906,95.169725375643,93.188658791696,93.509973804579,27471002.834137
2018-05-03,92.961020372337,94.924146599497,92.45020362668,94.071173947442,31142497.800463
2018-05-04,93.319934935375,95.368251000453,92.921057421889,95.159519783458,22531323.302544
2018-05-07,95.169725375643,96.710017804504,95.101616476222,96.218967679499,24242018.490919
2018-05-08,95.84447615997,96.161171799549,95.063802071496,95.810743992118,23484589.373854
2018-05-09,96.010129035218,96.971495819001,95.050266233441,96.939804769585,27327411.17807
2018-05-10,97.459323125421,97.949298977565,97.047876619455,97.908369181541,22388119.531122
2018-05-11,97.800297331671,97.86958793124,97.038637872846,97.699637964546,16778315.425149
2018-05-14,97.91900448287,98.691084388451,97.31247002525,98.029117451177,19454122.891627
2018-05-15,97.239956607097,97.850680728877,96.340790221996,97.322890472007,24594010.942274
2018-05-16,97.359612856295,97.400259049583,96.613434318453,97.150605851859,17384741.158694
2018-05-17,96.759760614291,97.540167525428,95.83013938832,96.179910577933,17246716.148469
2018-05-18,96.010907984787,96.932079081101,96.010907984787,96.360893101733,17865841.621334
2018-05-21,96.99903833636,98.010379803575,96.799551098247,97.59867665103,19422467.436869
2018-05-22,97.681252601605,98.168899957399,97.200664847804,97.499414368473,15441189.321448
2018-05-23,96.70959465468,98.733347225775,96.320139944778,98.662430314853,21251221.770605
2018-05-24,98.728106006114,98.940107993213,96.809819610236,98.309129324244,26649287.822104
2018-05-25,98.299823485254,98.97893580417,97.860095852074,98.359188320189,18363919.307638
2018-05-29,97.84009364643,98.878603884947,97.229865928771,98.010379803575,28670980.640643
2018-05-30,98.309129324244,99.249446916871,97.907052901689,98.950590432534,22158529.321758
2018-05-31,99.289237400826,99.994341890713,98.610125081911,98.837743764326,34140892.403661
2018-06-01,99.279610670837,100.85539940643,99.173181822622,100.78501731384,28655623.896188
2018-06-04,101.25843850198,101.85936038065,100.84577267644,101.66778845386,27281623.119839
2018-06-05,102.00119420249,102.34198044412,101.52285268569,102.19875609461,23514401.40576
2018-06-06,102.49226439562,102.60628766416,101.89989961027,102.50274683494,21122918.678448
2018-06-07,102.6595555701,102.70148532738,100.38508016461,100.87497375741,28232198.327211
2018-06-08,101.08718967184,101.95017253355,100.53750338945,101.62607262391,22165128.012626
2018-06-11,101.37010856986,101.58553339429,100.66511104364,101.04536687822,23490893.449899
2018-06-12,101.09756514749,101.45075917444,100.75399785054,101.30860446159,18325228.811227
2018-06-13,101.71923797747,102.01178360548,100.55750559509,100.84577267644,29492874.675948
2018-06-14,101.64714446622,102.03264152046,100.99509395494,101.42038149314,25691811.459938
2018-06-15,101.51237024637,101.52285268569,100.07360196763,100.13232502056,65738585.791259
2018-06-18,100.01423713269,101.10815455048,99.419733074015,100.85539940643,23586038.455457
2018-06-19,99.651523339426,100.99509395494,99.501239387925,100.85539940643,28653088.367887
2018-06-20,101.37010856986,102.53408718924,101.11628378914,101.86962889264,26180794.170808
2018-06-21,102.07446431408,102.47226218997,100.87497375741,101.13735563145,23198187.813004
2018-06-22,100.41535088225,100.76448028986,99.62660080512,100.41535088225,38923104.569963
2018-06-25,100.0036477297,100.11232281492,97.300889803359,98.389672965155,35433332.250577
2018-06-26,98.817955486015,100.08429833428,98.750140521423,99.079053796059,26897244.1124
2018-06-27,99.580606428504,100.02343600801,97.400259049583,97.540167525428,31298387.145506
2018-06-28,97.380363807605,99.110501114024,97.261420210403,98.630769069555,26650672.838884
2018-06-29,98.929839481224,99.914867886468,98.329024566222,98.610125081911,28053212.426795
2018-07-02,98.102368556806,100.0640822013,97.999897364253,100.01423713269,19564523.066072
2018-07-03,100.47599928118,100.62532055968,98.940107993213,99.05081538809,14670274.815343
2018-07-05,99.501239387925,99.924494616457,99.029957473113,99.75923575164,18977401.339632
2018-07-06,99.883634495836,101.43086393246,99.670455908405,101.15703694609,19234627.766432
2018-07-09,101.64714446622,102.26143680321,101.24795606266,101.84877097766,18211979.999596
2018-07-10,102.00119420249,102.52360474992,101.85936038065,102.12762525635,19293139.221717
2018-07-11,101.14762414344,102.35246288344,101.09756514749,101.98033628752,19644649.20618
2018-07-12,102.78491698729,104.42306554048,102.74320115734,104.19320062107,24335925.975634
2018-07-13,104.38134971053,105.6131432945,104.08880408252,105.44724264768,24653499.698899
2018-07-16,105.4270265147,105.7922004723,104.5275690427,104.92493906393,21786913.143449
2018-07-17,104.62148314193,106.4809395212,104.32904447758,105.92740254682,25901727.168403
2018-07-18,105.91702707116,106.02142360971,104.71550420482,105.14335887102,29493927.556707
2018-07-19,104.9461178699,105.33236366981,103.88396866108,104.41269006483,40171645.989367
2018-07-20,108.09962068708,108.22476817694,106.05212218201,106.24091305347,56038826.080188
2018-07-23,106.27268126243,108.16165961368,106.10506919695,107.9873088372,29706955.006398
2018-07-24,108.58095718655,108.80130233964,107.25353808468,107.67283565755,26316618.660246
2018-07-25,107.96591610389,111.14059772705,107.61079673095,110.83789055072,30798060.123037
2018-07-26,110.75445889081,110.99405750388,109.50191435553,109.62385293539,31372107.94194
2018-07-27,110.19931746142,110.19931746142,106.11565859994,107.69208911753,37005290.88146
2018-07-30,107.1818724281,107.53592216437,104.76791640143,105.39557919674,34668327.277025
2018-07-31,106.47035011822,106.71026962228,105.40616859973,106.05212218201,27655151.712472
2018-08-01,106.00024480374,106.42874125193,105.43654628103,106.25150245646,23628700.226657
2018-08-02,105.4270265147,108.10924741707,104.85166895234,107.57870763099,26104258.35409
2018-08-03,107.81830624406,108.06967086045,106.80439764885,108.05897449379,18659597.89693
2018-08-06,108.14026688037,108.4461829667,107.56801126433,108.15096324702,20265948.399231
2018-08-07,108.57026081989,109.08047750933,108.19374871364,108.86334126624,16080213.283497
2018-08-08,109.32221539573,109.75113969859,108.74782050636,109.49121798887,15487501.71739
2018-08-09,109.72012023529,110.17899436478,109.60246020208,109.67733476867,13677212.040677
2018-08-10,109.41741305896,109.69872750198,108.40553677341,108.97993166277,18183723.551511
2018-08-13,109.22915700583,109.58427637877,108.11994378372,108.2354645436,18474884.325182
2018-08-14,108.57026081989,109.75113969859,108.05897449379,109.56395328213,16788313.880669
2018-08-15,108.47691246601,108.98730430404,106.81254492736,107.67562924638,29982807.298574
2018-08-16,108.28937809546,108.85304674331,107.31121586724,107.65538405865,21384289.344127
2018-08-17,107.37408250282,107.92709578871,106.67722183043,107.59464849546,18061511.591977
2018-08-20,107.52006096172,107.92709578871,106.46837673595,106.86262512859,17914199.218921
2018-08-21,106.91590193841,107.36342714086,105.82404699804,105.95745212982,22881860.884888
2018-08-22,105.82404699804,107.3527717789,105.75116432221,107.0629459335,18000639.004362
2018-08-23,107.15564758258,108.19454537399,106.86262512859,107.57333777153,18167723.702454
2018-08-24,107.68521907215,108.54084463779,107.57333777153,108.38421081693,17234019.899709
2018-08-27,109.27819568564,109.65326442674,108.49822318994,109.61064297889,19662330.067053
2018-08-28,109.93350044637,110.49610355803,109.79817734944,110.26807881202,19151528.989517
2018-08-29,110.44389228441,112.04645872367,110.27873417398,112.0368688979,20818043.507923
2018-08-30,111.67245551876,112.60799629913,111.43270987459,111.96441243655,22798704.316215
2018-08-31,111.68311088073,112.76463011999,111.5168872341,112.31710491753,23222712.977185
2018-09-04,110.84133728564,111.96441243655,110.22545736416,111.71507696662,22634641.484301
2018-09-05,111.00542985987,111.41246468686,108.12315444883,108.47691246601,32872352.251335
2018-09-06,108.2478221838,108.98730430404,107.52006096172,108.72624793595,23477623.964023
2018-09-07,108.22651145987,108.71559257398,107.23875940589,108.21585609791,22498646.936913
2018-09-10,108.83173601938,109.65326442674,108.35224473104,109.38368376907,20727906.380332
2018-09-11,108.89247158257,111.58721262306,108.88288175681,111.23558567827,24301774.788659
2018-09-12,111.42205451263,111.85892435312,110.50675891999,111.71507696662,18891066.224369
2018-09-13,112.12957054698,113.73320252244,112.12957054698,112.90101875312,26055620.759219
2018-09-14,113.35813378134,113.73320252244,112.43218282674,113.3687891433,19122349.964993
2018-09-17,113.69058107459,113.70123643655,111.86957971508,112.15088127091,20736515.576188
2018-09-18,112.19243718257,113.70123643655,111.72573232858,113.21215532244,22170934.437621
2018-09-19,113.04593167581,113.31657786968,111.02674058379,111.70442160465,21728429.457429
2018-09-20,112.27554900588,113.80672451998,111.94310171263,113.56591333962,23714512.329583
2018-09-21,114.01237300587,115.29527858624,113.50411224023,114.2649050844,71229699.08919
2018-09-24,113.02568648808,114.89889912121,112.22333773226,114.66021901323,27334460.113539
2018-09-25,114.79447657397,115.09602331753,113.75344771017,114.4385874844,22668012.687568
2018-09-26,114.45989820833,115.05340186968,113.74279234821,113.99212781814,19352026.207328
2018-09-27,114.77316585004,114.90848894698,114.21162827459,114.39916264514,19091300.169896
2018-09-28,114.20097291262,114.5536653936,113.67992571262,114.36932763164,21647811.448516
2018-10-01,114.74439637274,115.68952697888,114.72308564882,115.61600498133,18883080.618704
2018-10-02,115.3059339482,115.85788169789,114.42899765863,115.14823459115,20787239.689851
2018-10-03,115.41888078501,116.19032899114,114.92766859851,115.16954531507,16648017.112035
2018-10-04,114.59628684146,114.75398619851,111.62983407091,112.77528548195,34821719.209201
2018-10-05,112.61865166109,113.16953387459,110.64101648073,112.14022590895,29068859.486453
2018-10-08,111.6618001568,112.04645872367,109.34106232122,110.84133728564,29640588.880773
2018-10-09,111.13009759484,113.0778977617,110.78806047582,112.25423828195,26198593.943831
2018-10-10,111.23558567827,111.49557651017,105.76054104074,106.14583892933,61376313.970981
2018-10-11,105.32377775387,108.92443766846,104.20997276786,105.88648741914,63904281.345441
2018-10-12,109.00861502797,111.23558567827,107.12368149669,109.58080796539,47742109.212286
2018-10-15,108.90312694454,109.48704078012,106.9457369519,107.61382814699,32068104.42703
2018-10-16,109.5499074157,111.40394039729,108.94468285619,110.99477449791,31610164.388553
2018-10-17,111.68311088073,111.81736844146,109.55949724147,110.70388311631,26548243.558142
2018-10-18,110.099724093,110.52806964392,107.85250825497,108.48756782797,32506193.350953
2018-10-19,108.92443766846,110.8519926476,108.21585609791,108.64313611263,32785475.280168
2018-10-22,109.33040695926,110.53872500588,108.23716682184,109.64260906478,26545607.952759
2018-10-23,107.78964161939,108.96599358012,105.11461299853,108.12315444883,43770429.656941
2018-10-24,108.39486617889,108.47691246601,101.58939304664,102.32823584516,63897758.150053
2018-10-25,106.54179217988,109.27819568564,106.13529012098,108.28937809546,61646819.51683
2018-10-26,105.66666730184,108.73690329791,104.78216570528,106.95639231387,55523103.309043
2018-10-29,108.12315444883,108.68362648809,101.63105551191,103.85610819706,55162000.389531
2018-10-30,103.65866433989,104.38695833007,100.11160089597,103.73122735485,65350878.952125
2018-10-31,105.40763545252,108.15405499853,105.36554677276,106.8018895654,51062384.916889
2018-11-01,107.05229057153,107.33146105497,105.51099246356,105.89714278111,33384200.652921
2018-11-02,106.46837673595,107.33146105497,104.99154356786,106.14583892933,37680194.189062
2018-11-05,106.35457747019,107.7576755335,105.87583205718,107.52006096172,27922143.423932
2018-11-06,107.39539322675,108.83173601938,106.2705066643,107.73636480957,24340247.132638
2018-11-07,109.44441933226,112.23399309422,109.4039289568,111.97506779852,37901704.186356
2018-11-08,111.8067130795,112.2126823703,110.90313838502,111.75663287827,25644105.040717
2018-11-09,110.84133728564,111.44336523655,108.74755865987,109.58080796539,32039223.265307
2018-11-12,109.42523968073,109.9548111703,106.0832919546,106.86262512859,33621804.850057
2018-11-13,107.56268240957,108.72624793595,106.62501055681,106.93614712614,35374581.397069
2018-11-14,108.08456816938,108.2479549031,104.48772593126,104.94382954703,39495142.363477
2018-11-15,104.96473031751,107.80235472022,103.91735769717,107.29415832117,38505166.63109
2018-11-16,107.08939442761,108.88134373448,106.80718097845,108.27978348759,33502123.29733
2018-11-19,108.25856443126,108.56093598393,103.56501526685,104.63275818126,44773900.29274
2018-11-20,101.80531892559,102.96897197461,99.351653347136,101.72245851063,64052457.512534
2018-11-21,103.61678976429,104.4459243903,102.24572043968,103.10901774637,28130621.275722
2018-11-23,102.17410612457,103.81349041645,102.00955234275,103.07146001667,13823099.348744
2018-11-26,104.78702072077,106.63212376374,104.59116883086,106.46661512439,32336164.617168
2018-11-27,106.26079027801,107.34614500917,105.33733694663,107.15092969096,29124485.952756
2018-11-28,107.88616999271,111.3363885516,107.85540236104,111.11783227143,46788462.399877
2018-11-29,110.32211765914,111.10722274326,109.03730379849,110.19586427399,28123193.680946
2018-11-30,110.69451209769,110.96399411305,109.34710202088,110.88230074619,33665623.987286
2018-12-03,113.00632828459,113.42964845833,110.72634068218,112.08329933434,34732771.628454
2018-12-04,111.92840022315,112.64136051576,108.19490726228,108.51849787128,45196983.695402
2018-12-06,105.81338647534,109.25373817304,104.97523375039,109.20281243785,49107429.478027
2018-12-07,108.37420828825,109.44258777435,104.32083805325,104.81842492413,45044935.609684
2018-12-10,104.79752415365,107.96892431239,103.89645692669,107.60607844919,40801525.720358
2018-12-11,109.80437268474,110.94277505672,107.46284981897,108.59276456843,42381947.470049
2018-12-12,110.88230074619,111.27591424107,109.04685237384,109.08822953368,36183019.882317
2018-12-13,109.5752068764,110.86108168986,108.63308077545,109.44258777435,31333359.22744
2018-12-14,108.23734537494,109.27389627655,105.48258138719,106.02101494151,47043136.164341
2018-12-17,105.3888992535,105.79216741901,101.72245851063,102.89438699161,56957313.463364
2018-12-18,103.76171591901,104.52942137695,102.51201959659,103.9796356275,49319195.54155
2018-12-19,103.66856426173,106.89099625094,101.35855169461,103.69954408397,68198187.341309
2018-12-20,103.05098362731,104.33144758141,98.78149730361,101.52151404721,70334184.8813
2018-12-21,101.64034076265,102.99920912987,97.461459809462,98.230226220216,111242068.89526
2018-12-24,97.67884904154,97.967958684005,93.979624856645,94.128688727347,43935193.892145
2018-12-26,95.140943809462,100.68824170522,93.960739896513,100.55753231824,51634793.809336
2018-12-27,99.299560563852,101.19389181751,96.400082611949,101.18360057519,49498507.734741
2018-12-28,102.10174914249,102.40953155453,99.519389987407,100.38555186671,38169311.388365
2018-12-31,101.29850176521,102.39902812164,100.43637150661,101.57954816627,33173765.129287
2019-01-02,99.549308856829,101.75343833287,98.939048796844,101.12248969297,35329344.422325
2019-01-03,100.09368374692,100.18577445138,97.200041035504,97.400242831957,42578409.619637
2019-01-04,99.721289308365,102.50172835427,98.928757554525,101.93995383799,44060619.594508
2019-01-07,101.64988933799,103.27484467157,100.98170125423,102.07055712969,35656135.432527
2019-01-08,103.04058628971,103.9796356275,101.72245851063,102.80134142962,31514416.138232
2019-01-09,103.86537100917,104.86033256038,103.25404999637,104.28975213573,32280840.278318
2019-01-10,103.22296407885,103.76171591901,102.37940049454,103.61678976429,30067555.994705
2019-01-11,103.19177206605,103.45096283909,101.64988933799,102.80134142962,28314201.65804
2019-01-14,101.90908011104,102.87380450698,101.26741584769,102.06026588737,28437078.798911
2019-01-15,102.50172835427,105.02562900917,101.88807324527,104.98573718328,31587615.14748
2019-01-16,105.23325747534,106.23957122168,104.93332611415,105.35834381239,29853864.758832
2019-01-17,104.97523375039,106.6225751884,104.76611995028,106.11437878935,28393015.99456
2019-01-18,107.48300792249,107.89677952088,105.89709565255,107.72914897589,37427587.354281
2019-01-22,106.75625524326,107.11061348393,104.8498291275,105.66920298759,32371252.933873
2019-01-23,106.11437878935,107.04695631495,105.31622398558,106.71593903624,25874293.226356
2019-01-24,106.86977719461,107.0045182023,105.31622398558,106.18652358086,23164839.435676
2019-01-25,107.25278116133,107.87556046455,106.59180755672,107.18169732263,31218192.425957
2019-01-28,106.25018074984,106.47616369974,104.66246486012,105.05713930782,29476718.187941
2019-01-29,104.86033256038,104.94382954703,102.17410612457,102.93799215237,31490546.896085
2019-01-30,104.63275818126,106.37219032373,104.35234835189,106.37219032373,49471866.051413
2019-01-31,103.81349041645,105.19113764853,103.18126863317,104.4459243903,55636391.436496
2019-02-01,103.78261668949,104.11501320687,102.34831457702,102.78033456385,35535691.053308
2019-02-04,102.87380450698,105.79216741901,102.77014941682,105.73190529904,31315281.907323
2019-02-05,106.0516764779,107.28354879301,105.94791529246,107.231562105,27325363.659087
2019-02-06,107.0045182023,107.0045182023,105.5119697802,106.02101494151,20609759.377515
2019-02-07,105.1606883027,105.57530866334,104.31075900149,105.24365481294,29760697.032069
2019-02-08,104.4147323775,105.7720093155,104.27935479813,105.65869955471,21461092.78573
2019-02-11,106.18652358086,106.58119802856,104.94382954703,105.22275404246,18914122.576406
2019-02-12,106.13453689286,107.15092969096,105.46252937896,106.90160577911,25056594.846843
2019-02-13,107.52544603514,107.78219661671,106.71593903624,106.81779050661,18394867.406114
2019-02-14,106.30110648503,107.30476784933,105.64819612183,106.91221530727,21784704.125307
2019-02-15,107.89677952088,108.29039301576,107.38858312183,108.20551679045,26606886.443006
2019-02-19,107.79280614487,108.66384840712,107.78219661671,108.15459105526,18038457.691681
2019-02-20,107.85100985233,107.9323558128,106.29170286978,107.16960537825,21607671.156351
2019-02-21,106.92134173265,109.48109838491,106.8896485013,109.41876836325,29063229.884571
2019-02-22,110.04735078508,111.20309728841,109.81070799097,110.97701890476,27763217.53872
2019-02-25,111.74927730872,112.18347457825,111.26542731007,111.58552894673,23750598.809455
2019-02-26,111.26542731007,113.24731071066,111.1724604981,112.35990023278,21536734.485739
2019-02-27,111.6784957587,112.35990023278,110.88299565174,112.1729101678,21487062.244361
2019-02-28,112.03979859612,112.88706431428,111.71864051841,112.02923418567,29083935.131611
2019-03-01,112.89762872473,113.02968385537,111.65736693779,112.52576147686,23501167.694171
2019-03-04,113.02968385537,113.25787512111,110.80270613232,112.26693342081,26608012.060085
2019-03-05,112.25636901036,112.39053702309,111.23479051976,111.6880037281,19538319.087396
2019-03-06,111.86442938263,112.65887304854,111.42178058474,111.73871289827,17686995.741035
2019-03-07,111.39008735339,111.54538418701,109.86353004323,110.37907327323,25338953.404403
2019-03-08,109.1599403072,110.7086828793,108.80920188023,110.50162043446,22818429.496027
2019-03-11,110.99814772566,112.9578458643,110.98758331521,112.83529870307,26491618.819735
2019-03-12,112.82473429262,113.98893232431,112.64830863809,113.60755710703,26132715.918554
2019-03-13,114.13472118853,115.01051081491,113.77447479216,114.50447555432,35513771.524272
2019-03-14,114.54567675507,115.20912173139,114.33227566397,114.59849880733,30763368.585539
2019-03-15,115.34223330307,117.26284312305,114.59849880733,115.89897773384,54630663.000759
2019-03-18,116.16731375929,117.61041222688,116.04265371597,117.56921102613,31207597.649872
2019-03-19,118.07524628672,118.43760556519,116.99239421551,117.65266986869,37588696.032753
2019-03-20,117.38644672532,118.7471427914,116.71455022065,117.51850185596,28113343.120808
2019-03-21,117.13607019764,120.81037215247,117.09592543792,120.23144245976,29854445.551577
2019-03-22,119.5014416976,119.59440850957,117.04310338567,117.05366779612,33624528.453771
2019-03-25,116.55925338702,117.99178744416,116.32261059292,117.66323427914,27067118.084272
2019-03-26,118.61191833763,118.70594159064,116.85928264382,117.89987707324,26097666.727611
2019-03-27,117.86184519562,118.20096277109,115.51654607551,116.77582380126,22733426.04981
2019-03-28,117.43609945444,117.57871899553,116.12505611749,116.93112063489,18334756.463111
2019-03-29,118.05411746582,118.31505840396,116.9617574252,117.93051386355,25399750.173318
2019-04-01,118.9531487952,119.10738918778,118.08581069718,119.01547881686,22789102.958199
2019-04-02,119.05562357657,119.4803128767,118.51895152566,119.1897915893,18142297.000424
2019-04-03,119.87225250442,120.43850490459,119.14964682958,119.98634813729,22860745.148112
2019-04-04,120.10995173957,120.24200687021,118.37633198458,119.36621724383,20112849.232015
2019-04-05,119.39579759309,120.24200687021,119.37572521323,119.90288929473,15826246.734354
2019-04-08,119.82048689322,120.0381137485,118.63304715853,119.94409049549,15116185.169251
2019-04-09,118.62248274808,119.5436993394,118.57071713687,119.28381484231,17611980.04469
2019-04-10,119.76766484096,120.35715894412,119.5436993394,120.20080566945,16477167.756481
2019-04-11,120.55365697851,120.84206538382,119.93352608504,120.33708656426,14209121.876409
2019-04-12,120.64451090839,120.97623339655,120.37723132398,120.94454016519,19745142.845502
2019-04-15,120.93397575474,121.58474343852,120.57372935837,121.03856341821,15792570.786334
2019-04-16,121.64812990122,121.65658142958,120.10995173957,120.77022739275,14071784.985519
2019-04-17,121.23400501155,121.86258743338,120.55365697851,121.7812414729,19300937.040048
2019-04-18,122.20381789094,123.5032403764,121.29527859216,123.35850795323,27990997.545924
2019-04-22,122.60632192912,123.99871122655,122.55349987687,123.751504022,15648723.347838
2019-04-23,124.10435533106,125.59816296882,123.82122913098,125.46293851505,24025520.685933
2019-04-24,125.81578982411,125.87600696368,124.5153108976,125.01923327611,31256980.124395
2019-04-25,130.06690858956,131.38745989592,128.81713883321,129.14991776242,38033891.309643
2019-04-26,129.69398490064,130.53068620835,129.0136368676,129.89048293503,23654933.105905
2019-04-29,129.90104734548,130.18945575079,129.34324647367,129.76687933275,16324182.48628
2019-04-30,129.80913697455,130.71767627333,129.39606852592,130.62470946136,24166502.436834
2019-05-01,130.55181502925,130.67541863153,127.69308556124,127.87796274413,26821693.310726
2019-05-02,127.97198599714,127.992058377,125.53583294716,126.22040674438,27350163.123899
2019-05-03,127.34234713427,129.42670531623,127.23881591185,128.89108970637,24911125.72556
2019-05-06,126.39155019368,128.5498592488,126.12532705032,128.14735521063,24239462.629834
2019-05-07,126.46338818475,127.16803436183,124.22690249229,125.53583294716,36017659.610732
2019-05-08,125.46293851505,126.37042137278,124.75406657379,125.52526853671,28418995.789876
2019-05-09,124.28817607291,125.81578982411,123.55606242866,125.52526853671,27235836.047215
2019-05-10,124.91570205369,127.92972835534,123.81172116157,127.11521230957,30915082.370408
2019-05-13,124.11386330047,125.56752617851,123.02784190611,123.33843557337,33944922.405904
2019-05-14,123.86348677278,125.89502290249,123.69128688243,124.73293775289,25266314.959216
2019-05-15,124.26240147497,126.69904297977,123.70665775379,126.0285718616,24722709.201075
2019-05-16,126.7400922319,129.38092745243,126.44011692785,128.92938567897,30112215.379479
2019-05-17,128.29996381294,130.48188944553,127.92104763941,128.05577339,25770539.581861
2019-05-20,126.50116453359,127.58318071801,125.76438308506,126.20645195418,23706934.387014
2019-05-21,127.42740406889,127.51055511808,126.56431722918,126.88218579698,15293260.034718
2019-05-22,126.60536648131,128.22944330287,126.50116453359,127.66422667735,15396485.671252
2019-05-23,126.18540105565,126.27697246425,124.75604504549,126.17592815131,23603808.939325
2019-05-24,126.89271124624,127.40635317036,125.97594461528,126.22539776285,14123355.869425
2019-05-28,126.96533684617,128.0041986886,126.0601482094,126.16540270204,23128358.400254
2019-05-29,125.40230763035,125.41178053469,124.03505177085,124.96023876123,22763139.907886
2019-05-30,125.28021241888,125.76438308506,124.79709429762,125.74438473145,16829614.13973
2019-05-31,124.23187767211,124.6213192949,123.31405849622,123.68560685526,26646768.844171
2019-06-03,123.83927841453,124.37397123718,119.01862265126,119.84066023884,37983636.578353
2019-06-04,121.2900146026,123.27616687886,120.64375201774,123.15196657754,29382641.186055
2019-06-05,124.96971166557,125.87384775741,124.21082677358,125.83595614006,24926139.245492
2019-06-06,126.42011857425,127.97262234081,125.61807934028,127.81789823661,21458960.318607
2019-06-07,129.18515409611,132.22806147855,128.2504942014,131.39655098664,33885587.951381
2019-06-10,132.38383812767,134.08790836364,131.98492360054,132.58697929848,26477098.549545
2019-06-11,133.89424009717,134.24473755768,131.27129814039,132.08386282363,23913731.943858
2019-06-12,131.39655098664,131.95334725274,130.71765950906,131.49022748509,17092464.923338
2019-06-13,131.96387270201,132.66065744334,131.56285308502,132.29963453355,17200848.826308
2019-06-14,132.23858692782,133.80266868856,131.64179395451,132.43541282907,17821702.560062
2019-06-17,132.61855564628,133.7405685379,132.51751133333,132.8343273562,14517784.759874
2019-06-18,134.19316285629,135.22991960887,133.57426643952,135.14887364953,25934459.23135
2019-06-19,135.00362244967,135.94038743424,133.82371958709,135.69303937652,23744441.00505
2019-06-20,137.44026395447,137.64656276006,135.72461572431,136.94662038395,33042590.258836
2019-06-21,136.57717711476,137.71918835998,136.45613444821,136.96767128248,36727891.000119
2019-06-24,136.99714254042,138.39702729264,136.99714254042,137.77181560631,20628842.242479
2019-06-25,137.246595688,137.57498970506,132.71328468966,133.43112032952,33327419.362281
2019-06-26,134.35630731989,135.74356153299,133.60584278731,133.94581479856,23657745.55516
2019-06-27,134.14053560996,134.71627768475,133.51427137871,134.15106105923,16557481.783742
2019-06-28,134.58260447908,134.61312828195,133.14482810951,133.97633860143,30042969.324568
2019-07-01,136.62980436108,136.69927232623,134.97415119173,135.68251392725,22654160.708092
2019-07-02,136.13616079056,136.58770256402,135.33412155659,136.57717711476,15237844.903893
2019-07-03,136.79400136961,137.72971380925,136.31088324836,137.45078940373,13629296.46836
2019-07-05,135.9509128835,137.32764164734,135.72461572431,137.06029523601,18141139.614
2019-07-08,136.41403265115,137.0918715838,135.36569790438,136.95714583322,16779747.330939
2019-07-09,136.01301303417,136.96767128248,135.80566168365,136.45613444821,19953098.639804
2019-07-10,137.1234479316,138.58332774462,137.01819343895,137.84023102653,24204362.273214
2019-07-11,138.1928335769,139.22853778455,137.86128192506,138.39702729264,22327942.912063
2019-07-12,138.84962161102,139.13696637595,137.99600767565,138.90119631242,18936832.608593
2019-07-15,139.44746712926,139.53903853786,138.45807489837,138.90119631242,16651456.974532
2019-07-16,138.96329646308,139.05697296154,136.51507696409,137.08134613454,22726129.370536
2019-07-17,137.68866455712,137.92338207572,136.2372051035,136.28983234983,20210956.517209
2019-07-18,135.54989326652,136.61927891182,134.67522843261,136.42455810042,30808707.800053
2019-07-19,140.21582492559,140.65894633964,136.44560899895,136.61927891182,48992363.474315
2019-07-22,137.39921470234,139.19906652661,137.32764164734,138.42649855058,25080761.759289
2019-07-23,139.76428315213,139.99163285625,138.01705857418,139.30116338448,18034587.318742
2019-07-24,138.90119631242,140.73051939464,138.84962161102,140.71052104103,20738276.669255
2019-07-25,140.43264918044,140.60842418316,139.33273973227,140.18424857779,18356882.186517
2019-07-26,140.37054902978,141.6872827328,140.29897597478,141.34625817663,19037599.241254
2019-07-29,141.51361281993,141.5241382692,139.37484152933,141.02944215376,16605870.077547
2019-07-30,140.13583151118,141.22416296515,139.80638494919,140.35055067618,16846526.600317
2019-07-31,140.32949977765,140.49474933111,135.06572260034,136.28983234983,38598784.411502
2019-08-01,136.99714254042,140.9357656553,136.92767457527,138.04758237705,40557502.585867
2019-08-02,138.07810617991,138.31492878837,135.2509705074,136.89715077241,30791624.142993
2019-08-05,133.29744712385,133.94581479856,130.78818001913,132.19753767569,42749549.879446
2019-08-06,133.81319413783,135.68251392725,133.20587571525,134.69522678622,32696650.823742
2019-08-07,133.80266868856,135.65199012438,131.80599096304,135.27202140593,33414538.91252
2019-08-08,136.59822801329,138.99487281088,135.94038743424,138.89172340808,27496506.425105
2019-08-09,138.60437864315,139.39483988294,136.45613444821,137.69813746146,23466700.991888
2019-08-12,137.07082068527,137.85075647579,135.22991960887,135.79513623438,20484348.529055
2019-08-13,136.06458773556,138.7969943647,135.00362244967,138.59385319389,25496595.072307
2019-08-14,136.35048582322,136.9232680141,133.67435511089,133.99326680691,32527250.802706
2019-08-15,134.40449504652,134.57653951411,132.23086006575,133.68484562721,28125414.830331
2019-08-16,134.87551922913,136.45224383149,134.71081812296,136.12389067079,25026151.938061
2019-08-19,137.85587491463,138.55349424968,136.88235500047,138.40977417614,24370542.443871
2019-08-20,138.20416005634,138.71609725258,137.2316891938,137.25162117481,21188996.543087
2019-08-21,138.55349424968,139.48505209858,137.99854593654,138.79687422822,14982314.775318
2019-08-22,138.66469372263,139.19761195151,136.27705220901,137.77404888737,18709662.548272
2019-08-23,137.18028566385,138.34683107824,132.79420079194,133.39845453177,38515385.987635
2019-08-26,134.98671870208,135.57208951254,133.91039172801,135.45879193632,20325272.356058
2019-08-27,136.38090832054,136.71975199756,134.64892407669,135.75357544481,23115635.557014
2019-08-28,134.87551922913,135.77455647745,133.56210658631,135.57208951254,17410827.342495
2019-08-29,137.24113065849,138.44019667346,136.91382654942,138.1233830807,20179716.797007
2019-08-30,139.14725747319,139.17663091888,136.26656169269,137.85587491463,23946123.892788
2019-09-03,136.60540536971,137.18972712854,135.71161337955,136.03262317883,18880772.285245
2019-09-04,137.29358324007,137.68173234378,136.47322486412,137.61983829751,18015310.913802
2019-09-05,139.10739351119,140.38618745016,138.7664517309,140.05993239272,26119519.217366
2019-09-06,140.03895136009,140.17218091731,138.19366954002,139.09690299487,20824504.022675
2019-09-09,139.58890821011,139.75046216139,136.45224383149,137.50758977293,25773932.728681
2019-09-10,136.79947992157,136.88235500047,134.51569451947,136.07248714084,28903377.736229
2019-09-11,135.91932560261,136.26656169269,135.08952576198,136.1144492061,24726116.766993
2019-09-12,137.84538439832,138.42026469246,136.87186448415,137.50758977293,27009980.429234
2019-09-13,137.77404888737,138.06148903444,136.56344330445,137.3145642727,23363056.487093
2019-09-16,135.84799009166,136.69877096493,135.67384752081,136.31901427427,16731439.892647
2019-09-17,136.95369051142,137.50758977293,136.41237986949,137.38275262876,17976285.749097
2019-09-18,137.35547728634,138.67518423895,136.52357934244,138.52307175236,24473386.68904
2019-09-19,140.29387090658,142.3730912405,140.08091342536,141.08485583684,36095412.950584
2019-09-20,141.02296179057,141.6471475114,138.24507306997,139.44309003331,40040766.632128
2019-09-23,139.22803444883,139.62982122375,138.44019667346,139.13676695687,17408373.813496
2019-09-24,140.35576495285,140.69460862987,136.88235500047,137.37331116408,30016669.935199
2019-09-25,137.49709925661,139.95607628119,136.02213266252,139.36126400605,22544054.063325
2019-09-26,139.44309003331,140.17218091731,138.44019667346,139.53750468016,17813511.569472
2019-09-27,140.15224893631,140.35576495285,136.63687691866,137.72369440905,22498958.512631
2019-09-30,138.05099851812,139.20810246783,137.77404888737,139.02451843229,18430388.682846
2019-10-01,139.66024372107,140.24351642826,136.99460352505,137.065939036,22581928.587344
2019-10-02,136.24558066006,136.36097633954,133.59252908362,134.63843356037,32001763.252776
2019-10-03,134.94790379171,136.75017449488,133.22536101255,136.27705220901,26379799.215896
2019-10-04,136.75017449488,138.24507306997,136.41237986949,138.1233830807,23839549.580862
2019-10-07,137.1288821339,138.17478661065,137.01558455769,137.11839161759,16601284.766214
2019-10-08,137.07642955232,137.75411690636,135.63293450718,135.68433803713,26783335.443993
2019-10-09,137.45618624298,138.70560673627,136.96418102773,138.23563160529,20178483.200884
2019-10-10,138.49160020341,139.67073423738,138.24507306997,139.09690299487,18396606.301665
2019-10-11,140.12182643899,141.04394282321,139.4955426149,139.68017570207,25551063.679675
2019-10-14,139.69066621838,140.28338039026,139.51652364753,139.54799519648,13591641.070799
2019-10-15,140.07042290904,141.79086758494,139.81235620765,141.56532148413,19917763.050573
2019-10-16,140.79741568977,141.00198075794,139.52701416385,140.4071684828,20841686.533235
2019-10-17,140.96001869268,141.41111089428,139.01402791597,139.69066621838,22102798.486671
2019-10-18,139.7609526777,140.00747981114,136.55295278813,137.40373366139,32284428.531595
2019-10-21,138.45068718978,138.50209071973,137.00509404137,138.43075520878,20716040.278709
2019-10-22,138.97416395397,140.01797032746,136.25607117637,136.36097633954,27935269.260771
2019-10-23,136.88235500047,137.44569572666,135.62349304249,137.2316891938,31380308.951255
2019-10-24,139.392735555,140.41765899911,138.67518423895,139.94558576487,37278397.474848
2019-10-25,139.34238107668,141.15514229616,139.19761195151,140.7355216435,25959723.625848
2019-10-28,144.39356468305,145.67445672529,143.49138027984,144.18795056325,35280136.689788
2019-10-29,144.07465298703,144.49427363969,142.65004087126,142.83467395843,20589468.827092
2019-10-30,143.50187079615,145.00725988757,142.79585904806,144.60757121591,18496592.00012
2019-10-31,144.90655093093,144.93382627335,143.00147316786,143.36969029057,24605134.559836
2019-11-01,144.26033512583,144.41454571569,142.97000161891,143.70748491596,33128365.407386
2019-11-04,144.83521541998,145.00725988757,144.1564790143,144.54567716964,16911997.765753
2019-11-05,144.97578833862,145.0282409202,143.90260851944,144.45336062606,18250172.390944
2019-11-06,144.36419123737,144.51525467232,143.19344961645,144.05472100603,16575797.928584
2019-11-07,143.83022395686,144.8855698983,143.75888844591,144.26033512583,17786713.060016
2019-11-08,143.97289497876,145.99127031805,143.74839792959,145.97028928542,16752939.98964
2019-11-11,145.34610356459,146.42243053866,144.73240836007,146.11400935895,14370179.785015
2019-11-12,146.27975951675,147.57848543673,146.062605829,147.06549918886,18648711.773986
2019-11-13,146.7287536151,147.46833501541,146.27975951675,147.31307537392,17444231.056512
2019-11-14,147.01514471054,148.41143243226,146.99626178117,148.06104918729,19755100.128825
2019-11-15,148.9233696285,149.98815703462,148.26561425546,149.96822505362,23508806.259457
2019-11-18,150.06998306189,150.55359586408,148.97372410682,150.34588364101,21554761.697473
2019-11-19,150.89139048947,151.34143363945,150.20111451585,150.38679665465,23960164.83221
2019-11-20,150.31696053293,150.8491170327,148.4591175072,149.62275244678,25720059.647829
2019-11-21,149.39797121407,149.80675940938,148.49884628322,149.47951975431,18576084.296658
2019-11-22,150.0712694181,150.30650559187,148.80413056206,149.59243311772,15841678.524291
2019-11-25,150.00122131303,151.36977309731,149.91862727868,151.24640479285,22428585.992134
2019-11-26,151.38022803837,152.41003973243,151.33840827414,152.03157086618,24635100.167367
2019-11-27,152.32849119219,152.48113333161,151.53077918958,152.31803625113,15175799.368888
2019-11-29,152.10370995947,152.29712636902,151.29763400402,151.39800143816,11977300.276525
2019-12-02,151.80783512758,151.82874500969,148.31588481473,149.5516588476,27473616.729374
2019-12-03,147.48889897717,149.42933603724,146.65041270444,149.30387674456,25192145.527549
2019-12-04,150.14236301729,150.18313728741,149.19305436936,149.84544269128,17580617.105457
2019-12-05,150.0524505242,150.32741547399,149.47951975431,149.92803672563,17880600.915307
2019-12-06,150.99966818391,151.86951927981,150.2751407687,151.74510548124,16410400.66626
2019-12-09,151.08121672415,152.20512288772,150.92021063189,151.38022803837,16741349.883432
2019-12-10,151.17426569956,151.88938366782,150.76652299836,151.14290087639,16481060.668493
2019-12-11,151.55168907169,151.86951927981,150.33787041504,151.70537670522,18860001.26998
2019-12-12,151.663556941,153.42939648543,151.02998751298,153.22657062893,24645365.825155
2019-12-13,153.00178939622,154.90040669207,152.81778243363,154.53343826099,23850059.86512
2019-12-16,155.12623341889,155.92185443328,154.8314040811,155.5548860022,24152770.934051
2019-12-17,155.47124647375,155.72948351784,154.45188972075,154.69758083557,25443525.369737
2019-12-18,154.30029307543,155.50261129692,154.17797026507,154.3692956864,24132378.674413
2019-12-19,153.99187231426,155.79116767008,153.7388627407,155.72948351784,25813824.479772
2019-12-20,157.33118048769,158.49690641548,156.28882286436,157.39286463992,53599612.978248
2019-12-23,158.11948304334,158.11948304334,157.24963194745,157.39286463992,17726282.118372
2019-12-24,157.46604922732,157.70023990698,157.09908079624,157.36149981675,8989149.7317444
2019-12-26,157.54655227345,158.7415520362,157.38240969886,158.68091337807,14526927.1465
2019-12-27,159.46712494552,159.56853787376,158.2229869598,158.96528777481,18414351.467947
2019-12-30,158.98619765692,159.02801742115,156.71852094178,157.57687160251,16356719.198298
2019-12-31,156.74988576495,157.759833071,156.43310105094,157.69083046003,18393384.378477
2020-01-02,158.78128081222,160.70080799018,158.33067285268,160.60148605014,22634546.443507
2020-01-03,158.32126340573,159.96687112801,158.056753397,158.62863867279,21121680.502943
2020-01-06,157.05830652612,159.10852046728,156.49478520317,159.0384723622,20826700.748355
2020-01-07,159.33225620589,159.69086068412,157.29981566452,157.56641666146,21881739.699573
2020-01-08,158.93496844574,160.77294708347,157.9438400336,160.10905832638,27762025.601224
2020-01-09,161.82471415374,162.20213752588,161.00922875134,162.08086020962,21399952.001004
2020-01-10,162.82629750695,163.23508570225,161.16082539666,161.32392247714,20733945.540867
2020-01-13,161.75362055456,163.32604368945,161.24132844279,163.29572436038,21637007.122964
2020-01-14,163.39609179452,163.6135545685,161.71180079033,162.12267997385,23500782.683515
2020-01-15,162.62138066224,163.95961311747,162.57119694517,163.19431143213,21417870.631761
2020-01-16,164.34749143066,166.23669927956,164.05370758697,166.16456018627,23865359.935451
2020-01-17,167.42124410125,167.47142781832,165.42016838305,167.10445938724,34371657.943114
2020-01-21,166.68521625088,168.18550029247,166.43116118321,166.50225478239,29517190.639467
2020-01-22,167.40137971324,167.49233770043,165.66481400377,165.68572388588,24138777.20613
2020-01-23,166.18442457427,166.80858455534,165.25707130257,166.725990521,19680766.218013
2020-01-24,167.51324758255,167.53415746466,164.44890435891,165.02078963469,24918116.214887
2020-01-27,161.13259705581,163.38563685347,160.21047125463,162.27427661917,32078066.351474
2020-01-28,163.79547054288,165.73590760295,163.08244356283,165.45048771211,24899940.036864
2020-01-29,167.84989668456,168.75947655647,165.67526894483,168.03390364716,35127770.693031
2020-01-30,174.04863123692,174.04863123692,170.78041666268,172.78358336909,51597469.903766
2020-01-31,172.21169809331,172.40406900874,169.57287097066,170.23048676311,36142690.047384
2020-02-03,170.42494866676,174.49923919645,170.39358384359,174.38423484483,30149052.011769
2020-02-04,177.15374873068,180.64569904353,176.3048075169,180.12399748481,36433338.503262
2020-02-05,184.02578148707,184.1982880145,178.3989322105,179.8992162521,39186323.911728
2020-02-06,180.98130265144,183.81040970131,180.06335882668,183.61699329176,27751380.967039
2020-02-07,182.84019117127,185.62956944513,182.47322274019,183.88150330049,33529074.922436
2020-02-10,183.56576408059,188.84550931409,183.24897936658,188.70227662161,35844266.210142
2020-02-11,190.65316862274,190.70544332802,183.48317004624,184.44397912933,53159905.369429
2020-02-12,185.57834023395,185.85225968963,181.85010825323,184.71894407911,47062921.351838
2020-02-13,183.07438185094,186.23072855587,182.86110105339,183.69854183201,35295834.484025
2020-02-14,183.24897936658,185.41419765937,182.63736531478,185.36192295408,23149517.589545
2020-02-18,185.60865956301,187.69232931556,185.50724663477,187.21244752107,27853113.116712
2020-02-19,188.06523398947,188.1788824319,186.4574734554,187.27282283131,29997472.963049
2020-02-20,186.93396279657,187.24258608975,181.10035696769,184.43056912451,36862375.151044
2020-02-21,183.15854068641,183.4932301361,177.26133343563,178.58445154051,48600384.994294
2020-02-24,167.7690818778,174.56400755908,163.24921033747,170.89702066004,68311066.933484
2020-02-25,174.20533724538,174.84656469574,167.64604961903,168.07353458594,68073295.592119
2020-02-26,169.70423333774,173.24818797802,168.21741976992,170.16404033873,56387147.992683
2020-02-27,163.33887791589,167.0361015565,157.98280407444,158.18612009529,93174906.360082
2020-02-28,152.40151864067,163.72569967863,151.99488659898,162.00429070214,97073558.432471
2020-03-02,165.29488230105,172.92288234467,162.31187134906,172.78942362329,71030810.352515
2020-03-03,173.79766255743,174.99044987972,162.25973903602,164.48995938775,71677019.448561
2020-03-04,168.49372102902,170.70308845554,165.61080411806,170.55086210147,49814383.341729
2020-03-05,166.03828908496,170.87616773482,165.68066141753,166.27184184737,47817249.990832
2020-03-06,162.61736670346,163.12722072496,155.98613648511,161.56637927262,72821057.380879
2020-03-09,151.0168844064,157.75029395829,150.00968811852,150.62797735114,70419274.607183
2020-03-10,158.16630981633,161.01794733947,152.57459791995,160.90534154331,65354385.841768
2020-03-11,157.11740767802,157.69920429152,151.15972694412,153.62350005826,56504303.481722
2020-03-12,145.30318289751,153.45980459533,138.58124245449,139.06085973443,93226365.025769
2020-03-13,147.4948253376,161.90419666111,140.7217952278,158.83777400825,92727445.252037
2020-03-16,140.00653989293,149.35699155929,135.01852018152,135.41368311434,87905867.94423
2020-03-17,140.00653989293,147.4948253376,135.01852018152,146.5783392744,81059817.076985
2020-03-18,138.01195759612,145.99654266091,135.03937310673,140.40587341079,81593172.571488
2020-03-19,142.75704072877,150.15982918007,138.99934360504,142.69448195313,85922660.493474
2020-03-20,145.99654266091,147.09757711226,135.85472248264,137.34987722055,84866214.725174
2020-03-23,137.00371866198,140.55809976486,132.52346767955,135.97462680262,78975177.97296
2020-03-24,143.74546938396,149.60305607683,141.27126980721,148.32789969994,82516727.231673
2020-03-25,148.90761102091,154.33875539313,144.43778650109,146.92345518671,75638225.148251
2020-03-26,148.38837318306,156.6398756906,148.35709379524,156.09978492753,64694426.613185
2020-03-27,151.74882208144,154.9080402515,149.20580785148,149.7021074716,57042290.796204
2020-03-30,152.43279802849,160.58107855622,150.01907193487,160.20364060983,63420324.583505
2020-03-31,159.41852797549,164.76626064685,156.54708017339,157.70858810786,77927186.724487
2020-04-01,152.99165642425,157.75029395829,150.83442131077,152.09706593253,57969925.425019
2020-04-02,151.85204406126,155.49713538882,150.36627313969,155.27400908902,49630734.674448
2020-04-03,155.12074008869,157.37077071938,152.17839234087,153.82890137163,41243284.424926
2020-04-06,160.29435083451,166.50643725604,157.57408674023,165.25421909688,67111697.556594
2020-04-07,169.57077461637,169.99096105945,163.27736178651,163.51299984144,62769037.865854
2020-04-08,165.66189378483,166.67951653532,163.52342630404,165.11137655916,48318233.806457
2020-04-09,166.36463736457,167.38226011506,163.3493043785,165.12076037551,51431775.208262
2020-04-13,164.34711685003,165.55971445128,162.30144488645,165.4981983219,41905263.508012
2020-04-14,168.99314858791,173.74657289065,168.00367728647,173.6975685164,52874338.209732
2020-04-15,171.20147336817,173.56410979502,169.23608516667,171.8833640227,40940832.570083
2020-04-16,174.30543128641,177.29157017719,172.90307206571,177.04759095217,50479609.706705
2020-04-17,179.50093760371,179.99827987009,175.86523009249,178.59383535686,52765625.457218
2020-04-20,176.63991626422,178.74814700345,174.98002341712,175.05300865537,36669595.405962
2020-04-21,173.49216720303,173.66628912858,166.10918903069,167.82121419084,56203747.756703
2020-04-22,171.3839364638,174.0030638708,170.82507806804,173.51302012825,34651603.645057
2020-04-23,174.11566966696,175.05300865537,170.91578829273,171.41521585163,32790804.090607
2020-04-24,172.06686976459,174.57443402169,170.71247227188,174.56400755908,34305320.849269
2020-04-27,176.59925306005,176.90370576819,173.28885118219,174.05519618383,33194384.178669
2020-04-28,175.58163030957,175.66087142538,169.39143945952,169.8064126713,34392695.022181
2020-04-29,173.21795123646,177.66796547732,171.8833640227,177.44588182378,51286559.747258
2020-04-30,179.99827987009,180.40803985056,176.23328422253,179.20795400444,53875857.093527
2020-05-01,175.79433014676,178.63554120729,174.01349033341,174.58486048429,39370474.739
2020-05-04,174.50249142969,179.00255269107,173.79766255743,178.83885722814,30372861.498933
2020-05-05,180.62178233401,183.64545649017,179.89922847531,180.76462487173,36839166.95405
2020-05-06,182.06897534393,184.20535753219,181.64149037702,182.537123515,32139299.381852
2020-05-07,184.17512079063,184.56402784589,182.57570142665,183.59749476218,28315993.67595
2020-05-08,184.9915128128,185.01236573801,183.35038759838,184.69540127474,30912637.911572
2020-05-11,183.13768776119,187.50533294745,182.84157622314,186.72334825189,30892661.285396
2020-05-12,186.78277908876,187.02571566751,182.2900163512,182.50584412718,32038197.661067
2020-05-13,182.54546468509,184.05417382439,176.54816339328,179.75638593759,44711487.532823
2020-05-14,177.54597586481,180.69476757226,175.67129788799,180.5289868168,41873910.102892
2020-05-15,179.05259971159,187.04656859273,177.00692774801,183.1481142238,46610383.487477
2020-05-18,185.75472987566,186.20202512152,183.96242095344,184.9195702208,35306620.760018
2020-05-19,185.04260247957,186.58988953052,183.4828036735,183.62668885748,26799116.328942
2020-05-20,184.81149135519,185.84708284749,183.94849844495,185.66720601198,31261333.869547
2020-05-21,185.41038763989,186.66120748451,183.28929663158,183.4307026988,29119512.432475
2020-05-22,183.18636133264,184.46733394159,182.52715951927,183.51180323735,20826898.303728
2020-05-26,186.32640782535,186.48652940147,181.1058205936,181.56331081108,36073609.278284
2020-05-27,180.20331716457,181.99064826423,176.60578045438,181.80453292575,39517145.7076
2020-05-28,180.73982841962,184.15124979133,180.38319400008,181.41046748842,33831822.480578
2020-05-29,182.72055311121,184.27290059916,180.40398900997,183.24770661181,42146719.84246
2020-06-01,182.52715951927,182.9940074912,181.46037551215,182.82036915866,22668819.720191
2020-06-02,184.25210558927,185.00488494713,181.35847996371,184.91338690363,30794585.309893
2020-06-03,184.82188886014,185.92922313654,183.58458577195,185.36879762012,27311014.881038
2020-06-04,184.30305336349,185.83772509304,182.303613163,182.91082745166,28761809.921743
2020-06-05,182.60826005783,187.72695174114,182.00936377313,187.19875849005,39893643.726688
2020-06-08,185.92922313654,188.55979188705,184.4475786822,188.36639829512,33211590.398374
2020-06-09,188.00144587163,190.69232015081,187.2611435197,189.80853223067,29783916.125603
2020-06-10,191.11653835247,198.52268112318,191.00528504958,196.84556357592,43872327.311472
2020-06-11,193.12949530938,195.76110381039,186.06127144931,186.25362529075,52854672.002081
2020-06-12,190.5290793232,191.71751413816,185.18788103412,187.73630949559,43373587.591352
2020-06-15,184.57858724448,190.81501070913,184.02128097954,188.94553932043,32770342.010551
2020-06-16,192.88723344422,195.57498847192,191.45341751261,193.57554827143,42556656.496726
2020-06-17,195.01768220698,196.32672807928,193.69927858025,194.23890908677,25687821.66355
2020-06-18,194.00184597408,196.50244591281,194.00184597408,196.32672807928,23061647.617243
2020-06-19,198.59442390729,199.27234122955,194.36887789856,195.13933301481,44441140.562429
2020-06-22,195.79229632522,200.76646268982,195.22147330386,200.57410884838,32818929.896359
2020-06-23,202.0973433225,203.93458244588,201.43710175863,201.9143472355,30917446.372554
2020-06-24,201.61074009118,203.26498312756,196.57210919592,197.83956504844,36740646.981514
2020-06-25,197.79901477917,200.61465911766,195.46581467002,200.34016498717,27803932.207984
2020-06-26,199.71943394209,199.88371452019,194.86691838532,196.33712558422,54675780.307684
2020-06-29,195.78189882028,198.53307862812,193.55475326154,198.43950108364,26701584.701949
2020-06-30,197.88115506821,204.39207266336,197.74078875149,203.49892698878,34310283.769272
2020-07-01,203.15165032369,206.35408184605,201.77190141779,204.69671955818,32061206.425471
2020-07-02,205.67200552181,208.01872238738,205.00032670251,206.26050430157,29315761.447657
2020-07-06,208.81933026798,211.13485461872,208.089425421,210.69919916162,31897628.982336
2020-07-07,210.44342054003,214.65960879431,207.98752987256,208.25058674761,33600732.650636
2020-07-08,210.05767310666,213.26842263297,208.69767946015,212.83900567884,33600024.668106
2020-07-09,216.34608409602,216.39495236925,211.48005178282,214.30505387576,33121681.540616
2020-07-10,213.61465954757,214.05967275912,211.08286709401,213.65417006635,26177632.335588
2020-07-13,214.46517545188,215.8064535895,206.50380591723,207.08294694254,38135606.916092
2020-07-14,206.12845598879,208.83908552737,202.03703779383,208.35144254555,37591819.222807
2020-07-15,209.540917111,211.33760596511,205.03151921734,208.03951739727,32179408.982787
2020-07-16,205.38711388638,205.69072103071,202.31153192432,203.90338993105,29940652.035207
2020-07-17,204.46381544746,205.04191672228,201.39551173886,202.88859344864,31635281.576049
2020-07-20,205.00032670251,212.3004149228,203.02064176141,211.61417959658,36884836.140937
2020-07-21,213.65417006635,213.92762444634,208.02911989233,208.73822972942,38105777.120926
2020-07-22,209.1967596974,212.3004149228,208.39303256532,211.76494341825,49605692.913423
2020-07-23,207.20355799987,210.9217057674,202.15556935017,202.54443603503,67457034.193332
2020-07-24,200.42230527622,202.86883818925,197.51828214571,201.30193419438,39826988.993263
2020-07-27,201.47765202791,203.95537745576,200.86731848777,203.83268689744,30160866.111283
2020-07-28,203.59874303623,204.69671955818,201.74070890296,202.02664028888,23251386.934934
2020-07-29,202.50284601526,204.64681153445,202.01624278394,204.04791524975,19632602.67454
2020-07-30,201.00976430548,204.45341794252,199.55827261548,203.88363467166,25079595.744033
2020-07-31,204.39207266336,205.10326200144,198.98952909511,205.01072420745,51247968.180179
2020-08-03,211.53203930754,217.64473246337,210.43406278558,216.53739818697,78983008.469334
2020-08-04,214.15117080261,214.76150434275,210.3030542233,213.28921764286,49280055.413907
2020-08-05,214.89251290503,214.99544820396,211.58298708176,212.95233848271,28858621.362989
2020-08-06,212.34096519208,216.38559461481,211.56323182236,216.36479960492,32656843.253709
2020-08-07,214.84052538032,215.70455804106,210.93210327234,212.48653026128,27820420.618893
2020-08-10,211.6838428797,211.89491223004,206.35408184605,208.25058674761,36716462.337723
2020-08-11,207.17340523554,207.67248547279,203.15165032369,203.37623643045,36446459.070294
2020-08-12,205.28521833794,210.27186170848,204.7466275819,209.18636219245,28041363.355708
2020-08-13,209.41926630317,211.35840097499,208.15077070016,208.70807696509,22588869.882313
2020-08-14,208.74758748387,209.57106987534,207.53003965508,208.89107305208,17958936.900089
2020-08-17,209.58146738028,211.19619989789,208.90043080653,210.27186170848,20184756.180849
2020-08-18,210.52452107858,212.36176020197,209.20715720234,211.50084679271,21336167.171524
2020-08-19,211.508404989,212.10793154472,209.23995416311,209.69530391737,27627560.435283
2020-08-20,209.53038225238,215.00495173526,208.89351494233,214.5755330604,26981479.36458
2020-08-21,213.84738835086,216.24964354645,212.84229971332,213.01655656689,36249319.072872
2020-08-24,214.79024239783,215.52979678231,212.43881211786,213.67624322682,25460146.294814
2020-08-25,213.09953602097,216.60438071264,213.09953602097,216.46020391118,23043695.718333
2020-08-26,217.89056225087,222.09347159999,217.36467996064,221.1423196076,39600827.427436
2020-08-27,222.90563300679,231.15379074227,219.39975107194,226.58058557932,57602195.164095
2020-08-28,228.1841635294,230.63413191109,226.58058557932,228.92268067071,26292895.622735
2020-08-31,227.00689252465,228.71004581963,224.30383680802,225.51844856711,28774154.382724
2020-09-01,225.49770370359,227.46431676527,224.42519425961,227.28176196629,25791235.785851
2020-09-02,227.96945419197,232.86524198265,227.36162969084,231.65996541215,34080837.923869
2020-09-03,229.26911989149,229.30853513218,214.96346200822,217.30451985644,58400288.923419
2020-09-04,215.10348983698,218.35732168007,205.18537058816,214.24361524409,59664071.204147
2020-09-08,206.51200461025,210.02722173368,202.20640818671,202.67213037273,52924330.055112
2020-09-09,207.59799821551,214.84003007028,206.71426702957,211.30303084015,45678987.750895
2020-09-10,213.3920385966,214.73941748221,204.10145146925,205.36896263031,35461514.394923
2020-09-11,207.21110651087,208.62071998704,201.24384651939,204.0215837447,33620071.855341
2020-09-14,204.2331813526,209.18809200431,204.0215837447,205.40941511417,30375767.753282
2020-09-15,208.40704789279,209.77517164192,206.94868398734,208.76282230215,21823942.09875
2020-09-16,210.62571104623,210.65579109833,204.63978067759,205.04326827305,26372462.281369
2020-09-17,200.04997962383,204.32445875209,199.95870222434,202.90654733051,34011257.320133
2020-09-18,202.81526993102,203.63572928323,196.25055787017,200.39330711508,55225325.570263
2020-09-21,197.20274710573,202.72399253153,196.38125051035,202.55181016432,39839657.694854
2020-09-22,205.05364070481,208.1041728854,202.08505073512,207.41440617336,33517064.568879
2020-09-23,207.9008732229,208.1041728854,200.03027200348,200.59764402075,30803780.311904
2020-09-24,199.84667996133,205.57018780645,199.18803054458,203.17934228579,31202494.059854
2020-09-25,203.53511669516,209.02524482568,202.55181016432,207.818931012,29437311.538211
2020-09-28,210.88917081293,212.57261648757,208.06268315836,209.42976966431,32004934.81787
2020-09-29,209.34056675118,210.06871146072,206.82836377893,207.25259623791,24464472.363979
2020-09-30,207.72765361251,211.98449960678,206.55245709411,210.3332084706,33829087.081317
2020-10-01,213.48124150973,213.97808099103,211.33414813543,212.46992941314,27158417.214643
2020-10-02,208.00356029733,211.00119307594,205.53907051117,206.19771992793,33154782.104933
2020-10-05,207.23185137439,210.41307619515,206.99950890297,210.38195889987,21331559.609894
2020-10-06,208.80223754284,210.18073372373,204.82026099021,205.91558978406,28554258.828277
2020-10-07,207.07937662752,210.11020118776,206.73501189309,209.82703380072,25681053.582607
2020-10-08,210.51576326958,211.20345549526,208.30643530471,210.58422131919,19925836.569394
2020-10-09,211.24390797912,215.87312427357,211.24390797912,215.8243738443,26458046.039012
2020-10-12,218.78259138222,223.86923191728,216.80768037514,221.3974814289,40461368.330106
2020-10-13,222.7324133964,225.19379145302,220.41106316853,222.87555295468,28950842.507386
2020-10-14,223.00728283803,224.21255940853,219.12591887348,220.84670530244,23451713.464847
2020-10-15,217.09914570759,220.34260511891,216.00485415692,219.66321083864,22733063.9691
2020-10-16,220.16005031994,222.29677126248,219.31884610421,219.66321083864,26057882.304442
2020-10-19,220.40069073677,222.30714369424,213.7073605221,214.21353519198,27625840.982123
2020-10-20,215.81400141254,217.3750523924,213.08916358921,214.64710283955,22753511.840335
2020-10-21,213.11820639814,216.91555366544,213.11820639814,214.79957758642,22724905.943625
2020-10-22,213.91792088683,216.04530664078,211.6982204902,214.89189222908,22351450.982357
2020-10-23,215.03399454419,216.27868635538,213.14932369342,216.22993592611,18879607.557031
2020-10-26,213.8370159191,216.33054851418,208.1041728854,210.07908389248,37111560.674623
2020-10-27,211.60175687484,214.66784770307,210.3332084706,213.2406010929,36700324.135479
2020-10-28,207.66853075148,208.82194516318,202.10579559864,202.69287523625,51195592.636269
2020-10-29,204.06099898538,207.3521715828,203.35152465301,204.72068564531,31432564.197072
2020-10-30,203.48429177953,204.28296902505,199.61330024674,202.48127762835,36980112.329954
2020-11-02,204.28296902505,205.27664798765,200.12051215979,202.34021255642,30842163.007447
2020-11-03,203.87844418641,208.12388050574,203.10777250665,206.44458380381,27512031.344684
2020-11-04,214.00919828631,218.31790643938,212.41806725434,216.37929894345,42311777.294786
2020-11-05,222.04368392754,224.11090957729,221.1423196076,223.29978541366,36080135.542004
2020-11-06,222.26669121038,224.35362448047,218.03059007963,223.7343903044,25231894.316448
2020-11-09,224.43556669137,228.12296618202,217.89056225087,218.38532724582,44394950.075029
2020-11-10,214.4977398222,216.49028396328,209.71604878089,211.02193793946,44045119.334177
2020-11-11,212.39732239082,218.04096251139,212.20750688962,216.54214612208,29440787.952696
2020-11-12,217.21220521377,219.10621125313,214.45728733834,215.44992905776,21616115.289312
2020-11-13,216.35959132311,217.42172833532,214.1523378446,216.50065639504,18630306.589764
2020-11-16,214.87114736556,217.75053442211,214.51744744255,217.23295007729,24953343.891356
2020-11-17,216.09716879958,217.68829983155,214.0703956337,214.45728733834,24154112.0554
2020-11-18,213.64383341944,215.17804840434,210.94576687824,211.08025639141,28372789.191866
2020-11-19,211.37923692454,213.01690538111,209.93606099472,212.42101338428,24792745.746151
2020-11-20,212.20893376735,213.26829731727,210.00640935545,210.39953254781,22843119.16263
2020-11-23,210.96645757257,212.28652387111,208.14735046951,210.11607003543,25683506.841353
2020-11-24,209.59156093405,214.24903622872,208.85393768103,213.85591303637,33979731.386594
2020-11-25,215.11804539077,215.30012350091,212.46032570351,213.86625838354,21012887.827704
2020-11-27,214.85630810744,216.2705170652,214.03592207708,215.24012048734,14512212.645597
2020-11-30,214.09695962537,214.76423451765,210.84231340656,214.06695811858,33064752.78442
2020-12-01,214.51180804677,217.33091514984,213.33968021273,216.21051405163,30931318.183062
2020-12-02,214.88734414894,215.46151091672,212.79448041702,215.37150639637,23724508.356768
2020-12-03,214.61215791429,216.37914321045,213.64383341944,214.23869088156,25120922.605338
2020-12-04,214.21903472194,215.38185174353,213.17001651918,214.36076597813,24666039.029227
2020-12-07,214.3711113253,215.53289381218,212.97552399244,214.28938308268,24603087.959865
2020-12-08,213.96764278578,216.90468684655,212.88345040265,216.00774524715,23268213.552469
2020-12-09,215.16770305717,215.22977514018,211.21681497402,211.80236162368,32419939.270724
2020-12-10,211.77132558218,213.06759758223,210.36953104102,210.53195299155,26466814.686925
2020-12-11,210.05503248714,213.30864417123,209.10636415191,213.24967569237,30979440.47042
2020-12-14,212.97552399244,216.21051405163,212.87310505549,214.19834402761,28798378.402247
2020-12-15,215.16770305717,215.41288778504,212.2368662047,214.12799566687,27018106.128529
2020-12-16,214.75388917048,220.1003645865,214.7238876637,219.28204762557,35023253.479542
2020-12-17,219.85621439335,220.88764550592,217.91749633422,219.42170981233,32515784.03044
2020-12-18,218.58270215707,219.69689604698,216.01809059432,218.58270215707,63354922.094721
2020-12-21,217.55437464865,224.00056046853,217.2916028306,222.59462778851,37181885.332542
2020-12-22,222.69601219075,225.6258145085,221.85907360492,223.93848838553,22643396.726519
2020-12-23,223.12017142461,223.55467600563,220.79867552028,221.01903141495,18699638.410285
2020-12-24,221.42353448918,223.60640274146,221.20110952509,222.75808427375,10550571.514972
2020-12-28,224.43506504956,226.03031758274,223.03016690425,224.95026333848,17933494.899675
2020-12-29,226.31378009512,227.19313460434,223.57536669996,224.13194637756,17403212.548646
2020-12-30,225.2233805037,225.6258145085,221.47319215559,221.68630630723,20272336.43553
2020-12-31,221.70596246685,223.01154527935,219.68655069981,222.42496409497,20942132.448752
2021-01-04,222.53565930966,223.01154527935,214.81492671877,217.69610590484,37130138.979534
2021-01-05,217.27194667098,218.51545740048,215.6953157627,217.89680563988,23822952.90361
2021-01-06,212.17893226057,216.49294202929,211.9461619493,212.24617701715,35930652.420651
2021-01-07,214.03592207708,219.34308517386,213.70383643301,218.28268708922,27694480.286038
2021-01-08,218.67581028157,220.57521602147,217.038141825,219.62551315152,22956205.449313
2021-01-11,218.46373066465,218.90754605812,216.73709222244,217.49230256564,23047028.770166
2021-01-12,216.50328737646,217.10952472046,213.30864417123,214.93700181534,23249336.148789
2021-01-13,214.01523138275,216.76812826394,213.92729593182,216.34086542593,20087080.572787
2021-01-14,215.90532631019,217.46126652414,212.73447740345,213.00656003394,29346736.547678
2021-01-15,213.5114129757,214.51180804677,212.03823553909,212.64343834837,31746512.264365
2021-01-19,213.74314875225,216.98641508917,212.62274765404,216.44121529346,30480860.281878
2021-01-20,217.70645125201,225.79030552846,217.30091364305,224.32333530015,37777261.32588
2021-01-21,224.68749152044,226.30343474796,222.42496409497,224.96060868565,30749552.784424
2021-01-22,227.09485380625,230.0618993738,225.79961634091,225.94962387484,30172663.286537
2021-01-25,229.10392022612,229.77016058369,224.20332927301,229.51669957809,33152094.54794
2021-01-26,231.87130059335,234.17417487277,230.07224472097,232.33580668115,49169599.774902
2021-01-27,237.99574611633,240.44035165194,230.13431680397,232.89031728932,69870638.831664
2021-01-28,235.61010905958,242.63253071668,235.08353088876,238.93510363912,49111158.499962
2021-01-29,235.9949559742,238.01436774123,231.3550677697,231.9737195303,42503137.939105
2021-02-01,235.05352938198,242.49390306464,232.43615654868,239.65307073252,33314192.809314
2021-02-02,241.30936081399,242.29837600318,238.69198798069,239.51133947633,25916336.730293
2021-02-03,239.5713424899,245.09782694662,239.25994754017,242.9987560064,27158105.704495
2021-02-04,242.65322141101,243.23876806067,240.36793422177,241.99836093533,25296098.97364
2021-02-05,242.21768229527,243.27911491463,240.41966095761,242.1887153232,18054752.65279
2021-02-08,243.14876354032,243.6856870583,240.81381868468,242.46286702313,22211930.03774
2021-02-09,241.86490595687,244.76470676784,241.39108905661,243.77362250922,23564953.472979
2021-02-10,245.0098914957,245.90786762981,240.89451239259,242.81564336154,22186705.076148
2021-02-11,244.78539746217,245.15886449491,242.1390576568,244.49365867206,15751058.220038
2021-02-12,243.93811352918,245.30163028582,242.72356977175,244.99954614853,16561078.457752
2021-02-16,245.0098914957,246.12098178146,242.91599322906,243.7043086832,26728487.665261
2021-02-17,241.31944440794,244.31476533331,240.93651399329,244.20226017105,21673109.160414
2021-02-18,241.79320467835,243.93183491866,240.86632728656,243.79868660737,16925562.758337
2021-02-19,243.75843246674,243.86990547155,240.17994258106,240.96747871685,25262599.377116
2021-02-22,237.41892139727,237.93396796576,232.3964432364,234.5030765957,36446935.641269
2021-02-23,230.32077460066,234.82820619304,228.72815565241,233.27584138541,30171610.586018
2021-02-24,230.01009520765,235.19875071827,228.98929148773,234.54333073632,26339745.605324
2021-02-25,232.08576384339,234.57429545988,227.89107595893,228.97896991321,39542233.247531
2021-02-26,231.53046313427,235.37318532764,229.53323846488,232.37580008736,37819226.800097
2021-03-01,235.90681073026,237.46743279751,233.15301464863,236.93277523743,25332836.270508
2021-03-02,237.00296194416,237.2981589754,233.44717952242,233.86107466063,22812458.718494
2021-03-03,232.15698270757,233.57619920391,227.26558854309,227.56801067649,34029526.372841
2021-03-04,226.72989882556,232.48830524962,224.25375309849,226.72989882556,44727785.919477
2021-03-05,229.51259531584,233.27584138541,226.47082730514,231.60168199845,41872769.133193
2021-03-08,231.3797681463,233.37699281569,227.1365688616,227.39667253948,35267441.079738
2021-03-09,232.88155723879,235.38350690215,231.67290086263,233.76921264741,33080531.303974
2021-03-10,236.99264036964,236.99264036964,232.04447754531,232.41708638544,29746812.728534
2021-03-11,234.95825803198,239.17358906547,234.30490236494,237.12578868094,29907585.174902
2021-03-12,234.00144807408,235.82630244901,233.23455508733,235.75508358483,22653661.185692
2021-03-15,234.95825803198,235.17810756923,231.81224211864,234.807563044,26042669.405637
2021-03-16,236.29077330236,240.04989074212,235.94396839853,237.71102195615,28092196.218661
2021-03-17,236.15968930597,238.5573910667,233.23455508733,237.03392666772,29562099.29078
2021-03-18,232.5595241138,234.18104347071,230.33006401773,230.7233160069,34852250.963493
2021-03-19,231.02883461266,232.4779836751,229.34435365118,230.35070716677,46430729.784389
2021-03-22,230.26916672807,236.89252109681,230.13911488913,235.99454411367,30127003.924495
2021-03-23,237.48807594655,241.04798699809,237.06489139127,237.57787364486,31638375.221912
2021-03-24,237.85139536961,238.00105820013,235.32260961249,235.4619508685,25620126.183279
2021-03-25,235.30196646346,236.93277523743,231.58103884941,232.33451378929,34061854.051421
2021-03-26,231.56039570038,236.70363628311,231.56039570038,236.47965811606,25479852.764419
2021-03-29,236.58080954634,236.79446613888,231.88242882536,235.24003701634,25227454.644527
2021-03-30,233.52459133131,233.84146366904,231.10831073645,231.85352841671,24792011.497038
2021-03-31,232.91148980489,239.10237020129,232.38612166188,235.77572673387,43623470.99082
2021-04-01,238.47688278545,242.84187664947,238.05060175782,242.34747323002,30337981.431267
2021-04-05,242.76033621077,249.95963443766,242.69943892111,249.08230060356,36910609.835982
2021-04-06,247.61044407717,249.40639804345,246.87554797143,247.86125833798,22931922.638752
2021-04-07,247.81171478029,250.92779812753,247.18622736445,249.89976930545,22719835.173024
2021-04-08,252.7732956515,254.14296859015,251.99608109023,253.25634533898,23625196.654304
2021-04-09,252.87238276688,255.97917669705,252.43784447963,255.84706054321,24326833.550959
2021-04-12,254.70652655888,257.67191491814,254.61569670311,255.90795783287,27148668.615179
2021-04-13,257.24873036287,259.19434715967,256.82451365014,258.48938362003,23837469.609152
2021-04-14,257.46961205757,258.82999557915,255.1606758377,255.59521412495,23070938.302513
2021-04-15,257.93305075347,259.93027542286,257.7328122078,259.50812302504,25627481.273232
2021-04-16,259.47715830148,260.99959054301,257.60069605396,260.7446476524,24878582.344073
2021-04-19,260.19244341564,261.47231865598,257.82364206357,258.74019788084,23209259.621977
2021-04-20,257.82364206357,260.20276499016,256.83483522466,258.26746976788,19722875.565803
2021-04-21,258.94146858396,260.68684683509,257.24873036287,260.58672756226,24030383.253062
2021-04-22,260.21205440723,261.77474078938,255.64682199754,257.16718992417,25606153.000249
2021-04-23,257.88350719578,261.50225122208,257.26834135445,261.14925337354,21499286.017011
2021-04-26,261.65501052496,262.43119292878,260.17283242405,261.54353752016,19763345.919153
2021-04-27,261.57347008626,263.1857000261,260.12225670891,261.96672207543,31014213.261991
2021-04-28,256.06897439536,256.53344524871,252.95289104812,254.55686372835,46903118.991959
2021-04-29,255.46516228601,256.0896175444,249.01004958193,252.51009550127,40589023.734967
2021-04-30,249.73875274296,253.08500720197,249.5963150146,252.17877295921,30945097.238679
2021-05-03,253.40807248441,254.35559302524,251.11048999651,251.85364336187,19626568.027872
2021-05-04,250.9690844256,251.19822337992,245.75462497869,247.79107163125,32756052.310618
2021-05-05,249.07197902904,249.50445300138,245.81552226835,246.46268499068,21901325.252261
2021-05-06,246.44204184164,249.85951516483,244.6966635905,249.72843116844,26491084.88845
2021-05-07,252.14780823566,254.30398515264,251.15900139675,252.45848762867,27032911.50155
2021-05-10,250.86690083787,251.72359152293,247.11707281517,247.17693794738,29299890.085961
2021-05-11,244.5552580196,246.59273682962,242.57041923962,246.21806367458,33641589.270279
2021-05-12,242.16581351848,244.38495204004,238.07124490686,239.00225092846,36684369.649625
2021-05-13,241.79320467835,245.59360841619,241.41233857861,243.03592225042,29624298.652968
2021-05-14,245.57296526715,249.18345203384,245.48316756884,248.15439105432,23901081.466026
2021-05-17,246.54319327193,246.5824152551,243.52929351242,245.18177759289,24970167.348859
2021-05-18,246.25831781521,246.40178770102,242.90277393913,243.08443365066,20167975.058633
2021-05-19,239.304302629,243.23703092243,238.60199294162,243.1268445052,25739806.898337
2021-05-20,243.96096598142,247.95445127126,243.86313691939,246.47774732448,21800715.6461
2021-05-21,247.56313502316,248.33752928256,244.73639002042,245.16786767294,21863058.632081
2021-05-24,247.78453763722,251.1539764893,247.51370560235,250.7719282576,21411546.719397
2021-05-25,251.76566557186,252.75425398812,250.81003010281,251.71623615105,17704302.456314
2021-05-26,251.42583830377,252.94373343457,250.74309442879,251.48659530019,17771599.594994
2021-05-27,251.1642742853,251.47629750419,249.2540331268,249.31479012322,24426243.583906
2021-05-28,250.99436065126,252.07974834994,249.56399678649,249.67521298331,18274942.702271
2021-06-01,251.22297172252,251.28269893934,246.9596841774,247.40248940552,23213310.315547
2021-06-02,248.12745424411,249.27359893921,245.83413507431,247.30054122509,19406705.613654
2021-06-03,245.21832687335,246.33666751924,243.00739007157,245.70129350588,25307710.929475
2021-06-04,247.76394204521,251.64827069743,247.51370560235,250.781196274,25281093.916419
2021-06-07,249.97796818579,254.08884835007,249.80702477215,253.821105654,23079167.409915
2021-06-08,255.15672979555,256.00320862697,252.51225578206,252.57198299887,22454997.857221
2021-06-09,253.821105654,255.52024199444,253.21662502864,253.59764348074,17937634.79649
2021-06-10,254.10944394207,257.46034676135,253.67693650996,257.23997392689,24563619.663243
2021-06-11,257.98450457789,258.48806680242,256.60459991353,257.89388397306,18999731.36472
2021-06-14,257.90418176907,259.9555027328,256.79716869878,259.89577551599,19150507.417984
2021-06-15,259.78249975996,259.99566413721,257.68277915501,258.36552302999,18038930.963838
2021-06-16,259.40251108746,260.57851939097,254.42352672016,257.37899417293,27219956.207079
2021-06-17,256.06396562339,261.74525967807,256.00320862697,260.89054260985,27565536.9414
2021-06-18,259.63318171792,262.29825132342,258.75683927809,259.43340447547,37202216.973963
2021-06-21,259.82369094397,263.52574860694,257.92477736107,262.6288105751,26696118.437203
2021-06-22,262.72046095953,265.78920416833,262.39916972424,265.50704455786,24694088.959761
2021-06-23,265.99104096998,266.8241326666,264.42886531637,265.2753441478,19518681.594024
2021-06-24,266.15168658763,267.84876336887,265.46688315345,266.68202308176,21446867.054293
2021-06-25,266.21965204124,267.24737208231,264.76148412726,265.02407792533,25611113.262409
2021-06-28,266.18155019603,268.90531723875,265.90865860196,268.7261355883,19590024.176683
2021-06-29,268.86515583433,271.64144163666,267.9816049373,271.4015029898,19937811.064893
2021-06-30,270.68580616761,271.36134158539,269.61071626493,270.89794076527,21656456.644999
2021-07-01,269.61071626493,271.83401042191,269.60041846893,271.59304199545,16725323.904128
2021-07-02,272.81950949937,277.99930088872,272.49615870488,277.64917582463,26474408.421942
2021-07-06,278.03019427673,279.37714599388,274.30960058096,277.65947362064,31565560.394415
2021-07-07,279.40803938189,280.69423410263,277.1466433797,279.93013763923,23260031.266338
2021-07-08,276.90155583484,278.73353374372,274.8625922263,277.41438607577,24618591.569933
2021-07-09,275.71627951493,278.05078986874,275.31466547082,277.93957367191,23916664.786135
2021-07-12,279.15574337983,279.76846224199,276.58232415875,277.31346767494,18931695.527373
2021-07-13,277.5173640358,282.84750324679,277.38452246736,280.9774234927,26120127.348415
2021-07-14,282.35629837746,283.66308869021,280.54491606059,282.51488443591,23113661.55559
2021-07-15,282.00411375417,282.51488443591,279.830249018,281.02788269312,22604227.912605
2021-07-16,282.07207920779,284.10486413872,279.46879637831,280.74469330304,26186847.844798
2021-07-19,278.93537054537,280.36264507134,274.458918623,277.01380181127,32935633.659732
2021-07-20,278.03019427673,280.9671256967,276.26000314387,279.32668679347,26259741.396392
2021-07-21,278.90447715736,281.52114712165,277.28360406654,281.39860334921,24364320.154905
2021-07-22,283.84124056105,286.41774912093,283.42109048414,286.13558951045,23384058.076503
2021-07-23,287.37338458998,289.98696521546,286.49807192975,289.66773353938,22768070.87916
2021-07-26,289.001466138,289.68832913138,286.63915173498,289.05295511802,23176073.14212
2021-07-27,289.43294379052,289.56681513855,282.94842164762,286.53823333416,33604073.433454
2021-07-28,288.991168342,290.1496703923,283.83094276505,286.21797187847,33566852.1674
2021-07-29,286.23856747048,288.6214774655,286.07586229364,286.49807192975,18168293.70367
2021-07-30,285.1727455842,286.65974732699,283.91332513307,284.90706244733,20944846.247457
2021-08-02,286.35699212451,286.78023154022,283.74238171943,284.81850140171,16267356.580352
2021-08-03,285.41165445146,287.23333456434,284.0049755175,287.12108858791,17879047.939124
2021-08-04,286.21797187847,287.59581698363,284.64858776766,286.50836972575,16191301.438235
2021-08-05,286.88114994105,289.62654235537,286.09542810604,289.51532615854,13900166.379977
2021-08-06,288.50099325227,289.49473056653,287.62671037164,289.45353938252,16589335.743144
2021-08-09,289.7490861278,291.54708130987,287.81516003849,288.32902005903,16117629.41954
2021-08-10,288.80374845475,289.25582169927,285.20260919261,286.43731493333,18616578.407913
2021-08-11,287.21273897233,288.66163886991,285.85445967958,286.95014517427,13955933.655352
2021-08-12,286.62885393898,289.96636962345,286.33742631211,289.80778356501,14570391.756398
2021-08-13,289.47413497453,292.90536060262,289.30731067928,292.85387162261,18249046.492086
2021-08-16,293.1967882295,294.81869109992,290.01785860347,294.59522892667,22516027.490662
2021-08-17,292.39356014129,293.43775665596,291.07441247334,293.08763159187,20075249.779516
2021-08-18,292.04557320604,294.81655424504,290.26848633052,290.7299738997,21812984.860979
2021-08-19,288.70312871835,297.47550378061,288.64351562478,296.77350821323,29850460.783445
2021-08-20,299.71407822531,305.83880968354,298.06957909238,304.35156578019,40817645.95244
2021-08-23,303.24769573721,305.39479491765,301.85192709813,304.64346437629,22830156.88759
2021-08-24,305.01553230512,305.6486644713,302.00301545597,302.62689731453,18175774.565829
2021-08-25,304.29092487467,304.58385128272,300.4181294166,302.01329357555,20006056.661797
2021-08-26,300.98753724138,302.43469647836,298.94116363283,299.08094605913,17666083.861907
2021-08-27,298.98227611116,300.8693388662,296.8331213068,299.71407822531,22605725.391616
2021-08-30,301.12115279593,304.21178335389,301.05948407845,303.59098493121,16348072.40557
2021-08-31,304.41220668572,304.49340383041,301.50041540847,301.88276145687,26285338.274881
2021-09-01,302.8653496888,305.18614909016,301.49116510084,301.83342648289,18983826.367418
2021-09-02,302.20549441171,303.36794973631,300.17556579449,301.15095934272,16290545.815965
2021-09-03,300.96698100222,302.60634107536,300.25676293918,301.14170903509,14751610.181656
2021-09-07,301.00809348054,301.09031843719,298.20833370672,300.17556579449,17184083.139766
2021-09-08,299.7757469428,300.60724681689,297.46522566103,300.20537234128,15046818.577964
2021-09-09,300.82000389221,302.14485350618,297.0047659038,297.25555202158,19926999.064343
2021-09-10,298.41903515813,299.9155293691,295.37773957416,295.70972283662,19633362.536201
2021-09-13,297.55772873725,298.54031696918,294.07036276347,296.99448778422,23652949.186709
2021-09-14,299.55373955985,301.38941171699,298.10760813483,299.78602506238,21853433.073088
2021-09-15,303.26825197637,305.31668120883,301.8231483633,304.81305334937,28356304.46567
2021-09-16,303.75851828038,305.30640308925,300.76039079864,305.2169834489,19550814.554685
2021-09-17,304.1624483799,304.49340383041,299.52496082503,299.86413877119,41372456.643943
2021-09-20,296.3305212593,298.71196156618,289.51510016524,294.29545358229,38278661.494155
2021-09-21,295.68916659746,297.54745061767,294.06008464389,294.79702581784,22364102.957243
2021-09-22,296.72314542729,300.21565046086,294.50307159783,298.58040163555,26626342.024179
2021-09-23,298.8414658729,300.90017322494,297.53717249809,299.55373955985,18604600.721189
2021-09-24,298.23916806546,299.79527537,296.9338468787,299.34303810845,14998978.202577
2021-09-27,296.14140385901,296.47235930952,292.94799210524,294.1628658397,23571741.974871
2021-09-28,289.7956928298,290.78033668564,282.74798623321,283.52192863765,43186237.11252
2021-09-29,285.09859218135,286.77392567303,283.00905047056,284.00397244599,26353695.613887
2021-09-30,285.71219592033,287.82743293007,281.62355995107,281.92470885479,32343634.947028
2021-10-01,282.12718781053,289.97658773442,281.29260450056,289.09369726243,30086279.856647
2021-10-04,287.40705783921,287.74829140929,280.24834755115,283.11183166637,31350747.187843
2021-10-05,284.04405711236,290.39901844919,284.04405711236,288.76479743584,24993024.571979
2021-10-06,285.78105932152,293.63148705737,285.50868915263,293.10935858266,28002559.419987
2021-10-07,295.17731624233,296.6419482826,293.91310753388,294.84738860378,20430471.027485
2021-10-08,296.21951756783,296.6419482826,293.75276886842,294.84738860378,17685700.338315
2021-10-11,292.92846367804,297.97810382811,292.74756877342,294.22453455718,19298634.306192
2021-10-12,295.33765490779,295.43838047968,292.35597241739,292.88735119972,17974143.12716
2021-10-13,294.90494607344,297.2843307564,293.48964900715,296.30996502014,23424024.219701
2021-10-14,299.20222787019,303.27853009595,297.83729358985,302.75640162125,27262902.809744
2021-10-15,302.3432212141,304.44304104446,300.51679936458,304.20150523431,25384803.249016
2021-10-18,303.57042869205,308.21716655455,302.69678852768,307.2962470401,22729296.343117
2021-10-19,308.33947617756,309.30253598229,307.22430020304,308.23772279371,17682139.230147
2021-10-20,309.21208852997,309.69413233832,306.10912422852,307.41341760333,16537069.132067
2021-10-21,307.17290960513,311.01692632837,306.35991034629,310.75894552689,16918100.733292
2021-10-22,310.39715571765,311.08784535348,307.80706958327,309.16069793207,17449332.406207
2021-10-25,309.36317688781,309.39195562264,306.4626915421,308.13699722182,17554469.268822
2021-10-26,310.99739790117,312.39316654025,308.58923448338,310.10525712155,28107348.638757
2021-10-27,315.99770307725,326.09698337739,315.99770307725,323.16669148489,52588690.278466
2021-10-28,324.31989650186,324.87183152335,321.35979806258,324.3507308606,26297943.103626
2021-10-29,324.13077910157,332.00073526463,323.89746578709,331.61736140426,34765981.408456
2021-11-01,331.35732497887,331.4888849095,326.36832573432,329.37056446389,27073181.908241
2021-11-02,330.31306802945,333.44789450161,330.00164100615,333.12413373481,26487109.169535
2021-11-03,333.89807613925,334.90327623426,330.65532941149,333.99880171114,21500081.492503
2021-11-04,332.88465354858,336.54777536719,329.51034689019,336.4470497953,23992201.767291
2021-11-05,338.5067849593,338.7863498119,334.42020461396,336.06573155885,22570098.372103
2021-11-08,337.30116153247,337.64033947864,334.44076085312,336.98973450917,20897001.100406
2021-11-09,337.10998850827,338.71543078679,334.53018049347,335.95575567934,21307370.256253
2021-11-10,334.57026515984,334.62987825341,329.92249948538,330.80538995738,25500938.208217
2021-11-11,331.25762721893,333.7767943282,330.51349136128,332.43447191094,16849844.001817
2021-11-12,333.91863237841,337.2292146954,333.78604463582,336.72867027182,23831049.42027
2021-11-15,337.53036359912,337.87262498117,334.02758044597,336.07600967843,16723008.78417
2021-11-16,335.6844133224,340.6744403789,335.5127687254,339.50890161844,20886832.766928
2021-11-17,338.93917443908,342.18625873855,337.99634016697,339.12076493545,19053380.315994
2021-11-18,338.17793066334,342.44684623051,337.11608793034,341.27317658167,22463533.141292
2021-11-19,342.63561827193,345.10094009551,342.19549215362,343.10652244048,21963403.260097
2021-11-22,344.62080251189,349.67148055495,339.5526835737,339.8307119608,31031112.952233
2021-11-23,337.0442724798,339.45009007293,333.55814532353,337.67727437957,30427562.912951
2021-11-24,336.28405463907,338.1584378982,333.90901509617,337.90810975631,21661306.904883
2021-11-26,334.34914121449,337.92760252146,328.11658604253,329.68113692932,24217241.996615
2021-11-29,334.94110571395,339.02945671976,334.74002245244,336.63389847671,28563481.275486
2021-11-30,335.32172760182,337.77781601033,328.9886307991,330.59216721618,42885609.403992
2021-12-01,335.13192962539,339.28081079665,329.38874545211,330.08022564732,33401146.43282
2021-12-02,330.30182760899,333.488381743,327.80675367019,329.49031301788,30765980.167425
2021-12-03,331.98333508666,332.69635991704,318.02651524149,323.00640376902,41779278.963997
2021-12-06,323.94923804112,327.44459861246,319.22993700556,326.19398383804,30032555.669626
2021-12-07,331.64477653411,335.80186518544,330.10074434748,334.9205870138,31021935.927571
2021-12-08,335.31146825174,335.50126622817,330.80248389277,334.97085782918,24760987.693366
2021-12-09,334.40967137995,336.48513790059,332.11568070266,333.09852644007,22214157.774863
2021-12-10,334.98111717925,342.99777332966,334.79131920282,342.53712851119,38095693.51547
2021-12-13,340.68326395222,343.78979515563,339.07972753514,339.40084519256,28899430.632831
2021-12-14,333.21753490096,334.64050675669,324.10928390233,328.3381880042,44438699.079693
2021-12-15,328.60903484624,335.19040792083,324.50016514027,334.65076610676,35381122.43545
2021-12-16,335.71363477477,336.7652181577,323.01563718409,324.9013057283,35034831.46147
2021-12-17,320.880666433,324.92182442845,317.25501211568,323.79842559499,47983713.052529
2021-12-20,320.05068501175,322.79608709243,317.56381855301,319.90910598068,28326532.215175
2021-12-21,323.28545809112,327.7277566746,319.80035686986,327.28455275126,24740596.855512
2021-12-22,328.29715060389,333.6073902039,325.75283178471,333.19701620081,24831492.909694
2021-12-23,332.74663073242,336.39485561991,332.72611203226,334.69180350707,19617848.165538
2021-12-27,335.46228069788,342.47762428074,335.43252858266,342.44684623051,19947028.519157
2021-12-28,343.14755984079,343.81031385579,340.3221348295,341.25265788151,15661466.777313
2021-12-29,341.3039546319,344.30173672449,339.68092544967,341.94618994674,15041955.740594
2021-12-30,341.90617848144,343.12704114064,338.81914004317,339.32082226196,15994471.223853
2021-12-31,338.50828173583,339.35057437718,335.85316193582,336.32406610437,18000796.743572
