Date,Open,High,Low,Close,Volume
2012-01-03,28.93995,29.50005,27.64995,28.08,928052
2012-01-04,28.21005,28.66995,27.49995,27.70995,616466
2012-01-05,27.76005,27.93,26.85,27.12,1005432
2012-01-06,27.25005,27.79005,26.41005,26.91,986287
2012-01-09,27,27.49005,26.11995,27.25005,896951
2012-01-10,27.43995,27.76005,27.25005,27.61995,671732
2012-01-11,27.61995,28.38,27.3,28.23,672239
2012-01-12,28.27005,28.62,27.81,28.24995,729300
2012-01-13,28.45005,28.5,22.63995,22.78995,5502953
2012-01-17,26.65995,27.34005,26.41005,26.59995,4651391
2012-01-18,26.68995,26.88,26.25,26.80995,1260183
2012-01-19,27.01995,27.73995,26.61,26.76,1246222
2012-01-20,26.92005,27,26.4,26.59995,647789
2012-01-23,26.80995,27.21,26.59995,26.77005,594533
2012-01-24,26.62995,27.67995,26.44005,27.42,857914
2012-01-25,27.27,28.00995,27.04995,27.97005,611112
2012-01-26,28.00005,29.58,28.00005,28.93995,1271028
2012-01-27,28.5,29.71995,28.5,29.32995,748361
2012-01-30,29.47995,29.61,28.53,29.56995,690147
2012-01-31,29.88,30,28.87005,29.07,956413
2012-02-01,29.13,29.7,28.99995,29.58,523169
2012-02-02,29.71995,30.88005,29.59995,30.25005,791484
2012-02-03,30.40995,31.33005,30.25005,31.15005,764418
2012-02-06,31.09995,31.90005,31.05,31.8,652161
2012-02-07,31.8,31.8,30.82005,31.60005,939315
2012-02-08,31.60995,32.01,31.29,31.93005,623626
2012-02-09,31.99995,32.89995,31.42995,32.58,1277476
2012-02-10,32.26005,32.26995,29.83995,31.09995,1876975
2012-02-13,31.54995,32.05995,30.9,31.48995,1157858
2012-02-14,31.63995,33.79005,31.39995,33.16995,1810775
2012-02-15,33.10005,34.41,32.26995,33.6,2689141
2012-02-16,33.49995,34.51005,32.53995,34.18995,2078550
2012-02-17,33.99,34.96995,33.49995,34.96995,1376645
2012-02-21,34.87005,34.87005,33.81,34.5,1135788
2012-02-22,34.5,34.72005,32.50005,34.21995,1654985
2012-02-23,33.99,34.96995,33.55995,34.53,820345
2012-02-24,34.48995,34.51995,33.27,33.75,959866
2012-02-27,33.40995,34.00005,33,33.61995,605953
2012-02-28,33.69,34.44,33.16995,33.81,612183
2012-02-29,33.81,34.12005,33.13995,33.40995,535684
2012-03-01,33.51,34.5,33.31005,34.41,703435
2012-03-02,34.26,34.5,33.70995,34.03995,549971
2012-03-05,34.15995,34.39995,33.46005,33.76995,466938
2012-03-06,33.25005,33.28005,32.62005,33.10995,573749
2012-03-07,33.10995,33.3,32.91,33.12,274729
2012-03-08,33.10995,33.49005,33.04005,33.07005,633267
2012-03-09,33.19995,35.31,33.19995,34.74,1553323
2012-03-12,34.69005,36.28995,34.60005,36.01005,1964520
2012-03-13,36.49995,36.58995,35.50005,36.09,1001643
2012-03-14,36,36,34.8,35.29005,851464
2012-03-15,35.28,35.47995,34.78005,34.99995,571596
2012-03-16,34.99005,35.89005,34.83,35.32005,640092
2012-03-19,35.26005,35.32005,34.54005,34.98,1015586
2012-03-20,34.98,35.20005,34.57005,34.96005,567001
2012-03-21,34.93995,35.29995,34.60005,35.14995,607103
2012-03-22,34.96995,35.14995,34.30005,34.39995,458759
2012-03-23,34.42995,34.63005,33.15,34.08,1170567
2012-03-26,35.59995,38.08995,35.04,37.39995,3140891
2012-03-27,37.15995,39.94995,37.03005,37.93995,2540053
2012-03-28,37.78995,38.44005,37.11,37.84995,954970
2012-03-29,38.19,38.19,37.03005,37.33005,796335
2012-03-30,37.74,37.93995,36.67995,37.24005,886312
2012-04-02,37.33005,37.96995,36.52995,36.58005,1028504
2012-04-03,36.72,38.47005,36.67005,38.01,1101420
2012-04-04,35.26995,35.49,34.69005,34.99995,4481725
2012-04-05,35.1,35.44005,34.68,34.71,1007764
2012-04-09,34.09995,34.29,33.10005,33.15,1555475
2012-04-10,33.15,33.85005,32.1,32.46,1847669
2012-04-11,33.24,33.28995,32.01,33.09,1105447
2012-04-12,33.76995,34.48005,32.92005,33.43995,1033804
2012-04-13,33.94005,34.03995,32.85,33.58995,649580
2012-04-16,33.58005,33.70005,32.08995,32.25,1099751
2012-04-17,32.43,33.07005,32.04,32.23995,1115538
2012-04-18,32.08995,32.74995,31.53,32.65995,823096
2012-04-19,32.74995,33.43005,32.50005,33.16005,774878
2012-04-20,33.13995,33.73005,32.94,33.16005,821774
2012-04-23,32.86005,32.97,31.71,31.93995,890715
2012-04-24,31.81995,32.20005,31.00005,31.81995,674467
2012-04-25,32.07,32.98995,32.07,32.91,712133
2012-04-26,32.95995,33.52005,32.91,33.49005,425719
2012-04-27,33.6,33.63,32.91,33.34005,590905
2012-04-30,33.27,33.36,32.58,33.13005,413848
2012-05-01,33.13005,34.21005,33.13005,33.78,683198
2012-05-02,33.49995,34.39005,33.39,33.94005,497251
2012-05-03,33.91005,34.00005,32.13,32.46,842107
2012-05-04,32.32005,32.46,31.39995,31.83,1247486
2012-05-07,31.96005,32.58,31.60995,32.47005,1157969
2012-05-08,32.50005,32.73,29.37,30.19005,3133152
2012-05-09,30.3,30.76995,29.76,30.06,1935993
2012-05-10,32.97,34.68,32.4,32.95995,5638084
2012-05-11,32.49,33.43995,32.16,32.25,1221205
2012-05-14,31.92,32.13,30.04995,30.06,1408827
2012-05-15,30.25995,30.96,29.22,29.43,1585682
2012-05-16,29.58,30.18,28.87995,29.17995,1271533
2012-05-17,29.29995,29.79,28.24005,28.57005,1020136
2012-05-18,28.36995,28.45995,26.83005,27.55995,1616487
2012-05-21,27.58005,29.26005,27.12,28.77,1528559
2012-05-22,30.10005,31.33995,30,30.79005,2366170
2012-05-23,30.55995,31.05,29.50005,31.02,1242790
2012-05-24,31.24995,31.24995,29.68995,30.31995,1013975
2012-05-25,30.16005,30.40995,29.20005,29.80995,757009
2012-05-29,30.01005,31.93005,30.01005,31.69005,1649917
2012-05-30,31.08,31.42005,30.24,30.40995,1307141
2012-05-31,30.07005,30.28995,28.75005,29.50005,1118701
2012-06-01,28.53,29.16,27.76005,28.15005,885710
2012-06-04,28.03005,28.41,27.10995,27.88005,1030834
2012-06-05,27.84,28.39005,27.55995,27.91005,630885
2012-06-06,28.2,29.44995,28.14,29.14995,889102
2012-06-07,29.80995,29.86995,28.84995,28.93005,492015
2012-06-08,28.86,30.19005,28.15005,30.07995,881209
2012-06-11,30.31005,31.00005,28.96005,29.11995,635947
2012-06-12,29.23005,29.83995,28.81005,29.65995,568994
2012-06-13,29.55,30.64005,29.47005,29.77005,844371
2012-06-14,30.18,30.64995,28.62,29.38995,872161
2012-06-15,29.38995,29.95005,28.81005,29.91,646737
2012-06-18,29.94,32.32995,29.50005,31.84005,1256796
2012-06-19,32.02005,32.65995,31.5,32.08995,911029
2012-06-20,33.49995,34.5,33.21,33.78,3422342
2012-06-21,34.26,34.27995,31.84005,32.19,1891895
2012-06-22,32.59995,33.97995,32.46,33.79005,3047452
2012-06-25,33.94995,34.12005,32.74995,33.10995,1378636
2012-06-26,32.05005,32.35005,31.39005,31.60995,2613849
2012-06-27,31.90005,32.44995,31.57005,31.96005,1047194
2012-06-28,31.90005,32.11005,30.61995,31.41,914040
2012-06-29,32.80005,32.80005,31.00005,31.29,1125704
2012-07-02,31.35,31.8,30.19005,30.40005,1315534
2012-07-03,30.6,31.00005,30.40005,30.66,947128
2012-07-05,30.81,31.66995,30.79995,31.23,1253766
2012-07-06,30.99,31.72995,30.79995,30.99,784461
2012-07-09,30.94005,31.83,30.67005,31.48995,910409
2012-07-10,31.54005,32.47995,30.88995,31.27005,758352
2012-07-11,31.57005,31.68,31.00995,31.51005,638516
2012-07-12,31.29,33.01005,30.79995,32.7,1125670
2012-07-13,32.97,34.39995,32.83005,34.24995,1304712
2012-07-16,34.32,36,33.9,35.95995,1743900
2012-07-17,34.99995,35.20995,32.38005,33.34995,2569213
2012-07-18,31.42005,33.67005,31.06005,32.14995,2882084
2012-07-19,32.71995,33.15,32.04,32.26995,1435878
2012-07-20,32.07,32.25,31.24995,31.78995,1568466
2012-07-23,31.05,31.30005,30.61995,30.66,1386743
2012-07-24,30.66,31.03995,29.62005,29.83995,1500426
2012-07-25,29.92005,29.98005,28.75005,28.95,2843016
2012-07-26,29.89995,30,27.64005,28.12995,2263005
2012-07-27,28.71,29.65995,28.09995,29.50995,1672968
2012-07-30,29.50995,30.25005,27.21,27.34995,2066040
2012-07-31,27.54,27.97005,27.34995,27.42,1575060
2012-08-01,27.99,27.99,26.02995,26.25,1592217
2012-08-02,26.83995,26.85,25.51995,26.1,1305016
2012-08-03,26.89995,27.55005,26.74005,27.27,1209470
2012-08-06,27.55005,28.69995,27.55005,28.27005,1528169
2012-08-07,28.77,30.9,28.5,30.25005,2387304
2012-08-08,29.89995,30,28.59,29.08995,1308895
2012-08-09,29.52,30,29.13,29.41005,672584
2012-08-10,29.31,29.94,29.31,29.94,707390
2012-08-13,29.68995,31.30005,29.10105,31.17,870050
2012-08-14,30.75,31.17,29.26005,29.41995,793336
2012-08-15,29.38995,29.7,28.81005,29.4,525385
2012-08-16,29.53005,30.39,29.50005,30.3,668973
2012-08-17,30.28995,30.70995,29.98005,30.01005,508122
2012-08-20,30.15,30.39,29.1,29.50995,1179008
2012-08-21,29.58,30,28.99995,29.11005,761516
2012-08-22,29.01,30.04005,29.01,29.95005,775490
2012-08-23,30,30.85005,29.65005,30.73005,1470974
2012-08-24,30.06,30.24,29.41005,29.50005,1430011
2012-08-27,29.56995,29.7,28.17,28.32,1350325
2012-08-28,28.39995,29.37495,28.00005,28.69005,1402656
2012-08-29,28.48995,28.63995,28.02,28.41,838883
2012-08-30,28.60005,28.74,28.09995,28.41,656307
2012-08-31,28.60995,28.84005,28.2,28.51995,539736
2012-09-04,28.51995,28.99005,27.9,28.14,752496
2012-09-05,28.00995,28.5,27.81,27.94005,639227
2012-09-06,28.00005,28.90005,27.9,28.54995,841643
2012-09-07,28.54995,29.56995,28.5,29.35005,953151
2012-09-10,29.20005,29.35005,27.3,27.37005,1483215
2012-09-11,27.76005,28.15995,27.40005,27.79995,1014871
2012-09-12,27.9,28.57995,27.79995,28.27995,1145134
2012-09-13,28.57005,29.50005,28.48005,29.47995,1485359
2012-09-14,30,30.64995,29.65005,30.39,1536569
2012-09-17,32.35005,32.77995,31.51005,32.53995,3212900
2012-09-18,31.87995,31.90005,30.67995,31.33995,1788480
2012-09-19,30.99,31.74,30.94005,31.05,1048457
2012-09-20,30.93,31.5,30.67995,30.9,912372
2012-09-21,31.09995,31.48995,29.53995,30.01995,1869970
2012-09-24,29.50995,31.03005,29.4,30.66,1301804
2012-09-25,28.62,29.47995,27.52995,27.66,5683952
2012-09-26,27.66,28.39995,27.48,27.54,1527320
2012-09-27,27.82005,28.54005,27.6,28.48995,1758553
2012-09-28,28.72995,29.89005,28.60995,29.28,4343338
2012-10-01,29.50005,29.89005,28.99995,29.16,884305
2012-10-02,29.34,29.89005,28.99995,29.80005,728969
2012-10-03,29.74995,29.95005,29.23995,29.29995,1052788
2012-10-04,30,30.10005,28.65,29.4,1541207
2012-10-05,29.7,29.80995,28.68,28.89,938670
2012-10-08,28.86,29.4,28.60995,29.25,890006
2012-10-09,29.11995,29.11995,28.24995,28.36995,1192979
2012-10-10,28.39005,28.72005,28.00995,28.39995,505063
2012-10-11,28.93995,28.98,28.24995,28.32,450571
2012-10-12,28.32,28.72995,27.49995,27.64005,987535
2012-10-15,28.02,28.05,26.86005,27.33,1468667
2012-10-16,27.67005,28.09005,27.34005,28.06005,479248
2012-10-17,28.24995,28.84005,27.79995,28.81905,667963
2012-10-18,28.99005,28.99005,27.78,28.03995,740947
2012-10-19,27.82995,28.2,27.3,27.73995,1027302
2012-10-22,27.99,28.00005,27.36,27.85005,470198
2012-10-23,27.37995,28.56,27.37005,28.39005,749273
2012-10-24,28.51995,28.51995,27.25005,27.42,1016368
2012-10-25,27.79995,27.79995,27.45,27.52005,577686
2012-10-26,27.52995,27.79995,27.01995,27.37995,477305
2012-10-31,27.70005,28.35,27.37005,28.131,775142
2012-11-01,28.24995,29.49,28.2,29.24505,1024054
2012-11-02,29.26995,29.55,28.54995,28.91805,1030265
2012-11-05,29.80005,31.57995,29.32995,31.5,2048867
2012-11-06,30.61005,31.2,29.95005,31.15005,2323943
2012-11-07,31.00005,32.05005,30.81,31.54005,1714469
2012-11-08,31.02,31.87995,30.94005,31.30995,1273986
2012-11-09,30.6,30.93,29.85,30.31995,862928
2012-11-12,30.28995,31.42005,30.16005,31.06995,555896
2012-11-13,31.29,31.99995,30.72,31.614,998263
2012-11-14,31.96005,32.11995,31.2,31.38,871315
2012-11-15,31.30005,31.44,30.49995,30.82005,983941
2012-11-16,31.00995,31.99995,30.58995,31.84005,908600
2012-11-19,32.07,33.25005,31.84005,32.92005,1392368
2012-11-20,32.89995,33.10005,31.90995,33,922427
2012-11-21,32.61,33.46995,32.286,32.47005,963133
2012-11-23,32.59995,32.83005,31.69995,32.13,430212
2012-11-26,32.11005,32.29995,31.62,32.26995,496219
2012-11-27,32.1,32.65995,31.51995,32.14995,910770
2012-11-28,32.148,34.29,31.90995,33.21,1287699
2012-11-29,33.43995,34.00005,32.86995,33.69,1103315
2012-11-30,33.63,34.27995,33.01005,33.82005,1420284
2012-12-03,33.88995,34.99995,33.49995,34.62,2085753
2012-12-04,34.29,34.8,33.55005,33.9,1264211
2012-12-05,33.82005,34.18995,33.58005,33.70995,661486
2012-12-06,33.82005,34.8,33.49995,33.9,660397
2012-12-07,34.30005,34.48995,33.85005,34.17,664386
2012-12-10,34.42995,34.8,34.18005,34.57005,929751
2012-12-11,34.60005,35.50005,34.45995,35.28,1572310
2012-12-12,35.20995,35.80005,34.95,35.26005,2063877
2012-12-13,35.26005,35.29995,32.74995,33.61005,2151224
2012-12-14,33.78,34.39995,33.58995,33.81,1022943
2012-12-17,33.76995,34.5,33.75,34.39995,824809
2012-12-18,34.26,35.07,34.26,34.59,1554336
2012-12-19,34.84995,35.26005,34.51995,34.60995,1298731
2012-12-20,34.51005,34.788,34.05,34.42995,921194
2012-12-21,33.93,34.17,33.58005,34.00005,1492306
2012-12-24,33.64005,34.35,33.55005,34.27995,375796
2012-12-26,33.96,34.5,33.49995,33.58995,601784
2012-12-27,33.49995,33.91005,33,33.69,561085
2012-12-28,33.37995,33.64995,33.01995,33.22005,414035
2012-12-31,33,33.97005,33,33.87,594846
2013-01-02,34.74,35.44995,34.70505,35.35995,1194710
2013-01-03,35.17995,35.44995,34.75005,34.77,741941
2013-01-04,34.8,34.8,33.91995,34.39995,673993
2013-01-07,34.60995,34.8,33.9,34.33995,441909
2013-01-08,34.5,34.5,33.10995,33.67995,1283985
2013-01-09,34.00995,34.18995,33.40005,33.64005,697979
2013-01-10,33.87,33.99,33.37995,33.52995,922405
2013-01-11,34.03995,34.03995,32.11005,32.91,1563174
2013-01-14,33.07995,33.37995,32.85,33.25995,925018
2013-01-15,33.10995,34.24995,33.07995,33.9,1624389
2013-01-16,33.85005,34.23,33.73005,34.09995,1378138
2013-01-17,34.15995,34.84995,33.91995,34.38,1436604
2013-01-18,34.51995,34.78005,33.82005,34.51995,3555074
2013-01-22,34.56,35.55,34.26,35.19,1920131
2013-01-23,35.05005,36.24,34.96005,36,1564200
2013-01-24,36,37.72005,35.83995,36.99,1970389
2013-01-25,37.00005,37.54005,36.79995,36.97995,1287703
2013-01-28,36.85995,38.71005,36.85995,38.02995,1985992
2013-01-29,38.1,38.44005,37.12995,37.95,1426503
2013-01-30,37.84995,37.99995,37.42995,37.51995,968098
2013-01-31,37.87005,37.87005,36.93,37.51005,901318
2013-02-01,38.17005,38.50005,37.62,38.29995,1100590
2013-02-04,38.41995,38.41995,37.59,37.74,1127989
2013-02-05,37.99995,38.65005,37.68,38.13,1310192
2013-02-06,38.17995,39.39,37.90005,39.16995,1893148
2013-02-07,39.19005,39.67995,38.95005,39.48,1197521
2013-02-08,39.45,40.00005,39.13995,39.24,1139733
2013-02-11,37.98,39.15,37.5,38.41995,3266148
2013-02-12,38.44995,38.86995,37.29,37.89,2261246
2013-02-13,38.07,39,38.05005,38.44995,966802
2013-02-14,38.64,38.74995,38.20995,38.29995,990640
2013-02-15,38.50005,38.50995,36.94995,37.03995,2017949
2013-02-19,37.36005,39.28995,37.30995,39.28005,2701340
2013-02-20,39.3,39.64995,38.46,38.53995,3115080
2013-02-21,36.49005,37.39005,34.54005,35.16,9037762
2013-02-22,35.71995,36.39,35.59995,36.10995,2547831
2013-02-25,36.15,36.75,34.33995,34.38,2889353
2013-02-26,34.45995,34.96005,33.79995,34.42995,2762900
2013-02-27,34.41,35.41005,34.39995,35.1,1959129
2013-02-28,35.89005,36.10005,34.36995,34.83,1964893
2013-03-01,34.99995,35.08005,34.24995,34.65,1546600
2013-03-04,34.77,35.83005,34.69995,35.58,1757660
2013-03-05,36,36.91995,35.79,36.64995,2086969
2013-03-06,37.00995,37.87995,36.97005,37.69005,1149925
2013-03-07,37.72995,38.65005,36.88005,38.23005,1158254
2013-03-08,38.05995,39.43995,37.36005,38.47005,912052
2013-03-11,38.86995,39.43995,38.65005,39.10005,1579440
2013-03-12,38.89995,39.37995,38.85,39.12,1275062
2013-03-13,39,39.49005,38.80995,38.98005,821900
2013-03-14,38.89995,38.91,36.76995,36.85005,2024459
2013-03-15,36.64005,36.64995,35.20995,35.29005,3279777
2013-03-18,35.29995,36.06,34.92,35.14995,1316336
2013-03-19,35.25,35.59995,34.93995,35.08005,1098475
2013-03-20,35.26005,36.07005,35.16,35.95005,1423684
2013-03-21,35.95005,37.06005,35.74005,36.01005,1146287
2013-03-22,36.19995,36.79995,36.19995,36.61995,446235
2013-03-25,37.09995,38.52,36.76995,37.53,2379354
2013-03-26,37.98,38.22,37.66005,37.86,1808137
2013-03-27,37.93995,38.38005,37.30995,38.16,1296283
2013-03-28,38.23005,38.23995,37.75005,37.89,1158652
2013-04-01,42.36,46.68,41.7,43.93005,14103314
2013-04-02,43.60005,45.49995,43.51005,44.34,6636142
2013-04-03,43.15005,43.47,40.21005,41.1,5644995
2013-04-04,41.11005,42.25005,40.81005,42.01005,2264867
2013-04-05,42,42,40.5,41.37,1552389
2013-04-08,41.97,42.55005,41.50995,41.83005,1679001
2013-04-09,41.80005,41.83005,40.33005,40.5,1696036
2013-04-10,40.75995,42.01005,40.60995,41.86005,2121088
2013-04-11,42.06,44.55,41.74995,43.59,3447662
2013-04-12,43.24995,45.13905,43.05,43.75005,3149372
2013-04-15,43.5,43.8,42.51,43.30005,1683184
2013-04-16,44.19,46.14,43.90995,45.58995,3180438
2013-04-17,45.45,45.94995,44.53995,45.45,2118428
2013-04-18,45.84,47.59995,45.39,46.96995,3368100
2013-04-19,47.46,49.87995,47.07,47.83005,3012136
2013-04-22,48.6,50.20005,47.74995,50.19,3939327
2013-04-23,51,52.92,50.65995,51.01005,3737450
2013-04-24,50.89995,51.04995,48.97995,50.43,2629908
2013-04-25,50.50005,52.39995,50.50005,52.00005,2795935
2013-04-26,53.13,53.74005,50.62005,51.19995,3622100
2013-04-29,51.54,54.99,51.19995,54.94005,3639662
2013-04-30,55.99995,58.18005,53.76,53.98995,5522648
2013-05-01,55.99005,55.99005,52.99995,53.28,2742778
2013-05-02,53.85,55.27005,53.7,54.10995,3050341
2013-05-03,56.47005,56.47005,54.49995,54.55005,3379403
2013-05-06,56.38995,59.65995,55.5,59.50005,4481339
2013-05-07,61.99995,62.37,55.12005,55.51005,9991945
2013-05-08,57.49995,58.2,55.71,55.78995,6562017
2013-05-09,70.12005,75.76995,63.69,69.40005,28582756
2013-05-10,69.64995,81,69.25005,76.75995,25084231
2013-05-13,80.98995,88.00005,79.15005,87.79995,22392386
2013-05-14,94.21995,97.12005,81.15,83.23995,37149894
2013-05-15,81.79995,86.88,78.10995,84.84,16763009
2013-05-16,94.69995,94.99995,88.66005,92.25,21599366
2013-05-17,92.50005,94.44,87.49995,91.5,19002905
2013-05-20,91.12005,92.50005,88.63005,89.94,8337258
2013-05-21,88.5,89.98995,85.27995,87.58995,8999781
2013-05-22,86.37,90.96,85.5,87.24,8568676
2013-05-23,84.81,93.01005,83.05005,92.73,12038683
2013-05-24,92.59995,97.95,91.99995,97.08,16117872
2013-05-28,101.55,110.74995,100.30005,110.32995,19661852
2013-05-29,113.55,114.9,99,104.62995,25079758
2013-05-30,102.46005,109.54005,101.20005,104.95005,16135595
2013-05-31,106.26,106.44,97.72995,97.75995,15167094
2013-06-03,97.62,97.62,88.24995,92.59005,19141578
2013-06-04,92.74995,96.42,92.4,94.84005,8837872
2013-06-05,93.66,97.96995,89.11005,95.37,12213547
2013-06-06,95.25,99.27,95.11005,97.35,9512194
2013-06-07,97.99995,102.9,96.70005,102.04005,10713391
2013-06-10,98.92995,102.52005,98.56995,100.05,9231695
2013-06-11,98.17995,98.68005,94.05,94.47,7394691
2013-06-12,96.79995,100.48005,95.74995,97.72995,9188550
2013-06-13,99,99.28005,95.11995,98.17995,5962843
2013-06-14,100.00005,102.52005,99.33,100.30005,6565821
2013-06-17,103.60005,104.74995,101.20005,102.19995,7066672
2013-06-18,101.74995,103.98,99.19995,103.39005,8797344
2013-06-19,102.06,106.66995,102.01005,104.68005,8586860
2013-06-20,104.65005,107.13,99.45,100.65,10108234
2013-06-21,103.69995,103.69995,97.5,99.55005,11713423
2013-06-24,96.49995,102.87,95.29995,101.49,7122521
2013-06-25,103.09995,104.20005,100.54995,102.40005,5849532
2013-06-26,103.8,105.87,102.66,105.72,6607540
2013-06-27,106.75005,110.25,106.12995,109.24995,8748726
2013-06-28,108.57,109.44,106.71,107.35995,5748563
2013-07-01,109.36005,117.76995,109.15005,117.18,10895582
2013-07-02,118.18995,121.89,115.5,117.82005,12066420
2013-07-03,118.00005,119.25,114.27,115.24005,4806662
2013-07-05,118.32,120.28005,115.69995,120.09,6823245
2013-07-08,121.36995,122.17995,118.81995,121.60995,7817291
2013-07-09,124.63995,125.32005,121.90995,123.45,8570973
2013-07-10,123.19005,123.25005,120.79005,122.26995,5706701
2013-07-11,124.87995,126.09,122.35005,125.61,7484811
2013-07-12,125.50005,129.94005,124.51005,129.9,11345709
2013-07-15,133.03005,133.26,126.82005,127.26,9922869
2013-07-16,126.28005,126.31995,107.29995,109.05,32354359
2013-07-17,106.51995,121.62,104.50005,120.25005,26021920
2013-07-18,120.97005,122.73,116.17995,119.02995,11403556
2013-07-19,118.5,120.55005,116.50995,119.68005,5890322
2013-07-22,119.89005,126.67995,119.88,122.43,9797717
2013-07-23,124.00005,125.56005,121.81995,122.74005,7736552
2013-07-24,124.47,124.5,119.56005,121.69995,6869886
2013-07-25,120.40005,124.75005,120.19005,124.06995,5284244
2013-07-26,128.14005,130.68,126.61005,129.39,9636681
2013-07-29,129.31995,135.37005,128.25,134.62005,9684653
2013-07-30,134.80005,137.49,128.17995,131.74005,13128848
2013-07-31,132.57,134.98005,131.44995,134.28,6350170
2013-08-01,135,136.51995,132.63,135.55005,5315157
2013-08-02,134.59005,138.25005,133.60995,138,6251202
2013-08-05,140.01,144.88995,139.65,144.67995,10189514
2013-08-06,144.93,145.72995,141.10005,142.15005,9256755
2013-08-07,141.88995,141.94995,132.36,134.23005,18098186
2013-08-08,154.35,158.88,150.4605,153.48,27241791
2013-08-09,152.4,155.9505,151.2495,153,8934454
2013-08-12,149.43,150.4995,142.05,147.37995,14903387
2013-08-13,149.50005,149.83995,144.45,145.42995,8743368
2013-08-14,142.72005,144.84,138.04995,139.36005,11690416
2013-08-15,136.42995,143.59995,135,139.66995,10185530
2013-08-16,141.63,143.91,140.97,142.00005,7101590
2013-08-19,143.43,147.37995,142.83,144.9,8028586
2013-08-20,148.65,149.77995,147,149.58,6408666
2013-08-21,150,150.3105,146.25,147.85995,6258960
2013-08-22,149.25,157.4805,148.14,157.0995,10585453
2013-08-23,157.0005,162.3,154.9995,161.8395,12925441
2013-08-26,165.1095,172.9995,160.2495,164.22,24149703
2013-08-27,162.3,168.7995,160.95,167.01,17549417
2013-08-28,169.17,171.4995,163.2495,166.4505,14734886
2013-08-29,164.2095,167.7495,162.51,166.0605,9442271
2013-08-30,166.3695,169.2105,163.9605,169.0005,11017264
2013-09-03,173.3295,173.7,166.3995,168.9405,12049024
2013-09-04,169.77,171.6195,165.5595,170.6205,11470189
2013-09-05,170.1,171.4995,168.2505,169.9305,6691470
2013-09-06,168.57,169.6995,165.15,166.9695,8616261
2013-09-09,163.1205,164.5005,158.5095,160.6995,14340606
2013-09-10,161.4405,167.5005,160.6305,166.3695,8961506
2013-09-11,166.41,167.8995,162.1305,163.5195,5829366
2013-09-12,163.9995,166.7595,160.5105,164.9295,6141724
2013-09-13,162.7695,166.3695,162.1605,165.54,5408217
2013-09-16,168,170.85,165.8505,166.5795,7587089
2013-09-17,165.0795,168.42,163.3605,166.23,5499596
2013-09-18,167.0895,167.4495,164.2005,166.2195,5420460
2013-09-19,170.8005,180.4695,169.08,177.9195,15585189
2013-09-20,178.9005,185.8305,178.56,183.39,13394611
2013-09-23,184.4805,185.4795,177.1095,181.11,8185115
2013-09-24,179.1405,184.9605,177.6495,182.3295,6276525
2013-09-25,183.5595,186.3,180.4995,185.2395,8245040
2013-09-26,186.7005,189.6795,185.61,188.64,6616743
2013-09-27,187.5195,191.28,186.4305,190.9005,5920082
2013-09-30,189,194.5005,187.9995,193.3695,8929920
2013-10-01,193.9605,194.2305,188.37,193.0005,7759410
2013-10-02,188.5905,191.8305,175.3995,180.9495,20747555
2013-10-03,175.0395,179.6895,168,173.31,23795031
2013-10-04,176.4,181.1805,172.65,180.9795,14393827
2013-10-07,182.3805,186.7305,180.2595,183.0705,11475373
2013-10-08,184.3995,185.9295,173.2095,174.7305,13745964
2013-10-09,174.7305,174.99,161.5005,168.78,15312580
2013-10-10,173.0895,175.7505,169.6905,172.9305,8856308
2013-10-11,172.0605,179.2905,171.1995,178.6995,8305180
2013-10-14,175.0005,182.5005,174.15,179.7195,7765468
2013-10-15,185.28,188.79,183.18,183.9405,10964705
2013-10-16,184.9005,187.3005,182.0895,183.5595,8199235
2013-10-17,183.54,184.8,180.99,182.8005,6696850
2013-10-18,184.1505,185.9595,182.52,183.4005,5919366
2013-10-21,183.2805,183.39,171,172.6005,11524670
2013-10-22,170.5005,177.78,166.11,171.54,11391444
2013-10-23,168.9105,171.81,160.1505,164.5005,13324825
2013-10-24,165,174.4995,162.8295,173.1495,10791066
2013-10-25,174.21,174.4995,166.8,169.6605,7591259
2013-10-28,170.31,170.5005,162.1995,162.8595,7841570
2013-10-29,162.7605,165.45,153,164.4705,14111103
2013-10-30,164.6295,167.6805,158.1705,159.2205,8400365
2013-10-31,155.67,162.4395,153.3,159.9405,9340455
2013-11-01,163.0005,165.9,160.41,162.1695,7178771
2013-11-04,165,175.3905,164.22,175.2,13088296
2013-11-05,179.85,181.4295,171.36,176.8095,22281994
2013-11-06,154.8105,160.7295,146.35005,151.1595,31056137
2013-11-07,144.19005,145.65,137.62005,139.77,22247591
2013-11-08,136.48005,140.59995,132.31995,137.95005,22468891
2013-11-11,141,145.42005,137.1,144.70005,13986739
2013-11-12,144.69,144.70005,136.18005,137.80005,14950855
2013-11-13,140.83995,142.36995,136.33995,138.70005,12645626
2013-11-14,138.91995,140.4,134.11005,137.59995,12197344
2013-11-15,136.84995,137.95005,134.35005,135.45,9885349
2013-11-18,135.27,135.45,119.61,121.57995,23102019
2013-11-19,119.22,129,119.22,126.09,19803316
2013-11-20,126.07995,127.45005,119.05995,121.11,13840027
2013-11-21,122.89005,124.78995,120.25005,122.1,11896323
2013-11-22,121.57995,122.74995,117.93,121.38,11100202
2013-11-25,124.5,125.83995,120.3,120.84,10269583
2013-11-26,119.38005,122.71995,116.1,120.49995,13876600
2013-11-27,121.30995,126.94995,119.52,126.94005,12351585
2013-11-29,129.76995,130.59,126.97995,127.27995,9716219
2013-12-02,126.34995,128.55,123.93,124.17,7735175
2013-12-03,132.67995,144.94005,131.59005,144.70005,25652319
2013-12-04,144.31995,144.43005,137.13,138.94995,13136925
2013-12-05,140.14005,143.35005,139.5,140.47995,9285611
2013-12-06,141.51,142.48995,136.30005,137.35995,7905100
2013-12-09,136.99995,141.70005,134.20995,141.6,9050592
2013-12-10,140.05005,145.87005,139.86,142.18995,10735120
2013-12-11,141.88005,143.05005,139.48995,139.65,7132691
2013-12-12,139.8,148.24005,138.52995,147.46995,10760862
2013-12-13,148.05,151.8,147.31995,147.64995,10597604
2013-12-16,148.5,150.4305,146.1,147.94005,6669377
2013-12-17,146.89995,154.6305,146.32005,152.46,10481691
2013-12-18,152.2395,154.9005,145.95,147.97995,11572546
2013-12-19,146.89995,147,139.09995,140.71995,12747406
2013-12-20,141.58005,144.34995,141.58005,143.23995,7416288
2013-12-23,144.85005,146.23995,142.60005,143.55,5356321
2013-12-24,150,154.9695,149.82,151.41,9941485
2013-12-26,155.04,157.9995,154.29,155.5005,7126710
2013-12-27,155.2995,155.5005,150.7995,151.1205,5464678
2013-12-30,151.1205,154.8105,150.75,152.4405,4467563
2013-12-31,152.3205,153.1995,148.66005,150.4305,4263838
2014-01-02,149.80005,152.4795,146.55,150.1005,6193413
2014-01-03,150,152.19,148.60005,149.56005,4696630
2014-01-06,150,150.4005,145.24005,147,5365544
2014-01-07,147.61995,150.4005,145.24995,149.35995,5036021
2014-01-08,148.84995,153.7005,148.75995,151.2795,6165081
2014-01-09,152.5005,153.4305,146.85,147.52995,5384155
2014-01-10,148.45995,148.90005,142.24995,145.72005,7449364
2014-01-13,145.78005,147,137.82,139.33995,6317607
2014-01-14,140.50995,162,136.66995,161.2695,27789131
2014-01-15,168.45,172.23,162.1005,164.13,20472959
2014-01-16,162.4995,172.6995,162.4005,170.97,11972723
2014-01-17,170.19,173.2005,167.9505,170.01,9211202
2014-01-21,171.24,177.2895,170.8095,176.6805,9739925
2014-01-22,177.81,180.3195,174.7605,178.56,7030302
2014-01-23,177.2295,182.3805,173.4195,181.5,7887989
2014-01-24,178.0005,180.48,173.5305,174.6,7699860
2014-01-27,175.1595,177.9195,164.7105,169.62,8730116
2014-01-28,171.4995,178.98,171,178.38,6110167
2014-01-29,175.3005,179.0895,173.13,175.23,5952736
2014-01-30,178.0005,184.7805,177.0105,182.8395,8569494
2014-01-31,178.8495,186,178.5105,181.41,6509964
2014-02-03,182.8905,184.8795,175.1595,177.1095,6774618
2014-02-04,180.7605,181.6005,176.2005,178.7295,4687864
2014-02-05,178.3605,180.5895,169.3605,174.42,7272428
2014-02-06,176.1495,180.1095,175.9995,178.38,5844548
2014-02-07,181.2495,186.63,179.5995,186.5295,8961249
2014-02-10,189.3405,199.3005,189.3195,196.56,12981696
2014-02-11,198.9705,202.2,192.7005,196.62,10713680
2014-02-12,195.78,198.27,194.3205,195.3195,5177996
2014-02-13,193.3395,202.7205,193.2495,199.6305,8128190
2014-02-14,198.1005,201.8805,196.9995,198.2295,6171720
2014-02-18,205.2405,205.9995,201.36,203.7,9346524
2014-02-19,203.7,203.7,193.41,193.6395,16314376
2014-02-20,215.01,215.2095,206.2695,209.97,18013258
2014-02-21,211.3395,213.9795,209.19,209.5995,7827154
2014-02-24,208.7595,218.3595,208.32,217.65,8299862
2014-02-25,229.9995,259.2,228.45,247.9995,32749141
2014-02-26,258.5805,265.0005,247.5,253.0005,24719248
2014-02-27,261.1095,261.9,248.3295,252.54,17958741
2014-02-28,249.6,252.6795,242.55,244.8105,14605746
2014-03-03,237.2595,251.6505,234.99,250.56,13098203
2014-03-04,258.48,259.9995,252.8295,254.8395,8756370
2014-03-05,256.7205,256.9905,251.8005,252.66,5939333
2014-03-06,254.1405,257.5005,249.45,252.9405,7367594
2014-03-07,253.4505,254.85,244.41,246.21,7815821
2014-03-10,242.7,243,236.0595,238.8405,7745749
2014-03-11,236.5005,244.6005,232.4295,234.4095,8836348
2014-03-12,231.4995,247.5,231.1095,241.4895,9763912
2014-03-13,243.7905,244.1895,234,237.7905,6236325
2014-03-14,235.29,236.94,228.3195,230.97,8289518
2014-03-17,234.9495,237.93,230.5005,233.9805,5912591
2014-03-18,236.9505,241.5,235.02,240.0405,6242351
2014-03-19,241.3905,241.5495,233.5095,235.8405,5068487
2014-03-20,236.16,239.25,233.3595,234.9105,3817905
2014-03-21,236.0205,236.2005,227.5005,228.8895,8227312
2014-03-24,229.9005,229.9005,210.27,220.17,11332947
2014-03-25,224.1405,227.0505,217.9005,220.44,7865373
2014-03-26,221.94,222.6,211.35,212.9595,6907300
2014-03-27,212.37,213.6,202.9995,207.3195,9505308
2014-03-28,212.8995,216.72,210.27,212.37,9684763
2014-03-31,216.4995,216.75,206.3895,208.4505,8375897
2014-04-01,208.9995,218.16,208.5795,216.9705,7364915
2014-04-02,220.0005,230.8905,218.0505,230.2905,10762713
2014-04-03,230.2995,235.7295,222,225.4005,10921080
2014-04-04,226.4895,228.27,211.2495,212.2305,11335611
2014-04-07,205.8105,216.1995,203.5095,207.5205,9841678
2014-04-08,210.18,216.4905,206.4195,215.46,6887148
2014-04-09,216.7605,218.4495,210.8895,216.93,5152368
2014-04-10,216.8205,217.5,203.79,204.1905,7208117
2014-04-11,200.7405,207,198.6,203.7795,9068589
2014-04-14,207.9405,208.44,194.4105,198.09,7692903
2014-04-15,199.0905,199.29,184.32,193.9095,13664396
2014-04-16,196.8495,199.9905,190.8195,199.11,7204197
2014-04-17,199.6095,202.29,194.0805,198.12,5928259
2014-04-21,197.0805,206.2005,193.9995,204.3795,5263903
2014-04-22,206.25,219.33,205.0095,218.64,9805662
2014-04-23,216.2505,216.7395,207,207.99,7290336
2014-04-24,210.81,212.8005,203.2005,207.8595,5502813
2014-04-25,202.0005,206.7,197.6505,199.8495,6993232
2014-04-28,199.9995,203.79,190.5,198.51,7036551
2014-04-29,198.21,207.15,195.5295,206.9205,5780374
2014-04-30,203.79,208.1595,201.2805,207.8895,4441353
2014-05-01,207.18,214.02,205.6905,207.7305,5442977
2014-05-02,208.5105,211.3605,206.52,210.9105,4089467
2014-05-05,209.4795,217.6905,208.5195,216.6105,5149239
2014-05-06,216.6,218.6595,206.85,207.2805,5633016
2014-05-07,209.64,210.1995,197.25,201.3495,10129172
2014-05-08,181.9995,194.4,178.0005,178.59,20046132
2014-05-09,179.8605,183.4005,177.2205,182.2605,8492032
2014-05-12,183.87,187.1895,179.88,184.6695,7002342
2014-05-13,183.7605,191.34,183,190.1595,7093762
2014-05-14,188.9505,193.4805,187.0995,190.62,5411450
2014-05-15,189.9795,192.66,185.2995,188.5905,6045418
2014-05-16,188.9505,192.0405,187.7205,191.5605,4487774
2014-05-19,190.7205,196.89,190.0005,196.0905,4569594
2014-05-20,196.9305,199.3305,193.0695,195.3,5550191
2014-05-21,196.1805,199.8705,194.79,199.4505,5286994
2014-05-22,200.3505,206.88,199.56,204.8805,6214591
2014-05-23,204.4005,207.7605,202.5,207.3,4009426
2014-05-27,208.5195,213.87,207.7005,211.56,5345373
2014-05-28,210,212.7705,205.26,210.24,5495383
2014-05-29,210.57,212.49,207.72,210.24,3692851
2014-05-30,210.6,214.8,207.0195,207.7695,5585096
2014-06-02,207.33,209.3505,201.6705,204.7005,4665475
2014-06-03,203.49,208.0005,202.59,204.9405,3865509
2014-06-04,204.3495,206.2605,200.4,203.9895,3433843
2014-06-05,204.4695,209.2005,204.0495,206.8995,4057350
2014-06-06,209.7495,210.81,207.18,208.17,3074497
2014-06-09,207.9495,209.9895,204.1995,205.3095,2797244
2014-06-10,204.4305,206.97,201.5505,202.3005,3522300
2014-06-11,201.4995,205.0005,199.2495,204.4695,3978180
2014-06-12,205.0995,209.88,202.71,203.52,5993979
2014-06-13,204.4995,206.79,201.5805,206.4195,3545324
2014-06-16,206.76,225.4905,206.2605,224.61,13239209
2014-06-17,223.9995,235.5405,222.8505,231.6705,13301422
2014-06-18,231.4995,231.7095,226.1205,227.1195,6944037
2014-06-19,228.8805,235.3095,226.9995,227.79,8797395
2014-06-20,228.5205,231.2895,226.2,229.59,4906472
2014-06-23,229.5105,238.9905,228.2205,237.2205,7796231
2014-06-24,238.6605,241.8795,231.63,232.5,8079243
2014-06-25,233.0505,237.5505,230.2395,236.8905,5801846
2014-06-26,237.1695,240.4005,234.21,235.6005,5121843
2014-06-27,234.69,240,234.4995,239.0595,5637421
2014-06-30,239.55,244.4895,238.9995,240.06,4831291
2014-07-01,242.46,243.4395,238.6995,239.7195,4340128
2014-07-02,240.66,242.3295,227.07,229.4295,8035000
2014-07-03,231.4395,231.9,223.9995,229.2495,5166716
2014-07-07,227.5005,229.7805,220.3995,222.66,5897694
2014-07-08,218.6505,220.9605,214.2705,219.0705,7841502
2014-07-09,221.2695,224.22,219.21,223.0605,4117212
2014-07-10,217.1805,222.2205,216.0405,219.4605,4864542
2014-07-11,220.6095,221.5995,217.6005,218.13,3305747
2014-07-14,219.99,228.7905,215.4495,226.6995,7206545
2014-07-15,226.8405,227.6505,218.1,219.5805,5726064
2014-07-16,221.9205,224.8005,216.8205,217.1595,4047671
2014-07-17,216.1605,220.5495,213.6,215.4,4649760
2014-07-18,215.9505,221.2095,215.9295,220.02,4258376
2014-07-21,217.2495,223.2105,216.72,220.5405,3824868
2014-07-22,222.1905,223.3005,219.1095,219.5805,2730401
2014-07-23,220.0095,224.7495,219.4305,222.4905,3087517
2014-07-24,223.2495,225.1005,220.8,223.5405,3246682
2014-07-25,222.72,226.9695,221.7495,223.5705,3090136
2014-07-28,224.25,232.0005,221.4,224.82,6514856
2014-07-29,226.6095,228.3,224.8605,225.0105,3384687
2014-07-30,221.76,229.6005,221.04,228.9195,4924943
2014-07-31,229.26,231.4005,221.5005,223.3005,7718864
2014-08-01,226.02,237.4995,226.0005,233.2695,11896312
2014-08-04,234.3795,240.4995,233.2695,238.5195,5964318
2014-08-05,237.3105,242.9895,235.6905,238.4895,5385394
2014-08-06,238.9005,251.4195,238.5795,248.9295,9238110
2014-08-07,250.1205,256.6905,249.12,252.39,7469091
2014-08-08,251.16,251.76,246.4995,248.13,5097742
2014-08-11,255.1395,263.7405,255,259.32,8096395
2014-08-12,258.0795,260.2995,254.58,259.9605,6384343
2014-08-13,262.0095,265.6395,259.6095,260.31,6923841
2014-08-14,262.4895,262.9995,256.5,261.3795,4124822
2014-08-15,261.48,262.0905,258.4995,262.0095,3862040
2014-08-18,263.25,267.2595,259.7505,259.9395,5845045
2014-08-19,258.87,259.3305,251.6205,256.7595,5339441
2014-08-20,254.67,258.7395,253.0005,255.7095,3020975
2014-08-21,256.5195,258.7995,253.26,254.34,2917881
2014-08-22,254.5395,256.95,252.6105,256.7805,2836116
2014-08-25,258.1905,263.6805,258.1905,262.5495,4316612
2014-08-26,264.9795,265.5,261.66,261.7395,3821689
2014-08-27,263.5005,264.24,260.2905,263.25,2988243
2014-08-28,261.8895,264.48,261.6405,263.8605,2847795
2014-08-29,268.6995,271.9995,267.51,269.7,6450933
2014-09-02,275.5005,284.8905,274.3005,284.1195,9837877
2014-09-03,287.67,288,280.0995,281.19,6776476
2014-09-04,284.1,291.42,280.3995,286.0395,8336181
2014-09-05,282.4995,282.9,272.5095,277.3905,11172960
2014-09-08,277.9905,284.88,277.5195,282.1095,5503257
2014-09-09,282.99,285.4905,277.0005,278.4795,4566607
2014-09-10,279.4995,281.4105,273.66,281.1,3783298
2014-09-11,280.4595,284.79,278.6295,280.3095,3766514
2014-09-12,280.77,282.39,277.0005,279.1995,3326702
2014-09-15,274.3695,274.3995,249.1305,253.86,16462666
2014-09-16,255.15,262.4595,252.42,260.7405,8301533
2014-09-17,262.6095,264.7005,259.5,261.3795,5179248
2014-09-18,263.37,265.6005,262.32,263.82,3695295
2014-09-19,257.9895,261.4305,255.27,259.32,6811091
2014-09-22,255,256.02,244.71,250.0305,8220530
2014-09-23,245.22,253.8,244.9995,250.41,5659586
2014-09-24,251.1195,252.84,247.0395,252.1395,3751422
2014-09-25,252.5205,254.9595,246.1005,246.9495,4841166
2014-09-26,248.25,249.7305,246.0705,246.6,3797706
2014-09-29,244.0005,248.64,241.38,245.2605,4853799
2014-09-30,246.9195,247.65,240.12,242.6805,4246852
2014-10-01,242.2005,242.6595,235.65,240.24,5944624
2014-10-02,250.2,252.7905,245.3595,251.4195,8999601
2014-10-03,253.0995,256.5,251.0295,255.21,5407349
2014-10-06,259.1295,262.4895,257.8005,260.6205,7716440
2014-10-07,258.5295,261.4605,255.7305,259.5705,4487025
2014-10-08,260.1,262.8795,252.6405,259.2795,5059361
2014-10-09,262.2495,265.5405,254.4,257.01,7354414
2014-10-10,244.6395,245.8905,235.2,236.91,12890700
2014-10-13,238.5705,238.9605,220.9995,224.5905,11271995
2014-10-14,228.2505,232.47,223.0005,227.0595,7108069
2014-10-15,220.0005,230.9895,217.32,229.6995,9149317
2014-10-16,219.72,229.92,219.1005,226.35,5402281
2014-10-17,233.3805,234.7695,226.5495,227.4795,10551252
2014-10-20,226.7205,232.3995,225.51,230.4705,3497790
2014-10-21,234.2805,235.3905,230.8005,235.3395,4125337
2014-10-22,233.19,237.39,230.5605,231.1005,4120286
2014-10-23,234.6495,236.28,232.0005,235.29,3494532
2014-10-24,236.2695,237.7995,231.1995,235.2405,3464095
2014-10-27,234.2505,234.6105,220.3095,221.67,9553270
2014-10-28,229.6005,244.6005,228.2505,242.7705,10516245
2014-10-29,241.2,241.5,235.6395,238.0995,4967639
2014-10-30,238.14,240.4995,235.0605,238.6605,3228321
2014-10-31,242.5095,243.12,238.7505,241.6995,3775327
2014-11-03,243,247.56,241.32,242.5905,4204811
2014-11-04,240.4905,242.3505,236.5305,238.9305,3680397
2014-11-05,241.0005,241.3605,230.5305,230.97,8991482
2014-11-06,234.72,246.69,228.4995,241.2195,15348559
2014-11-07,242.19,242.8395,237.1995,240.1995,5159550
2014-11-10,239.1105,242.88,236.8005,241.9305,4575961
2014-11-11,242.55,251.82,241.9995,251.0805,7951559
2014-11-12,249.72,252.3405,245.58,249.1005,5868808
2014-11-13,250.62,255.75,250.2495,251.7,6233778
2014-11-14,250.0005,258.8505,248.5005,258.6795,6098847
2014-11-17,257.49,259.0005,252.0195,253.98,4024178
2014-11-18,255.8595,259.9905,255.51,257.7,4473070
2014-11-19,250.35,251.88,245.5995,247.74,7914901
2014-11-20,247.9995,250.9305,246,248.7105,3586796
2014-11-21,252.21,252.78,242.1705,242.7795,7481836
2014-11-24,245.2005,247.6005,240.6405,246.72,4787832
2014-11-25,247.35,249.72,246.09,248.0895,3156210
2014-11-26,248.34,249,246.6,248.4405,1981459
2014-11-28,245.3505,246.69,242.52,244.5195,2119688
2014-12-01,241.1595,242.4705,229.0095,231.6405,8617984
2014-12-02,234.33,234.8805,228,231.4305,5884948
2014-12-03,226.0395,229.7205,225.4995,229.3005,5304525
2014-12-04,228.9195,230.8995,227.8095,228.2805,3872336
2014-12-05,228.6705,229.3905,222.2595,223.71,6062811
2014-12-08,221.2095,224.8605,212.34,214.3605,9224167
2014-12-09,209.4795,217.7295,204.27,216.8895,9428797
2014-12-10,214.1295,216.7695,207.7005,209.8395,7310273
2014-12-11,210.5295,215.43,208.23,208.8795,6693472
2014-12-12,204.8205,211.68,204.4995,207,7171525
2014-12-15,209.2695,209.8005,202.6695,204.0405,5216516
2014-12-16,200.7495,203.6805,195.3705,197.8095,8419521
2014-12-17,193.0605,206.6505,192.6495,205.8195,7365964
2014-12-18,212.3805,218.4405,211.8,218.2605,7481412
2014-12-19,220.1895,220.3995,214.5,219.2895,6906351
2014-12-22,219.99,224.0595,218.2605,222.6,4806071
2014-12-23,223.8105,224.3205,219.5205,220.9695,4512342
2014-12-24,219.7695,222.4995,219.2505,222.2595,1333518
2014-12-26,221.5095,228.4995,221.5005,227.82,3326266
2014-12-29,226.9005,227.91,224.0205,225.7095,2811510
2014-12-30,223.9905,225.6495,221.4,222.2295,2902982
2014-12-31,223.0905,225.6795,222.2505,222.4095,2401892
2015-01-02,222.87,223.2495,213.2595,219.3105,4764103
2015-01-05,214.5,216.4995,207.1605,210.09,5365874
2015-01-06,210.06,214.2,204.21,211.2795,6261603
2015-01-07,213.3495,214.7805,209.7795,210.9495,2967650
2015-01-08,212.8095,213.7995,210.0105,210.6195,3442304
2015-01-09,208.92,209.9805,204.96,206.6595,4668185
2015-01-12,203.0505,204.4695,199.2495,202.2105,5950245
2015-01-13,203.3205,207.6105,200.91,204.2505,4447745
2015-01-14,185.8305,195.1995,184.9995,192.69,11550804
2015-01-15,194.49,195.75,190.0005,191.8695,5215021
2015-01-16,190.6995,194.49,189.6495,193.0695,3603059
2015-01-20,193.8705,194.1195,187.0395,191.9295,6100563
2015-01-21,189.5505,198.6795,189.5505,196.5705,5389193
2015-01-22,196.9995,203.2395,195.1995,201.6195,5576260
2015-01-23,200.16,203.5005,198.33,201.2895,4458009
2015-01-26,201.8295,208.62,201.0495,206.55,3232634
2015-01-27,204.4095,208.0305,203.2995,205.98,2780619
2015-01-28,206.1105,206.37,198.42,199.3695,3120021
2015-01-29,201.0705,205.98,196.5,205.2,3546947
2015-01-30,203.9595,207.4695,202.9995,203.5995,3006739
2015-02-02,203.97,211.95,203.2995,210.9405,4148615
2015-02-03,213.1095,220.3695,211.2705,218.3595,4825015
2015-02-04,218.2905,221.4795,216.7995,218.55,3305109
2015-02-05,219.8805,225.48,219.6405,220.9905,3522499
2015-02-06,222,223.3995,216.4995,217.3605,3242225
2015-02-09,215.3805,217.9305,211.9905,217.4805,3471950
2015-02-10,217.6305,220.5,214.9995,216.2895,5374111
2015-02-11,212.2095,214.74,207.2805,212.8005,9657497
2015-02-12,193.5705,203.0895,193.2795,202.8795,15645581
2015-02-13,202.89,205.9905,200.91,203.7705,6177508
2015-02-17,205.6995,205.6995,201.4995,204.3495,3977927
2015-02-18,204.1695,206.1705,202.6005,204.4605,2712570
2015-02-19,205.0005,212.4405,203.7495,211.71,5150645
2015-02-20,210.78,217.6005,209.8095,217.11,5980040
2015-02-23,214.5195,218.2005,206.3295,207.3405,8497684
2015-02-24,207.2895,207.2895,201.7005,204.1095,6601022
2015-02-25,204.9405,207.1395,202.5795,203.76,3908746
2015-02-26,204,211.0905,202.2195,207.1905,6472262
2015-02-27,206.8095,208.5495,202.8,203.34,3881426
2015-03-02,202.6995,203.34,195.8205,197.3205,7922000
2015-03-03,196.8105,200.2395,195.3195,199.56,4432300
2015-03-04,199.2495,202.5195,197.2095,202.4295,4221900
2015-03-05,202.8495,206.19,200.1495,200.6295,4877000
2015-03-06,199.2105,200.7495,192.15,193.8795,6712400
2015-03-09,194.3895,194.49,188.25,190.8795,6736700
2015-03-10,188.46,193.5,187.6005,190.32,5579600
2015-03-11,191.1105,196.1805,191.01,193.74,4974800
2015-03-12,193.7505,194.4495,187.8495,188.6805,4158076
2015-03-13,188.9205,191.7495,187.32,188.6805,5434200
2015-03-16,192,195.9105,189.7995,195.7005,5628700
2015-03-17,195.4305,198.7095,193.9395,194.73,4894000
2015-03-18,194.9595,200.88,193.11,200.7105,4820900
2015-03-19,202.0005,204.5895,194.5305,195.6495,8475200
2015-03-20,197.4495,198.99,195.6195,198.0795,4269400
2015-03-23,198.48,200.5005,197.4705,199.6305,2631600
2015-03-24,201.5805,203.79,199.7505,201.72,3649800
2015-03-25,198.4995,198.5895,192.7005,194.2995,5730300
2015-03-26,193.92,194.79,189.7005,190.3995,4127900
2015-03-27,189.0705,189.2895,181.3995,184.9995,8604900
2015-03-30,185.85,192.2505,181.8,190.5705,10089500
2015-03-31,193.5405,193.7595,188.4105,188.7705,5026569
2015-04-01,188.7,192.3,186.0495,187.59,3794600
2015-04-02,190.23,193.23,190.0005,190.9995,5010300
2015-04-06,198,207.75,197.5005,203.1,12455800
2015-04-07,202.1505,205.0605,201.1395,203.25,4346855
2015-04-08,208.56,210.9,205.8705,207.6705,6303100
2015-04-09,208.4295,210.3705,206.1195,210.09,3797207
2015-04-10,209.85,211.65,208.9995,210.9,4067600
2015-04-13,210.72,213,209.0505,209.7795,3758200
2015-04-14,208.5705,209.49,205.5,207.4605,3025900
2015-04-15,207.4605,209.5905,206.5995,207.8295,1946934
2015-04-16,207.7005,209.1705,206.2905,206.7,1659059
2015-04-17,204.99,206.88,203.5005,206.79,2469900
2015-04-20,206.7795,207.8505,203.85,205.2705,2559226
2015-04-21,205.8,210.75,204.3105,209.4105,3430504
2015-04-22,212.5005,221.88,211.6905,219.4395,7861380
2015-04-23,218.2695,221.4795,217.1505,218.5995,4411100
2015-04-24,220.5,220.8,218.01,218.43,2427843
2015-04-27,222.5595,238.7505,222,231.5505,11672600
2015-04-28,234.75,235.5,228.03,230.4795,6085379
2015-04-29,230.0505,234.9705,227.6295,232.4505,3936000
2015-04-30,230.3895,232.89,225.1695,226.05,3911800
2015-05-01,229.9395,231.7695,220.3995,226.0305,5281600
2015-05-04,228.18,234.7305,227.1105,230.5095,4434500
2015-05-05,237.7605,239.5005,229.1295,232.95,5796800
2015-05-06,234.1005,234.4695,228.1995,230.43,5235820
2015-05-07,220.9995,237.48,220.2495,236.8005,9448627
2015-05-08,235.9905,238.41,233.7,236.61,4668200
2015-05-11,236.2905,242.88,235.3095,239.49,5672200
2015-05-12,240.1095,246.3495,238.1895,244.74,6363429
2015-05-13,247.6095,248.2995,242.25,243.18,5440100
2015-05-14,244.8195,244.89,241.2495,244.0995,2895900
2015-05-15,244.26,249.4005,242.5005,248.8395,4525127
2015-05-18,246.8595,249.9,246,248.7495,3352368
2015-05-19,248.34,250.9995,246.15,247.14,3674231
2015-05-20,247.1295,247.74,241.3695,244.35,3755500
2015-05-21,243.03,246.6195,242.3595,245.6205,1970600
2015-05-22,245.4495,248.5995,245.01,247.7295,2223000
2015-05-26,247.68,252,246.4995,247.4595,3497564
2015-05-27,248.5095,249.4995,245.55,247.4295,3408200
2015-05-28,247.0305,251.8005,245.0505,251.4495,3646480
2015-05-29,250.9995,252.87,249.4305,250.8,3789200
2015-06-01,251.4105,251.5995,247.47,249.45,2505057
2015-06-02,248.9205,249.4005,246.3,248.3505,2129440
2015-06-03,248.2005,250.7205,247.0095,248.9895,1781500
2015-06-04,247.5,249.3,245.7105,245.9205,2453600
2015-06-05,246.1605,249.7005,245.6805,249.1395,3022000
2015-06-08,250.7595,258.75,250.3095,256.29,5016900
2015-06-09,255.4005,257.7405,254.1405,256.0005,2609744
2015-06-10,251.8995,253.9995,248.5005,250.6995,3454074
2015-06-11,253.26,254.37,250.4295,251.4105,2044058
2015-06-12,250.6095,253.4595,250.2105,250.6905,1418300
2015-06-15,249.7005,251.28,246.0105,250.38,2186100
2015-06-16,250.1295,253.44,249.1005,253.1205,1984600
2015-06-17,252.1695,264.36,252.0195,260.4105,5512900
2015-06-18,262.0005,263.46,260.0205,261.8895,2782700
2015-06-19,262.3995,263.8005,260.1,262.5105,2463000
2015-06-22,262.1505,264.4005,255.69,259.7895,4561000
2015-06-23,260.31,268.0005,258.57,267.6705,3870818
2015-06-24,266.9805,267.3495,263.7195,265.17,2412200
2015-06-25,266.4495,271.41,265.2495,268.7895,2849200
2015-06-26,268.89,269.1105,265.9995,267.09,3838400
2015-06-29,261.9495,265.95,260.7,262.02,3478900
2015-06-30,264.7995,270.9195,264,268.26,3086935
2015-07-01,271.11,272.6205,267.8505,269.1495,2101200
2015-07-02,280.0005,282.45,273.3105,280.02,7163900
2015-07-06,278.4495,281.6895,276.3,279.72,4121900
2015-07-07,274.9995,275.2005,260.7705,267.8805,6105100
2015-07-08,259.32,260.8005,254.31,254.9595,6221000
2015-07-09,259.08,262.95,256.7895,257.9205,3334000
2015-07-10,262.2195,262.9995,257.82,259.1505,2610800
2015-07-13,262.2,262.5495,256.05,262.1595,2960300
2015-07-14,262.0995,265.9905,260.5095,265.65,1907422
2015-07-15,266.7405,267.4905,262.08,263.1405,2020863
2015-07-16,264.2205,267.1995,263.16,266.6805,1615900
2015-07-17,272.4195,275.5395,268.2495,274.6605,5004000
2015-07-20,274.9995,286.65,272.5395,282.2595,4978400
2015-07-21,270.0495,273.4995,266.55,266.7705,6108600
2015-07-22,261.27,269.4405,260.8605,267.87,3104900
2015-07-23,269.6505,269.8995,265.2705,267.1995,2227200
2015-07-24,267.3795,271.0905,263.9205,265.41,2836400
2015-07-27,262.4295,264.4305,250.7895,253.0095,4694100
2015-07-28,255.75,265.3995,251.8395,264.8205,3895800
2015-07-29,264.27,267.8895,262.0005,263.82,2790000
2015-07-30,262.6905,266.94,262.11,266.79,2034500
2015-07-31,267.6,269.3595,265.1205,266.1495,2222500
2015-08-03,266.2905,266.7105,257.07,259.9905,2553108
2015-08-04,260.01,266.7195,258.3405,266.28,2352500
2015-08-05,263.58,271.0005,260.4,270.1305,6214300
2015-08-06,249.54,255,236.1195,246.1305,14619742
2015-08-07,243.5805,243.7305,238.3905,242.5095,5073300
2015-08-10,238.1505,242.97,236.0505,241.14,4185800
2015-08-11,237.15,239.2995,234.4395,237.3705,4262314
2015-08-12,235.0005,239.7705,232.74,238.17,3739100
2015-08-13,239.8605,246.48,239.1195,242.5095,4689100
2015-08-14,247.2405,247.9305,241.77,243.15,4364800
2015-08-17,255.5595,256.59,250.5105,254.9895,7176600
2015-08-18,255.3795,260.9505,253.56,260.7195,4195000
2015-08-19,260.3295,260.6505,255.0195,255.2505,3604200
2015-08-20,252.06,254.5605,241.9005,242.1795,4905700
2015-08-21,235.9995,243.7995,230.5095,230.7705,6590200
2015-08-24,202.7895,231.4005,195,218.8695,9580689
2015-08-25,230.6895,230.8995,219.12,220.0305,4327200
2015-08-26,227.9295,228,215.5095,224.8395,4963000
2015-08-27,231,244.7505,230.8095,242.9895,7655900
2015-08-28,241.86,251.4495,241.5705,248.4795,5513600
2015-08-31,245.6205,254.9505,245.5095,249.06,4700200
2015-09-01,240.3405,246,236.97,238.6305,5454700
2015-09-02,245.2995,247.8795,239.7795,247.6905,4629100
2015-09-03,252.06,252.0795,244.9995,245.5695,4194700
2015-09-04,240.8895,244.0905,238.2,241.9305,3689100
2015-09-08,245.0505,249.1605,244.05,248.1705,3138200
2015-09-09,252.0495,254.25,248.2995,248.91,3390700
2015-09-10,247.23,250.7205,245.3295,248.4795,2708962
2015-09-11,247.6395,250.2405,244.7295,250.2405,2350800
2015-09-14,251.1,254.25,249.6705,253.1895,2890800
2015-09-15,252.75,254.5995,249.4995,253.5705,2933400
2015-09-16,253.0395,262.8795,252.8805,262.2495,4417000
2015-09-17,263.9595,265.5,260.6895,262.0695,3585812
2015-09-18,257.9595,263.82,257.5005,260.6205,3763000
2015-09-21,263.9805,271.5705,255.7995,264.1995,6120100
2015-09-22,259.0305,262.65,255.87,260.94,3664300
2015-09-23,261.9495,262.08,257.58,261.06,2600778
2015-09-24,259.53,263.4495,256.2105,263.1195,3444927
2015-09-25,266.61,266.91,256.1505,256.9095,3773300
2015-09-28,257.3505,259.7895,246.6105,248.43,4900579
2015-09-29,250.4595,254.73,245.46,246.6495,3703100
2015-09-30,252,252.4005,242.34,248.4,4929500
2015-10-01,247.5105,248.5005,237.1305,239.88,4572900
2015-10-02,235.6005,247.6995,234.93,247.5705,4423900
2015-10-05,248.8395,249.84,244.1295,246.15,3688888
2015-10-06,240,243.03,235.5795,241.4595,5235800
2015-10-07,236.6295,237.7005,229.1205,231.96,6813900
2015-10-08,230.0805,230.7195,221.31,226.7205,6133200
2015-10-09,220.9305,224.37,218.3595,220.6905,6156800
2015-10-12,222.99,223.0005,215.2695,215.58,3832398
2015-10-13,213.2805,222.5205,211.1295,219.2505,5171500
2015-10-14,220.6695,220.95,215.43,216.8805,3104400
2015-10-15,216.4305,221.73,213.7005,221.31,2844200
2015-10-16,223.0395,230.4795,222.87,227.01,4334400
2015-10-19,226.5,231.15,224.94,228.1005,2507895
2015-10-20,227.7195,228.6,202.0005,213.03,12455898
2015-10-21,211.9905,214.8105,208.8,210.09,4183400
2015-10-22,211.56,215.7495,209.4,211.7205,2825100
2015-10-23,214.9995,215.3505,207.69,209.0895,4235400
2015-10-26,211.38,215.88,210,215.2605,3391400
2015-10-27,214.8405,217.0995,207.51,210.3495,3519400
2015-10-28,211.3095,213.45,208.3005,212.9595,2728500
2015-10-29,211.7505,213.75,210.6405,211.6305,1805000
2015-10-30,210.4005,211.6305,203.8905,206.9295,4438900
2015-11-02,208.92,215.8005,207.2205,213.7905,3927773
2015-11-03,213.8505,214.44,207.75,208.35,8332400
2015-11-04,226.9995,232.74,225.1995,231.63,12725052
2015-11-05,230.58,234.5805,229.1895,231.7695,4496800
2015-11-06,230.7,233.3595,229.5,232.3605,2445200
2015-11-09,232.9905,232.9905,224.31,225.33,3850860
2015-11-10,223.4805,223.6995,216.0795,216.4995,4617000
2015-11-11,217.77,219.48,213.63,219.0795,3347800
2015-11-12,217.8495,219,212.6595,212.94,2915900
2015-11-13,212.9505,212.9895,206.52,207.1905,3430300
2015-11-16,206.0895,214.98,205.8,214.3095,2925300
2015-11-17,215.2005,216,211.3995,214.0005,2148600
2015-11-18,214.5,221.3805,212.52,221.07,2811900
2015-11-19,220.5405,226.1895,220.3005,221.8005,2504300
2015-11-20,223.4895,225,213.5805,220.0095,4400700
2015-11-23,217.35,219.18,214.68,217.7505,2526100
2015-11-24,215.37,220.9995,214.9995,218.25,2479300
2015-11-25,221.34,230.82,220.38,229.6395,3990700
2015-11-27,231.06,232.2495,227.01,231.6105,1949300
2015-11-30,231.7905,234.2805,229.08,230.2605,2659800
2015-12-01,231.06,238.0005,231.0495,237.1905,3733955
2015-12-02,237,238.6005,231.2295,231.99,2980768
2015-12-03,235.4805,237.45,229.9995,232.71,2939533
2015-12-04,232.4595,233.2695,227.6595,230.3805,2573600
2015-12-07,227.7,235.6305,226.1505,231.1305,3144200
2015-12-08,227.52,228.7995,224.2005,226.7205,2687636
2015-12-09,226.6995,227.5005,220.7205,224.52,3057700
2015-12-10,224.7105,228.4905,223.6395,227.07,2071600
2015-12-11,225.24,225.75,216.6405,217.02,3268700
2015-12-14,217.5105,220.92,214.8705,218.58,2830798
2015-12-15,221.82,222.2205,217.9995,221.0895,2244400
2015-12-16,222.1005,234.8805,220.7295,234.51,5104300
2015-12-17,233.94,237.7605,229.8105,233.3895,3298600
2015-12-18,232.89,235.9005,229.29,230.46,3014100
2015-12-21,231.69,235.83,231.0795,232.56,1953100
2015-12-22,234.99,236.55,229.6305,229.95,1961155
2015-12-23,232.1805,233.4495,228.1305,229.6995,1554900
2015-12-24,230.5605,231.8805,228.2805,230.5695,710277
2015-12-28,231.4905,231.9795,225.54,228.9495,1901304
2015-12-29,230.0595,237.72,229.5495,237.1905,2406290
2015-12-30,236.5995,243.6345,235.6695,238.0905,3124074
2015-12-31,238.5105,243.45,238.3695,240.0105,2503103
2016-01-04,230.7195,231.3795,219,223.41,6124482
2016-01-05,226.3605,232.3005,220.0005,223.4295,3086425
2016-01-06,220.0005,220.05,215.9805,219.0405,3492811
2016-01-07,214.1895,218.4405,213.6705,215.6505,3410786
2016-01-08,217.86,220.44,210.7695,211.0005,3504461
2016-01-11,214.0095,214.4505,202.9995,207.8505,4091422
2016-01-12,211.6005,213.7395,205.3095,209.97,2595389
2016-01-13,212.01,212.6505,199.9995,200.31,3821277
2016-01-14,202.2105,210,193.38,206.1795,5965537
2016-01-15,198.9705,205.0695,197.25,204.99,4251085
2016-01-19,208.71,210.4695,200.7795,204.72,4038600
2016-01-20,199.3995,201.2805,191.25,198.7005,5319658
2016-01-21,201.5505,203.2305,195.0195,199.9695,2955075
2016-01-22,204.7995,205.5,199.0305,202.5495,3081626
2016-01-25,200.0595,203.5695,195.8805,196.3695,2150984
2016-01-26,196.6995,197.82,188.88,193.56,4123942
2016-01-27,192.3795,193.26,185.7705,188.07,3530660
2016-01-28,190.7895,191.28,182.4105,189.7005,3867413
2016-01-29,189.9495,193.74,188.0805,191.1105,2244637
2016-02-01,188.76,199.5195,182.7495,196.9395,4572522
2016-02-02,192.42,193.1205,180.2295,182.7795,4994163
2016-02-03,183.5895,183.9405,170.1795,173.4795,6766212
2016-02-04,170.7,175.98,166.9905,175.3305,3697860
2016-02-05,171.3,172.9995,157.7445,162.6,8856904
2016-02-08,157.1055,157.1505,145.99995,148.03005,7657160
2016-02-09,142.32,159.7905,141.04995,148.24995,7950407
2016-02-10,150.4995,154.9695,141.73995,143.67,8053123
2016-02-11,151.9995,163.26,147,150.4695,13417556
2016-02-12,154.9995,157.0095,143.7,151.0395,6375109
2016-02-16,158.7,162.9495,154.11,155.1705,5354390
2016-02-17,159,169.3395,156.6795,168.6795,5100855
2016-02-18,172.4205,172.95,164.7705,166.77,3527362
2016-02-19,163.6605,167.49,162.4995,166.5795,2484298
2016-02-22,170.1195,178.9095,169.8495,177.7395,4417725
2016-02-23,176.16,181.7295,173.6805,177.21,5876295
2016-02-24,172.7505,179.5005,167.8395,178.9995,4635777
2016-02-25,178.65,188.52,175.2,187.4295,4517456
2016-02-26,188.7,192,184.9995,190.3395,5230574
2016-02-29,192.4005,196.35,189.2205,191.9295,4226478
2016-03-01,194.25,195.9495,182.7,186.3495,5835029
2016-03-02,183.7305,188.52,181.5,188.34,4536212
2016-03-03,188.28,197.4195,184.2195,195.7395,4246868
2016-03-04,198,204.03,197.5005,201.0405,5732174
2016-03-07,197.6805,209.7,197.4,205.29,4489102
2016-03-08,203.5005,207.4995,202.2,202.6005,3828797
2016-03-09,204.5205,209.3745,202.7895,208.7205,2752317
2016-03-10,210,213.2895,200.67,205.1805,5192523
2016-03-11,207.93,209.4195,205.3305,207.4995,2816476
2016-03-14,212.6505,216.72,210.6405,215.1495,4065706
2016-03-15,214.2705,218.97,211.5,218.34,3180452
2016-03-16,217.9995,222.5805,217.02,221.9295,3516703
2016-03-17,221.4705,228.4995,220.0005,226.38,3782891
2016-03-18,229.0995,234.48,228.06,232.74,4711793
2016-03-21,235.3395,239.88,235.0005,238.32,5307822
2016-03-22,237.21,238.9905,232.56,234.24,4315988
2016-03-23,232.3695,234.7305,222.03,222.5805,4948841
2016-03-24,215.7795,228.8895,214.9995,227.7495,4960900
2016-03-28,231.6105,234.81,225,230.2605,3326412
2016-03-29,229.89,232.38,225.33,230.13,3850008
2016-03-30,235.0905,235.5,226.5,226.89,3499648
2016-03-31,229.3395,237.42,225.0105,229.77,6849312
2016-04-01,244.8255,247.9005,233.25,237.5895,15013575
2016-04-04,249.12,252.12,243.6405,246.99,11437981
2016-04-05,240.4995,256.56,240,255.4695,9669381
2016-04-06,253.9695,267.7395,253.4505,265.4205,9839525
2016-04-07,266.4495,269.34,254.5095,257.2005,7641985
2016-04-08,260.5005,260.82,248.0205,250.0695,6178753
2016-04-11,250.9995,258.99,245.2995,249.9195,7916097
2016-04-12,249.4995,251.8005,243.63,247.8195,4913016
2016-04-13,248.5095,255.4995,247.3305,254.5305,4252144
2016-04-14,253.0005,256.8405,251.0505,251.8605,3652819
2016-04-15,251.31,254.5995,249.12,254.5095,3430213
2016-04-18,252.2295,258.3105,251.6595,253.8795,4054702
2016-04-19,253.1205,254.37,241.2495,247.3695,5403359
2016-04-20,246.2595,253.6605,241.5,249.9705,4735351
2016-04-21,248.9895,250.9005,246.9105,248.2905,2645018
2016-04-22,248.8905,253.9995,245.7105,253.7505,3337973
2016-04-25,253.0095,257.3805,250.7595,251.82,3070857
2016-04-26,252.0495,255.7305,249.39,253.74,2776157
2016-04-27,252.75,255,249.4005,251.4705,2977861
2016-04-28,249.8505,253.4295,247.44,247.71,2128265
2016-04-29,248.1405,248.43,237.81,240.7605,4520491
2016-05-02,241.5,243.1905,234.8205,241.8,3252350
2016-05-03,237.36,238.9095,231.6195,232.32,4000769
2016-05-04,230.2905,234.4605,220.3995,222.5595,7161067
2016-05-05,228.4605,228.6405,209.79,211.53,10952049
2016-05-06,210.87,216.3705,208.11,214.9305,5003497
2016-05-09,215.7195,216.15,206.8005,208.92,4520062
2016-05-10,207.5505,209.4705,205.0005,208.6905,3491633
2016-05-11,207.5895,215.4795,206.0505,208.9605,5042386
2016-05-12,211.44,211.6695,203.655,207.1995,3066746
2016-05-13,207.78,211.2,206.7,207.6105,2401971
2016-05-16,208.1505,213.15,207.9195,208.29,2474446
2016-05-17,209.0505,209.82,204.0195,204.66,2303002
2016-05-18,209.1495,215.31,207.75,211.17,4454848
2016-05-19,213.6195,216.7905,207.3,215.2095,6582419
2016-05-20,216.99,220.5495,216.3495,220.2795,8635216
2016-05-23,219.87,222.6,215.8605,216.2205,4335487
2016-05-24,216.6,218.7405,215.1795,217.9095,2928659
2016-05-25,217.9095,221.3595,216.51,219.5805,2514028
2016-05-26,220.5,225.2595,219.0495,225.12,3560997
2016-05-27,224.9895,225.93,220.7505,223.0395,3081734
2016-05-31,223.0395,224.7495,221.5005,223.23,2046828
2016-06-01,221.4795,222.4005,216.8895,219.5595,2549934
2016-06-02,219.5895,219.9105,217.11,218.9595,1670749
2016-06-03,220.0005,221.94,218.01,218.9895,1897954
2016-06-06,217.9995,220.9005,215.4495,220.68,1901580
2016-06-07,222.24,234.4395,221.52,232.3395,5530952
2016-06-08,233.8005,240.8445,232.605,235.5195,5092613
2016-06-09,234.9795,235.3305,227.0595,229.3605,4145457
2016-06-10,227.3895,227.97,218.4195,218.79,5278017
2016-06-13,219.4995,225.7695,217.6605,217.8705,3585438
2016-06-14,218.88,222.1995,212.5305,214.95,2941462
2016-06-15,216.9495,221.8995,215.13,217.6995,2780560
2016-06-16,217.4205,218.04,213.4995,217.9305,2098911
2016-06-17,217.8105,219.99,214.5,215.4795,2605683
2016-06-20,219.4995,223.7505,218.2305,219.7005,3020866
2016-06-21,220.68,222.57,218.8095,219.6105,2226694
2016-06-22,199.47,205.95,195.75,196.6605,22631149
2016-06-23,195.69,197.55,192.1305,196.3995,9464787
2016-06-24,190.05,195.12,189.7305,193.1505,5854728
2016-06-27,190.86,198.81,187.8705,198.5505,6779769
2016-06-28,201.8895,204.0495,199.41,201.7905,5725343
2016-06-29,205.1295,211.7805,202.9995,210.1605,4601420
2016-06-30,212.97,213.4995,209.0205,212.28,3611804
2016-07-01,206.1405,218.2395,205.9995,216.4995,4759573
2016-07-05,209.73,214.545,208.0005,213.9795,4434881
2016-07-06,210,215.2305,208.9995,214.44,4408957
2016-07-07,213.1005,218.1195,213.0105,215.94,2738871
2016-07-08,217.8,219.81,214.5,216.78,3209618
2016-07-11,219.96,226.7805,219.51,224.7795,4733773
2016-07-12,224.1,227.5005,223.2195,224.6505,4004195
2016-07-13,225.4995,225.5895,220.29,222.5295,2885761
2016-07-14,223.1205,224.94,221.0505,221.5305,2190373
2016-07-15,222.5205,222.75,219.6405,220.3695,1784153
2016-07-18,219.6405,227.0895,218.2995,226.2495,2894015
2016-07-19,225,229.0995,224.7495,225.2595,2783923
2016-07-20,226.47,229.8,225,228.36,2295648
2016-07-21,226.0005,227.8455,219.1005,220.5,3753150
2016-07-22,221.9895,224.5005,218.88,222.27,2437326
2016-07-25,222.27,231.39,221.37,230.01,3852884
2016-07-26,227.6895,229.9995,225.3,229.5105,3039023
2016-07-27,229.3395,233.3595,226.92,228.4905,2365669
2016-07-28,227.9505,230.76,226.6005,230.61,2131840
2016-07-29,230.7,235.2795,230.2395,234.7905,2908610
2016-08-01,235.5,236.6295,229.38,230.01,3790147
2016-08-02,229.3695,229.8705,221.4,227.2005,3599106
2016-08-03,227.37,229.6995,224.2095,225.5805,2730615
2016-08-04,225.69,230.8605,222.0495,230.61,3448697
2016-08-05,229.9995,232.0005,227.4,230.0295,2538457
2016-08-08,228,229.6005,226.0905,226.1595,1797782
2016-08-09,226.8195,231.54,226.65,229.08,1734218
2016-08-10,228.24,229.8705,224.6205,225.6495,1859500
2016-08-11,226.17,227.5695,223.41,224.91,1638993
2016-08-12,225.4095,226.65,224.04,225.6105,1480909
2016-08-15,226.02,229.5,224.9295,225.5895,1657280
2016-08-16,225.4905,227.19,223.41,223.6095,1702132
2016-08-17,224.3295,224.8305,222.7995,223.2405,1435311
2016-08-18,223.8195,225.66,222.2895,223.5105,1645768
2016-08-19,223.5405,225.1695,222.5295,225,1266596
2016-08-22,224.1705,225.1095,222.6795,222.93,1727526
2016-08-23,224.3205,228.4905,222.7995,224.8395,4115106
2016-08-24,227.0505,227.1495,222.2205,222.6195,2056602
2016-08-25,223.11,223.8,220.77,220.9605,1580160
2016-08-26,222.1395,222.855,218.82,219.99,1871069
2016-08-29,220.1505,220.3995,214.9995,215.2005,2766023
2016-08-30,216.1095,216.1095,210.5205,211.3395,2619588
2016-08-31,210.4305,212.5995,208.65,212.01,3016827
2016-09-01,209.01,211.0995,200.5005,200.7705,6765259
2016-09-02,202.3305,203.2005,196.2,197.7795,5368761
2016-09-06,199.02,203.25,199.0005,202.8195,4220936
2016-09-07,205.5,206.4945,200.7105,201.7005,2660978
2016-09-08,199.5495,199.89,196.3605,197.3595,3140593
2016-09-09,199.0905,199.92,193.6995,194.4705,3103198
2016-09-12,195,201.3705,194.1,198.3,3045470
2016-09-13,197.0595,198.4905,193.4505,196.05,2947851
2016-09-14,195.75,197.925,194.8545,196.41,1750864
2016-09-15,196.4895,202.5195,196.3995,200.22,2192932
2016-09-16,200.4195,205.6995,199.0005,205.3995,2418090
2016-09-19,207,209.43,205.0005,206.34,1895855
2016-09-20,206.85,207.75,203.91,204.6405,1657410
2016-09-21,206.37,207,201.5595,205.2195,2086336
2016-09-22,206.4,207.2805,202.9995,206.43,2334870
2016-09-23,205.9905,210.18,205.6695,207.45,2688442
2016-09-26,206.5005,211.0005,206.5005,208.9905,2301225
2016-09-27,209.6505,209.9805,204.6105,205.8105,2517231
2016-09-28,207.51,208.2495,205.26,206.2695,1369885
2016-09-29,205.6005,207.33,200.58,200.7,2333099
2016-09-30,202.2105,204.9795,199.5495,204.03,2455082
2016-10-03,212.2995,215.67,208.2495,213.7005,5321524
2016-10-04,213.1005,213.3195,208.8195,211.41,3036625
2016-10-05,212.2395,213.15,208.1205,208.4595,1580397
2016-10-06,202.4595,204.21,200.2095,201,4506877
2016-10-07,201,201.3195,195.7995,196.6095,2944927
2016-10-10,201.3495,204.1395,199.6605,200.9505,2894705
2016-10-11,201.8505,202.2,198.3105,200.1,2237785
2016-10-12,200.9505,203.88,200.4195,201.51,1671211
2016-10-13,200.5005,200.895,197.0505,200.2395,2209150
2016-10-14,200.6595,201.4305,196.3005,196.5105,3194201
2016-10-17,197.0505,198.39,192,193.9605,3888796
2016-10-18,195.99,199.47,193.26,199.0995,4921260
2016-10-19,199.74,206.6595,198.06,203.5605,5640708
2016-10-20,202.1205,202.9995,197.0505,199.0995,4329868
2016-10-21,198.6,201.57,197.4105,200.0895,2205166
2016-10-24,201,203.9445,200.25,202.7595,2663942
2016-10-25,202.9005,204.69,201.1995,202.3395,2181229
2016-10-26,201,203.19,200.1,202.2405,3201936
2016-10-27,211.3395,213.7005,201.6495,204.0105,12785602
2016-10-28,204,205.32,199.83,199.9695,4202047
2016-10-31,202.4895,202.4895,195.81,197.73,4692273
2016-11-01,198.0405,198.4995,188.1045,190.7895,7060036
2016-11-02,190.05,192.6945,187.5045,188.0205,4253382
2016-11-03,189,191.4705,187.0395,187.4205,2653023
2016-11-04,189,193.4595,185.9595,190.56,5146043
2016-11-07,193.59,194.2905,190.05,193.2105,3781927
2016-11-08,193.7895,197.49,191.2605,194.94,3170981
2016-11-09,186.8745,192,183.9495,190.0605,8131514
2016-11-10,191.0505,191.61,180.42,185.3505,6662170
2016-11-11,184.2405,188.88,183,188.5605,3902576
2016-11-14,187.9995,188.25,178.1895,181.4505,6552205
2016-11-15,182.7795,186.4305,182.0505,183.7695,3902018
2016-11-16,182.6505,184.7295,181.2105,183.93,3405210
2016-11-17,183.4905,189.4905,182.1105,188.6595,4521052
2016-11-18,190.65,193.0005,184.9995,185.0205,5180275
2016-11-21,185.04,188.8905,184.41,184.6995,4329418
2016-11-22,185.8395,191.4705,183.7095,191.1705,5567401
2016-11-23,190.6095,195.645,189,193.14,4681343
2016-11-25,193.6395,197.235,193.6395,196.65,2322216
2016-11-28,195.48,199.35,194.55,196.1205,4399315
2016-11-29,195.5595,196.7295,189.4995,189.57,4327215
2016-11-30,190.9995,191.8905,187.5,189.4005,3433565
2016-12-01,188.25,188.5305,181.0005,181.8795,4984959
2016-12-02,182.88,184.8795,180,181.47,3961543
2016-12-05,182.5095,188.8905,182.5095,186.7995,3928750
2016-12-06,185.52,186.5805,182.685,185.85,3350536
2016-12-07,186.15,193.3995,184.9995,193.14,5312421
2016-12-08,192.0495,192.4995,189.54,192.2895,3108464
2016-12-09,190.8705,193.8345,190.8105,192.18,2692753
2016-12-12,192.7995,194.4195,191.04,192.4305,2404013
2016-12-13,193.1805,201.2805,193.0005,198.15,6647682
2016-12-14,198.7395,202.9995,196.7595,198.69,4126524
2016-12-15,198.4095,200.7405,197.3895,197.58,3156620
2016-12-16,198.0795,202.59,197.5995,202.4895,3645735
2016-12-19,202.4895,204.45,199.8405,202.7295,3403226
2016-12-20,203.0505,208.9995,202.5,208.7895,4621849
2016-12-21,208.4505,212.2305,207.4095,207.7005,5089610
2016-12-22,208.2195,209.9895,206.5005,208.4505,3030425
2016-12-23,208.0005,213.45,207.7095,213.3405,4282248
2016-12-27,214.8795,222.2505,214.4205,219.5295,5688417
2016-12-28,221.5305,223.8,217.2,219.7395,3685700
2016-12-29,218.5605,219.1995,214.125,214.65,3947186
2016-12-30,216.3,217.5,211.68,213.69,4642620
2017-01-03,214.86,220.3305,210.96,216.99,5529103
2017-01-04,214.7505,228,214.3095,226.9905,11125409
2017-01-05,226.4205,227.4795,221.9505,226.7505,5855477
2017-01-06,226.9305,230.31,225.45,229.0095,5464390
2017-01-09,228.9705,231.9195,228,231.2805,3912905
2017-01-10,232.0005,232.0005,226.89,229.8705,3596489
2017-01-11,229.0695,229.98,226.68,229.7295,3419709
2017-01-12,229.0605,230.7,225.5805,229.59,3715994
2017-01-13,229.9995,237.8505,229.59,237.75,5999036
2017-01-17,236.7,239.9595,234.3705,235.5795,4599431
2017-01-18,236.6505,239.7105,235.5795,238.3605,3717367
2017-01-19,247.2495,248.6805,240.75,243.7605,7588308
2017-01-20,245.46,246,243.0105,244.7295,3779300
2017-01-23,245.85,250.89,245.5005,248.9205,5933842
2017-01-24,250.0005,254.8005,249.6495,254.61,4780599
2017-01-25,257.31,258.4605,251.8005,254.4705,5115499
2017-01-26,254.2905,255.7395,250.7505,252.51,3069385
2017-01-27,251.3805,253.0005,248.52,252.96,3041815
2017-01-30,252.5295,255.2895,247.0995,250.62,3662381
2017-01-31,249.24,255.8895,247.6995,251.9295,4052857
2017-02-01,253.05,253.2,249.0495,249.24,3922415
2017-02-02,248.34,252.42,247.71,251.5395,2417989
2017-02-03,251.91,252.18,249.6795,251.3295,2186723
2017-02-06,250.9995,257.82,250.6305,257.7705,3521545
2017-02-07,258.1905,259.9995,256.4205,257.4795,4059343
2017-02-08,257.3505,263.3595,256.2,262.08,3880660
2017-02-09,266.25,271.1805,266.1495,269.2005,7691836
2017-02-10,269.79,270.9495,266.1105,269.2305,3591127
2017-02-13,270.7395,280.7895,270.51,280.6005,6892941
2017-02-14,279.03,287.3895,278.61,280.98,7192881
2017-02-15,280.0005,282.24,276.4395,279.7605,4909892
2017-02-16,277.6005,280.0005,268.5,268.95,7022600
2017-02-17,265.8,272.8905,264.15,272.2305,6122976
2017-02-21,275.4495,281.4,274.0095,277.3905,5606590
2017-02-22,280.3095,283.4505,272.5995,273.51,7430914
2017-02-23,264,264.66,255.5595,255.99,14825808
2017-02-24,252.66,258.2505,250.2,256.9995,8119605
2017-02-27,248.1705,248.3595,242.01,246.2295,11213033
2017-02-28,244.1895,250.9995,243.9,249.99,5946842
2017-03-01,254.1795,254.85,249.1095,250.02,4779494
2017-03-02,249.7095,253.2795,248.2695,250.4805,3321711
2017-03-03,250.74,251.8995,249,251.5695,2907840
2017-03-06,247.9095,251.7,247.5105,251.2095,3287229
2017-03-07,251.9205,253.89,248.3205,248.5905,3341840
2017-03-08,247.0005,250.0695,245.3205,246.8295,3643671
2017-03-09,247.6305,248.6595,243,244.9005,3852052
2017-03-10,246.21,246.4995,243,243.69,3009717
2017-03-13,244.3905,246.8505,242.7795,246.1695,3022625
2017-03-14,246.1095,258.12,246.0195,258,7598446
2017-03-15,256.9995,261,254.2695,255.7305,5330806
2017-03-16,262.3995,265.7505,259.0605,262.05,7132153
2017-03-17,264,265.3305,261.1995,261.4995,5912477
2017-03-20,260.5995,264.5505,258.8205,261.9195,3614294
2017-03-21,262.83,264.7995,250.2405,250.68,6908554
2017-03-22,251.5605,255.0705,250.5105,255.0105,4059297
2017-03-23,255.39,257.67,253.3005,254.7795,3320245
2017-03-24,255.7005,263.8905,255.0105,263.16,5532414
2017-03-27,260.5995,270.57,259.7505,270.2205,6089705
2017-03-28,277.02,280.68,274.9995,277.4505,7781113
2017-03-29,278.34,279.6,275.5395,277.38,3562790
2017-03-30,278.04,282,277.2105,277.92,4066603
2017-03-31,278.73,279.6795,276.3195,278.2995,3224621
2017-04-03,286.9005,298.9995,284.58,298.5195,13888618
2017-04-04,296.8905,304.8105,294.5295,303.6795,9975249
2017-04-05,302.04,304.8795,294.1995,295.0005,7781867
2017-04-06,296.88,301.9395,294.1005,298.6995,5450176
2017-04-07,297.4995,302.6895,297.15,302.5395,4579613
2017-04-10,309.15,313.7295,308.7105,312.39,7582587
2017-04-11,313.38,313.47,305.5005,308.7105,5724577
2017-04-12,306.3405,308.4495,296.3205,296.8395,5925683
2017-04-13,296.7,307.3905,295.3005,304.0005,9175128
2017-04-17,302.7,304.0005,298.68,301.44,4053657
2017-04-18,299.7,300.84,297.9,300.2505,2868087
2017-04-19,302.46,306.6195,302.1105,305.52,3741336
2017-04-20,306.51,309.15,300.2295,302.5095,5898135
2017-04-21,301.9995,306.4005,300.42,305.5995,4420451
2017-04-24,309.2205,310.5495,306.0195,308.0295,5078530
2017-04-25,307.9995,313.98,305.8605,313.7895,6734967
2017-04-26,312.3705,314.5005,309,310.17,4689098
2017-04-27,311.6895,313.0905,307.5,308.6295,3463268
2017-04-28,309.8295,314.8005,307.9995,314.07,4505478
2017-05-01,314.88,327.2505,314.8095,322.83,8821106
2017-05-02,324,327.66,316.56,318.8895,5317939
2017-05-03,317.67,321.5295,310.4505,311.0205,6906462
2017-05-04,307.4355,307.77,290.76,295.4595,14138529
2017-05-05,298.0005,308.55,296.8005,308.3505,8177347
2017-05-08,310.9005,313.7895,305.82,307.1895,7003468
2017-05-09,309.3795,321.99,309.1005,321.2595,9664729
2017-05-10,321.5595,325.5,318.12,325.2195,5735245
2017-05-11,323.4,325.9995,319.6005,323.1,4747713
2017-05-12,325.4805,327,321.5295,324.81,4117295
2017-05-15,318.3795,320.2005,312.5295,315.8805,7607513
2017-05-16,317.5905,320.0595,315.1395,317.01,4141969
2017-05-17,314.3895,314.6295,305.5005,306,6696073
2017-05-18,307.0005,313.9395,305.31,313.0605,5653801
2017-05-19,315.4995,316.5,310.2,310.83,4652665
2017-05-22,312.7995,314.37,306.7995,310.35,4324962
2017-05-23,310.4595,310.7295,303.48,303.8595,4315220
2017-05-24,306.51,310.9995,305.4,310.2195,5036986
2017-05-25,311.0205,316.9695,307.8105,316.83,5004038
2017-05-26,317.28,325.4895,316.3095,325.14,7791970
2017-05-30,325.9995,336.2805,325.7595,335.1,7772629
2017-05-31,337.6905,342.8895,335.16,341.01,9937889
2017-06-01,343.9995,344.88,337.29,340.3695,7602583
2017-06-02,339.7695,342.8805,335.9295,339.8505,5583664
2017-06-05,338.5005,348.4395,334.2105,347.3205,6770516
2017-06-06,344.7,359.4945,339.9705,352.8,11059386
2017-06-07,356.34,360.4995,355.14,359.6505,9352188
2017-06-08,363.75,371.8995,360.2205,370.0005,9030052
2017-06-09,374.4195,376.8705,354.7995,357.3195,17251584
2017-06-12,357.99,364.5,350.6205,359.01,10508261
2017-06-13,367.62,376.0005,366.6105,375.9495,11778111
2017-06-14,381.0855,384.2505,376.3095,380.6595,12783558
2017-06-15,372.4995,375.4605,366.4905,375.3405,10416088
2017-06-16,377.9745,378.0105,370.0995,371.4,6350378
2017-06-19,375,376.6995,367.8,369.7995,6472928
2017-06-20,376.6695,378.8805,369.7305,372.24,7421638
2017-06-21,374.3505,376.9905,368.0205,376.3995,4923210
2017-06-22,377.9895,385.0005,373.5705,382.6095,7514282
2017-06-23,382.4505,386.9895,379.3455,383.4495,6426666
2017-06-26,386.6895,386.9505,373.0995,377.49,6597603
2017-06-27,376.3995,376.3995,362.0205,362.37,6979954
2017-06-28,366.6795,371.7405,362.52,371.2395,6293162
2017-06-29,370.6095,370.9995,354.1005,360.75,8204552
2017-06-30,363.7095,366.765,359.6205,361.6095,5826818
2017-07-03,370.2405,371.3505,351.4995,352.5,6305401
2017-07-05,347.2005,347.2395,326.3295,327.09,17005963
2017-07-06,317.2605,320.79,306.3,308.8305,19275954
2017-07-07,313.5,316.9995,307.38,313.2195,14134892
2017-07-10,312.9,317.94,303.1305,316.05,13780268
2017-07-11,316.0005,327.2805,314.2995,327.2205,11528093
2017-07-12,330.4005,333.1005,324.4995,329.52,10323843
2017-07-13,330.1095,331.6005,319.9695,323.4105,8583086
2017-07-14,323.19,328.4205,321.2205,327.78,5608043
2017-07-17,325.5405,327.1005,313.4505,319.5705,9830078
2017-07-18,317.5005,329.13,315.66,328.2405,6365551
2017-07-19,328.23,331.65,323.22,325.26,6348887
2017-07-20,326.8995,330.2205,324.1995,329.9205,5145881
2017-07-21,329.46,331.26,325.8,328.3995,4871775
2017-07-24,330.24,343.3995,330.0105,342.5205,8599011
2017-07-25,345,345.6,334.1505,339.6,6980113
2017-07-26,340.3605,345.4995,338.1195,343.8495,4810519
2017-07-27,346.0005,347.5005,326.2905,334.4595,8286495
2017-07-28,336.8895,339.6,332.5095,335.07,4873053
2017-07-31,335.5005,341.49,321.0405,323.4705,8526933
2017-08-01,322.9995,324.45,316.1295,319.5705,8287814
2017-08-02,318.9405,327.12,311.22,325.89,12091303
2017-08-03,345.33,349.9995,343.1505,347.0745,13526360
2017-08-04,346.9995,357.27,343.3005,356.91,9238520
2017-08-07,357.3495,359.4795,352.7505,355.17,6309779
2017-08-08,357.5295,368.58,357.4005,365.22,7432673
2017-08-09,361.0005,370.0005,358.95,363.5295,6882093
2017-08-10,361.6005,366.6495,354.66,355.3995,7069015
2017-08-11,356.97,361.26,353.6205,357.87,4358686
2017-08-14,364.6305,367.6605,362.5995,363.7995,4508389
2017-08-15,365.2005,365.49,359.37,362.3295,3077200
2017-08-16,363,366.4995,362.52,362.91,3406736
2017-08-17,361.2105,363.3,351.5895,351.9195,5011609
2017-08-18,352.9095,354,345.7995,347.46,5397864
2017-08-21,345.8205,345.8205,331.8495,337.86,6490288
2017-08-22,341.13,342.24,337.3755,341.3505,4315392
2017-08-23,338.9895,353.49,338.3055,352.77,4942609
2017-08-24,352.5195,356.6595,349.74,352.9305,4576004
2017-08-25,354.24,355.6905,347.2995,348.0495,3475491
2017-08-28,347.28,347.3505,339.72,345.66,3749288
2017-08-29,339.48,349.05,338.7495,347.3595,4069377
2017-08-30,349.6695,353.4705,346.9995,353.1795,3404219
2017-08-31,353.55,358.44,352.8195,355.9005,4065690
2017-09-01,356.1195,357.5895,353.6895,355.3995,3048895
2017-09-05,353.8005,355.4895,345.8895,349.59,3843028
2017-09-06,349.5,350.9805,341.5605,344.5305,4082901
2017-09-07,345.9795,352.4805,343.4505,350.61,4235606
2017-09-08,348.99,349.7805,342.3,343.3995,3261389
2017-09-11,351.3495,363.7095,349.9995,363.69,7651647
2017-09-12,364.4895,368.76,360.4005,362.7495,5966716
2017-09-13,363.8205,368.07,359.5905,366.2295,4172033
2017-09-14,364.3305,377.9595,362.6295,377.64,7171437
2017-09-15,374.5095,379.9995,372.7005,379.8105,5409018
2017-09-18,380.25,389.61,377.6805,385.0005,7179287
2017-09-19,379.9995,382.3905,373.5705,375.1005,6440275
2017-09-20,373.0005,378.2505,371.07,373.9095,4910883
2017-09-21,374.8995,376.83,364.5105,366.48,4612621
2017-09-22,366.4905,369.9,350.88,351.09,8144339
2017-09-25,353.1495,357.4695,342.8805,344.9895,7587395
2017-09-26,350.9295,351.24,340.9005,345.2505,7150632
2017-09-27,349.9005,351.4905,340.5,340.9695,6029596
2017-09-28,339.8805,342.75,335.4,339.6,5311877
2017-09-29,341.8605,344.6805,338.5995,341.0205,5099112
2017-10-02,342.5205,343.6995,335.5095,341.5305,5243618
2017-10-03,335.8995,348.5505,331.2795,348.1395,10126541
2017-10-04,351.2505,358.62,349.6005,355.0095,8148594
2017-10-05,355.9995,357.435,351.3495,355.14,4168161
2017-10-06,353.1,360.1005,352.2495,356.835,4277878
2017-10-09,349.65,351.75,342.6705,342.9405,7464351
2017-10-10,346.8,355.6305,345.5295,355.59,6972552
2017-10-11,353.8905,357.6,351.15,354.6,4495328
2017-10-12,352.95,359.7795,352.6395,355.68,4075519
2017-10-13,356.9805,358.4895,353.6805,355.5705,3538958
2017-10-16,353.76,354.48,347.16,350.5995,5373410
2017-10-17,350.91,356.22,350.07,355.7505,3290317
2017-10-18,355.9695,363,354.1305,359.6505,4936166
2017-10-19,355.56,357.1455,348.1995,351.81,5056722
2017-10-20,352.6905,354.5505,344.34,345.1005,4926667
2017-10-23,349.8795,349.95,336.2505,337.02,5740366
2017-10-24,338.8005,342.7995,336.1605,337.3395,4488426
2017-10-25,336.7005,337.5,323.5605,325.8405,8584204
2017-10-26,327.78,330.2295,323.2005,326.1705,5012087
2017-10-27,319.7505,324.5895,316.6605,320.8695,6970118
2017-10-30,319.1805,323.7795,317.25,320.0805,4254378
2017-10-31,320.2305,331.95,320.1795,331.53,5672347
2017-11-01,332.25,332.61,320.2605,321.0795,8457336
2017-11-02,300.1305,308.6895,292.6305,299.2605,19791416
2017-11-03,299.5005,306.2505,295.1295,306.09,8893974
2017-11-06,307.0005,307.5,299.01,302.7795,6482486
2017-11-07,301.02,306.4995,300.03,306.0495,5286320
2017-11-08,305.5005,306.8895,301.3005,304.3095,4725510
2017-11-09,302.5005,304.4595,296.2995,302.9895,5440335
2017-11-10,302.5005,308.3595,301.8495,302.9895,4621912
2017-11-13,300.1305,316.8,299.1105,315.4005,7574542
2017-11-14,315,316.35,306.9,308.7,5665443
2017-11-15,306.0105,312.4905,301.5,311.2995,5952184
2017-11-16,313.9905,318.1395,311.2995,312.4995,5798345
2017-11-17,325.6695,326.67,313.1505,315.0495,13721789
2017-11-20,313.7895,315.4995,304.7505,308.7405,8242039
2017-11-21,310.86,318.2295,308.7105,317.8095,7257275
2017-11-22,316.77,317.4195,311.8395,312.6,4913901
2017-11-24,313.7895,316.41,310.9995,315.5505,3244065
2017-11-27,313.2495,317.34,309.51,316.8105,4538846
2017-11-28,316.3605,319.9995,313.92,317.61,4941769
2017-11-29,317.2995,318,301.23,307.5405,8757929
2017-11-30,308.5605,310.6995,304.5405,308.9505,4346670
2017-12-01,305.4405,310.32,305.0505,306.5295,4286223
2017-12-04,306.4995,308.265,300.6105,305.2005,5834325
2017-12-05,301.9995,307.9995,301.0005,303.7005,4643831
2017-12-06,300.1005,313.3905,300,313.2705,7185928
2017-12-07,312,318.6345,311.0505,311.2605,4779610
2017-12-08,314.5995,316.98,311.2605,315.1305,3466248
2017-12-11,314.6295,329.01,313.7505,328.9005,7927990
2017-12-12,330.45,341.4405,330.03,341.0295,8716115
2017-12-13,340.9305,344.22,336.4995,339.03,6217894
2017-12-14,341.01,347.4405,336.9,337.89,5792456
2017-12-15,342.0405,343.9005,335.76,343.4295,6924404
2017-12-18,344.8995,346.7295,337.5795,338.8095,5467312
2017-12-19,340.26,341.4945,330.3,330.99,6821279
2017-12-20,332.6895,333.1005,325.0395,328.98,5950570
2017-12-21,329.5905,333.7395,327.21,331.6605,4371165
2017-12-22,329.5095,330.9195,324.8205,325.2,4207810
2017-12-26,323.8305,323.8395,316.5795,317.2905,4369962
2017-12-27,316.0005,317.5005,310.7505,311.64,4705206
2017-12-28,311.7495,315.8205,309.54,315.36,4307205
2017-12-29,316.1805,316.41,310.0005,311.3505,3771138
2018-01-02,312,322.11,310.9995,320.5305,4345885
2018-01-03,321,325.2495,315.5505,317.25,4459553
2018-01-04,312.87,318.5505,305.6805,314.6205,9946284
2018-01-05,316.62,317.2395,312,316.5795,4589244
2018-01-08,316.0005,337.02,315.4995,336.4095,9837032
2018-01-09,335.16,338.8005,327.405,333.69,7134637
2018-01-10,332.2005,337.0005,330,334.8,4304647
2018-01-11,335.2395,344.8095,333.2595,337.95,6641631
2018-01-12,338.6295,340.41,333.6705,336.2205,4822781
2018-01-16,337.5405,345,334.8,340.0605,6430106
2018-01-17,340.47,349.0005,339.75,347.16,7095099
2018-01-18,345.6705,352.3005,343.74,344.5695,5680005
2018-01-19,345,350.5905,342.6,350.0205,4871475
2018-01-22,349.3995,357.8295,349.2,351.5595,6204101
2018-01-23,360,360.4995,351,352.7895,5452533
2018-01-24,354.5805,354.75,343.5195,345.8895,5277966
2018-01-25,348.27,349.2,336.4005,337.6395,6727392
2018-01-26,341.5005,343.9995,335.7105,342.8505,4535470
2018-01-29,339.8505,350.85,338.28,349.53,4740277
2018-01-30,345.1395,348.27,342.1695,345.8205,4710880
2018-01-31,347.5095,356.19,345.1905,354.3105,6199503
2018-02-01,351,359.6595,348.63,349.2495,4190832
2018-02-02,348.4395,351.9495,340.5105,343.7505,3696510
2018-02-05,337.9695,344.4705,333,333.1305,4442285
2018-02-06,325.2105,336.2205,323.5005,333.9705,5088438
2018-02-07,338.9895,346.0005,335.6595,345,6780883
2018-02-08,343.3095,348.6195,314.5995,315.2295,10298181
2018-02-09,319.9305,320.985,294.7605,310.4205,12924936
2018-02-12,316.1295,318.0795,306.2505,315.7305,6225218
2018-02-13,315.0195,324.1905,312.51,323.6595,4555060
2018-02-14,320.8395,326.1705,318.5205,322.3095,3948395
2018-02-15,324.4995,334.1205,322.3995,334.065,5910807
2018-02-16,332.5005,343.1205,331.6395,335.49,5640492
2018-02-20,334.47,340.8405,331.5,334.7595,4007090
2018-02-21,336.03,339.6945,333.18,333.3,3207469
2018-02-22,335.5305,347.4405,334.7505,346.32,6962268
2018-02-23,347.8305,354.99,347.1,352.05,5814438
2018-02-26,353.5005,358.9995,352.3545,357.3495,4334996
2018-02-27,356.25,359.9895,350.01,350.9895,4797419
2018-02-28,352.5705,355.2405,342.2205,343.0605,6069658
2018-03-01,345.0105,348.6705,330.0705,330.93,6885601
2018-03-02,326.9805,335.22,322.9695,335.1195,5092829
2018-03-05,332.3895,337.7505,329.295,333.3495,3823769
2018-03-06,333.75,336.3705,327.03,328.2,4285744
2018-03-07,325.44,332.5005,321.7395,332.2995,5007297
2018-03-08,332.8605,333.3,326.2755,329.1,3566244
2018-03-09,324.1005,328.4895,322.3695,327.1695,5506764
2018-03-12,328.6095,347.2095,326.5005,345.51,8264035
2018-03-13,344.9205,345.12,336.2655,341.8395,5965805
2018-03-14,336.7605,339.81,323.9295,326.6295,7967370
2018-03-15,329.3805,332.85,321.1005,325.6005,6564801
2018-03-16,325.9605,327.4005,319.0695,321.3495,6117279
2018-03-19,316.5,320.7495,309.6705,313.56,7484294
2018-03-20,314.8695,316.2495,308.76,310.5495,4764293
2018-03-21,310.2495,322.44,310.1895,316.53,5958411
2018-03-22,313.89,318.8205,308.1795,309.1005,4939771
2018-03-23,311.25,311.61,300.45,301.5405,6654899
2018-03-26,307.3395,307.59,291.36,304.1805,8375175
2018-03-27,304.0005,304.2705,277.1805,279.18,13872029
2018-03-28,264.5805,268.68,252.1005,257.7795,21001437
2018-03-29,256.4895,270.96,248.2095,266.13,15170749
2018-04-02,256.26,260.3295,244.59,252.48,16113968
2018-04-03,269.82,273.3495,254.49,267.5295,18844384
2018-04-04,252.78,288.3705,252,286.9395,19896746
2018-04-05,289.3395,306.2595,288.1995,305.7195,19121101
2018-04-06,301.0005,309.2805,295.5,299.2995,13520286
2018-04-09,300.3705,309.4995,289.2105,289.6605,10242491
2018-04-10,298.9695,307.0995,293.6805,304.6995,11024259
2018-04-11,300.93,308.8005,299.6595,300.93,7471398
2018-04-12,302.3205,303.9495,293.6805,294.0795,7608769
2018-04-13,303.6,303.9495,295.98,300.3405,7327223
2018-04-16,298.9995,299.6595,289.0095,291.21,6338488
2018-04-17,288.87,292.17,282.51,287.6895,7000023
2018-04-18,291.0795,300.24,288.1605,293.3505,6557700
2018-04-19,291.0795,301.0095,288.5505,300.0795,6090599
2018-04-20,295.17,299.9805,289.7505,290.2395,5627928
2018-04-23,291.2895,291.6195,282.33,283.3695,4893378
2018-04-24,285,287.0895,278.46,283.4595,5685308
2018-04-25,283.5,285.1605,277.2495,280.6905,4013574
2018-04-26,278.7495,285.7905,276.4995,285.48,4356013
2018-04-27,285.3705,294.4695,283.83,294.075,4364626
2018-04-30,293.61,298.7295,292.5,293.8995,4228172
2018-05-01,293.5095,300.8205,293.22,299.9205,4625603
2018-05-02,298.5705,306.8505,297.7845,301.1505,8970370
2018-05-03,278.79,288.0405,275.2305,284.4495,17352130
2018-05-04,283.0005,296.8605,279.5205,294.09,8569354
2018-05-07,297.4995,305.9595,295.17,302.7705,8678224
2018-05-08,300.795,307.7505,298.9995,301.9695,5930000
2018-05-09,300.4095,307.0095,300.0495,306.8505,5727365
2018-05-10,307.5,312.99,304.11,305.0205,5651561
2018-05-11,307.6995,308.88,299.0805,301.0605,4679649
2018-05-14,303.3195,304.9395,291.6195,291.9705,7286804
2018-05-15,285.0105,286.9605,280.5,284.1795,9519173
2018-05-16,283.83,288.81,281.5605,286.4805,5674019
2018-05-17,285.9,289.185,283.9695,284.5395,4420612
2018-05-18,284.6505,284.6505,274.0005,276.8205,7251887
2018-05-21,281.3295,291.4905,281.2995,284.49,9182571
2018-05-22,287.76,288,273.42,275.01,8945756
2018-05-23,277.7595,279.9105,274.0005,279.0705,5985053
2018-05-24,278.4,281.1105,274.89,277.8495,4176708
2018-05-25,277.6245,279.6405,275.61,278.85,3875082
2018-05-29,278.5095,286.5,276.15,283.7595,5666640
2018-05-30,283.29,295.005,281.5995,291.72,7489686
2018-05-31,287.2095,290.37,282.93,284.73,5919721
2018-06-01,285.8595,291.9495,283.8405,291.8205,5424386
2018-06-04,294.3405,298.9995,293.55,296.7405,4797810
2018-06-05,297.7005,297.7995,286.74,291.1305,5995157
2018-06-06,300.4995,322.17,297.48,319.5,18767269
2018-06-07,316.1505,330,313.5795,316.0905,14345271
2018-06-08,319.0005,324.48,317.1495,317.6595,8205202
2018-06-11,322.5105,334.6605,322.5,332.1,13183473
2018-06-12,344.7,354.9705,337.9995,342.7695,22347403
2018-06-13,346.7055,347.2005,339.7995,344.7795,9469804
2018-06-14,347.6295,358.7505,346.6005,357.72,10981023
2018-06-15,353.8395,364.6695,351.2505,358.17,10848254
2018-06-18,355.3995,373.7295,354.4995,370.83,12073226
2018-06-19,365.16,370.0005,346.2495,352.5495,12761903
2018-06-20,358.0395,364.38,352.0005,362.22,8383656
2018-06-21,361.9995,366.2145,346.2705,347.5095,7967145
2018-06-22,351.54,352.2495,331.9995,333.63,10266059
2018-06-25,330.12,338.4705,327.4995,333.0105,6931304
2018-06-26,336.0555,343.5495,325.8,342,7452487
2018-06-27,345,350.79,339.4995,344.5005,8333727
2018-06-28,348.66,357.0195,346.11,349.9305,8398005
2018-06-29,353.3295,353.8605,342.4095,342.9495,6492396
2018-07-02,360.0705,364.7805,329.85,335.07,18759765
2018-07-03,331.7505,332.49,309.69,310.86,12282638
2018-07-05,313.7595,314.3895,296.22,309.1605,17476374
2018-07-06,304.9545,312.0705,301.9995,308.8995,8865451
2018-07-09,311.9895,318.5205,307.9995,318.51,7596753
2018-07-10,324.5595,327.675,319.2,322.47,9471498
2018-07-11,315.7995,321.9405,315.0705,318.96,4884076
2018-07-12,321.4305,323.2305,312.7695,316.71,5721166
2018-07-13,315.5805,319.5855,309.2505,318.87,5875770
2018-07-16,311.7105,315.1605,306.2505,310.0995,7818655
2018-07-17,308.8095,324.7395,308.5005,322.6905,6996232
2018-07-18,325.0005,325.5,316.2495,323.85,5624211
2018-07-19,316.3305,323.5395,314.01,320.2305,5915345
2018-07-20,321.2295,323.2395,311.7105,313.5795,5166547
2018-07-23,301.8405,305.5005,292.86,303.1995,10992947
2018-07-24,304.4205,307.7145,292.545,297.4305,9590784
2018-07-25,296.7405,309.6195,294.5055,308.7405,7094180
2018-07-26,304.8495,310.6995,303.6405,306.6495,4630522
2018-07-27,307.2495,307.695,295.3395,297.18,5703326
2018-07-30,295.9005,296.1,286.1295,290.1705,6814072
2018-07-31,292.2495,298.32,289.0695,298.14,5076916
2018-08-01,297.99,303,292.9995,300.84,10129430
2018-08-02,328.44,349.9905,323.16,349.5405,23214962
2018-08-03,347.8095,355.0005,342.5295,348.1695,13656486
2018-08-06,345.4605,354.9795,341.82,341.9895,8564331
2018-08-07,343.8405,387.4605,339.15,379.5705,30875768
2018-08-08,369.09,382.6395,367.1205,370.3395,24571163
2018-08-09,365.55,367.0095,345.7305,352.4505,17183811
2018-08-10,354,360,346.0005,355.4895,11552044
2018-08-13,361.1295,363.1905,349.02,356.4105,10463881
2018-08-14,358.4505,359.2005,347.1,347.64,6986427
2018-08-15,341.9055,344.49,332.1405,338.6895,9101258
2018-08-16,339.9105,342.2805,333.8205,335.4495,6064033
2018-08-17,323.5005,326.7705,303.5295,305.5005,18958612
2018-08-20,291.705,308.5005,288.1995,308.4405,17402335
2018-08-21,310.6095,324.7905,309,321.9,13172230
2018-08-22,320.8695,323.88,314.67,321.6405,5945955
2018-08-23,319.14,327.3195,318.1005,320.1,5147286
2018-08-24,320.7,323.85,319.3995,322.8195,3602564
2018-08-27,318,322.4355,308.8095,319.2705,13079288
2018-08-28,318.4095,318.8805,311.19,311.8605,7649091
2018-08-29,310.2705,311.85,303.69,305.01,7447392
2018-08-30,302.2605,304.6005,297.72,303.15,7216706
2018-08-31,301.9995,305.31,298.6005,301.6605,5375104
2018-09-04,296.94,298.1895,288,288.9495,8350469
2018-09-05,285.0495,286.7805,277.1805,280.74,7720821
2018-09-06,284.8005,291.1695,278.88,280.95,7480760
2018-09-07,260.1,268.35,252.255,263.2395,22491931
2018-09-10,273.2595,286.0305,271.0005,285.4995,14283528
2018-09-11,279.4695,282,273.5505,279.4395,9169989
2018-09-12,281.4405,292.5,278.6445,290.5395,10015427
2018-09-13,288.0195,295.0005,285.18,289.4595,6340336
2018-09-14,288.7605,297.3255,286.5195,295.2,6765612
2018-09-17,290.04,300.87,288.1305,294.84,6887577
2018-09-18,296.6895,302.64,275.5005,284.9595,16547522
2018-09-19,280.5105,300,280.5,299.0205,8294917
2018-09-20,303.5595,305.9805,293.3295,298.3305,7349422
2018-09-21,297.7005,300.5805,295.3695,299.1,5050478
2018-09-24,298.4805,303,293.58,299.6805,4842961
2018-09-25,300,304.6005,296.5005,300.99,4481729
2018-09-26,301.9095,313.89,301.11,309.5805,7843216
2018-09-27,312.9,314.9595,306.9105,307.5195,8509084
2018-09-28,270.2595,277.9995,260.5545,264.7695,33649694
2018-10-01,305.7705,311.4405,301.05,310.6995,21777597
2018-10-02,313.95,316.8405,299.1495,301.02,11743511
2018-10-03,303.33,304.6005,291.57,294.7995,7994988
2018-10-04,293.9505,294,277.6695,281.8305,9814212
2018-10-05,274.65,274.8795,259.9995,261.9495,17944537
2018-10-08,264.5205,267.7605,249,250.56,13472653
2018-10-09,255.2505,266.7705,253.3005,262.8,12060574
2018-10-10,264.6105,265.5105,247.77,256.8795,12815278
2018-10-11,257.5305,262.2495,249.03,252.2295,8167738
2018-10-12,261,261.99,252.0105,258.78,7201404
2018-10-15,259.0605,263.28,254.535,259.59,6199965
2018-10-16,265.6995,277.3755,262.2405,276.5895,9526401
2018-10-17,282.4005,282.7005,265.8045,271.7805,8655542
2018-10-18,269.2905,271.0005,262.9995,263.91,5421184
2018-10-19,267.39,269.6595,253.5,259.9995,9375549
2018-10-22,260.6805,261.8595,252.5895,260.9505,5600260
2018-10-23,263.8695,297.93,262.0995,294.1395,19027753
2018-10-24,301.05,304.44,285.7305,288.4995,20058258
2018-10-25,317.22,321,301.0095,314.8605,20840724
2018-10-26,308.25,339.9,306.6495,330.9,27425520
2018-10-29,337.47,347.16,326.5005,334.8495,14486027
2018-10-30,328.3905,337.9005,322.26,329.8995,9126704
2018-10-31,332.5395,342,329.1,337.32,7624348
2018-11-01,338.2605,347.8395,334.725,344.28,8000132
2018-11-02,343.74,349.2,340.9095,346.41,7807971
2018-11-05,340.5,343.9545,330.1395,341.4,7831048
2018-11-06,339.0705,348.7995,336.09,341.0595,6762889
2018-11-07,343.3395,351.18,340.8,348.1605,7374522
2018-11-08,348.4995,357.5745,348.4395,351.4005,7090674
2018-11-09,349.0005,354,345.2295,350.5095,5098846
2018-11-12,348.3705,349.7805,330.3405,331.2795,6941523
2018-11-13,333.1605,344.7,332.2005,338.73,5448597
2018-11-14,342.7005,347.1105,337.1505,343.9995,5040287
2018-11-15,342.33,348.5805,339.0405,348.4395,4625719
2018-11-16,345.1905,355.6995,345.12,354.3105,7206191
2018-11-19,356.34,366.75,352.8795,353.4705,9708871
2018-11-20,341.7495,349.8,333.5505,347.49,8004709
2018-11-21,352.0005,353.1,337.3995,338.19,4686808
2018-11-23,334.3455,337.5,325.5495,325.83,4202642
2018-11-26,325.0005,346.2195,325.0005,346.0005,7992141
2018-11-27,340.05,346.9605,335.5005,343.92,6358300
2018-11-28,345.99,348.2805,342.21,347.8695,4127578
2018-11-29,346.9995,347.5005,339.5505,341.1705,3080724
2018-11-30,341.8305,351.6,338.265,350.4795,5628895
2018-12-03,360,366,352.0005,358.4895,8306511
2018-12-04,356.0505,368.6805,352.0005,359.7,8461945
2018-12-06,356.01,367.38,350.76,363.06,7842508
2018-12-07,369,379.4895,357.6495,357.9645,11511177
2018-12-10,360,365.9805,353.1195,365.1495,6613455
2018-12-11,369.9105,372.1695,360.2295,366.7605,6308769
2018-12-12,369.42,371.91,365.16,366.6,5027048
2018-12-13,370.1505,377.4405,366.75,376.7895,7365854
2018-12-14,375,377.8695,364.3305,365.7105,6337555
2018-12-17,361.9995,365.7,343.8795,348.42,7674008
2018-12-18,350.5395,351.5505,333.69,337.0305,7099999
2018-12-19,337.6005,347.01,329.7405,332.97,8274181
2018-12-20,327.0555,330.2895,311.8695,315.3795,9071858
2018-12-21,317.4,323.4705,312.4395,319.77,8016801
2018-12-24,313.5,314.5005,295.1955,295.3905,5559913
2018-12-26,300,326.97,294.09,326.0895,8163138
2018-12-27,319.8405,322.17,301.5,316.1295,8575133
2018-12-28,323.1,336.24,318.4095,333.87,9938992
2018-12-31,337.7895,339.21,325.26,332.8005,6302338
2019-01-02,306.1005,315.1305,298.8,310.1205,11658648
2019-01-03,307.0005,309.4005,297.3795,300.36,6965184
2019-01-04,306,318,302.73,317.6895,7394116
2019-01-07,321.72,336.7395,317.7495,334.9605,7551225
2019-01-08,341.9595,344.01,327.0195,335.3505,7008516
2019-01-09,335.5005,343.5045,331.47,338.5305,5432945
2019-01-10,334.3995,345.39,331.7895,344.97,6056354
2019-01-11,342.09,348.4095,338.7705,347.2605,5039052
2019-01-14,342.3795,342.4995,334.0005,334.3995,5247284
2019-01-15,334.9995,348.7995,334.5,344.43,6056590
2019-01-16,344.7795,352.0005,343.5,346.05,4691739
2019-01-17,346.2105,351.4995,344.1495,347.31,3676733
2019-01-18,322.9995,327.1305,299.73,302.2605,24150763
2019-01-22,304.8195,307.9995,295.5,298.92,12066741
2019-01-23,292.5,294.4995,281.6895,287.5905,12529993
2019-01-24,283.0305,293.6805,279.285,291.51,8012155
2019-01-25,294.39,298.5195,289.5495,297.0405,7258078
2019-01-28,292.9095,297.4605,287.7495,296.3805,6423279
2019-01-29,295.2705,298.5555,291.7995,297.4605,4621692
2019-01-30,300.45,309,298.4895,308.7705,11250318
2019-01-31,301.0005,311.565,294,307.02,12569245
2019-02-01,305.4195,316.0995,303.4995,312.21,7283441
2019-02-04,312.9795,315.3,301.8795,312.8895,7352082
2019-02-05,312.4905,322.44,312.2505,321.3495,6742765
2019-02-06,319.59,324.24,315.6255,317.22,5038546
2019-02-07,313.3005,314.7,303,307.5105,6520611
2019-02-08,306.8295,307.4445,298.5,305.8005,5844212
2019-02-11,311.5995,318.6,310.5,312.84,7129713
2019-02-12,316.2,318.1905,309.6195,311.8095,5517570
2019-02-13,312.3495,312.75,305.5695,308.1705,5141617
2019-02-14,303.3795,306.7695,301.0005,303.7695,5200832
2019-02-15,304.5,307.9995,303.9,307.8795,3904947
2019-02-19,306.5595,311.5455,305.4705,305.64,4168443
2019-02-20,304.41,306.3,298.9995,302.5605,7142117
2019-02-21,301.8105,303.24,290.5005,291.2295,8909182
2019-02-22,294.4905,296.5005,292.0995,294.7095,5740558
2019-02-25,297.9105,302.9055,297,298.77,6626522
2019-02-26,292.2195,302.01,288.7695,297.8595,8582535
2019-02-27,301.7805,316.2945,300.5505,314.7405,11183908
2019-02-28,318.9195,319.9995,310.8105,319.8795,10520653
2019-03-01,306.9405,307.1295,291.9,294.7905,22911375
2019-03-04,298.1205,298.9995,282.78,285.36,17096818
2019-03-05,282,283.9995,270.1005,276.54,18764740
2019-03-06,276.48,281.505,274.3905,276.24,10335485
2019-03-07,278.8395,284.7,274.2495,276.5895,9442483
2019-03-08,276.9105,285.5895,275.8905,284.1405,8819625
2019-03-11,283.5195,291.2805,280.5,290.9205,7392278
2019-03-12,286.4895,288.0705,281.0595,283.3605,7504137
2019-03-13,283.9005,291.99,282.7005,288.96,6844719
2019-03-14,292.4505,295.3905,288.2895,289.9605,7103447
2019-03-15,283.5105,283.725,274.3995,275.43,14785531
2019-03-18,276,278.0505,267.3,269.49,10280980
2019-03-19,267.4995,273.3,263.46,267.4695,11800630
2019-03-20,269.6895,274.9695,266.2995,273.6,6908224
2019-03-21,272.5995,276.45,268.4505,274.02,5947098
2019-03-22,272.58,272.8005,264,264.5295,8745609
2019-03-25,259.71,263.1795,254.46,260.4195,10215029
2019-03-26,264.4395,270.2595,264.4305,267.7695,7350948
2019-03-27,268.7505,275.37,268.185,274.83,8779166
2019-03-28,277.1595,280.3305,275.1,278.6205,6774093
2019-03-29,278.7,280.1595,274.5,279.8595,5991338
2019-04-01,282.6195,289.2,281.28,289.1805,8110439
2019-04-02,288.3,289.44,283.8795,285.8805,5478940
2019-04-03,287.3205,296.1705,287.1705,291.81,7929864
2019-04-04,261.8895,271.2,260.5905,267.78,23720729
2019-04-05,269.8605,276.1005,266.1105,274.9605,13038257
2019-04-08,277.6905,281.16,270.4395,273.1995,10410436
2019-04-09,271.65,274.9995,269.61,272.31,5904031
2019-04-10,276.7395,278.3805,272.895,276.06,7061314
2019-04-11,268.3005,270.4995,265.6005,268.4205,9835927
2019-04-12,270.2205,271.95,266.8305,267.7005,6745974
2019-04-15,268.6305,268.8795,258.63,266.3805,10038579
2019-04-16,265.7505,274.9995,264.72,273.36,7272930
2019-04-17,274.7505,274.7895,268.5345,271.23,5126468
2019-04-18,271.23,274.8405,269.7495,273.2595,5876325
2019-04-22,268.9995,269.6805,262.4805,262.7505,12147141
2019-04-23,260.1495,265.6005,255.75,263.8995,10943859
2019-04-24,263.85,265.32,258,258.66,10727454
2019-04-25,255,259.0005,246.0705,247.5705,21849393
2019-04-26,246.4995,246.6795,231.1305,235.14,22360709
2019-04-29,235.86,243.9795,232.17,241.47,16714476
2019-04-30,242.0595,244.2105,237,238.6905,9464628
2019-05-01,238.8495,240,231.4995,234.0105,10704354
2019-05-02,245.52,247.1295,237.72,244.0995,18159339
2019-05-03,243.8595,256.6095,243.4905,255.03,23706771
2019-05-06,250.02,258.3495,248.5005,255.3405,10833943
2019-05-07,256.8,257.2095,245.1,247.0605,10131408
2019-05-08,246.9405,250.6005,244.2,244.8405,6176440
2019-05-09,241.9995,243.6795,236.9445,241.98,6711382
2019-05-10,239.7495,241.9905,236.0205,239.52,7008336
2019-05-13,232.0095,232.47,224.5005,227.01,10834796
2019-05-14,229.3005,234.4995,228,232.3095,7252412
2019-05-15,229.32,232.44,225.2505,231.9495,7295976
2019-05-16,229.4895,231,226.5,228.33,7483273
2019-05-17,221.9595,222.24,208.92,211.0305,17786666
2019-05-20,202.8,205.9995,195.2505,205.3605,20526195
2019-05-21,197.76,207.4005,196.0395,205.08,18003899
2019-05-22,199.0995,203.94,191.7795,192.7305,18685187
2019-05-23,194.34,199.4655,186.2205,195.4905,26547142
2019-05-24,199.83,199.98,188.7495,190.6305,14136572
2019-05-28,191.2005,195,187.8495,188.7,10312901
2019-05-29,187.0995,192.39,185.04,189.8595,11968638
2019-05-30,188.7495,192.255,187.02,188.22,7926475
2019-05-31,185.1,189.9195,184.0995,185.16,10406732
2019-06-03,185.5095,186.6795,176.9895,178.9695,13064410
2019-06-04,181.0995,193.98,179.61,193.6005,13807522
2019-06-05,198.6795,201.2805,191.85,196.59,13510756
2019-06-06,204.4395,211.0005,201.7995,205.95,20242151
2019-06-07,205.0005,210.8445,203.5005,204.4995,16003527
2019-06-10,210.2505,216.9405,209.01,212.88,10585039
2019-06-11,219.1455,220.9005,213.4995,217.0995,11653537
2019-06-12,222.9495,223.38,208.9995,209.2605,15197544
2019-06-13,210.3795,214.9005,207.51,213.9105,8168260
2019-06-14,211.2495,216.6495,210.4005,214.92,7433402
2019-06-17,215.4795,226.9995,214.2705,225.03,12316803
2019-06-18,228.72,234.7395,222.5595,224.7405,12715788
2019-06-19,225.1095,227.7705,221.0595,226.4295,6575135
2019-06-20,223.0005,226.9005,216.3495,219.6195,11863462
2019-06-21,216.2205,222.18,215.5005,221.8605,8202078
2019-06-24,223.2405,225.8595,221.0205,223.6395,5750771
2019-06-25,224.3895,225.3405,219.4905,219.7605,6182071
2019-06-26,220.3095,227.2305,218.1,219.27,8507208
2019-06-27,219.45,222.9,217.35,222.84,6339710
2019-06-28,220.9905,225.1695,220.8,223.4595,6851384
2019-07-01,230.2095,233.1,226.2795,227.1705,8237964
2019-07-02,228.8895,229.1505,222.2205,224.55,9259027
2019-07-03,239.3895,241.5705,234.51,234.9,14201148
2019-07-05,234.57,235.4505,230.8005,233.1,7065738
2019-07-08,231.24,232.2495,228.66,230.34,5880542
2019-07-09,228.9705,231,227.28,230.0595,6190835
2019-07-10,234.15,238.9395,233.1405,238.92,9145736
2019-07-11,238.14,241.5,235.8,238.6005,7514430
2019-07-12,239.7495,245.3805,239.7105,245.0805,9200521
2019-07-15,247.9995,254.4195,244.86,253.5,11000092
2019-07-16,249.3,253.53,247.935,252.3795,8148989
2019-07-17,255.6705,258.3105,253.35,254.8605,9764727
2019-07-18,253.5405,255.75,251.8845,253.5405,4764483
2019-07-19,255.69,259.9605,254.6205,258.18,7048410
2019-07-22,258.75,262.155,254.19,255.6795,6846273
2019-07-23,256.71,260.4795,254.5005,260.1705,5023121
2019-07-24,259.17,266.07,258.1605,264.8805,11072835
2019-07-25,233.5005,234.4995,225.5505,228.8205,22418252
2019-07-26,226.92,230.2605,222.2505,228.0405,10027697
2019-07-29,227.0895,235.9395,226.035,235.77,9273331
2019-07-30,232.9005,243.36,232.1805,242.2605,8109014
2019-07-31,243,246.6795,236.6505,241.6095,9178208
2019-08-01,242.6505,244.5105,231.7695,233.85,8259516
2019-08-02,231.3495,236.2695,229.23,234.3405,6136481
2019-08-05,229.6005,231.3645,225.7755,228.3195,7028279
2019-08-06,231.8805,232.5,225.75,230.7495,5564200
2019-08-07,226.5,233.5695,225.7995,233.4195,4776500
2019-08-08,234.45,239.8005,232.65,238.3005,5274349
2019-08-09,236.055,238.9605,233.8095,235.0095,3898244
2019-08-12,232.9905,235.77,228.75,229.0095,4663937
2019-08-13,228.81,235.9995,227.55,235.0005,4868998
2019-08-14,231.21,231.4995,216.69,219.6195,9562591
2019-08-15,220.86,221.5605,211.5495,215.64,8231952
2019-08-16,216.66,222.24,216.0195,219.9405,5207376
2019-08-19,224.2095,227.8305,221.7,226.83,5311748
2019-08-20,227.6205,229.0905,224.5395,225.8595,4170527
2019-08-21,222.0105,223.2195,217.6005,220.83,7799744
2019-08-22,222.7995,225.4005,218.22,222.15,6564964
2019-08-23,219.9705,221.1705,211.0005,211.3995,8559704
2019-08-26,213.6,215.0205,211.5405,214.9995,5054414
2019-08-27,215.7405,218.8005,212.0295,214.08,5420727
2019-08-28,213.69,217.2495,212.31,215.5905,3238625
2019-08-29,219,223.3995,217.9995,221.7105,5183104
2019-08-30,229.1505,232.44,224.2155,225.6105,9327775
2019-09-03,224.0805,228.9495,223.1595,225.0105,5360546
2019-09-04,226.89,228.4605,219.2055,220.68,5768696
2019-09-05,222.4995,229.8,220.8495,229.5795,7403322
2019-09-06,227.2005,229.6395,225.1695,227.4495,4189372
2019-09-09,229.6605,233.76,229.23,231.7905,4802669
2019-09-10,230.8005,235.5405,228.9405,235.5405,4883714
2019-09-11,237.3795,248.175,235.9995,247.0995,10042777
2019-09-12,247.6995,253.5,244.3995,245.8695,8581210
2019-09-13,246.96,248.4495,244.8645,245.2005,5313145
2019-09-16,246,247.4295,241.17,242.8095,4728096
2019-09-17,242.4705,245.5995,240.3705,244.7895,3946909
2019-09-18,244.9995,248.1705,242.37,243.4905,4228103
2019-09-19,246,247.9395,244.8405,246.6,4883135
2019-09-20,246.4905,246.945,238.1595,240.6195,6506264
2019-09-23,240,245.1795,239.22,241.23,4391630
2019-09-24,241.5195,241.9905,222.6105,223.2105,12941112
2019-09-25,224.5605,228.9795,218.3595,228.7005,9444286
2019-09-26,230.6595,243.3105,227.4,242.5605,12078785
2019-09-27,242.2005,248.7105,238.7295,242.13,11123179
2019-09-30,243,243.9795,236.1105,240.87,5946161
2019-10-01,241.5,245.9505,239.13,244.6905,6196290
2019-10-02,243.2895,244.65,239.43,243.1305,6256548
2019-10-03,231.8595,234.48,224.28,233.0295,15137763
2019-10-04,231.6105,234.78,228.0705,231.4305,8021180
2019-10-07,229.8,238.56,228.5505,237.72,8086957
2019-10-08,235.8705,243.9405,234.4995,240.0495,8702338
2019-10-09,241.32,247.2945,240.6495,244.53,6935033
2019-10-10,245.28,249.2805,241.5795,244.74,6313417
2019-10-11,247.1505,251.0805,246.81,247.89,8488159
2019-10-14,247.9005,258.5505,247.1295,256.9605,10226863
2019-10-15,257.7,259.9995,254.1195,257.8905,6479456
2019-10-16,257.3895,262.0995,256.92,259.7505,6704303
2019-10-17,262.5,264.78,260.1705,261.9705,4779043
2019-10-18,260.7,262.8,255.1005,256.95,5753666
2019-10-21,258.33,259.5,250.1805,253.5,5108101
2019-10-22,254.34,258.33,250.8495,255.5805,4625095
2019-10-23,254.5005,256.14,251.3505,254.6805,11216182
2019-10-24,298.3695,304.9305,289.2,299.6805,29819231
2019-10-25,297.72,330,296.1105,328.1295,30006091
2019-10-28,327.54,340.8405,322.6005,327.7095,18870286
2019-10-29,319.9905,324.3,314.7495,316.2195,12684267
2019-10-30,313.0005,318.7905,309.9705,315.0105,9641810
2019-10-31,313.0995,319.0005,313.0005,314.9205,5066956
2019-11-01,316.32,316.4805,309.7995,313.3095,6383929
2019-11-04,314.8005,321.9405,309.2595,317.4705,8787040
2019-11-05,319.62,323.5095,316.1205,317.22,6943417
2019-11-06,318,326.7195,314.5005,326.58,7940932
2019-11-07,329.1405,341.5005,328.02,335.5395,14467348
2019-11-08,334.5,337.4595,332.5005,337.14,6074221
2019-11-11,343.95,349.1895,342,345.09,9993689
2019-11-12,346.9005,350.37,344.04,349.9305,7359383
2019-11-13,355.0005,356.3295,345.18,346.11,8467863
2019-11-14,346.11,353.8395,342.9105,349.35,6471703
2019-11-15,350.64,352.8,348.36,352.17,4812563
2019-11-18,352.9155,353.1495,346.0995,349.9905,4408505
2019-11-19,351.75,359.9895,347.8005,359.52,7736078
2019-11-20,360,361.2,349.5705,352.2195,6733965
2019-11-21,354.51,360.84,354.0045,354.8295,6110013
2019-11-22,340.1595,340.9995,330,333.0405,16870642
2019-11-25,344.3205,344.5695,334.4595,336.3405,12345765
2019-11-26,335.2695,335.5005,327.1005,328.92,7956239
2019-11-27,331.1205,333.93,328.5705,331.05,5552808
2019-11-29,331.11,331.26,327.4995,329.94,2465629
2019-12-02,329.4,336.3855,328.6845,334.8705,6081986
2019-12-03,332.6205,337.9095,332.1855,336.1995,6613476
2019-12-04,337.7505,337.86,332.85,333.03,5536255
2019-12-05,332.8305,334.425,327.2505,330.3705,3736976
2019-12-06,334.9995,338.8605,334.77,335.8905,7618937
2019-12-09,336.5895,344.4495,335.0805,339.5295,9040217
2019-12-10,339.96,350.73,339.3105,348.84,8839951
2019-12-11,351.8745,357.1905,351.09,352.6995,6919162
2019-12-12,354.9195,362.7405,353.2305,359.6805,7776211
2019-12-13,361.05,365.2095,354.6405,358.3905,6574281
2019-12-16,362.55,383.61,362.5005,381.4995,18220940
2019-12-17,378.99,385.5,375.9,378.99,8503775
2019-12-18,380.6295,395.22,380.58,393.15,14136392
2019-12-19,397.32,406.8495,396.4995,404.04,18120307
2019-12-20,410.2905,412.9995,400.185,405.5895,14785206
2019-12-23,411.78,422.01,409.9995,419.22,13332821
2019-12-24,418.3605,425.4705,412.6905,425.25,8054720
2019-12-26,427.9095,433.4805,426.3495,430.9395,10648289
2019-12-27,435,435.3105,426.1095,430.38,9956827
2019-12-30,428.79,429,409.26,414.7005,12601265
2019-12-31,405,421.29,402.0795,418.3305,10292456
2020-01-02,424.5,430.695,421.71,430.26,9558386
2020-01-03,440.5005,454.0005,436.92,443.01,17794697
2020-01-06,440.4705,451.56,439.9995,451.5405,10157499
2020-01-07,461.4,471.63,453.3555,469.0605,18209138
2020-01-08,473.7,498.4995,468.2295,492.1395,31199393
2020-01-09,497.1,498.7995,472.8705,481.3395,28463186
2020-01-10,481.7895,484.9395,473.7,478.1505,12976832
2020-01-13,493.5,525.6495,492,524.85,26634547
2020-01-14,544.2495,547.3995,524.8995,537.9,29061377
2020-01-15,529.7505,537.8505,516.7995,518.5005,17368831
2020-01-16,493.7505,514.4505,492.1695,513.4995,21736653
2020-01-17,507.6,515.6505,503.1495,510.4995,13629073
2020-01-21,530.25,548.5995,528.4005,547.2,17803471
2020-01-22,571.9005,594.4995,559.0995,569.55,31369028
2020-01-23,564.2505,582,555.6,572.2005,19651042
2020-01-24,570.6495,573.8505,554.25,564.7995,14353600
2020-01-27,541.9995,564.45,539.2995,558,13608068
2020-01-28,568.5,576.7995,558.1005,566.8995,11788493
2020-01-29,575.7,589.8,567.45,580.9995,18216672
2020-01-30,632.4,650.8995,618,640.8,29005676
2020-01-31,640.0005,652.9995,632.5005,650.55,15719266
2020-02-03,673.6995,786.15,673.5,780,47233495
2020-02-04,882.9495,969,833.8995,887.0505,60938758
2020-02-05,823.2495,846,704.1,734.7,48423837
2020-02-06,699.9,795.8505,687,748.95,39880752
2020-02-07,730.5495,769.7505,730.0005,748.05,17063521
2020-02-10,799.9995,820.0005,752.4,771.3,24689163
2020-02-11,768.7995,783.4995,757.9995,774.4005,11697473
2020-02-12,777.8505,789.75,763.35,767.2995,12022470
2020-02-13,741.8505,817.9995,735,804,26289348
2020-02-14,787.2,812.9505,785.5005,800.0505,15693711
2020-02-18,841.6005,859.9995,832.35,858.4005,16698369
2020-02-19,923.5005,944.8005,901.0005,917.4,25422958
2020-02-20,911.9505,912,859.95,899.4,17634893
2020-02-21,907.0005,913.05,880.4505,901.0005,14339446
2020-02-24,838.9995,863.5005,822.1995,833.8005,15192163
2020-02-25,849,856.6005,787.0005,799.9005,17290481
2020-02-26,782.5005,813.3,776.1,778.8,14153843
2020-02-27,730.0005,739.7505,669,679.0005,24277160
2020-02-28,629.7,690.4995,611.5005,667.9995,24564171
2020-03-02,711.2505,743.7,686.6505,743.5995,20194991
2020-03-03,805.0005,807,716.1,745.5,25784003
2020-03-04,763.95,766.5,724.7505,749.5005,15048977
2020-03-05,723.75,745.7505,718.05,724.5495,10852657
2020-03-06,690,706.9995,684.2505,703.5,12662918
2020-03-09,605.4,663,604.9995,607.9995,17073740
2020-03-10,659.4495,667.9995,607.9995,645.3495,15594443
2020-03-11,640.2,653.5995,613.0005,634.2495,13413587
2020-03-12,580.9005,594.4995,546.2505,560.55,18909052
2020-03-13,595.0005,607.5495,502.0005,546.6,22640254
2020-03-16,469.5,494.8695,442.17,445.0695,20489464
2020-03-17,440.01,471.8505,396,430.2,23994580
2020-03-18,388.9995,404.8605,350.5095,361.2195,23786162
2020-03-19,374.6955,451.9995,358.4595,427.6395,30195460
2020-03-20,438.1995,477,425.79,427.53,28285502
2020-03-23,433.6005,442.0005,410.5005,434.2905,16454549
2020-03-24,477.3,513.7005,474,505.0005,22895170
2020-03-25,545.25,556.9995,511.0995,539.25,21222745
2020-03-26,547.3995,559.9995,512.25,528.15,17422082
2020-03-27,505.0005,525.7995,494.0295,514.35,14377408
2020-03-30,510.2505,516.6495,491.2305,502.1505,11998067
2020-03-31,501.2505,542.9505,496.9995,523.9995,17771485
2020-04-01,504,513.9495,475.0995,481.56,13353180
2020-04-02,481.0305,494.2605,446.4,454.47,19858427
2020-04-03,509.5005,515.5005,468.39,480.0105,22562076
2020-04-06,511.2,520.9995,497.9505,516.2505,14901836
2020-04-07,544.9995,565.0005,532.35,545.4495,17919784
2020-04-08,554.2005,557.2005,533.3505,548.85,12656024
2020-04-09,562.0995,575.2005,557.1,573,13650000
2020-04-13,590.1495,652.0005,580.5495,650.9505,22475421
2020-04-14,698.9505,741.9,692.4495,709.9005,30576511
2020-04-15,742.0005,753.15,709.9995,729.8505,23577001
2020-04-16,716.9505,759.45,706.6995,745.2,20657862
2020-04-17,772.3005,774.9495,747.6495,753.9,13128237
2020-04-20,732.7005,765.5505,712.2,746.3505,14746577
2020-04-21,730.0995,753.3495,673.8,686.7,20209093
2020-04-22,703.9995,733.9995,688.6995,732.1005,14224831
2020-04-23,727.6005,733.9995,703.1505,705.6495,13236697
2020-04-24,710.8005,730.7505,698.2005,725.1495,13237612
2020-04-27,737.5995,799.5,735,798.75,20681442
2020-04-28,795.6495,805.0005,756.7005,769.0995,15221964
2020-04-29,790.1505,803.2005,783.15,800.5005,16215982
2020-04-30,855.1995,869.8005,763.5,781.9005,28471854
2020-05-01,754.9995,772.7505,683.0505,701.2995,32531807
2020-05-04,700.9995,762,697.9995,761.2005,19237090
2020-05-05,789.7995,798.9,762.1995,768.1995,16991656
2020-05-06,776.5005,789.7995,761.1,782.5995,11123231
2020-05-07,777.1995,796.3995,772.35,780.0495,11527686
2020-05-08,793.7505,823.9995,787.0005,819.4005,16130087
2020-05-11,790.5,823.9995,784.9995,811.3005,16519601
2020-05-12,826.9995,843.3,808.0005,809.4,15906905
2020-05-13,820.8495,826.0005,763.3005,790.95,19065491
2020-05-14,780,803.3505,763.9995,803.3505,13682188
2020-05-15,790.35,805.05,786.5505,799.1505,10518428
2020-05-18,827.8005,834.7005,803.8995,813.6495,11698102
2020-05-19,815.1495,822.0495,806.1,808.0005,9636522
2020-05-20,820.5,826.0005,811.8,815.55,7309271
2020-05-21,816,832.5,796.0005,827.5995,12254584
2020-05-22,822.15,831.7995,811.9995,816.9,9987475
2020-05-26,834.4995,834.6,815.7,818.85,8089736
2020-05-27,820.8495,827.7,784.9995,820.2495,11549530
2020-05-28,813.4995,824.7495,801.7005,805.8,7275774
2020-05-29,808.7505,835.0005,804.1995,835.0005,11812489
2020-06-01,858,898.9995,854.1,898.0995,15085297
2020-06-02,894.7005,908.6505,871.0005,881.55,13565596
2020-06-03,888.1005,897.9495,880.0995,882.9495,7949469
2020-06-04,889.9005,895.7505,858.45,864.4005,8887713
2020-06-05,877.8495,886.5,866.2005,885.6495,7811917
2020-06-08,919.0005,949.9995,909.15,949.9005,14174727
2020-06-09,940.0005,954.45,923.9505,940.65,11388154
2020-06-10,991.9005,1027.5,982.5,1025.0505,18563413
2020-06-11,990.1995,1018.95,972,972.8505,15916482
2020-06-12,979.9995,988.0005,912.6,935.2995,16763374
2020-06-15,917.8005,998.85,908.5005,990.9,15697178
2020-06-16,1011.8505,1012.9005,962.4,982.1505,14051078
2020-06-17,987.7005,1005,982.5495,991.8,9890800
2020-06-18,1003.0005,1019.2005,994.4505,1003.95,9751936
2020-06-19,1012.8,1015.95,991.35,1000.9005,8679749
2020-06-22,999.9495,1008.9,990,994.3005,6362350
2020-06-23,998.8995,1012.0005,994.0005,1001.8005,6365271
2020-06-24,994.0995,1000.9005,953.1495,960.8505,10959593
2020-06-25,954.2505,985.9995,937.1505,985.9995,9254549
2020-06-26,994.8,994.9995,954.8505,959.7495,8854908
2020-06-29,969,1009.9995,948.4995,1009.35,9026404
2020-06-30,1006.5,1087.6995,1003.7505,1079.8005,16918501
2020-07-01,1083,1135.35,1080.4995,1119.6495,13326896
2020-07-02,1221.4995,1228.0005,1185.6,1208.6505,17250115
2020-07-06,1276.6995,1377.7995,1266.0495,1371.6,20569864
2020-07-07,1405.0005,1429.5,1336.6995,1389.8505,21489661
2020-07-08,1405.0005,1417.2495,1311.3495,1365.9,16311312
2020-07-09,1396.9995,1408.5495,1351.3005,1394.2995,11717598
2020-07-10,1396.0005,1548.9,1375.9995,1544.655,23337553
2020-07-13,1659,1795.005,1471.0995,1497.0495,38985362
2020-07-14,1555.995,1590,1431,1516.8,23418140
2020-07-15,1543.005,1549.995,1456.9995,1546.005,16367829
2020-07-16,1477.1505,1531.695,1465.9995,1500.645,14300785
2020-07-17,1513.455,1537.5,1489.9995,1500.855,9329972
2020-07-20,1519.005,1650,1488,1642.995,17121367
2020-07-21,1639.95,1675.005,1558.005,1568.355,16157280
2020-07-22,1599,1626.405,1561.995,1592.355,14161080
2020-07-23,1678.95,1689,1480.7505,1513.05,24328504
2020-07-24,1416,1465.0005,1366.5495,1417.0005,19396616
2020-07-27,1435.0005,1547.955,1413,1539.6,16048669
2020-07-28,1504.005,1564.695,1474.3995,1476.4995,15808700
2020-07-29,1501.005,1534.8,1486.9995,1499.1,9426893
2020-07-30,1488,1513.245,1471.0005,1487.5005,7621039
2020-07-31,1515,1517.055,1420.9995,1430.7495,12246960
2020-08-03,1449.1995,1509.795,1444.3995,1485,8809346
2020-08-04,1495.0005,1527.405,1462.0005,1486.9995,8414990
2020-08-05,1492.9995,1499.85,1468.3005,1485,4978015
2020-08-06,1490.85,1517.295,1477.2495,1489.6005,5992313
2020-08-07,1499.55,1499.7495,1414.9995,1452.7005,8896420
2020-08-10,1447.9995,1457.5005,1385.85,1418.55,7522264
2020-08-11,1396.0005,1420.0005,1365,1374.4005,8625834
2020-08-12,1470,1585.005,1435.0005,1554.75,21898834
2020-08-13,1611,1651.2,1567.245,1621.005,20425308
2020-08-14,1665,1668.795,1626.645,1650.705,12577614
2020-08-17,1677,1845.855,1672.845,1835.655,20242323
2020-08-18,1899,1923.9,1845.105,1887.105,16474491
2020-08-19,1864.995,1911,1841.205,1878.555,12205331
2020-08-20,1860.705,2022,1857.045,2001.855,20611796
2020-08-21,2044.755,2095.5,2025.045,2050.005,21489559
2020-08-24,2126.295,2128.995,1927.5,2014.2,20063621
2020-08-25,1974.9,2027.955,1968,2023.35,10658893
2020-08-26,2059.995,2166,2053.65,2153.145,14239382
2020-08-27,2180.445,2295.6,2142.495,2238.75,23693043
2020-08-28,2295.105,2318.505,2186.505,2213.4,20081176
2020-08-31,444.609,500.139,440.109,498.321,118374406
2020-09-01,502.14,502.491,470.511,475.05,90119419
2020-09-02,478.989,479.04,405.12,447.369,96176128
2020-09-03,407.229,431.799,402,407.001,87596086
2020-09-04,402.81,428.001,372.021,418.32,110321885
2020-09-08,356.001,368.739,329.88,330.21,115465691
2020-09-09,356.601,369,341.511,366.279,79465769
2020-09-10,386.211,398.991,360.561,371.34,84930608
2020-09-11,381.939,382.5,360.501,372.72,60717459
2020-09-14,380.949,420,373.299,419.619,83020608
2020-09-15,436.56,461.94,430.701,449.76,97298228
2020-09-16,439.869,457.791,435.309,441.759,72546760
2020-09-17,415.599,437.79,408,423.429,76779163
2020-09-18,447.939,450.999,428.799,442.149,86406819
2020-09-21,453.129,455.679,407.07,449.391,109476800
2020-09-22,429.6,437.76,417.6,424.23,79580795
2020-09-23,405.159,412.149,375.879,380.361,95074176
2020-09-24,363.801,399.501,351.3,387.789,96561061
2020-09-25,393.471,408.732,391.299,407.34,67208459
2020-09-28,424.62,428.079,415.551,421.2,49719561
2020-09-29,416.001,428.499,411.6,419.07,50341404
2020-09-30,421.32,433.929,420.471,429.009,48145566
2020-10-01,440.76,448.881,434.421,448.161,50741454
2020-10-02,421.389,439.131,414.999,415.089,71430025
2020-10-05,423.351,433.641,419.331,425.679,44722786
2020-10-06,423.789,428.781,406.05,413.979,49146259
2020-10-07,419.871,429.9,413.844,425.301,43127709
2020-10-08,438.441,438.999,425.301,425.919,40421116
2020-10-09,430.131,434.589,426.459,434.001,28925656
2020-10-12,441.999,448.74,438.579,442.299,38791133
2020-10-13,443.349,448.89,436.599,446.649,34463665
2020-10-14,449.781,465.9,447.351,461.301,48045394
2020-10-15,450.309,456.57,442.5,448.881,35672354
2020-10-16,454.44,455.949,438.849,439.671,32775879
2020-10-19,446.241,447,428.871,430.83,36287843
2020-10-20,431.751,431.751,419.049,421.941,31656289
2020-10-21,422.7,432.951,421.251,422.64,32370461
2020-10-22,441.921,445.23,424.509,425.79,39993191
2020-10-23,421.839,422.886,407.379,420.63,33716980
2020-10-26,411.63,425.76,410.001,420.279,28239161
2020-10-27,423.759,430.5,420.099,424.68,22686506
2020-10-28,416.481,418.599,405.999,406.02,25451409
2020-10-29,409.959,418.059,406.461,410.829,22655308
2020-10-30,406.896,407.592,379.11,388.041,42587639
2020-11-02,393.999,406.98,392.301,400.509,29021118
2020-11-03,409.731,427.77,406.689,423.9,34351715
2020-11-04,430.62,435.399,417.099,420.981,32143057
2020-11-05,428.301,440.001,423.999,438.09,28414523
2020-11-06,436.101,436.569,424.281,429.951,21706014
2020-11-09,439.5,452.499,420.999,421.26,34833025
2020-11-10,420.09,420.09,396.03,410.361,30284224
2020-11-11,416.451,418.695,410.58,417.129,17357722
2020-11-12,415.05,423,409.521,411.759,19940500
2020-11-13,410.85,412.533,401.661,408.501,19830351
2020-11-16,408.93,412.449,404.088,408.09,26838635
2020-11-17,460.17,462,433.011,441.609,61188281
2020-11-18,448.35,495.999,443.499,486.639,78044024
2020-11-19,492,508.611,487.569,499.269,62475346
2020-11-20,497.991,502.5,489.06,489.609,32911922
2020-11-23,503.499,525.999,501.789,521.85,50260304
2020-11-24,540.399,559.989,526.2,555.381,53648494
2020-11-25,550.059,573.999,545.37,573.999,48930162
2020-11-27,581.16,598.779,578.451,585.759,37561078
2020-11-30,602.211,607.8,554.511,567.6,63003052
2020-12-01,597.591,597.849,572.049,584.76,40382832
2020-12-02,556.44,571.539,541.209,568.821,47775653
2020-12-03,590.019,598.971,582.429,593.379,42552003
2020-12-04,591.009,599.04,585.501,599.04,29401314
2020-12-07,604.92,648.786,603.051,641.76,55988303
2020-12-08,625.506,651.279,618.501,649.881,63976555
2020-12-09,653.691,654.321,588,604.479,71009195
2020-12-10,574.371,627.75,566.34,627.069,67083153
2020-12-11,615.009,624,596.799,609.99,46474974
2020-12-14,618.999,642.75,610.2,639.831,52040649
2020-12-15,643.281,646.899,623.799,633.249,45223559
2020-12-16,628.23,632.499,605.001,622.77,42095813
2020-12-17,628.191,658.821,619.5,655.899,56270144
2020-12-18,668.901,695.001,628.539,695.001,222126194
2020-12-21,666.24,668.499,646.071,649.86,58045264
2020-12-22,648,649.881,614.229,640.341,51861644
2020-12-23,632.199,651.501,622.569,645.981,33172972
2020-12-24,642.99,666.09,641.001,661.77,22865568
2020-12-28,674.511,681.399,660.801,663.69,32278561
2020-12-29,660.999,669.9,654.999,665.991,22910811
2020-12-30,672,696.6,668.361,694.779,42846021
2020-12-31,699.99,718.719,691.119,705.669,49649928
2021-01-04,719.46,744.489,717.189,729.771,48638189
2021-01-05,723.66,740.841,719.199,735.111,32245165
2021-01-06,758.49,774,749.1,755.979,44699965
2021-01-07,777.63,816.99,775.2,816.039,51498948
2021-01-08,855.999,884.49,838.389,880.02,75055528
2021-01-11,849.399,854.43,803.622,811.191,59554146
2021-01-12,831,867.999,827.34,849.441,46270720
2021-01-13,852.759,860.469,831.999,854.409,33312496
2021-01-14,843.39,863.001,838.749,845.001,31266327
2021-01-15,852,859.899,819.099,826.161,38777596
2021-01-19,837.801,849.999,833.001,844.551,25366980
2021-01-20,858.741,859.5,837.279,850.449,25665883
2021-01-21,855,855.72,841.419,844.989,20598133
2021-01-22,834.309,848.001,828.621,846.639,20066497
2021-01-25,855,900.399,838.821,880.8,41173397
2021-01-26,891.381,895.899,871.599,883.089,23131603
2021-01-27,870.351,891.501,858.66,864.159,27333955
2021-01-28,819.999,848.001,801,835.431,26378048
2021-01-29,830.001,842.409,780.099,793.53,34990754
2021-02-01,814.29,842.001,795.561,839.811,25391385
2021-02-02,844.68,880.5,842.202,872.79,24346213
2021-02-03,877.02,878.079,853.065,854.691,18343510
2021-02-04,855,856.5,833.421,849.99,15812661
2021-02-05,845.001,864.771,838.971,852.231,18566637
2021-02-08,869.67,877.77,854.751,863.421,20161719
2021-02-09,855.12,859.8,841.749,849.459,15157651
2021-02-10,843.636,844.821,800.019,804.819,36216090
2021-02-11,812.439,829.881,801.726,811.659,21622753
2021-02-12,801.261,817.329,785.331,816.12,23768313
2021-02-16,818.001,821.001,792.441,796.221,19802324
2021-02-17,779.091,799.839,762.009,798.15,26078898
2021-02-18,780.9,794.691,776.271,787.38,17957058
2021-02-19,795,796.791,777.369,781.299,18958255
2021-02-22,762.639,768.501,710.199,714.501,37269716
2021-02-23,662.13,713.61,618.999,698.841,66606882
2021-02-24,711.849,744.999,694.17,742.02,36766950
2021-02-25,726.15,737.208,670.581,682.221,39023855
2021-02-26,699.999,706.701,659.511,675.501,41089173
2021-03-01,690.111,872.001,685.05,718.431,27136239
2021-03-02,718.281,721.11,684.999,686.439,23732158
2021-03-03,687.99,700.701,651.705,653.199,30207960
2021-03-04,655.8,873.939,600,621.441,65919530
2021-03-05,626.061,627.843,539.49,597.951,89396459
2021-03-08,600.549,620.124,558.789,563.001,51786958
2021-03-09,608.181,678.09,595.209,673.581,67523328
2021-03-10,700.65,717.849,655.059,668.061,60605672
2021-03-11,699.399,702.501,677.181,699.6,36253892
2021-03-12,669.999,694.881,666.138,693.729,33583840
2021-03-15,694.089,713.181,684.039,707.94,29423479
2021-03-16,703.35,707.919,671.001,676.881,32195672
2021-03-17,656.871,703.731,651.009,701.811,40372453
2021-03-18,684.291,689.229,651.999,653.16,33369022
2021-03-19,646.599,657.231,624.621,654.87,42893978
2021-03-22,684.591,699.621,668.751,669.999,39512221
2021-03-23,675.771,677.799,657.51,662.16,30491870
2021-03-24,667.911,668.019,630.111,630.27,33795174
2021-03-25,612.999,645.501,609.501,640.389,39224850
2021-03-26,641.871,643.821,599.889,618.711,33852827
2021-03-29,615.639,616.479,596.019,611.289,28636985
2021-03-30,601.749,637.659,591.009,635.619,39432359
2021-03-31,646.62,672,641.109,667.929,33337288
2021-04-01,688.371,692.421,659.421,661.749,35298378
2021-04-05,707.709,708.159,684.699,691.05,41842767
2021-04-06,690.3,696.549,681.369,691.62,28271839
2021-04-07,687,691.38,667.839,670.971,26309433
2021-04-08,677.379,689.55,671.646,683.799,23924329
2021-04-09,677.769,680.97,669.429,677.019,21437087
2021-04-12,685.701,704.799,682.089,701.979,29135670
2021-04-13,712.701,762.999,710.661,762.321,44652808
2021-04-14,770.7,780.789,728.031,732.231,49017434
2021-04-15,743.1,743.691,721.311,738.849,27848900
2021-04-16,728.649,749.409,724.599,739.779,27979526
2021-04-19,719.601,725.4,691.8,714.63,39686226
2021-04-20,717.42,737.25,710.685,718.989,35609038
2021-04-21,704.769,744.84,698.001,744.12,31215514
2021-04-22,741.501,753.771,718.041,719.691,35590255
2021-04-23,719.799,737.361,715.461,729.399,28413889
2021-04-26,741,749.301,732.606,738.201,31038502
2021-04-27,717.96,723.999,703.35,704.739,29436995
2021-04-28,696.411,708.501,693.6,694.401,22271047
2021-04-29,699.51,702.249,668.499,677.001,28845449
2021-04-30,667.59,715.47,666.141,709.44,40758722
2021-05-03,703.8,705.999,680.499,684.9,27043143
2021-05-04,678.939,683.445,657.702,673.599,29739319
2021-05-05,681.06,685.296,667.341,670.941,21901894
2021-05-06,680.76,681.021,650.001,663.54,27784619
2021-05-07,665.799,690,660.219,672.369,23469172
2021-05-10,664.899,665.049,627.609,629.04,31392417
2021-05-11,599.241,627.099,595.599,617.199,46503896
2021-05-12,602.49,620.409,586.764,589.89,33823646
2021-05-13,601.545,606.459,559.65,571.689,44184916
2021-05-14,583.41,592.869,570.459,589.74,33370856
2021-05-17,575.553,589.731,561.201,576.831,32390360
2021-05-18,567.999,596.25,563.379,577.869,36830567
2021-05-19,552.549,566.211,546.981,563.46,39578395
2021-05-20,575.001,588.849,571.071,586.779,30821119
2021-05-21,596.109,596.679,579.999,580.881,26030595
2021-05-24,581.601,614.481,573.651,606.441,34558089
2021-05-25,607.311,613.989,595.71,604.689,28005933
2021-05-26,607.56,626.169,601.5,619.131,28639305
2021-05-27,620.241,631.131,616.209,630.849,26370593
2021-05-28,628.5,635.589,622.38,625.221,22737038
2021-06-01,627.801,633.801,620.55,623.901,18084890
2021-06-02,620.13,623.361,599.139,605.121,23302779
2021-06-03,601.8,604.551,571.221,572.841,30111893
2021-06-04,579.711,600.609,577.2,599.049,24036896
2021-06-07,591.825,609.999,582.879,605.13,22543682
2021-06-08,623.01,623.091,595.5,603.591,26053405
2021-06-09,602.169,611.79,597.63,598.779,16584566
2021-06-10,603.879,616.59,600.501,610.119,23919606
2021-06-11,610.23,612.561,601.521,609.891,16205303
2021-06-14,612.231,625.491,609.18,617.691,20423983
2021-06-15,616.689,616.791,598.23,599.361,17764145
2021-06-16,597.534,608.499,593.499,604.869,22144127
2021-06-17,601.887,621.471,601.341,616.599,22701350
2021-06-18,613.371,628.35,611.799,623.31,24560905
2021-06-21,624.48,631.389,608.88,620.829,24812741
2021-06-22,618.249,628.569,615.501,623.709,19158892
2021-06-23,632.001,657.204,630.039,656.571,31099228
2021-06-24,674.991,697.62,667.611,679.821,45982386
2021-06-25,689.58,693.81,668.7,671.871,32496707
2021-06-28,671.64,694.701,670.32,688.719,21628159
2021-06-29,684.651,687.51,675.891,680.76,17381313
2021-06-30,679.77,692.811,678.141,679.701,18924862
2021-07-01,683.919,687.99,672.801,677.919,18634522
2021-07-02,678.981,699.999,673.26,678.9,27097374
2021-07-06,681.711,684,651.399,659.58,23284450
2021-07-07,664.269,665.7,638.319,644.649,18791960
2021-07-08,628.371,654.429,620.46,652.809,22773316
2021-07-09,653.184,658.911,644.691,656.949,18140548
2021-07-12,662.199,687.24,662.16,685.701,25927042
2021-07-13,686.319,693.279,666.297,668.541,20966092
2021-07-14,670.749,678.609,652.839,653.379,21641190
2021-07-15,658.389,666.141,637.881,650.601,20209571
2021-07-16,654.681,656.7,642.201,644.22,16370970
2021-07-19,629.889,647.199,621.291,646.221,21297090
2021-07-20,651.99,662.391,640.5,660.501,15487127
2021-07-21,659.61,664.86,650.289,655.29,13953338
2021-07-22,656.442,662.169,644.601,649.26,15105727
2021-07-23,646.359,648.801,637.299,643.38,14604944
2021-07-26,650.97,668.199,647.109,657.621,25336556
2021-07-27,663.399,666.501,627.24,644.781,32813290
2021-07-28,646.995,654.969,639.399,646.98,16006596
2021-07-29,649.791,683.691,648.801,677.349,30394637
2021-07-30,671.757,697.53,669,687.201,29656411
2021-08-02,699.999,726.939,698.4,709.671,33615765
2021-08-03,719.001,722.649,701.01,709.74,21620253
2021-08-04,711,724.899,708.93,710.919,17002647
2021-08-05,716.001,720.951,711.411,714.63,12919637
2021-08-06,711.9,716.331,697.629,699.099,15623049
2021-08-09,710.169,719.031,705.129,713.76,14715349
2021-08-10,713.991,716.589,701.88,709.989,13432305
2021-08-11,712.71,715.179,704.211,707.82,9800558
2021-08-12,706.341,722.799,699.399,722.25,17681686
2021-08-13,723.711,729.9,714.339,717.171,16731467
2021-08-16,705.069,709.5,676.401,686.169,23103303
2021-08-17,672.651,674.58,648.84,665.709,23721279
2021-08-18,669.747,695.769,669.351,688.989,20349375
2021-08-19,678.21,686.55,667.59,673.47,14313486
2021-08-20,682.851,692.13,673.701,680.259,14841865
2021-08-23,685.443,712.131,680.751,706.299,20264859
2021-08-24,710.679,715.221,702.639,708.489,13083071
2021-08-25,707.031,716.97,704.001,711.201,12645562
2021-08-26,708.309,715.401,697.62,701.16,13214292
2021-08-27,705,714.999,702.099,711.921,13833763
2021-08-30,714.714,731.001,712.731,730.911,18604220
2021-08-31,732.999,740.391,726.441,735.72,20855436
2021-09-01,734.079,741.99,731.271,734.091,13204335
2021-09-02,734.499,740.97,730.539,732.39,12796739
2021-09-03,732.249,734.001,724.2,733.569,15271045
2021-09-07,740.001,760.2,739.26,752.919,20039825
2021-09-08,761.58,764.451,740.772,753.87,18793036
2021-09-09,753.411,762.099,751.629,754.86,14077731
2021-09-10,759.6,762.609,734.52,736.269,15184170
2021-09-13,740.214,744.78,708.849,743.001,22952482
2021-09-14,742.569,754.47,736.401,744.489,18524881
2021-09-15,744.999,756.861,738.36,755.829,15357685
2021-09-16,752.829,758.91,747.609,756.99,13923393
2021-09-17,757.149,761.04,750,759.489,28204176
2021-09-20,734.559,741.999,718.626,730.17,24757652
2021-09-21,734.79,744.741,730.44,739.38,16330723
2021-09-22,743.526,753.669,739.119,751.941,15126272
2021-09-23,755.001,758.199,747.921,753.639,11947527
2021-09-24,745.89,774.801,744.561,774.39,21373022
2021-09-27,773.121,798.999,769.311,791.361,28070657
2021-09-28,787.2,795.639,766.179,777.561,25381422
2021-09-29,779.799,793.5,770.679,781.311,20942877
2021-09-30,780.999,789.132,774.999,775.479,17955961
2021-10-01,778.401,780.78,763.59,775.221,17031414
2021-10-04,796.5,806.97,776.121,781.53,30483341
2021-10-05,784.797,797.31,774.201,780.591,18432625
2021-10-06,776.199,786.66,773.22,782.751,14632768
2021-10-07,785.46,804.999,783.381,793.611,19195782
2021-10-08,796.209,796.38,780.909,785.49,16738604
2021-10-11,787.65,801.24,785.499,791.94,14200322
2021-10-12,800.931,812.319,796.569,805.719,22020040
2021-10-13,810.471,815.409,805.779,811.08,14120075
2021-10-14,815.49,820.251,813.351,818.319,12247170
2021-10-15,823.737,843.21,822.351,843.03,18924567
2021-10-18,851.79,875.259,851.469,870.111,24207244
2021-10-19,877.53,877.95,862.509,864.27,17381128
2021-10-20,865.35,869.49,857.379,865.8,14032052
2021-10-21,855.999,900,855.504,894,31481454
2021-10-22,895.5,909.999,890.961,909.681,22880835
2021-10-25,950.529,1045.02,944.199,1024.86,62852099
2021-10-26,1024.689,1094.94,1001.439,1018.431,62414968
2021-10-27,1039.659,1070.88,1030.779,1037.859,38526459
2021-10-28,1068.306,1080.999,1054.2,1077.039,27213173
2021-10-29,1081.86,1115.211,1073.205,1113.999,29918417
2021-11-01,1145.001,1209.75,1118.661,1208.589,56048716
2021-11-02,1159.356,1208.589,1146,1172.001,42737797
2021-11-03,1177.329,1215.39,1152.621,1213.86,34628519
2021-11-04,1234.41,1243.491,1217.001,1229.91,25397410
2021-11-05,1227.999,1239.87,1208.001,1222.089,21628812
2021-11-08,1149.786,1197,1133.001,1162.941,33445715
2021-11-09,1173.6,1174.5,1011.519,1023.501,59105836
2021-11-10,1010.409,1078.101,987.309,1067.949,42802722
2021-11-11,1102.77,1104.969,1054.68,1063.509,22396568
2021-11-12,1047.501,1054.5,1019.199,1033.419,25573148
2021-11-15,1017.63,1031.979,978.6,1013.391,34775649
2021-11-16,1003.311,1057.2,1002.18,1054.731,26542359
2021-11-17,1063.509,1119.639,1055.499,1089.009,31445365
2021-11-18,1106.55,1112.001,1075.02,1096.38,20898930
2021-11-19,1098.87,1138.719,1092.699,1137.06,21642258
2021-11-22,1162.329,1201.95,1132.431,1156.869,33072509
2021-11-23,1167.51,1180.5,1062.699,1109.031,36171700
2021-11-24,1080.39,1132.77,1062,1116,22560238
2021-11-26,1099.47,1108.782,1080.999,1081.92,11680890
2021-11-29,1100.991,1142.67,1100.19,1136.991,19464467
2021-11-30,1144.371,1167.999,1118.001,1144.761,27092038
2021-12-01,1160.694,1172.841,1090.761,1095,22934698
2021-12-02,1099.059,1113,1056.651,1084.599,24371623
2021-12-03,1084.791,1090.575,1000.209,1014.969,30773995
2021-12-06,1001.511,1021.641,950.499,1009.011,27221037
2021-12-07,1044.201,1057.674,1026.81,1051.749,18694857
2021-12-08,1052.709,1072.38,1032.999,1068.96,13968790
2021-12-09,1060.641,1062.489,1002.36,1003.8,19812832
2021-12-10,1008.75,1020.981,982.53,1017.03,19888122
2021-12-13,1001.091,1005,951.42,966.411,26198502
2021-12-14,945,966.411,930,958.509,23602090
2021-12-15,953.211,978.75,928.251,975.99,25056410
2021-12-16,994.5,994.98,921.849,926.919,27590483
2021-12-17,914.769,960.66,909.039,932.571,33626754
2021-12-20,910.701,921.687,893.391,899.94,18826671
2021-12-21,916.869,939.501,886.119,938.529,23839305
2021-12-22,965.661,1015.659,957.051,1008.87,31211362
2021-12-23,1006.8,1072.977,997.56,1067.001,30904429
2021-12-27,1073.67,1116.999,1070.715,1093.941,23715273
2021-12-28,1109.49,1119,1078.419,1088.469,20107969
2021-12-29,1098.639,1104,1064.139,1086.189,18718015
2021-12-30,1061.331,1095.549,1053.15,1070.34,15680313
2021-12-31,1073.445,1082.001,1054.59,1056.78,13577875
