Date,Open,High,Low,Close,Volume
2012-01-03,103.40635166206,103.40635166206,101.85634275959,102.99824582081,4207214.0872272
2012-01-04,101.70209109173,102.45483923089,99.996067645198,101.1551587494,4130761.9803321
2012-01-05,100.84092606602,102.21464734808,99.660680447364,101.90878832667,3024115.0158751
2012-01-06,101.95550454607,102.22742820056,100.21157926115,100.69857381254,3272244.2940276
2012-01-09,101.00839930541,101.18953483539,98.786293850122,99.897787296818,4500947.928997
2012-01-10,100.832111685,100.94802079542,99.462356874401,99.794218319826,4677888.090349
2012-01-11,98.974921603963,99.510835970014,98.317368779827,99.122562486058,4753916.3444527
2012-01-12,99.38919751193,101.70209109173,99.38919751193,101.34907513186,4177168.4153438
2012-01-13,100.27239849019,101.7968456877,100.27239849019,100.72810198896,4156749.51133
2012-01-17,101.7104647537,102.94624097279,101.20275640692,102.52447284095,4255309.5801506
2012-01-18,102.1586760286,103.88893902294,102.1154855616,103.79991377463,2938145.9616408
2012-01-19,104.1736435299,104.21286752545,102.2441755245,102.36140679207,3642196.0799085
2012-01-20,102.3305564585,102.51565845993,99.794218319826,100.57340960205,5008282.9295553
2012-01-23,100.74132356049,100.88367581397,98.808329802674,99.604268408833,4041555.0356625
2012-01-24,99.070998357087,101.2794415218,98.996957556514,101.00839930541,3035172.8541705
2012-01-25,100.60381921657,100.97005674797,99.794218319826,100.55181436855,3772078.5977309
2012-01-26,100.70738819356,102.15030236663,99.974913130748,100.8537069185,3484776.9716626
2012-01-27,100.40637708171,101.54695798577,99.897787296818,101.05599696292,2840734.9241562
2012-01-30,100.13445342722,100.51303109206,99.510835970014,99.880158534777,3119026.5017804
2012-01-31,100.48791010615,100.76688526545,99.828153686756,100.63422883109,3310203.8511671
2012-02-01,101.25784628829,102.70076046136,100.59103836409,102.51125126942,3844263.8139717
2012-02-02,103.79991377463,107.12866476706,103.60467523503,106.05154740634,8435135.9246156
2012-02-03,106.79151469302,107.80869426279,106.58481745809,107.04140239495,4133478.4501493
2012-02-06,106.93871485606,108.27806005214,106.80032907404,107.35695723549,3337470.8821065
2012-02-07,107.45083039336,107.55043289889,106.05154740634,106.98983826598,3261772.9972021
2012-02-08,107.77475889587,108.65223052646,107.03258801393,108.36355954804,5674517.8003062
2012-02-09,113.41596274904,114.90911889393,112.03695283837,112.4120047508,9900536.384368
2012-02-10,111.93823177094,114.00564483932,111.40055452868,113.90163514328,5472281.7050164
2012-02-13,114.25112535074,115.17222816739,112.35206695986,112.70464220068,5519771.1429046
2012-02-14,112.10658644843,115.24582824891,112.08102474347,115.23701386789,4490300.5562796
2012-02-15,115.74413739761,117.17945830731,114.64708243322,115.10323560005,5423292.9794142
2012-02-16,115.49912552304,115.73138094453,113.60721156882,113.80911542955,3993327.7615143
2012-02-17,114.40690921327,115.26247132463,113.80911542955,115.01701957237,3878330.113543
2012-02-21,115.27126887848,115.99266829371,113.86541977415,114.18785012255,2704901.2056145
2012-02-22,113.79679885416,116.74090024817,113.32393033503,116.33665264902,3595359.4100896
2012-02-23,116.33665264902,116.78312850662,115.66232014686,116.46509693515,2722671.8271721
2012-02-24,116.47829326592,117.77241343642,115.8857780145,117.53575923801,2773458.6717775
2012-02-27,117.05849194195,117.30394369421,116.28078818211,116.85262918199,3953126.1320321
2012-02-28,117.15306564578,118.98119733463,117.04133671196,118.9548046731,2984300.2344233
2012-02-29,119.03178326924,119.35817251686,115.99266829371,116.34984897979,3804383.1947163
2012-03-01,117.1235938404,117.99235228253,116.53899638744,117.17945830731,2793477.1909154
2012-03-02,116.49544849591,116.96039921659,115.60117714764,116.14398621983,3053331.4686442
2012-03-05,116.2249237152,116.81787884431,115.8857780145,116.2249237152,2538337.8601746
2012-03-06,115.00822201853,115.49912552304,113.54298942576,114.84150837318,3325922.2413105
2012-03-07,116.0441339837,116.0441339837,114.96555388238,115.64032626225,2605522.4447146
2012-03-08,116.66392165203,118.18501871172,116.00982352371,117.97915595176,2380077.0498817
2012-03-09,118.0728499002,118.3952802486,116.99822869812,117.16626197655,2114335.2264877
2012-03-12,117.01098515119,117.54895556877,116.05293153754,116.52184115745,1927300.7360925
2012-03-13,116.90453474968,117.40687507419,115.68343427608,117.26919335652,3198078.9771599
2012-03-14,117.31274124805,117.89689882332,116.45322023746,116.74090024817,3749093.0528648
2012-03-15,116.48709081976,117.47153709494,116.28078818211,116.98635200043,3323426.0929051
2012-03-16,117.27799091037,117.49309110186,116.25043662135,116.66392165203,4002153.62395
2012-03-19,116.4228686767,119.71887222448,116.13078988907,118.84615488312,3979885.3885443
2012-03-20,118.15422727326,118.61433933932,115.99266829371,116.50864482668,2647162.201229
2012-03-21,117.08048582656,117.64792804952,116.56846819282,116.74090024817,2106734.022655
2012-03-22,116.13078988907,117.49309110186,115.99266829371,117.27799091037,2341922.3530262
2012-03-23,117.50628743263,119.01022926232,116.89573719583,118.78237261775,2538835.9531761
2012-03-26,119.35817251686,120.69452094582,117.25203812653,120.06769523441,4091842.1912451
2012-03-27,119.98191908442,120.29511200128,119.55127882374,119.80992690677,2665464.5615042
2012-03-28,119.68060286526,120.30830833205,118.52064539088,119.34937496302,2247923.4966814
2012-03-29,118.55055707395,119.19145887151,117.54895556877,119.01022926232,2172703.9513726
2012-03-30,119.10436308845,119.21345275612,117.59602248184,118.0051087356,3000482.6872413
2012-04-02,118.0051087356,119.90845950982,117.09368215733,118.98911513309,2944350.7204767
2012-04-03,118.84615488312,120.59246932122,118.37372624168,120.3734102305,3923195.0847593
2012-04-04,119.48661680299,119.6722451891,118.21141137325,118.98911513309,2577111.3654052
2012-04-05,118.32226055169,121.13835753726,118.08604623097,120.99979606421,2512803.4896013
2012-04-09,119.66388751295,120.36021389973,118.70979279853,119.49981313376,6224624.8183252
2012-04-10,119.48221802607,119.76681889293,116.57726574667,116.73210269433,2669710.9691604
2012-04-11,118.02182408791,118.9548046731,116.96039921659,117.37652351342,3542782.0677756
2012-04-12,117.47153709494,121.15111399034,117.18825586116,121.02135007113,4290929.5774653
2012-04-13,120.39892313665,123.68261010904,120.32150466282,123.15783602223,5374209.7901958
2012-04-16,123.04170831148,123.05006598764,120.05054000441,120.82868364194,4577035.0159242
2012-04-17,121.61518495563,122.50109862775,121.23601038493,122.07529702168,2582120.2577382
2012-04-18,121.59846960332,122.48350352006,121.30990983723,121.76518324867,2120704.9516399
2012-04-19,121.25360549262,122.26004565242,120.5146109697,121.18058579572,2130572.9219344
2012-04-20,121.8087311402,122.14347806398,120.58367176738,121.00815374037,1960214.4306403
2012-04-23,120.26080154129,120.80668975733,116.46509693515,118.09880268404,4336723.670588
2012-04-24,118.35261211245,119.25480125919,117.48033464879,118.9376494431,2358425.5768279
2012-04-25,119.73646733217,122.40124639162,119.56007637759,121.77354092482,3037606.4156979
2012-04-26,121.87295328326,123.49390257908,121.49421859027,123.1705924753,2777476.6068337
2012-04-27,123.74287335288,124.22365967047,122.85739955845,123.51501670831,2164788.1146262
2012-04-30,124.11676939126,124.15459887279,122.30755244317,122.98672359996,2343729.9009289
2012-05-01,123.46311114063,125.35414533947,123.04170831148,123.09361387917,4295135.0646557
2012-05-02,121.59846960332,123.1705924753,120.66109024121,122.18658607781,6329257.9943521
2012-05-03,122.00139756939,122.5094563039,115.39047573307,116.39251711594,11957073.734506
2012-05-04,116.2077684852,118.90245922772,115.31437689231,117.79836622026,5852427.7215029
2012-05-07,116.94720288582,119.10436308845,116.94720288582,118.52064539088,3368938.0621507
2012-05-08,118.11199901481,119.09116675769,116.13078988907,118.15422727326,3650207.1562402
2012-05-09,117.31274124805,118.98911513309,116.55967063898,117.43282785803,4418592.1095591
2012-05-10,118.30026666708,119.48661680299,117.63913049568,118.17622115787,3367673.6197617
2012-05-11,117.36376706035,118.98119733463,117.26083568037,117.9263706287,2034996.3543023
2012-05-14,116.81787884431,118.36492868784,115.82023623836,116.70658978818,4061605.1498235
2012-05-15,116.43606500747,117.90525649947,116.43606500747,116.60321853051,3147267.3529392
2012-05-16,116.98823919502,118.20220637711,116.28883604092,117.5335365694,4334504.7540026
2012-05-17,117.00097158138,118.26718545232,115.00988978362,115.00988978362,3591703.6377131
2012-05-18,114.85227162146,115.25926893712,112.50907348372,112.65088592488,6483602.1604042
2012-05-21,113.28179762133,116.31034938339,112.6767897454,116.20322171886,3318028.2007658
2012-05-22,116.40035418351,119.25679920583,116.40035418351,118.39933884177,4648561.8983165
2012-05-23,117.62266327391,119.45480976609,117.38206507652,119.17645345743,4138297.4186538
2012-05-24,119.72570226206,120.98137898568,118.77340757202,119.78058323774,2960374.4372182
2012-05-25,119.39509926455,120.40359207369,118.95780765031,119.37402496989,2944987.0467883
2012-05-29,120.15465196799,120.93132753585,119.00873719574,120.27846344913,4501781.7545631
2012-05-30,118.71325802267,119.74677655672,117.46021558589,117.48963178885,4586585.2760407
2012-05-31,117.75657285457,118.36509311294,114.72275251885,115.20307081802,5252208.2363786
2012-06-01,113.65059777791,114.89442021078,111.93435990637,112.24784003947,4663842.4666659
2012-06-04,112.02085232405,114.43956668432,112.02085232405,114.16077132786,4161832.6689648
2012-06-05,113.7704578288,114.5344010103,113.15227851872,113.81787499179,2843659.8121529
2012-06-06,114.9760831026,116.48640755338,114.83514875704,116.33142367805,2518011.9026951
2012-06-07,117.83779669858,118.00068343441,116.54172757687,116.79900959087,2289466.8587337
2012-06-08,116.38323131909,116.58870569205,115.45684044957,116.56280187153,2594171.2629839
2012-06-11,117.25869264318,117.94448531531,116.20322171886,116.33976558635,2735692.0705755
2012-06-12,116.40035418351,117.16824879526,115.70182912502,117.16824879526,2599610.0784621
2012-06-13,115.78261392123,116.96716490036,114.65426106119,114.90759164494,3722609.4281197
2012-06-14,115.26365941517,117.00931348968,114.25911803628,116.47762659727,3288146.2611755
2012-06-15,117.36625935552,118.51173507996,116.92326011981,118.40768075007,3141193.9266058
2012-06-18,118.01385486857,120.47559591379,117.46021558589,120.11557671331,2732945.4448436
2012-06-19,120.85405512209,121.58770400502,120.49710925625,121.34315437737,2567522.9120423
2012-06-20,121.08104283751,122.58609871463,121.01606376231,122.58609871463,3175963.2610841
2012-06-21,122.57336632827,122.87016264476,119.31299732493,119.4719326305,3265281.5528791
2012-06-22,120.2437786725,124.95915210314,119.3345106674,124.95915210314,9306908.6080968
2012-06-25,122.86138168865,123.28198948628,121.14207048247,121.26105243775,4629803.8043286
2012-06-26,121.75015169304,123.92036499542,121.65575641486,123.14456752318,3282185.1791077
2012-06-27,123.35048094394,124.13505937229,122.52243678284,123.43697336161,3088639.7406765
2012-06-28,122.99485222151,123.40624001523,119.56632790868,121.50121158734,2878693.1269963
2012-06-29,123.25213423551,124.05032314584,121.5143830215,123.63805725651,3982896.1180402
2012-07-02,124.28170133932,126.80798241193,124.0068574131,126.61875280778,4261242.8002928
2012-07-03,126.48220894028,127.00204154195,125.64538382308,126.34083554692,1592291.2979096
2012-07-05,125.72704671489,127.47401793282,125.65416477918,127.0147739283,2824448.4645613
2012-07-06,126.07960210267,126.73597857184,124.78792345901,125.27702271429,2407736.8952861
2012-07-09,123.13622561487,124.0630555322,121.02484471842,123.66440012484,4420997.3853921
2012-07-10,124.34975374916,124.7624586863,121.80195933408,122.278326203,4550916.4950896
2012-07-11,121.90425747275,122.25242238248,119.57510886479,120.74604936195,2910937.2239351
2012-07-12,119.12420676858,123.42380192745,119.11147438222,122.63834540348,3766865.6566178
2012-07-13,122.49302057987,124.64567197004,122.15319757845,124.10608221713,3031099.5373414
2012-07-16,128.19010490352,130.99649847602,125.864468678,127.14692731775,7651798.8661429
2012-07-17,128.11283248976,128.23225349284,126.04491732604,128.22391158454,2691638.7812537
2012-07-18,127.50782461384,128.81223564386,127.4002579015,127.8028647391,2975803.2809927
2012-07-19,128.28406113389,128.62695746995,125.32443987728,125.37580847052,3458189.7030777
2012-07-20,124.61142624122,126.18102214574,123.66440012484,125.735827671,2954232.5092403
2012-07-23,124.0630555322,125.07067024573,123.2433532794,124.47839475616,2850594.8200544
2012-07-24,124.50912810255,124.77519107265,121.265003868,122.64712635959,3377971.3314971
2012-07-25,123.3719942864,124.10608221713,121.52755445567,122.20500521949,3826372.6161677
2012-07-26,124.98110449341,128.18132394741,124.22111274216,126.77944430458,5258951.6933852
2012-07-27,126.92872055843,129.5151511804,125.68884955582,129.14239959356,3484905.4726457
2012-07-30,128.85877471124,132.33866761731,128.71301083982,130.82790411872,3163168.5268202
2012-07-31,130.43715157186,130.67731072145,128.49831646295,129.0730300403,2240894.6993132
2012-08-01,128.49831646295,129.42602447589,127.00204154195,127.46523697671,2902993.2142928
2012-08-02,126.80798241193,129.30001775572,126.1941935799,129.27894346106,2778042.5840475
2012-08-03,130.36031820591,131.53564918112,128.86755566734,130.97498513355,3233560.4058267
2012-08-06,130.99649847602,132.58277819715,130.6088192638,131.02108515313,2306849.4760821
2012-08-07,130.81517173236,131.42500913415,129.35270349238,130.40334489084,3294828.6769933
2012-08-08,130.78136505134,131.51896536452,130.40334489084,131.15016520793,1990871.8119763
2012-08-09,130.87005270805,130.96181369939,127.73437328145,128.51104884931,3551031.9846996
2012-08-10,128.18132394741,129.30001775572,127.9798010047,129.09454338277,1496188.5512946
2012-08-13,128.64012890412,129.02253954267,127.4002579015,128.30952590661,1613447.9917468
2012-08-14,129.1208862511,130.18030860567,128.53695266983,129.89273229309,2183059.5394872
2012-08-15,129.19366120282,130.30783040867,128.60238887446,129.06874451373,1933863.1792095
2012-08-16,128.70495205077,129.94666777074,128.70495205077,129.68587678825,2280255.0449818
2012-08-17,129.9852385379,130.04134147194,128.29338443303,128.70495205077,2395595.0376197
2012-08-20,128.62342747473,128.72642895521,127.98131186239,128.15312709791,2168555.4466203
2012-08-21,128.71766287176,129.26072174117,126.99644238735,127.50619013967,1901259.5653156
2012-08-22,126.87547043581,128.50815347743,126.52132066464,128.09220281797,2216476.5053964
2012-08-23,127.9085533698,128.50815347743,126.75669000513,127.14152106837,1749972.6184899
2012-08-24,126.59320254889,127.01791929179,125.81389773063,126.66157799976,2662681.2471809
2012-08-27,127.29185939945,128.13559493102,127.03983450041,127.64732408314,2205088.5234513
2012-08-28,127.83535657303,128.2385964115,127.21953921103,127.39003953403,1965650.2368791
2012-08-29,127.53117347749,128.03609988392,126.72644701725,128.00673350438,2145891.5053918
2012-08-30,127.09374591359,127.09374591359,126.17725188943,126.70058707109,2143315.2123252
2012-08-31,127.49435592702,128.36701953397,126.24606564447,128.25086892832,3447071.9095797
2012-09-04,128.3538704088,129.16780125666,127.60393197009,128.52524734015,2550176.5001982
2012-09-05,128.8671245945,129.00913514631,126.95348857847,127.59516588664,3174646.4854999
2012-09-06,128.17811043573,129.51844459446,127.77969194316,129.51844459446,3924948.7203953
2012-09-07,129.53115541545,129.95981689591,128.68347514633,129.71524316779,2697255.1822689
2012-09-10,128.42224585967,129.88749670749,128.42224585967,128.69224122977,2908310.2117613
2012-09-11,128.88465676139,132.4314141232,128.82022604807,131.47941746108,3972529.3762972
2012-09-12,131.65298591329,133.48071431156,131.57409116229,133.45441606122,3663964.4376907
2012-09-13,132.94072357135,136.65403651862,132.57649280421,134.97971458064,3936255.0239028
2012-09-14,135.25759942584,135.31370235989,133.75509272338,134.25212965471,3322683.1780724
2012-09-17,134.46996682832,134.84164876638,133.62579299257,133.86992841651,2662200.7589416
2012-09-18,133.07440634389,133.85283455379,132.52082817434,133.66041902218,3298062.8329256
2012-09-19,133.86992841651,135.53285444601,133.73317751477,134.78642244068,2994198.0549163
2012-09-20,134.29420685525,134.83332098711,133.46756518639,134.61066246761,3194834.7487205
2012-09-21,135.31370235989,135.95143493051,134.89862830877,135.00031487673,7309267.1775973
2012-09-24,134.10924249456,134.96700375964,133.5100806911,133.74194359822,2632574.9857407
2012-09-25,133.8401237328,135.41626553619,133.62579299257,134.56770865873,3849583.4784202
2012-09-26,134.14343021999,134.56770865873,132.37574949333,132.51250039507,2659297.7521245
2012-09-27,132.71762674768,134.23941883371,132.51250039507,133.90762257532,2108114.5435273
2012-09-28,133.98213428461,134.62381159277,133.2273745,134.28105773008,2357913.6714685
2012-10-01,134.86794701671,137.91372270965,134.86794701671,136.72285027366,3675565.9699644
2012-10-02,136.5896058053,137.08664273662,135.49340707051,136.00797616873,2510332.0243619
2012-10-03,136.65403651862,138.60711991014,135.99482704356,138.52515702993,2929315.7156625
2012-10-04,138.79997374593,139.81552451303,138.20431837585,139.65992653188,2118889.0245818
2012-10-05,140.75744017918,141.59284793148,139.49337094642,140.27311406885,2820132.8626798
2012-10-08,138.99195097338,139.49337094642,138.56416610126,138.71801086572,1700802.1990308
2012-10-09,139.16464281724,139.36976916985,136.71057775684,136.73599939883,2494751.7483061
2012-10-10,136.63212131,137.97683851045,136.31172096009,137.4123027366,2012585.678754
2012-10-11,138.20431837585,139.82779702985,138.1955522924,139.04410916987,3514466.203019
2012-10-12,139.35705834886,139.99522922365,138.44012602052,139.11248462074,2029027.4569901
2012-10-15,139.34829226541,140.25163716441,138.60711991014,139.89135113482,2423759.2687215
2012-10-16,140.20955996387,141.75940351694,140.02503390736,141.16418645103,2081107.9559802
2012-10-17,141.16418645103,142.76531159224,140.81178989654,142.55580219791,2531423.3134378
2012-10-18,142.3537439745,143.08264381295,141.13438176731,141.87467751424,2810348.1052635
2012-10-19,142.30816034059,142.3537439745,139.75503853726,139.97375231921,2533697.7613283
2012-10-22,139.80675842958,140.05878332862,138.02417536106,138.99195097338,2445665.0606532
2012-10-23,137.95623821436,137.97683851045,135.93434106779,136.64088739345,2980796.4028857
2012-10-24,137.48506122919,138.37613361137,136.44014408256,136.49142567071,2869411.1980635
2012-10-25,137.83658117534,138.70924478228,136.51772392105,137.53590451317,3968857.2688844
2012-10-26,137.83658117534,138.8810600178,136.85083509195,138.3156476356,3037116.8797671
2012-10-31,137.59200744722,139.97375231921,137.39520887388,138.7609646746,3576776.3559433
2012-11-01,140.83808814687,144.3673133418,140.31124653184,143.88386383981,5327450.9983232
2012-11-02,144.05085772944,146.41024908864,143.39559299193,143.39559299193,4624670.5560981
2012-11-05,142.74471129614,143.88386383981,141.227740556,141.49335288438,3465994.1570169
2012-11-06,142.47077118849,144.84287336868,141.89089476861,143.85800389365,2272204.0150728
2012-11-07,142.53914663936,143.58406378599,141.52797891399,142.55580219791,2609054.3335251
2012-11-08,142.15650709699,143.24087161913,141.87467751424,142.06446322082,2533393.4064797
2012-11-09,140.29415266912,143.80628400132,140.29415266912,142.93230548186,2950024.8500371
2012-11-12,142.02107110777,143.77253458006,142.02107110777,143.23210553568,2235902.5125831
2012-11-13,142.59393466089,144.79115347636,142.44885597988,142.44885597988,2537271.5352032
2012-11-14,142.6011881753,143.2256365757,139.6582345796,139.95602824954,3401998.4374255
2012-11-15,140.00762832744,140.49870364512,138.52915490886,140.00762832744,3429617.9422381
2012-11-16,140.02468259048,143.55054215098,140.02468259048,142.71269681823,4158100.8191444
2012-11-19,144.00269876583,145.6696436554,143.65724061715,145.65696228032,3780091.3627181
2012-11-20,145.54589092619,147.375069959,145.15670389793,146.33650906899,2391590.6605781
2012-11-21,146.2206275381,146.90017432677,145.75491497058,146.66491295463,1641590.6533669
2012-11-23,147.28892406623,148.11802362306,146.39598034522,148.11802362306,1113522.4700056
2012-11-26,147.61382964151,147.61382964151,146.41347189705,147.23688669953,2155865.4350724
2012-11-27,147.12231703503,147.84034523773,146.32820058187,146.77598430876,2495314.3334371
2012-11-28,146.0334679335,147.34052414414,145.90009485079,147.27580540236,2589531.2454553
2012-11-29,147.92998944087,148.32267477949,147.22464261325,148.17749489929,3143186.1808843
2012-11-30,148.31392900358,149.94282976791,148.01526075605,149.71631417169,3512216.6741226
2012-12-03,150.01629428561,150.7247021348,148.4254376465,148.63883457885,2934321.9225768
2012-12-04,148.97204864125,149.24229311705,147.19621884152,147.59283977931,2275151.8208695
2012-12-05,148.4989021642,148.4989021642,146.10168498565,148.07079643311,2992711.2530273
2012-12-06,148.43418342242,148.89115021403,147.05803558205,148.45517328462,2281106.4669182
2012-12-07,149.11329292229,149.27246604396,147.79311804778,148.54088188859,1889208.9345603
2012-12-10,148.74990593298,149.25978466888,148.27632216714,148.65588884189,2324087.2159808
2012-12-11,148.39176640923,150.31758626591,148.39176640923,148.89115021403,3622813.1505588
2012-12-12,149.69925990866,149.81470415075,147.83159946181,147.87838936296,4580090.36421
2012-12-13,148.10927784714,149.08836746093,146.89142855085,147.19621884152,3261015.4060907
2012-12-14,146.88268277494,147.69516535753,146.25080046501,146.81490301159,2394790.8340412
2012-12-17,146.97757444363,149.11329292229,146.90017432677,149.11329292229,3475903.1436762
2012-12-18,149.00703174491,151.54942880367,148.69918043267,150.7247021348,2967419.5005143
2012-12-19,150.79248189815,150.83621077773,149.13078447412,149.1430285604,2160013.0373377
2012-12-20,149.89079240122,152.51977264154,149.31488305715,152.46773527484,2716435.7088981
2012-12-21,150.96783470526,151.98059555632,149.97300269482,150.7662445704,3482971.6988958
2012-12-24,150.23012850675,151.60977465749,150.23012850675,151.18647910316,818318.93119744
2012-12-26,151.28399450462,151.29274028054,149.18588286239,149.77228713755,1903547.5136876
2012-12-27,149.69925990866,150.65254948349,147.90462669071,149.39534419558,2994128.3942986
2012-12-28,148.44292919834,149.94282976791,148.25052212819,148.64758035477,1744303.0951945
2012-12-31,148.34016633132,151.60146617037,148.34016633132,151.57085595466,3217146.4568186
2013-01-02,154.16397851373,155.93718458068,153.92565612002,155.39013629714,3956901.0608933
2013-01-03,155.57773319054,158.07421492573,154.81816255224,155.49727205211,3734396.1603892
2013-01-04,155.59085185441,157.19001698063,154.77530825025,156.77984009018,2594474.2031089
2013-01-07,156.92895556954,158.77912446455,156.80476555154,157.88574345474,2560510.1497354
2013-01-08,157.64173630669,159.36902705008,157.01466417352,159.36902705008,2950679.5335396
2013-01-09,161.41160301524,162.54855388431,159.71361062117,161.79510528916,4388796.1879029
2013-01-10,162.03036666129,162.74883215279,159.26976249344,160.51341182868,4078365.6410762
2013-01-11,159.77002087583,161.26205024708,159.50939675353,161.16322297923,2394610.6327629
2013-01-14,161.2909113076,161.81259684099,159.56099683144,160.65072051056,2219324.1842259
2013-01-15,159.80893957865,160.65072051056,159.09528426391,160.44563206533,1673918.7169623
2013-01-16,160.09973662786,160.77928341652,159.31305408422,160.19287914136,1366244.2434939
2013-01-17,161.00142612479,161.0941313495,159.60385113343,159.86928543247,1959160.1894155
2013-01-18,158.53118171734,158.53992749325,156.50172441605,158.26181181913,3453179.4880611
2013-01-22,158.62563609723,159.68125125028,157.77510938941,159.05636556109,1729413.3928683
2013-01-23,158.28367625892,159.94493639415,158.07421492573,159.05636556109,1778272.1795681
2013-01-24,159.30430830831,160.15920790409,158.90331448256,159.5653697194,1698452.1605427
2013-01-25,159.90732955771,160.13034684356,159.03100281093,159.82599384169,1675334.7148244
2013-01-28,160.27858774534,160.58731363517,156.30144614758,156.35610724705,3382914.024378
2013-01-29,155.73690631221,157.09556260074,155.11683079977,156.66789415845,2915959.9154154
2013-01-30,156.99367431132,159.09528426391,154.74119972418,155.01056962239,4677475.6629175
2013-01-31,159.00126717282,159.50939675353,156.35610724705,157.89886211862,4172782.1923278
2013-02-01,158.8259143657,159.49627808966,157.35662401183,158.56091735545,3186420.0807276
2013-02-04,157.76242801433,158.40305610017,156.56600586903,156.65958567133,2632960.2108955
2013-02-05,157.61243795737,159.59554264631,156.80476555154,159.53913239165,2776356.5215326
2013-02-06,159.12545719082,160.87636152919,158.62563609723,160.82213771851,3766494.627432
2013-02-07,158.98377562099,159.77876665174,156.95912849645,157.06538967383,5046996.9073528
2013-02-08,157.39947831382,158.94179589659,157.10780668702,157.79172636365,3228449.0560334
2013-02-11,157.57439383214,158.16823201683,155.93718458068,156.33511738485,2758133.7816028
2013-02-12,156.84280967677,157.69377367339,156.42476158799,156.80476555154,2451328.0703887
2013-02-13,156.45424620104,157.38283832938,154.14672967162,154.76113649337,3479381.9096907
2013-02-14,154.50062451,156.65497570247,154.29989500857,155.9847137151,3190092.2258738
2013-02-15,156.35955424059,158.07797332018,155.7412201025,157.98459046517,4474092.8444679
2013-02-19,158.00160883594,158.79056305024,156.66326670361,157.59185883195,3302422.0619961
2013-02-20,157.11447171334,157.59185883195,155.19183218447,155.42223474263,3922241.1175741
2013-02-21,154.99983005267,158.30008487719,154.78208218048,157.43040249384,3555144.4851568
2013-02-22,158.31230319467,159.57078989491,156.6964307082,159.42504282214,2935049.9743039
2013-02-25,159.20336763361,160.35450768743,155.89525817642,155.89525817642,2795801.6037278
2013-02-26,156.01438677183,158.59899728692,156.01438677183,157.82662507492,2838801.7304591
2013-02-27,157.4430571798,160.09486844102,157.30211016032,159.86446588286,2079413.0162057
2013-02-28,159.9713761608,160.3457803178,158.32495788063,158.64917966228,2809381.8696112
2013-03-01,157.9160806136,158.854709217,156.65497570247,158.07797332018,3303227.5738858
2013-03-04,157.7498242222,159.53282583703,157.54516740444,159.48962535738,1642428.2014315
2013-03-05,160.08177738658,161.77968714755,159.85573851324,160.29079788915,2568362.1706805
2013-03-06,160.86724065303,161.69764987305,160.19305134933,161.07189747079,1878980.5749634
2013-03-07,160.88033170747,161.77968714755,159.64235432585,160.50854576135,2173247.9326792
2013-03-08,161.35291877278,161.4039738851,159.89021162326,160.67567488971,2393590.152861
2013-03-11,160.86724065303,161.60077607019,160.41036285304,161.1862260129,1685647.4090637
2013-03-12,160.68396589086,160.98113282666,159.03362029436,159.7933378204,2085326.3672158
2013-03-13,159.48962535738,160.39770816709,158.84598184737,159.37747865767,2755298.9076005
2013-03-14,159.40366076655,161.08062484041,159.30285964736,160.66258383527,3715191.3331383
2013-03-15,160.02723132641,160.64120177968,158.54270575283,158.5645241769,4403914.082004
2013-03-18,157.28072810474,159.18198557802,156.41148208987,158.06968231903,3790972.9292265
2013-03-19,157.99288146632,159.35391475967,155.68187398904,156.00609577069,4413036.4182177
2013-03-20,156.99490674945,159.9713761608,156.72174008012,159.33646002042,4017503.0390368
2013-03-21,158.46197758378,159.71959154705,157.79302470185,157.79302470185,3721989.028496
2013-03-22,158.21499302333,160.14985086967,157.70706011103,160.08177738658,4697513.1971394
2013-03-25,160.75509395332,164.28226038814,160.49632744387,164.00953008729,4834835.214104
2013-03-26,164.89623084142,167.7876083989,164.5384086867,167.45422287914,4316997.1720524
2013-03-27,166.61988634278,169.23635175701,165.50671034684,168.65249072896,3343010.9238334
2013-03-28,168.74718268941,170.95171625724,168.1153211284,169.85643136902,3115208.0364882
2013-04-01,169.75606661831,170.98575299878,166.90396222415,167.33945796855,3309109.5294111
2013-04-02,168.40550616851,168.90471171118,167.29756659434,167.94950110549,2395438.1323426
2013-04-03,168.40550616851,168.51678013125,164.28226038814,164.73870181965,4156173.2285324
2013-04-04,165.41594570271,166.53348538348,165.01579580531,166.48155753419,2225956.3682847
2013-04-05,164.21811422138,165.41594570271,163.59541639848,165.15194277149,1990947.4151161
2013-04-08,165.63762089125,166.37159267689,164.47818983627,166.29042813936,1531527.4327754
2013-04-09,166.83283416169,166.88694385338,164.01738471996,164.73870181965,1501366.9134845
2013-04-10,164.97259532565,167.29320290952,164.97259532565,166.99429049979,2249334.31705
2013-04-11,167.00738155423,167.89800962469,166.2214819193,167.61655195421,1647298.8556854
2013-04-12,165.91078756058,166.83283416169,165.09696034284,165.74540390614,1769108.2948879
2013-04-15,164.61913685575,164.87964883912,161.29749997565,161.29749997565,2693415.8863615
2013-04-16,162.6493695309,164.79412061678,162.49140414065,164.70859239443,2524037.2461586
2013-04-17,163.74552715607,164.04269409188,161.93721616932,162.22347389309,2385884.9675792
2013-04-18,162.58042331084,163.39992331884,161.28091797336,161.41270125473,5252857.3852559
2013-04-19,162.0733631355,164.11164031193,161.74957772234,163.9672023446,1905374.5527414
2013-04-22,163.57054339505,164.3464065549,162.4831131395,163.53214296869,1350834.2723656
2013-04-23,164.27789670333,165.67645768609,163.53214296869,165.65900294683,1581119.2363186
2013-04-24,165.65900294683,167.57029689518,165.59529314855,167.0667276677,1862198.6571283
2013-04-25,167.90673699431,170.47825645496,167.43284082356,168.75591005904,2334244.2076191
2013-04-26,168.75591005904,169.6042103868,167.14265578345,167.21596568832,1531783.6382641
2013-04-29,167.73655328658,168.49103439085,167.16403783904,167.89800962469,2673642.0017465
2013-04-30,168.58048992953,169.9061773759,168.04332032898,168.4478339112,3041669.4988284
2013-05-01,166.99429049979,168.24361346192,163.59934371482,166.01682510155,3065066.9265441
2013-05-02,170.01701497016,179.66250388213,170.01701497016,175.41576582154,7669697.8424661
2013-05-03,176.96007387707,180.85248073079,176.41330416993,179.53377518013,3756587.0818499
2013-05-06,179.32999109933,180.77567987807,178.132159618,178.8905680386,3270922.0784107
2013-05-07,178.91238646267,179.86279701507,177.22407680829,179.79035984716,2969024.7012452
2013-05-08,179.45741069589,179.50061117554,177.70059118994,179.2488265618,3612217.3514702
2013-05-09,179.2230808214,179.88461543914,178.23383347416,178.58336462773,2875247.9924588
2013-05-10,178.68634758933,179.00184200135,177.55178953779,178.75878475723,3460045.9577133
2013-05-13,178.58336462773,180.43400335717,178.132159618,178.92940483344,3119919.6508413
2013-05-14,178.96344157499,181.50485161042,178.647074426,180.31051107694,4019155.5415222
2013-05-15,179.98052844079,181.79337033207,179.68259863453,181.75024891274,3405740.6781554
2013-05-16,181.73369725684,181.73369725684,179.78931325812,179.80194478499,2478507.1681155
2013-05-17,180.89174065524,184.58537334098,180.53021764473,184.57666194314,3312186.9208114
2013-05-20,183.91764469626,184.90159708271,180.80549781659,181.6021551494,5299132.564954
2013-05-21,181.52897940751,182.68715975083,180.39301312869,181.53769080535,3357380.1271214
2013-05-22,182.07953975123,184.42421248088,180.09159876329,180.13341347294,4891760.9738892
2013-05-23,178.38068022678,179.51272637658,177.12101209858,178.09451080762,4226448.2302899
2013-05-24,177.89022852818,181.11605914972,176.89974259335,180.45312177381,3076544.6006209
2013-05-28,182.43235136391,182.53427471868,179.68259863453,180.01929416119,2484324.374597
2013-05-29,179.21828112946,180.1974422471,178.06010078614,178.13763222694,1873105.8198355
2013-05-30,178.34191450638,181.98894121366,178.34191450638,181.04419011751,2407132.1705372
2013-05-31,180.57943704254,181.40266413878,178.09451080762,178.13763222694,3128807.8548273
2013-06-03,178.73784753838,180.70052547257,177.50344246392,180.18873084925,3808859.9091898
2013-06-04,179.39338022612,181.7415375149,178.68688586099,180.1974422471,3382003.2707141
2013-06-05,179.86989368817,180.18873084925,176.86097687295,177.22685558238,3044487.288464
2013-06-06,176.67760194833,179.41864327987,176.39317480874,179.34633867776,3666480.9222293
2013-06-07,180.66611545109,181.01152237559,179.55541222601,179.93784259135,3474702.744953
2013-06-10,180.55112499955,183.13884572903,179.6399127851,182.33042800913,3446402.8091193
2013-06-11,180.56375652642,181.94625536423,179.56412362386,179.67388723669,1964073.0806833
2013-06-12,180.65740405324,180.65740405324,178.69516168894,179.15076779617,2498656.1732635
2013-06-13,179.15076779617,182.74726839596,178.69516168894,182.25333213822,2440605.0993634
2013-06-14,182.04948542867,182.46981037463,180.10379472028,180.93834663371,1856745.8736412
2013-06-17,182.31779648226,183.72207381467,181.49936065484,182.34697966504,3694747.7979268
2013-06-18,181.70886977298,185.21520740509,181.70886977298,184.00606538438,1894900.9442697
2013-06-19,184.25346908314,185.12286658794,182.5220787617,182.62835781539,3056977.5916222
2013-06-20,181.51634788064,182.46981037463,178.46169622673,178.46169622673,3884340.5624437
2013-06-21,179.98923983863,181.49936065484,178.78880921576,179.50401497873,4481021.1518555
2013-06-24,178.10322220546,179.47875192499,175.68580930383,178.26525420536,3882689.3923034
2013-06-25,179.80194478499,181.38524134309,178.49915523746,180.47925596734,3180476.0265804
2013-06-26,181.88788899867,183.13884572903,180.48796736518,182.6444739014,2598265.4455715
2013-06-27,183.43982452453,184.99350232996,182.49158886924,184.26218048098,2775531.830106
2013-06-28,184.26218048098,184.72214228713,182.22719794469,182.74726839596,3164667.0826577
2013-07-01,183.90893329842,187.44532525308,183.62842628785,185.20649600724,2903917.6552126
2013-07-02,185.06711364174,187.0371962641,184.26218048098,185.22348323304,2188640.2552163
2013-07-03,184.18552017996,187.42528903804,183.93898762098,187.0371962641,1133230.5305171
2013-07-05,188.82041940272,190.86454890675,187.48844667241,190.78701746594,2126646.7600634
2013-07-08,191.62592507829,192.75753565819,188.05468753225,188.09301768276,4898683.3990937
2013-07-09,188.96197961768,189.52255806892,186.62035587728,187.19530813497,5834109.6241584
2013-07-10,187.33512607036,187.81163953241,185.80758245846,186.7140034041,3919883.4231366
2013-07-11,189.33569858517,190.05482447717,187.50978959713,189.95202998262,3559266.670653
2013-07-12,189.88974348803,190.72690882082,189.16539075733,190.71384172405,1947661.0188575
2013-07-15,191.52356615363,191.83848318568,189.79478925154,190.24560408995,3632235.9014702
2013-07-16,190.18636658461,190.72690882082,188.6927974243,189.37359316579,1878991.6720167
2013-07-17,188.43276219867,189.93939845574,188.13091226338,189.63798409035,2779501.3423037
2013-07-18,190.20770950933,191.41728709993,189.93939845574,191.02135406793,1484740.3633739
2013-07-19,191.08538284209,191.99180378773,189.40843875717,189.91108641275,2262906.4076301
2013-07-22,190.20770950933,191.32755970214,189.25947385404,191.23391217532,1982535.3301276
2013-07-23,190.72690882082,191.48872056225,188.54470366096,188.58608280072,2927915.6408115
2013-07-24,189.78172215477,189.84662206871,185.66210211447,186.75668925353,3499401.6513581
2013-07-25,191.00872254106,196.00078907541,191.00872254106,194.59607617311,5480743.3728151
2013-07-26,193.98758503373,194.59607617311,191.83848318568,193.20051023854,2177256.5482867
2013-07-29,192.8463919162,193.49364877599,191.26745105702,191.97002529312,1444244.6810129
2013-07-30,192.6900223249,193.20051023854,191.1572518743,191.45866623969,3477909.1190047
2013-07-31,193.76152425968,194.89008585034,170.98165446821,177.014297475,22515194.635621
2013-08-01,181.75024891274,181.75024891274,173.25968500435,179.17211072089,18569787.639347
2013-08-02,181.61522224616,184.09143708324,180.84818366602,183.99386942739,5408870.4069339
2013-08-05,183.99386942739,185.13157798579,182.78516297658,184.54312306144,2869851.7101917
2013-08-06,184.2112188036,184.30922202934,180.85689506387,182.8788105034,4996734.0237262
2013-08-07,181.41529566565,181.99721704161,179.89907687095,181.39395274093,3890070.2973147
2013-08-08,182.40229704134,182.55126194447,179.92477549459,180.79417299939,2407075.6928044
2013-08-09,180.80549781659,181.35039575171,179.56412362386,179.80978504305,2507067.9116911
2013-08-12,179.39338022612,179.97181704294,178.4020231515,179.76840590329,3405817.8184735
2013-08-13,180.50887472001,180.65740405324,178.66162280725,179.2269925273,2851904.8774555
2013-08-14,179.51349897509,181.48908438867,178.33266931327,178.33266931327,3834956.1590688
2013-08-15,177.4444384594,177.48704571524,173.44326932181,173.93499183562,4322214.2842706
2013-08-16,173.71804264518,174.73844294572,172.36374058459,173.11110663343,3153508.9119179
2013-08-19,172.33330683042,176.90054379558,172.2107022779,174.9849563545,2995502.7726474
2013-08-20,174.62322944779,175.28190284163,172.8945922109,173.20501650344,3534129.9136872
2013-08-21,173.2428413122,181.49777974701,172.51156167627,178.37440703327,7734035.954974
2013-08-22,179.64045120677,181.42865164825,177.03314801018,178.91873646501,2647221.7836969
2013-08-23,180.40955565145,180.59650585564,177.62356284109,179.09655654295,2452246.0351664
2013-08-26,179.47089171925,179.47089171925,174.97669576409,175.01017289367,3446503.62266
2013-08-27,172.96241600591,175.09060495827,172.56242952253,174.17715756523,3191110.812544
2013-08-28,173.35762004221,175.77449489127,173.35762004221,175.22233963704,3918014.7257456
2013-08-29,175.11973440869,177.2700965248,174.80191906156,175.37103026455,2351206.6108888
2013-08-30,175.40537692998,175.49059144165,173.81195251519,174.4232362061,2471647.4207691
2013-09-03,176.02535597922,178.38745007077,175.26538166079,177.03314801018,3137906.3346828
2013-09-04,176.91358683309,177.88268451946,175.26538166079,176.18622010841,2438283.8733635
2013-09-05,176.12709167173,176.70968068014,175.24364326495,176.20752373633,1852105.6154983
2013-09-06,176.31925909093,177.89137987779,175.06060597201,176.67968169389,1674366.4194174
2013-09-09,177.2700965248,178.64222406997,177.2700965248,178.54092314538,2700479.1633457
2013-09-10,182.40209701379,184.64028224908,181.32822025948,184.59028393865,4877519.5188888
2013-09-11,184.99418333329,186.53587036599,182.90294965385,186.32326885471,2754047.2834949
2013-09-12,186.42891745847,187.79321918115,185.05244223413,185.05244223413,3551958.0461272
2013-09-13,185.48721015085,189.29751617301,185.19765471831,188.99926538213,4101451.4443545
2013-09-16,190.97528556364,191.09441197282,188.89361677837,189.37316579052,3148319.9365745
2013-09-17,189.31490688967,191.90568890542,188.57058421625,191.59961229205,2602271.1347453
2013-09-18,190.41921739815,193.99561828111,190.15922618395,193.64345626856,2618946.6982383
2013-09-19,194.79863462329,197.99330927537,194.00822655069,194.7051595212,3741641.0858089
2013-09-20,195.30513924628,198.82632460381,193.87301372859,198.82632460381,14429536.676245
2013-09-23,197.9602669137,200.86060368615,196.0051155922,196.25554191223,4887926.6805628
2013-09-24,196.25554191223,196.81291438147,192.61957782468,193.34998792477,3811057.6615018
2013-09-25,193.145212236,193.99561828111,190.68268675568,191.55700503621,2650481.4538462
2013-09-26,192.44088821091,194.49255800992,191.65526258539,193.55389407772,2333389.5188218
2013-09-27,191.98655573793,193.70736715232,191.80786612416,193.03956363224,1814610.6684863
2013-09-30,190.8052913082,191.96525211001,190.24096255229,191.11919374407,2395797.7576923
2013-10-01,191.30614394826,193.60432715606,190.0618381706,193.22260092518,2346311.5854784
2013-10-02,191.90568890542,192.98478287473,191.01354514031,191.82090916166,2178134.0425004
2013-10-03,191.98655573793,192.10611691503,187.72496061822,188.66449408626,4916977.1222219
2013-10-04,188.65579872792,191.17093112616,187.99321242284,190.47878060274,2341501.2029281
2013-10-07,187.93364921825,187.93364921825,186.33587712429,186.34457248263,2950222.7525658
2013-10-08,186.25501029178,188.37580818955,182.49165920463,182.51296283255,4014870.078637
2013-10-09,183.40119368642,184.69593254242,180.11260916433,183.85509139147,3365880.1482687
2013-10-10,185.95328135758,189.11882655923,185.54981673086,189.02491668922,2719697.9227772
2013-10-11,188.81709762503,192.19480957004,187.50844619569,192.19480957004,2978613.3019262
2013-10-14,190.36269756898,193.79127736025,190.01575277143,193.44346302687,2230590.7650938
2013-10-15,193.01912954015,194.42082130366,191.37440251119,191.37440251119,2645802.8657495
2013-10-16,192.4069763134,195.80512235051,191.84221278958,195.62686750465,2603597.5895683
2013-10-17,195.66990952841,198.7454577713,195.47426396588,198.27373458166,3151542.1154568
2013-10-18,198.71589355296,200.99407743659,196.96117024107,200.44018311068,3596816.6919699
2013-10-21,201.05537971285,201.69361901459,199.26761403928,200.03280557271,2882162.7627141
2013-10-22,200.04150093105,202.68358556097,199.51804035932,199.97280760021,3050890.7142911
2013-10-23,198.67806874421,199.11109758926,197.18159757485,198.8858878084,1869874.6359408
2013-10-24,199.82063882935,203.38008376356,199.60368963891,202.913143021,2223836.8168675
2013-10-25,203.65616139068,203.88963176196,201.52318999124,203.07009423894,2753811.7555361
2013-10-28,203.57138164692,204.49743730954,202.44924565386,203.09139786686,1719529.5955506
2013-10-29,203.47399363357,205.2452381263,203.47399363357,204.24353284617,2150773.6979523
2013-10-30,204.86785957458,204.89742379292,201.65188129459,203.8178950557,2986645.4033432
2013-10-31,197.0633407015,198.89458316674,194.25039228031,196.67248434437,6004098.7377339
2013-11-01,198.94936392424,200.97233904075,198.51590031127,199.16587834677,3312181.1536971
2013-11-04,199.67586111309,199.99019831688,196.20119592264,196.42205802434,2772832.01826
2013-11-05,195.34600743045,197.9733099512,194.99341064999,197.37680836946,2770916.7435399
2013-11-06,198.73284950171,200.1806266644,197.39376431821,199.02153539842,2219703.1171834
2013-11-07,199.96411224187,200.34757754442,196.10293837346,196.10293837346,2708295.9774879
2013-11-08,195.7633846305,198.45285896335,195.7633846305,198.27373458166,2865592.0827653
2013-11-11,198.63502672045,199.69759950892,198.21460614498,199.28065707678,2096553.045753
2013-11-12,198.80502097589,199.18326906344,196.86291269189,198.26503922332,2254142.6409479
2013-11-13,196.66577507488,199.76852814113,196.51261162468,199.76852814113,2047999.8948111
2013-11-14,199.91822046498,200.21803900347,198.77274876943,200.13863698821,2727375.6829879
2013-11-15,199.74726749223,202.54673089363,199.72644073413,201.9991607119,3097898.4096935
2013-11-18,201.9991607119,202.71594830321,199.26044202162,199.88828200021,4095465.7842842
2013-11-19,200.34647067843,200.40027313686,196.82240965143,197.37778986746,3615355.8050194
2013-11-20,197.77306438058,200.1881005387,197.65678164785,198.11540421686,2549304.6081704
2013-11-21,199.27302485464,201.9991607119,197.43202621668,201.61343179624,3196994.3126658
2013-11-22,201.69847439182,202.3471411285,199.83274397861,202.12238569733,2037744.7797824
2013-11-25,202.52069744601,202.6604102816,201.32836554473,201.93190763886,1685525.506651
2013-11-26,202.67342700542,203.5941432698,201.62558073846,203.50823289263,2813784.2921088
2013-11-27,203.48697224373,204.82248810696,203.02921745631,203.9837772026,1484878.2441369
2013-11-29,204.50531393671,205.05982637115,203.45269487103,203.45269487103,1034753.459734
2013-12-02,204.09355157342,206.50207936964,204.09355157342,205.12013719148,2179148.5635939
2013-12-03,199.91822046498,202.60530615079,199.91822046498,201.74923961469,4265009.8286758
2013-12-04,201.78264920581,203.3225276329,201.08712226339,202.74501898639,2940340.561079
2013-12-05,202.19441156909,202.93593093565,201.52014527558,201.7067183169,3314955.3312791
2013-12-06,203.6982770603,203.83582044192,201.01162526528,201.87636961726,2277364.5216458
2013-12-09,201.78264920581,202.70293157939,201.38477134792,201.59173725655,3167778.8967547
2013-12-10,200.9265826697,201.69066435753,199.41751048897,199.41751048897,3914679.5101195
2013-12-11,201.01162526528,207.91786502971,201.01162526528,205.65295508623,10079342.919455
2013-12-12,204.9587298162,205.6412400348,202.50377570505,203.43577313007,2867256.0419895
2013-12-13,204.50531393671,208.00681264243,203.9143546756,207.36725761242,4421688.4237881
2013-12-16,208.04542892308,210.56286330853,207.29826897621,207.75602376363,3698365.1717014
2013-12-17,208.61339197212,213.79838695767,207.8423680316,213.25558957467,5169880.8368593
2013-12-18,213.10806670478,215.47277153083,209.99099524234,215.34564152826,4036446.0946118
2013-12-19,214.93040803862,217.88086543625,214.54034021502,216.07544584338,3349904.9089556
2013-12-20,216.72020756292,218.20715131317,215.88410000332,215.95612587509,5815918.9737015
2013-12-23,216.99138930902,218.83933019969,216.55012237176,218.0379339036,2003079.374994
2013-12-24,218.47529582372,219.5769445491,217.02002610141,218.74257255268,1301910.775963
2013-12-26,218.9920597591,220.24643804389,218.9920597591,220.20087951054,1224716.0060325
2013-12-27,220.99316409996,221.3875708315,219.14912822644,219.65764823674,1310692.7092391
2013-12-30,220.58270340906,221.61666517061,219.6880205923,220.90421648724,1485046.9501824
2013-12-31,221.51079581693,222.71918167758,221.03178038061,222.676226489,1612315.3799184
2014-01-02,221.53205646583,222.03189866025,219.4932036259,221.00574693298,2666910.237819
2014-01-03,221.74379517318,222.48140952259,220.22604517658,221.15413758445,1952453.7329767
2014-01-06,221.17496434255,222.31132433144,219.5769445491,219.82252673837,2144663.6189607
2014-01-07,220.7467141291,222.10826343995,220.45036671696,221.49777909312,2044947.0529002
2014-01-08,221.40796369881,222.99470233162,220.63780753987,222.22237671871,2121794.5004118
2014-01-09,223.56223148987,224.53327908633,221.65354588808,221.91301258275,2112764.347995
2014-01-10,221.84142060178,222.74521512521,220.00953367049,221.12463301048,1607673.8894122
2014-01-13,222.02755975231,224.20265430148,218.61847978566,218.91178996225,3388641.614692
2014-01-14,218.75081647776,222.65062693216,218.34339302241,222.65062693216,2712907.5262763
2014-01-15,222.8497828065,224.88906953722,221.82883776876,223.76572627215,2822147.6868895
2014-01-16,223.19385820596,223.76572627215,221.28604038576,221.76982862081,3378710.5443355
2014-01-17,222.05359319994,232.25827077861,222.04057647612,232.17366207382,9589554.698429
2014-01-21,234.40819966174,235.51548896744,230.80777385504,231.92764599375,4942310.6707765
2014-01-22,232.398417505,233.82721988888,231.68162991369,232.97852949627,1813702.9208727
2014-01-23,231.659935374,232.32552385164,227.64948276718,228.23914035592,3415904.0046064
2014-01-24,226.3951044824,226.9591625143,221.24351908797,221.24351908797,4023342.5669923
2014-01-27,222.07094883169,222.07094883169,215.12175387867,216.21515867897,4871436.1547886
2014-01-28,217.62747321269,222.35471341081,217.40315167231,220.95454781932,4466282.1332602
2014-01-29,219.10226802071,220.73847020402,216.49501824095,217.12676323668,4204617.9043108
2014-01-30,225.7329871311,225.9837760099,216.31278410757,220.8790508212,5012230.7991489
2014-01-31,216.12143826752,218.90311214637,215.12175387867,215.43502303177,6117525.9722345
2014-02-03,216.89332998963,217.85179475307,212.08104719593,213.4760060979,5434246.897737
2014-02-04,214.19235979842,215.86804604395,211.38118134558,214.54034021502,3728650.6725433
2014-02-05,213.24691175879,216.73712930388,213.13279848003,215.59643040705,3380623.00713
2014-02-06,216.07544584338,219.01332040799,215.76564781662,219.01332040799,3182208.334046
2014-02-07,220.18873056831,222.007166885,218.46661800784,221.77807254589,3144914.1571878
2014-02-10,221.895656951,222.13386299678,219.98870691239,220.54365323762,2579280.5841228
2014-02-11,221.12463301048,222.89273799509,220.04728216954,222.33735777906,2454467.1500108
2014-02-12,223.44456793313,224.89505388895,222.89365179822,224.18042211018,3664057.1239477
2014-02-13,222.85034078133,224.73913422813,222.46184095978,224.05352083068,3289744.7396586
2014-02-14,224.29043209309,226.24549139574,223.51559800084,226.00035104011,3186311.0102948
2014-02-18,226.50449127677,228.48380474888,225.61055188806,226.05925402309,3356979.3651362
2014-02-19,225.86435444706,227.7860642667,223.68970828876,223.8802767631,2335408.3383664
2014-02-20,224.1717599068,224.96348529564,222.58527735793,223.46968832293,2202645.8125193
2014-02-21,223.46968832293,224.65770951636,222.98763670489,223.36314322137,2284049.3502967
2014-02-24,223.73994906836,227.42268483495,223.47835052631,226.1943843958,2719806.6091415
2014-02-25,226.1943843958,228.43443018962,225.48798171024,227.11777527601,2835107.757856
2014-02-26,227.22345415723,227.89260936826,225.25063733766,226.11036102303,2603390.96339
2014-02-27,226.1943843958,227.79472647008,225.59019571011,226.2879361923,2024392.0897149
2014-02-28,226.46984246325,227.98486183425,220.69388525012,225.93668384528,3501744.6107822
2014-03-03,223.69837049214,224.0448586273,219.59291920065,221.44229962207,4109447.0358657
2014-03-04,225.14062735474,225.97046643845,222.57661515455,225.49621080345,3734169.0773879
2014-03-05,225.56420909998,225.79722237087,222.30159019727,222.81395952714,2832373.1187621
2014-03-06,223.76896744967,226.06791622647,223.32069842481,223.87204766989,2281489.7244106
2014-03-07,224.94182978719,225.72922407435,223.54938059402,225.55164890508,2242821.0410117
2014-03-10,225.50487300683,226.37672377693,224.71314761799,225.49621080345,1838809.2847796
2014-03-11,225.81844476915,228.39155228289,224.61613094014,227.17667825898,2766346.0382406
2014-03-12,226.12292121792,227.66825830074,225.284853041,226.10169881965,2350147.7752525
2014-03-13,226.65997782742,227.48505269928,220.43531847926,220.77704240256,2999134.3845501
2014-03-14,220.61246053836,221.92435124011,218.56428254939,220.76838019918,3424070.839969
2014-03-17,221.98801843495,223.8802767631,221.3790655374,223.79495405981,2202449.7884911
2014-03-18,224.59101055034,226.7747520222,223.26266166217,226.41440436163,2076180.7606074
2014-03-19,226.50449127677,227.10045086925,221.99624752816,223.82873665299,1972125.480379
2014-03-20,224.12931511024,224.12931511024,220.90091191088,221.82257035041,2972672.064287
2014-03-21,222.97464339982,232.66591654027,219.70249607339,223.37180542475,9524423.1046082
2014-03-24,225.37797172733,226.23293120084,219.08531408264,220.74369291955,4559002.6315505
2014-03-25,222.1868160025,223.04220858617,218.40749666823,218.40749666823,2919591.8051565
2014-03-26,219.94806953919,220.18584702194,215.67457150215,215.67457150215,2666800.2342148
2014-03-27,214.89064209634,216.17264819644,213.05382186982,215.76595774779,2630981.4030902
2014-03-28,214.49348007141,216.33896250132,210.52315915264,212.09751461678,3737461.7731089
2014-03-31,213.04082856475,215.85994265446,211.67826397323,215.85994265446,2909821.5427536
2014-04-01,217.08261266141,218.15802521091,214.55628104591,214.70916893555,2272805.790692
2014-04-02,214.78496321512,216.49878015366,213.36739363214,214.666724139,2335593.5106522
2014-04-03,215.78328215455,216.28309128952,213.37605583552,215.00931428264,3556947.6554438
2014-04-04,215.5593641972,215.69969189194,205.75331686198,207.70491128327,6120948.1791189
2014-04-07,206.75293513192,207.43421742768,201.03934578311,203.41841994116,10033264.308992
2014-04-08,202.80773460294,205.92699403973,201.99521992599,202.59594373032,5438995.1307405
2014-04-09,204.56053145669,207.78503666453,202.62582833198,207.54379430042,4791451.8031868
2014-04-10,208.25063009615,209.07180697648,200.14973749609,201.54738401129,5107656.8009398
2014-04-11,198.96431496367,199.99901515729,194.84283859593,196.63244981403,7485162.0497623
2014-04-14,199.45156390374,201.94887713791,198.00844082079,201.0311166899,5238202.8006721
2014-04-15,203.65143321206,204.93647108334,199.16008076003,204.05249322851,4807683.9318783
2014-04-16,207.00240658923,209.54996060301,205.48262300638,209.36805433205,3958178.5949546
2014-04-17,210.34168599185,211.54270049035,207.94961852873,207.94961852873,3344455.5308122
2014-04-21,208.97868829016,209.48629340817,208.38576046886,209.13504106115,2506009.2738718
2014-04-22,209.3463988236,210.57383304241,208.52955304496,209.96444703469,2460016.1261047
2014-04-23,210.29880808512,210.29880808512,208.00072552867,208.81757130731,2205227.8345548
2014-04-24,209.78730497559,210.50193675436,207.59403508002,209.40573491674,3377046.7766705
2014-04-25,200.01157535219,203.79782444916,198.57624825229,198.92750059931,9562303.7667957
2014-04-28,199.17567272612,201.92765473963,199.00329487887,201.41961651145,6065621.8401922
2014-04-29,201.88954104476,204.05249322851,201.79295747709,202.66827312854,3190274.2051654
2014-04-30,202.26634689175,203.63843990699,201.90210123966,202.61326813708,3036595.0612165
2014-05-01,204.10360022844,207.3112141397,203.36644672089,206.10067121748,3568282.4158626
2014-05-02,205.27126524394,207.09899015691,204.00485110992,204.41630577043,2727321.0944465
2014-05-05,203.82814216099,207.87815535085,202.99916929762,207.12887475857,3448184.7969913
2014-05-06,206.7057261235,207.02362898751,205.19113986268,205.35572172688,2718276.7443461
2014-05-07,207.01063568244,209.00424179013,204.4375281687,208.69889912102,3683019.9666348
2014-05-08,208.94014148512,212.11050792185,208.60621354486,210.89650011827,3653426.1105703
2014-05-09,210.17580479714,210.86618240645,208.14451810476,210.80598009296,2948690.8679435
2014-05-12,211.08187127059,212.47865156545,211.02600005879,211.70771546472,2183203.6460599
2014-05-13,212.00439593045,212.69434042959,211.40410523629,212.07326044732,1784387.5655734
2014-05-14,211.20376500768,211.87554865783,209.86019770736,209.86019770736,1713196.693509
2014-05-15,208.99863733751,209.68684812969,206.42173750573,207.45232452116,3174307.3093637
2014-05-16,207.58763229625,210.10098502598,207.58763229625,209.81307774735,3070976.9797495
2014-05-19,209.37430013801,210.9841600564,208.85381911176,210.35776719342,1759921.4615094
2014-05-20,210.31626704515,210.31626704515,207.40131392224,207.90882615215,2187893.4842483
2014-05-21,208.85381911176,210.67117977152,208.58450044121,210.10487566489,2274146.284516
2014-05-22,210.13859453536,210.27908982899,208.69862584895,209.36565427379,4217503.8906405
2014-05-23,209.99464089604,212.27196153247,209.70413985813,212.06921601643,2782013.1543349
2014-05-27,212.98567762411,214.52809980156,212.82140620387,214.5025945021,2419384.0499445
2014-05-28,214.5025945021,214.5025945021,212.99864642045,213.80530555249,1805819.0131882
2014-05-29,214.0032958432,214.68804828969,213.48886692191,214.66686592234,1315082.1833716
2014-05-30,215.88377131178,215.95164134594,213.31551734423,214.823788358,1535675.0530636
2014-06-02,215.36761321765,215.68923936676,212.8382656391,213.51393992816,1595923.7438298
2014-06-03,213.01118292357,213.2134961464,210.80562296019,211.32523940001,2252950.2542216
2014-06-04,211.16096797977,211.44498461951,209.44562851785,211.44498461951,3150321.5059041
2014-06-05,212.12022661535,212.50453528008,210.62362751829,212.22527386567,1649402.4925187
2014-06-06,212.53436351165,213.38727801729,211.61703731755,212.99000055622,2500627.9813611
2014-06-09,213.48022105769,213.99075934008,211.63865197811,212.58883245626,1379079.7185752
2014-06-10,212.99000055622,214.77234546587,212.7492132376,214.25316131926,1712913.3210275
2014-06-11,212.87155221636,213.91078509601,212.12022661535,212.67745256455,1691860.0179339
2014-06-12,212.39819115013,213.15038133757,211.23791617136,211.77309516678,1554454.6678951
2014-06-13,211.86690279361,212.06921601643,210.86052419801,211.30016639377,1771302.3943413
2014-06-16,210.89078472279,210.99280592062,209.9777814608,210.24018343998,1977322.7474237
2014-06-17,210.14291746747,211.9170488061,209.90213014885,210.81859175652,1432128.8977145
2014-06-18,210.45114252703,211.25866624549,209.01938741164,211.25866624549,2583091.6867328
2014-06-19,210.91629002225,212.15783612472,208.01387340246,210.31626704515,3832828.8698356
2014-06-20,211.53230784816,212.12022661535,209.0911480847,209.48885783897,4592769.5571116
2014-06-23,208.99863733751,209.81307774735,208.17468647702,209.4629202463,3691304.3248754
2014-06-24,209.26017473026,210.59034094103,207.3805638481,207.77740901595,3275398.1867381
2014-06-25,207.31312610716,210.49004891604,207.31312610716,209.04921564321,2064135.5842447
2014-06-26,209.83036947579,209.86019770736,207.55737177147,208.96448617382,2145146.8032397
2014-06-27,208.09860287185,209.90213014885,207.84960198222,209.2731435266,3240324.3072316
2014-06-30,208.65582882105,211.74715757411,208.49544803971,210.70965386731,2496417.8759211
2014-07-01,211.95076767657,215.34686314351,211.8279964046,214.25316131926,2748521.9968844
2014-07-02,214.87393437049,215.49557200815,214.25316131926,214.83632486112,1445100.4176346
2014-07-03,215.30493070203,217.01119200651,215.08921638966,216.50454436302,1392910.1462699
2014-07-07,216.42846075786,217.55674603901,215.63866106105,216.74965461375,1658636.0402518
2014-07-08,216.78337348423,216.90138953087,213.12963126343,215.25478468953,3039515.4632403
2014-07-09,215.50378557917,216.28883005065,214.51556329844,216.1630327262,1294343.0189148
2014-07-10,213.80530555249,216.90138953087,212.67745256455,215.54571802065,2134175.5460525
2014-07-11,215.95164134594,217.0496661023,214.37982323013,217.01119200651,1428979.6463156
2014-07-14,218.73906797155,222.3638465472,217.65357971831,221.03670638891,3431253.051583
2014-07-15,221.66223466547,224.73756856972,220.89750797491,221.77636007322,2725504.0550271
2014-07-16,222.94182257053,223.17007338603,221.08728469462,222.67552995245,2213521.2288295
2014-07-17,221.9419283731,222.00374630229,217.83038764167,217.8818305338,2456640.7071945
2014-07-18,219.17871016731,221.89048548097,218.91284984244,220.1963283864,2770852.6737274
2014-07-21,219.52065409734,220.12802605903,218.50260358504,219.21588738347,1543781.5879558
2014-07-22,220.91912263547,222.59642029481,220.59663189994,221.2645249112,1924780.168884
2014-07-23,221.49277572669,222.54108676378,220.67358009153,221.21005596659,2048894.0772541
2014-07-24,223.39400126941,223.86736233564,221.83082901783,222.74772291871,2984026.967515
2014-07-25,214.10574933425,216.70728987906,211.35074469947,214.76369960165,6882393.0682579
2014-07-28,214.4174327395,214.95823154667,213.10023532507,214.21857786236,2601211.5641624
2014-07-29,214.40446394317,215.71085402732,213.31551734423,213.48886692191,2644865.2684364
2014-07-30,213.48022105769,214.7853142622,213.43742402978,214.06295230634,2608880.4331484
2014-07-31,213.25197024219,213.3492362147,211.01787892687,211.01787892687,3468804.4162138
2014-08-01,209.86884357159,213.03668822303,209.77935887688,211.81200155579,3525051.6562162
2014-08-04,212.85036984902,213.15038133757,211.53230784816,212.15783612472,2022250.5869044
2014-08-05,211.51933905183,212.39819115013,209.16766398307,210.54019492853,2787762.2615052
2014-08-06,209.98599503181,211.39310943417,209.81307774735,210.69236213886,1882092.4756164
2014-08-07,211.18647327923,211.46616698685,208.59746923754,209.03192391477,2396494.4931706
2014-08-08,208.87975670443,210.54797620633,208.20840534749,210.45978839125,2318163.3995398
2014-08-11,211.04641027881,211.22927030713,210.03311499183,210.5816950768,2257357.910763
2014-08-12,210.10098502598,211.20376500768,209.44562851785,210.29551697101,1610543.4506323
2014-08-13,210.95737554841,212.10034214832,210.46808746827,211.42509008004,1614462.2656033
2014-08-14,212.08739801921,212.58488404779,211.3159279246,212.51757457645,1784194.889737
2014-08-15,212.87612695264,213.32269940674,209.92874875559,210.18978869252,2249861.4441593
2014-08-18,211.48506454489,214.42769656127,211.27450671146,214.31810293486,2091296.1993707
2014-08-19,214.75992920828,215.68370855536,214.13645365643,215.00112148059,2055029.3330395
2014-08-20,214.57439669112,216.44654923058,214.42769656127,216.20233666147,1824246.4834613
2014-08-21,216.50609222446,216.97380675609,215.70959681357,215.75188096864,1387927.4422582
2014-08-22,216.20233666147,216.95309614952,215.30056233387,216.08411361565,1790784.9043539
2014-08-25,217.20550666706,217.31553176444,215.85198223372,216.01680414431,1240788.9221884
2014-08-26,216.49746280505,217.99423560048,216.17774281618,216.73390889669,1735994.1962046
2014-08-27,217.12568453758,217.53083577855,215.28761820477,217.13431395698,2008895.2907112
2014-08-28,215.00112148059,215.73936831051,213.77315509957,214.59597023963,2770640.396971
2014-08-29,214.55800079426,215.00112148059,212.10034214832,212.51757457645,3661495.927465
2014-09-02,212.82089866846,214.96660380298,212.69490914518,214.72195976291,2019353.9317607
2014-09-03,215.07749184231,216.16048397737,214.31378822516,214.89541109291,1947122.1892877
2014-09-04,215.68370855536,216.11776835133,214.0009717718,214.25855994098,2373138.3357247
2014-09-05,214.35520943829,214.36383885769,213.09531420547,214.21239254717,2050740.5161131
2014-09-08,214.0096011912,216.21873255834,213.5039172142,215.76827686551,2568803.1795771
2014-09-09,215.28761820477,215.47315072193,214.0009717718,214.27970201851,1832204.8404252
2014-09-10,214.07734213352,218.65179735898,214.04325592688,216.88966991691,3161718.6193224
2014-09-11,216.70413739975,216.7511677355,214.44409245814,214.94934496418,2215775.9528571
2014-09-12,214.87901519604,215.75188096864,212.73676182928,214.04325592688,2177744.1937458
2014-09-15,213.85427164195,215.60776966462,213.85427164195,214.63048791724,1759700.7737215
2014-09-16,214.90749228007,217.77893158638,213.65579499569,217.29482115788,2302931.7584666
2014-09-17,217.00314678206,217.48898309444,213.71145475084,215.52837900611,3081902.3573187
2014-09-18,215.9244693567,216.68731003192,215.15170484917,216.44654923058,2307126.2469148
2014-09-19,217.65251059213,218.12885454316,215.49040956074,216.25281876498,5118888.2980126
2014-09-22,216.97768999482,216.97768999482,213.7567592027,213.88792637762,2269581.8902351
2014-09-23,213.90949992613,213.90949992613,212.45803158257,212.45803158257,1989890.5358901
2014-09-24,212.76610185525,215.00112148059,212.24747374914,214.40267124501,2084826.2391806
2014-09-25,214.04325592688,214.27107259911,210.42580331319,210.70884826961,2933067.3152331
2014-09-26,211.44234891885,212.2220169619,210.56128519782,211.94414965713,1794726.0733262
2014-09-29,210.21481400879,211.45529304795,209.1193092156,210.9358019999,2197241.2180698
2014-09-30,211.17656280124,214.02254532031,211.03417738109,213.37318151024,2865981.4577759
2014-10-01,212.83772603629,213.81112454494,209.75184565783,210.00813941409,2921564.8032603
2014-10-02,208.99331969232,209.99605822693,207.7998709889,209.72638887059,2853083.4869155
2014-10-03,211.0428068005,212.29795585264,210.18115927312,211.99420028966,2491625.3337793
2014-10-06,212.58488404779,213.15011101868,211.65765293295,211.78795716594,2234473.3868868
2014-10-07,210.81499012826,211.10450714923,207.85035309241,208.05314444837,2237417.2697616
2014-10-08,208.02725619016,212.54259989272,207.70279002062,212.35318413682,3509729.9813616
2014-10-09,212.20993577474,212.20993577474,207.57636902636,207.71141944002,2749305.4737966
2014-10-10,207.89220577651,209.57839432783,204.9875432055,204.9875432055,2937452.7782908
2014-10-13,204.49437188663,207.74852594345,203.71384090164,204.27863640156,3050988.3424185
2014-10-14,204.40592033775,205.89837842348,202.43754977195,202.71886884449,3504558.3703972
2014-10-15,200.85534572444,201.96077434995,196.94794461882,200.27027108892,4916994.2981196
2014-10-16,196.12858124652,203.20815692463,195.19315218324,202.99630467829,3906359.6780085
2014-10-17,204.84429484341,206.56370665944,203.57102401052,206.00365734019,3182890.8432544
2014-10-20,205.53119662788,208.20070752016,205.14761893543,207.85035309241,1908693.4162129
2014-10-21,209.7768709741,213.38569416838,207.90083519591,213.3145014583,3246484.6928959
2014-10-22,213.28904467106,213.9634337974,210.77227450222,210.92328934177,2760538.4427224
2014-10-23,213.87929695822,215.90289580819,212.66513764824,214.27970201851,2432422.7413279
2014-10-24,213.63939909882,214.15759573396,211.86389605668,213.48277513666,2725462.850047
2014-10-27,213.05259857943,214.72195976291,212.20993577474,213.41546566532,1664727.2926867
2014-10-28,214.60028494933,216.8637816587,214.06482947538,216.71233534818,2629321.7354172
2014-10-29,216.31624499759,218.3942091898,213.7567592027,214.65119852381,4023813.002813
2014-10-30,228.83364931243,239.28517062221,228.01989506274,236.65837535598,12714446.114821
2014-10-31,237.28271384978,242.50264964657,237.28271384978,241.42397222122,6239076.9861164
2014-11-03,240.98042006391,243.18523672134,239.00687184647,241.54090085412,3180498.5617999
2014-11-04,239.65623565654,242.99970420418,239.1091304664,242.96216622978,4161125.832875
2014-11-05,244.16381288163,252.33457864324,244.0037371517,249.54425587932,5483130.8794955
2014-11-06,249.52268233081,250.91072444176,247.5197940874,250.07884841133,3302987.2195708
2014-11-07,250.11207167603,252.41526371465,249.05065308947,252.41526371465,2376944.6172909
2014-11-10,251.97602626705,252.38506074674,248.52684733172,250.20138616685,3286333.7237456
2014-11-11,249.18484056119,249.87605705536,248.14801581993,249.72935692551,2116943.3477671
2014-11-12,248.8617806843,252.153174817,248.34070428752,251.93828463354,2722426.6379628
2014-11-13,252.38399874152,252.38399874152,249.58525865669,250.9236929056,3118305.90303
2014-11-14,251.14245886391,251.16399094643,248.73990909729,248.85359849295,2133162.4553994
2014-11-17,248.58918451971,251.42883556132,248.16758634413,249.79584242365,2469172.9177479
2014-11-18,249.78335381579,251.72727022492,249.07236445126,249.72048013486,1911927.003721
2014-11-19,250.23337434028,250.82722917595,247.18270889006,249.85440968808,1660727.4275944
2014-11-20,247.52334643539,251.88703827716,247.50224499453,251.65965948584,1675964.2259777
2014-11-21,255.13579888649,256.55390184069,252.8124871835,254.21034998015,2971685.1570654
2014-11-24,255.00186933327,255.2456125073,253.60874359478,254.60998543156,2681204.4292179
2014-11-25,255.35887126131,258.00171906876,254.81540149872,257.25713965552,3240774.7816717
2014-11-26,257.46686213918,258.94396299946,255.61122726834,257.25713965552,1994673.9929661
2014-11-28,258.54088241485,259.50810356126,257.90439405581,258.18258856186,1296676.7141611
2014-12-01,256.28001375115,260.64844265107,256.28001375115,258.14038568014,2731386.9881703
2014-12-02,259.17521756564,260.24880719966,258.22393016028,260.00032696748,2133829.8316271
2014-12-03,259.65107658914,261.88180033733,258.69505212563,261.59973005643,2345554.3593208
2014-12-04,261.99936550784,262.25129087322,260.04209920755,261.14540311544,1850886.2289004
2014-12-05,261.645808713,263.48034214298,261.00199944591,263.35416413946,1959463.2789259
2014-12-08,263.49283075083,265.62622948607,262.52173382957,263.08931952457,3085575.4414211
2014-12-09,259.50810356126,264.73437062844,259.50810356126,264.14094643443,2613500.3416442
2014-12-10,263.78308322309,264.84332296595,261.00199944591,261.72504677664,2137912.3443127
2014-12-11,262.94677713834,265.58058147115,262.50881458006,263.10999032378,3345938.785144
2014-12-12,261.33014838338,264.44842457269,256.78128063201,256.78128063201,3834639.7732812
2014-12-15,258.16191776265,258.85525081952,253.09929452255,256.69730551022,3207777.973322
2014-12-16,252.91885567111,258.4470025351,252.3340443101,253.42313704353,3010817.4611308
2014-12-17,254.00019685483,259.5666708257,253.70908309928,259.07875383599,2431507.7267675
2014-12-18,261.84347323046,264.44842457269,261.14540311544,264.16161723364,2578928.6740127
2014-12-19,263.35847055596,264.58709118407,261.38527051461,261.67509234522,3890878.4115716
2014-12-22,262.42440881662,264.31363373617,262.03252491491,264.21286359002,1425831.6622958
2014-12-23,265.00868935964,266.41817948084,264.05740195428,265.26449049988,1384479.4150375
2014-12-24,265.48325645819,268.84183068833,265.38205567039,267.62526802643,1309397.4995219
2014-12-26,267.62526802643,269.32931703639,266.61971977315,266.61971977315,1191933.9425876
2014-12-29,266.48062252012,267.68814170737,265.04916967476,265.43330202677,1315600.3366107
2014-12-30,265.10472244764,265.38205567039,263.07209385856,264.5582381935,1195345.595871
2014-12-31,265.47464362519,267.26352904024,262.18497205909,262.204781575,1508116.0859719
2015-01-02,263.37569622197,266.75364932637,262.48728249755,265.0203166842,2098519.4987972
2015-01-05,263.48034214298,263.49283075083,258.87592161873,259.16703537428,3187699.098008
2015-01-06,259.79878667517,260.77892707109,254.85329796394,257.48839422169,2767522.8333486
2015-01-07,258.05597991669,261.14540311544,257.43757850696,260.95118373118,2336709.6505055
2015-01-08,263.19525737053,265.121517472,262.62637975057,264.44842457269,2610914.4329208
2015-01-09,263.6073814298,264.47340178841,259.77725459266,260.52614042241,2630876.0413612
2015-01-12,261.04334104433,261.99936550784,259.14162751692,260.01324621698,1605963.3331612
2015-01-13,262.0204669487,265.80279256266,259.1123438847,260.77892707109,2570597.849537
2015-01-14,256.63400118764,258.59988032093,254.12120715855,255.56988566992,3056312.8283104
2015-01-15,256.70548770157,257.45867994782,252.3461022763,253.14149740428,2644947.8339915
2015-01-16,251.78239235615,255.09790242127,251.49170924225,254.94717784369,2784269.4717571
2015-01-20,255.88899113274,259.69801652902,254.25255286187,256.83209634674,3733424.9930183
2015-01-21,256.16761628044,259.63858798128,254.49242026105,257.27005890502,2445970.7959962
2015-01-22,255.45576563261,258.99520935584,253.38136480345,257.58916436784,2891486.4582595
2015-01-23,259.23077033852,260.64844265107,258.16966931235,258.28766512452,1541649.7676126
2015-01-26,256.93243585124,257.28211687123,253.80683875388,256.52849398333,2138105.0799665
2015-01-27,253.79391950437,253.79391950437,248.58918451971,250.99474877789,2756705.9511508
2015-01-28,252.5226653529,253.01531940076,246.30807569844,246.37482515423,2811624.0018954
2015-01-29,246.01265552638,248.81182625287,245.16299955048,248.00308123374,3907317.6017805
2015-01-30,260.39565600239,263.61987003765,254.90454432032,254.90454432032,5537763.0072039
2015-02-02,256.31446508317,256.31446508317,249.68645944449,255.3382004621,3416756.1340553
2015-02-03,256.70548770157,260.44604107546,254.73659407673,259.79878667517,3768622.9354187
2015-02-04,259.59638509956,266.72824146901,259.1037310517,264.89413868068,5542533.098529
2015-02-05,267.26352904024,271.80852101676,265.89968693396,271.80852101676,4140981.019953
2015-02-06,271.75339888553,272.44802386735,266.04610509504,267.41899067597,2810472.2322053
2015-02-09,267.41037784297,268.33625739096,265.28128552424,265.45354218433,1958580.8747279
2015-02-10,266.75364932637,267.85652259261,263.63278928716,264.5582381935,2347339.834552
2015-02-11,264.97190278314,266.29931136859,264.25403609346,265.98895223689,2198830.6780468
2015-02-12,267.61339428496,270.9125720354,267.06016408758,270.9125720354,2909884.7224026
2015-02-13,272.75108450949,272.75108450949,268.78605316485,269.62685989838,2119368.8144158
2015-02-17,271.48729524743,271.98249430521,269.85769487584,270.86958600607,1702846.9750526
2015-02-18,270.86958600607,271.00327255727,268.15200923236,269.12263377444,1604830.0131121
2015-02-19,270.06789655922,270.06789655922,267.99639980621,269.10543936271,1413600.4408602
2015-02-20,269.05084710547,272.99481529574,267.06016408758,272.99481529574,2258468.6590479
2015-02-23,272.95698758994,273.31892995683,270.24843788238,273.0034125016,1663458.1311255
2015-02-24,273.80983041168,273.80983041168,271.16361044664,272.46909615714,2262254.3076079
2015-02-25,271.26032901261,274.23453238138,271.26032901261,273.0034125016,1710716.0433368
2015-02-26,273.19641977326,274.49889646171,272.00785606251,273.75566801473,3364427.2867732
2015-02-27,273.47410952268,274.19670467558,271.31535113014,271.31535113014,1990719.5744823
2015-03-02,276.71224711148,278.28381634348,274.44043546183,278.28381634348,2913299.7854433
2015-03-03,278.30487949785,278.64833787213,273.50376988291,275.28811996005,2201700.2150091
2015-03-04,275.15443340886,275.15443340886,272.24212992232,273.75566801473,2005299.4277483
2015-03-05,274.60765111589,275.14196746036,273.75566801473,274.12964646983,1688999.4527438
2015-03-06,273.39759439048,274.47783330734,269.2520217227,269.34100280339,2897599.8008052
2015-03-09,270.52096930828,272.20129319446,269.08910467157,271.42453564462,2225899.0074171
2015-03-10,269.63545710425,269.84565878763,265.19457041502,265.19457041502,2781300.1546438
2015-03-11,265.63130847293,267.37052321929,263.04397936806,264.75396361447,3026299.5222565
2015-03-12,266.40505700072,269.99181128733,266.29931136859,267.42468561623,2383799.844203
2015-03-13,268.84924262795,268.84924262795,264.49819674001,265.02735476096,3145799.9758005
2015-03-16,266.89638731587,270.04253480192,266.64019058111,269.03365269374,2462299.767393
2015-03-17,268.05958926931,268.35404357017,264.14915018192,264.49819674001,3572600.2709079
2015-03-18,264.09842666732,267.97920539448,259.02048702354,267.66884626278,12664400.238638
2015-03-19,66.828123019926,67.191247502621,65.748421428438,66.808027051218,15407401.205709
2015-03-20,67.262711776368,67.70052448501,66.779763736939,67.408864276062,15372000.866948
2015-03-23,67.958870521233,68.211198513352,67.06959703964,67.080128616824,8127999.8528156
2015-03-24,67.098612609433,67.689992907826,66.837579946377,67.098612609433,6534799.4321057
2015-03-25,67.098612609433,67.428530384477,65.72864785495,65.72864785495,13054200.372877
2015-03-26,65.249461093086,66.298642603756,65.018626115628,65.587761143848,9487201.4567304
2015-03-27,65.44279075996,65.810428775734,65.150808155793,65.539509325934,6521101.0280127
2015-03-30,66.01095860252,66.317878851877,65.500606969398,65.658150766862,11236998.802214
2015-03-31,65.471269004386,66.210521243646,65.391422454921,65.412485609288,7400421.1372769
2015-04-01,65.451387965825,65.520595473033,64.449383622336,65.180468516025,7632902.2516689
2015-04-02,64.959735255458,65.619570805546,64.810681198785,65.289545565428,5083001.2319756
2015-04-06,64.730834649319,65.639129448887,64.407687173893,65.201209275172,8351099.3144622
2015-04-07,65.38099834281,66.190532740011,65.310393789649,65.80086438421,6660777.1063745
2015-04-08,65.868137520099,66.837579946377,65.80086438421,66.499279895615,6604099.1568536
2015-04-09,66.569562053556,66.818558628402,65.758953005621,66.440496500517,5408426.0320963
2015-04-10,66.692502097416,66.692502097416,65.931219518128,66.338512145951,4628801.5697114
2015-04-13,66.22008563517,66.798462659694,65.511353476728,65.608824298215,5059702.4994385
2015-04-14,65.520595473033,65.941751095312,64.876772218867,65.528870283677,5621699.0453208
2015-04-15,65.587761143848,65.910156363761,65.300077142612,65.679428851376,5346095.083128
2015-04-16,65.528870283677,66.01095860252,65.351660377798,65.648693840411,4121317.6186645
2015-04-17,65.099547315826,65.500606969398,64.350838150116,64.52009564057,11212800.242439
2015-04-20,64.989180685543,65.210773666696,64.582102987866,64.720518002282,5948899.3060087
2015-04-21,65.029265157885,65.830417279369,64.989180685543,65.351660377798,9619743.1241024
2015-04-22,65.820852887845,69.980288550087,65.7904402721,68.007014874074,20910993.971383
2015-04-23,68.127913081541,68.220547974729,67.518908511126,67.719545802985,7193403.1795726
2015-04-24,68.127913081541,68.180356037314,67.312038245015,67.476674737317,6219844.080015
2015-04-27,68.610108865457,68.610108865457,66.929892444345,67.098612609433,7122396.8538392
2015-04-28,67.262711776368,67.497952821831,66.409976419699,66.769232159755,6297481.3973635
2015-04-29,66.789005733243,68.460732413564,66.779763736939,67.339441838708,9812398.2758034
2015-04-30,67.18082339051,67.497952821831,65.421942535739,66.051902795449,11780596.812282
2015-05-01,65.221520174027,66.662089481671,65.150808155793,65.769377117732,10142700.939809
2015-05-04,66.051902795449,66.140024155558,65.471269004386,65.577229566664,7426298.38199
2015-05-05,65.769377117732,66.390847636651,65.598400186105,65.960664948214,8099800.9235559
2015-05-06,66.150555732742,66.652740020293,65.229902449745,65.668682344046,7082159.5947275
2015-05-07,65.577229566664,66.779763736939,65.539509325934,66.580201095813,6660248.5625579
2015-05-08,67.139879197581,70.160937338311,67.009846458883,69.470044382038,18358999.248191
2015-05-11,69.301001821731,69.700127103983,68.790435258462,69.020517980406,10998401.282
2015-05-12,68.511133532944,68.999454826039,67.969509563491,68.690815135509,7438132.9247013
2015-05-13,68.749215915216,68.879986985428,68.189228231454,68.650520767886,5130301.8000302
2015-05-14,68.961839591311,70.032145553168,68.848662003884,70.001786067631,6490999.2976623
2015-05-15,70.099086609618,70.690506552258,69.31006181765,69.57096029407,7121014.0216108
2015-05-18,69.73874204453,70.238654421222,69.128441291097,70.001786067631,5554883.5665481
2015-05-19,70.137921004546,70.560379146051,70.001786067631,70.159054639354,4351017.8931626
2015-05-20,70.249060322626,70.319219699097,69.47966728279,69.779400154137,4870061.3657748
2015-05-21,69.550899432602,69.869513114742,69.279487777445,69.368635242044,6483799.2678814
2015-05-22,69.319180391045,69.850846858617,69.299334084245,69.620093313067,4511597.9462735
2015-05-26,69.387408775503,69.500693640265,68.310988005605,68.540454223147,6227700.4354277
2015-05-27,68.787835755475,69.73874204453,68.499581558872,69.489965906859,7064798.9781146
2015-05-28,69.387408775503,69.779400154137,68.798348934213,69.561519888673,3893954.8944187
2015-05-29,69.329693569782,69.600139728933,68.520607916347,68.678841984076,6678099.3983218
2015-06-01,69.128441291097,69.449415074587,68.431460451748,69.108702261631,6309379.3853873
2015-06-02,68.787835755475,69.458962757318,68.008895032909,69.041439373179,4457717.039827
2015-06-03,69.067829597356,69.500693640265,68.890607441499,68.95229190858,4906398.0256514
2015-06-04,68.629601687746,69.139061747168,68.028955894377,68.209396370256,6459998.3408495
2015-06-05,68.290819866803,68.696542744195,67.998274576837,68.370741480673,4412997.4348675
2015-06-08,68.189228231454,68.290819866803,67.620121974297,67.67869539869,4864199.9225767
2015-06-09,67.669576825296,68.09096219346,67.530867232364,67.949141557841,4439675.950187
2015-06-10,68.189228231454,69.671371878745,68.109413894917,69.629640995798,6807443.5894536
2015-06-11,69.699907649603,70.021632374431,69.418948311715,69.640261451869,5238729.1775613
2015-06-12,69.429246935785,69.73874204453,69.022558562386,69.329693569782,4900500.2280824
2015-06-15,68.71756910167,68.991233580842,68.16927464732,68.570813708684,5995100.5090777
2015-06-16,68.450233985207,69.170494006046,68.290819866803,69.012152660982,5937297.0592187
2015-06-17,69.108702261631,69.408542410312,68.509987460275,68.749215915216,7818198.5728442
2015-06-18,68.901013342902,69.84033367988,68.879986985428,69.500693640265,7596699.7799303
2015-06-19,69.270047372048,69.329693569782,68.480593470744,68.687209616133,8728800.0606736
2015-06-22,69.319180391045,69.438687341181,68.901013342902,69.087675904156,5511700.1668034
2015-06-23,69.097974528226,69.590592046202,69.087675904156,69.418948311715,3888702.1538937
2015-06-24,69.108702261631,69.397921954241,68.759621816619,68.859067905287,4670498.2410124
2015-06-25,69.378826588779,69.378826588779,68.509987460275,68.620054005015,4705002.2677264
2015-06-26,68.696542744195,69.211259392987,68.410541371607,68.749215915216,7025498.038758
2015-06-29,67.998274576837,68.490248430809,66.688096496035,66.718777813575,9706698.1500047
2015-06-30,67.338197140403,67.479588666686,66.759543200515,67.15368012583,6811014.70728
2015-07-01,67.938628379103,68.301547600208,67.530867232364,67.849695469173,6260699.0183177
2015-07-02,68.149642895188,68.320321133668,67.620121974297,68.239648578459,5053000.2892021
2015-07-06,67.550928093832,68.118961577648,67.356970673862,68.118961577648,5270597.9784608
2015-07-07,68.109413894917,68.199848687525,66.532007974986,67.773099452658,6500701.2538973
2015-07-08,67.009070279525,67.319209052275,66.650549429116,66.727896386969,5973399.7460924
2015-07-09,67.650481459834,67.938628379103,67.019476180928,67.050908439806,4837695.7218052
2015-07-10,67.97982287538,68.540454223147,67.907410674894,68.42094727301,5110100.8878888
2015-07-13,69.041439373179,69.600139728933,68.827528369075,69.519574451058,6832299.7254074
2015-07-14,69.992131107566,70.298407896291,69.469154104053,70.099086609618,5635408.4982699
2015-07-15,70.127407825808,70.279527085497,69.69057452154,70.021632374431,4506074.8783745
2015-07-16,70.440979473248,70.591918682262,69.97131930476,70.570892324788,6512398.0397194
2015-07-17,70.402252355655,70.959879938068,70.279527085497,70.880172878866,6287496.8505471
2015-07-20,71.287934025605,72.999972999774,71.229360601212,72.700991069765,10198401.271313
2015-07-21,72.837447838682,72.878213225623,71.759632463441,72.019565443854,10919598.350661
2015-07-22,71.938892888645,72.150551068734,71.621351979845,71.968286878176,6303097.5365145
2015-07-23,72.200113197067,72.249353493398,71.199859334347,71.749226562038,10755697.931667
2015-07-24,76.779889865169,76.920315895446,74.39704572116,74.800623051871,21196101.861127
2015-07-27,74.278611544364,74.710295536598,73.580557931675,73.860551773556,10293700.060103
2015-07-28,74.299745179173,75.181028478427,73.851218645493,74.739904080797,10054197.464084
2015-07-29,74.947485722191,76.428449318808,74.671675696338,76.012427817346,13746933.711615
2015-07-30,75.889595269854,76.760794499707,75.239816457489,76.37824352647,6506896.4115777
2015-07-31,76.449797508284,76.509443706019,75.322741836713,75.342695420847,8526297.824842
2015-08-03,75.589004179835,76.041714529543,75.008204693266,75.771482925061,5810800.627147
2015-08-04,75.526032384745,76.081621697811,75.029123773407,75.27028322036,6957801.5391755
2015-08-05,76.051262212274,76.168623615729,74.918091732661,74.977845207729,6976297.5245344
2015-08-06,75.301715479238,75.42111515204,73.549018395463,73.580557931675,7765649.727837
2015-08-07,73.681184071017,74.309078307236,73.320624951262,74.21049043724,6484502.1190537
2015-08-10,74.887732247123,75.181028478427,73.851218645493,74.379237683707,6183499.1132955
2015-08-11,73.810024149216,74.270243912308,73.220964307925,73.360317564862,6475954.1810565
2015-08-12,72.868887821267,73.842122360756,72.390570945141,73.540630644165,7655998.2479818
2015-08-13,73.428709207633,74.431396756735,73.378371336657,73.926625722884,5991999.0287895
2015-08-14,73.852725444217,74.401943747122,73.449808272702,74.220941615314,3861499.9448897
2015-08-17,73.999026575607,74.441571432784,73.50089585665,74.412546830583,3473498.2550829
2015-08-18,74.259605384298,74.730532232557,74.009629659068,74.47113154425,6325501.1947427
2015-08-19,74.200056753952,74.959623096425,73.670652293878,74.401943747122,5886801.9694518
2015-08-20,73.561729709234,74.531751193128,72.809124987215,73.947724787952,12082299.811389
2015-08-21,72.500457446463,73.621492543286,70.959690187183,71.189209458463,15752200.830599
2015-08-24,64.160543244258,71.061436947666,60.000385962718,68.360221109607,20949831.718173
2015-08-25,71.689482214483,71.800332632483,66.597967218032,66.971538481786,14484999.600926
2015-08-26,69.37008448287,70.990321317181,67.897648205893,70.686687563527,12219899.671408
2015-08-27,71.940636060098,72.490175668562,70.798823203766,72.399995908218,9122200.7028903
2015-08-28,72.100539126836,72.669785476279,71.601444491201,72.459651640417,6411404.4702717
2015-08-31,71.910004930099,72.090043145229,70.819600963275,71.299952774611,8313298.7328537
2015-09-01,69.410140575945,70.389587022915,68.499667722396,68.957849450132,11491399.671529
2015-09-02,69.850650497912,69.951219138011,68.698341659972,69.619310495128,9217897.4597573
2015-09-03,70.450206671793,71.080179771966,69.989668703288,70.400083004523,9035100.4359346
2015-09-04,69.288687074483,69.912341165321,68.638793029626,69.159736443302,9469400.1108332
2015-09-08,70.749663453174,71.010028058159,69.551193716531,70.531925385739,7984799.2814594
2015-09-09,70.749663453174,71.3797436552,69.430811233601,69.599389550444,9022101.5945591
2015-09-10,69.500962947408,70.649094813075,69.460264243214,70.230540771002,7244174.3746628
2015-09-11,69.860932275813,70.809319185373,69.460264243214,70.759945231076,6452100.3114004
2015-09-14,70.718282610204,70.798823203766,69.619310495128,70.008732833147,7059298.0217391
2015-09-15,70.481801718469,70.749663453174,69.510495012337,70.512004441055,6962597.5474121
2015-09-16,70.450206671793,71.110703800111,70.04836051881,70.990321317181,8207498.5093494
2015-09-17,71.299952774611,72.321597351719,70.501294255741,70.959690187183,7663295.9741843
2015-09-18,69.819269654942,70.809319185373,69.709276051766,69.791101867566,14507998.269276
2015-09-21,70.620927025699,71.321051839679,70.220044789394,70.779973277613,12756499.163525
2015-09-22,70.000378888603,70.389587022915,69.309464833993,70.251318530511,11393999.862897
2015-09-23,70.160281955341,71.149260467242,69.902916202245,70.949515511134,10655796.949674
2015-09-24,70.348888318722,70.631208803601,69.639231439812,70.241036752609,8406636.0534216
2015-09-25,71.189209458463,71.460070045056,70.209548807786,70.686687563527,7756496.0422251
2015-09-28,70.188663946424,70.281842558656,67.033229149195,67.199558327123,15261203.724032
2015-09-29,67.520756784691,68.698341659972,67.199558327123,68.529656241276,11326597.667806
2015-09-30,69.319746611894,69.659045282643,68.260937691746,69.659045282643,9309097.5624033
2015-10-01,70.088202408178,70.770548314537,68.977770394816,69.989668703288,8679799.3941305
2015-10-02,68.801909151959,70.728564388105,68.360221109607,70.666766618843,7460398.4578222
2015-10-05,71.061436947666,72.34141119455,70.921240621905,72.229382656165,7286754.4035444
2015-10-06,72.218886674557,72.541477456216,71.828607521712,72.079975571033,5782399.4808663
2015-10-07,72.679210439355,73.230035270057,72.449155658809,73.219325084743,6273557.1822269
2015-10-08,73.001694119161,73.926625722884,72.828296218927,73.897601120683,5713100.0263531
2015-10-09,74.0397252798,74.090063150776,73.398506485047,73.978248816097,5947298.5884178
2015-10-12,73.750014767055,75.427658194649,73.670652293878,74.990361328276,5585736.2170444
2015-10-13,74.461599479321,75.251796951792,74.149825984829,75.000536004324,7439398.8211768
2015-10-14,74.837205678285,75.26025799819,73.720775961147,74.200056753952,7568198.6467213
2015-10-15,74.959623096425,75.406666231434,74.580054128894,75.338549452836,6856201.6292664
2015-10-16,75.330409711997,76.539054124689,74.788045927693,76.001081516364,9117299.7606134
2015-10-19,75.931144006263,77.331179430517,75.931144006263,76.988989009733,9952627.0437235
2015-10-20,76.641657699998,76.889705591871,75.931144006263,76.278689519704,8148824.4545527
2015-10-21,76.93875824061,76.93875824061,75.311559785845,75.459039037619,7323701.4766712
2015-10-22,75.892373135426,76.849863702503,75.641219289811,76.41974266029,9093401.0144671
2015-10-23,77.460986876523,77.629458091513,74.94923421667,77.070707723679,11971299.864596
2015-10-26,78.080463995088,78.307734127453,77.088379529447,78.180175820362,8019301.0187463
2015-10-27,78.030340327819,78.180175820362,77.061175658749,77.519678692044,9527398.1735917
2015-10-28,77.820099390104,78.887476458503,77.441065931839,78.867769717525,10850200.682098
2015-10-29,78.589197797506,78.710437095261,77.932984743314,78.514012296602,7648596.8821159
2015-10-30,78.720076262044,78.808113985326,77.558449562881,77.57922732239,11186400.280369
2015-11-02,75.192141219593,76.210572741107,74.531751193128,75.222558145885,29965715.866624
2015-11-03,75.129486635506,78.579879936283,74.808073974231,77.902674918875,18899898.933987
2015-11-04,78.369424794862,78.828784642982,77.902674918875,78.348754137206,8640125.9442751
2015-11-05,78.421797601048,79.71130391286,78.421797601048,79.260190907432,9392494.8121995
2015-11-06,79.569822364862,79.569822364862,78.316944886823,78.751564206867,8221502.0018757
2015-11-09,78.400912739685,78.400912739685,77.290480726323,78.040729207573,10157283.63329
2015-11-10,77.650131518814,79.530566541201,77.608329819243,79.478287689307,8440199.080934
2015-11-11,79.848088402391,80.251244947358,79.170280792981,79.179581938409,8024301.4337462
2015-11-12,78.859921882867,79.149219578619,78.135822365747,78.312437219177,8939800.0640128
2015-11-13,78.018863134723,78.971535628013,77.773398423176,78.106849832285,9913201.7562326
2015-11-16,77.793176720927,78.912093825042,77.578181278888,78.901723582438,7804899.4885109
2015-11-17,78.941600907093,79.278901066034,78.469059955421,78.828597335618,6942497.0606184
2015-11-18,78.962234482584,80.50002386015,78.737403346529,80.459291257755,7212299.4757299
2015-11-19,80.597204793423,81.009983212972,79.848088402391,80.151070541992,6082099.1277789
2015-11-20,80.586620731384,80.999292241214,79.977556070372,80.19169623467,6764299.9758955
2015-11-23,80.586620731384,80.782051695107,79.560928900991,80.111407036773,5910499.1982634
2015-11-24,79.229829505669,80.201211199534,79.209837388482,79.792709168689,5363946.449583
2015-11-25,79.782232016367,80.091414919587,79.560928900991,79.560928900991,4268599.8088965
2015-11-27,79.643463202957,80.151070541992,79.613100843167,79.837611250069,3139600.4743138
2015-11-30,80.060197282056,80.1322544317,78.962234482584,79.013444237301,8874599.2557209
2015-12-01,79.530566541201,79.927522322548,78.767979525754,79.907637115079,6702021.2593189
2015-12-02,79.828203194923,80.151070541992,78.971535628013,79.042737499916,7309678.836899
2015-12-03,79.358121166756,79.771647954327,78.079480944586,78.291376004815,8689601.1054213
2015-12-04,78.579925332544,80.400811642242,78.449174747953,80.400811642242,9944500.1271943
2015-12-07,80.1322544317,80.489546707828,79.071923852814,79.550344838951,15262300.163598
2015-12-08,78.982012780335,79.671580458679,78.363646973895,79.071923852814,11343971.600854
2015-12-09,78.828597335618,79.752083476011,77.397396946472,77.879987411596,15361401.538483
2015-12-10,77.909173764493,79.109556073399,77.618806971566,78.115081880538,8716998.0536736
2015-12-11,77.141348172886,77.141348172886,75.520917583636,76.109134849721,15625801.264174
2015-12-14,76.200328838811,77.330471463272,75.578328101973,76.869690580534,10359578.39143
2015-12-15,78.374231035934,79.450170433586,78.20926934172,78.619695747481,11355298.91541
2015-12-16,79.450170433586,79.977556070372,78.146406427787,79.858458644996,10497500.372095
2015-12-17,79.977556070372,80.280538209973,78.628889983192,78.68843869588,7555299.1658662
2015-12-18,78.039924349084,78.187994307923,76.279442029815,76.321243729386,16271098.076909
2015-12-21,76.899946030607,77.359657816169,76.398646364908,77.170534525783,8442099.750065
2015-12-22,77.428507674286,77.48912548415,76.660682082679,77.379543023638,5699004.8597378
2015-12-23,78.079480944586,78.659359252701,77.557013154809,78.560040125076,6335899.2557378
2015-12-24,78.352956002137,78.707361715891,78.1775171556,78.261334374177,2188784.193924
2015-12-28,78.039924349084,78.649844287837,77.822469983542,78.528715577827,3680283.7846097
2015-12-29,79.002967084979,79.389445714005,78.901723582438,79.209837388482,4627140.6494327
2015-12-30,79.071923852814,79.190059090731,78.256095798016,78.352956002137,4230439.5733948
2015-12-31,78.240273159816,78.79812806611,77.546642912204,77.546642912204,6537932.3401982
2016-01-04,76.060063289356,76.379723344898,75.010316772509,75.700846638311,13475163.275222
2016-01-05,76.249293489459,76.510580839207,75.54101661054,76.26907178721,8972649.2762242
2016-01-06,74.999839620187,75.85019951376,74.850593654456,75.266151726661,16091672.853126
2016-01-07,73.759793806061,75.0917819773,73.350329587758,73.787055784042,12458329.609694
2016-01-08,74.059568654135,74.509658565116,72.749817704152,72.881102837331,9974844.4221158
2016-01-11,73.108927445479,74.080309139344,72.658623715063,73.920586021291,13068986.914589
2016-01-12,74.520349536874,74.999839620187,74.019905148916,74.75833056819,10236574.605632
2016-01-13,75.266151726661,75.38952554074,72.990792207561,73.09962630005,12634779.425747
2016-01-14,73.148697860416,74.520349536874,72.658623715063,73.797212207212,10410779.536885
2016-01-15,71.940190412974,72.951342521777,70.660267274194,71.831356320485,18221174.316314
2016-01-19,72.940758459737,73.021368386787,70.660267274194,71.390460645215,16009496.974268
2016-01-20,69.958191158894,71.409383665226,69.038874497486,70.679190294204,16584532.634223
2016-01-21,70.719815986882,72.329662514091,70.100381083266,71.55980563785,11929853.79587
2016-01-22,72.668993957667,73.176815116137,72.130168981101,72.698607949435,8647721.8441001
2016-01-25,72.759974127322,72.91157210684,71.580653032777,71.738344866197,9126105.8597087
2016-01-26,72.181378735818,72.270113801403,71.550183763269,71.88267298492,7499154.5970068
2016-01-27,71.979640098758,72.480084486716,70.57762606251,70.911077471619,9014963.4839754
2016-01-28,71.41975390783,71.852096805694,69.331486394483,69.331486394483,15236277.271917
2016-01-29,70.430304471695,74.499502141947,68.76208523869,74.489024989625,40423210.332225
2016-02-01,74.080309139344,74.779284872835,73.248872265781,74.381366904029,12502698.822407
2016-02-02,73.501820657558,74.204965870034,73.128919562665,73.400577155017,9572076.5449046
2016-02-03,73.759793806061,74.622662136591,72.430799106915,74.381366904029,9941326.4213076
2016-02-04,74.100515075966,74.627900712752,72.755056280313,73.681215163645,14735603.420978
2016-02-05,73.560193363353,73.609371833437,70.547370612437,71.540989527558,12920322.224785
2016-02-08,69.949852200923,70.039763273402,66.301878817908,67.76846632357,30524068.102424
2016-02-09,66.39072079321,69.479663263038,66.120025388316,68.330811438002,14881966.168493
2016-02-10,69.140463447439,71.030488707947,69.069620841005,70.149543826433,11368105.32163
2016-02-11,67.789226082249,69.069620841005,67.427544703015,68.468952355729,13961340.45579
2016-02-12,69.439624092681,70.469615843454,69.120618982384,70.41744410468,8708989.0767243
2016-02-16,71.409987429462,71.749903911538,70.392478487352,71.10037109833,8777450.5442526
2016-02-17,71.72809543797,72.120689381612,71.301534185399,72.028903111089,8465707.9841013
2016-02-18,71.891649627673,72.250382742978,71.019680057701,71.241266170183,6937892.4774847
2016-02-19,71.029156830412,71.718938107036,70.298593486955,71.530467458746,7750530.7073065
2016-02-22,72.297447164754,73.191245256138,72.100564549676,73.059848205296,7481383.0683497
2016-02-23,72.948682466982,73.122352312949,71.989185850178,72.150503947443,6177028.0017648
2016-02-24,71.251701268224,72.19522579619,70.379838178845,71.851080522024,7728367.0439569
2016-02-25,71.960329609677,73.340850488255,71.937223321158,73.271212180921,6840347.941151
2016-02-26,73.739407345064,73.909030928525,72.691744797872,72.730290772269,6713373.6286143
2016-02-29,72.858280444158,73.893378281463,72.389978799423,72.389978799423,7785957.8205497
2016-03-01,72.988293247301,74.642469247973,72.8975717827,74.642469247973,8705193.8797006
2016-03-02,74.500211176721,74.602006622917,73.660292265019,74.30130543039,5739045.8398271
2016-03-03,74.479128019455,74.500211176721,73.360868839599,73.909030928525,6587766.7014098
2016-03-04,74.220167219092,74.250407707293,73.609394541921,73.898595830484,9475258.1539872
2016-03-07,73.391748211353,73.449993095316,71.350408777244,71.941482544848,16666835.358689
2016-03-08,71.499268645215,71.520138841297,70.51091578791,70.620164875563,12393187.078139
2016-03-09,70.99880986162,71.082184165355,69.899823668962,70.679474565449,9291422.7752993
2016-03-10,71.139257762803,71.398325043758,69.579530047461,70.221501538162,10134953.95876
2016-03-11,71.148628054922,72.008139395599,70.679474565449,71.628216642435,9455351.2399185
2016-03-14,71.601383533187,71.718938107036,70.950041750367,71.490004833689,7916516.8238917
2016-03-15,71.180039829637,71.91230686257,70.660521020027,71.91230686257,6441925.1008776
2016-03-16,71.679114365533,72.829104761881,71.509597262664,72.369108603342,7561464.3284128
2016-03-17,72.278600099925,73.669662557137,72.170628779379,73.14034753304,7410999.3501403
2016-03-18,73.496844555908,74.101547839321,73.130764279737,73.780934776043,15026094.10903
2016-03-21,73.579260534313,73.94044270324,73.149504863974,73.770712639186,7396767.6486827
2016-03-22,73.241184653905,73.651028453492,72.928983557415,72.959117565023,6794742.4472559
2016-03-23,72.948682466982,74.16809820948,72.770753397325,73.909030928525,7286619.8766645
2016-03-24,73.651028453492,74.159686242692,73.411766562697,74.142223425562,6303007.7668656
2016-03-28,74.142223425562,74.270000136267,73.719708435497,74.080677643239,7282885.862873
2016-03-29,74.022432759276,75.589401154892,73.919359545974,75.380379752296,10541035.471687
2016-03-30,75.900430964867,77.001440288777,75.839417585505,76.780812501626,9691266.5317867
2016-03-31,76.620559210283,76.92221872814,75.949518517896,76.47915298377,7488941.2532072
2016-04-01,76.251178035753,78.249818752368,75.799380882817,77.591236289275,10183138.326366
2016-04-04,77.970839600662,78.308063636331,77.530861793466,77.826345436972,6902190.1967262
2016-04-05,77.139758578116,77.472829870688,76.585207653655,76.971199800577,6011003.3805103
2016-04-06,77.079277601715,78.280059240568,77.001440288777,78.208291321389,6209777.6317788
2016-04-07,77.708897343716,77.981381179295,77.188526689369,77.580801191234,7540835.2170086
2016-04-08,78.082324780752,78.621542499928,77.807391891551,78.033450188907,5327417.7762333
2016-04-11,78.358109514691,78.779559698834,77.768207033602,77.815910338931,5955767.0235792
2016-04-12,77.719332441757,78.550732906079,77.65054597916,78.519214650772,5962978.6664123
2016-04-13,79.028191881748,79.931253784658,78.909678982569,79.708496385661,9181259.9770687
2016-04-14,79.760671875866,80.668844847204,79.312282101883,80.328958796728,11470020.725297
2016-04-15,80.248672430168,80.68992800447,79.901226257642,80.081178458552,7186074.793534
2016-04-18,80.199797838323,81.550184709294,79.8303101832,81.452648486789,7750433.0369257
2016-04-19,81.499393466788,81.73045635198,80.369421421785,80.749237694356,8323325.2298452
2016-04-20,80.881060667567,81.638670081457,80.549267142102,81.150669527155,8516335.9895045
2016-04-21,81.499393466788,81.668910569657,80.674168876817,80.790871605927,9503186.2480844
2016-04-22,78.002357855969,79.35700395063,77.278076867454,79.110288418376,18214787.868253
2016-04-25,78.693097457923,78.839934194642,77.815910338931,78.1393983782,11176787.946075
2016-04-26,78.448618018107,78.70331959478,78.110648618292,78.529649748813,6058682.4917221
2016-04-27,78.407090587128,78.996993068217,78.169958308177,78.760606153413,6318018.9530936
2016-04-28,78.349910509087,79.271606515642,77.599648256063,77.680786467361,8319803.4613045
2016-04-29,77.521704462533,78.012899434602,76.860779426409,77.236336475291,8092571.4419503
2016-05-02,77.805368760298,78.467252121752,77.159457487683,78.457136465488,7635591.4517964
2016-05-03,77.432047803854,78.358109514691,76.931589020259,77.188526689369,7665782.8691424
2016-05-04,76.55901342796,77.381150080757,76.350950350695,77.070013790189,8849446.4582673
2016-05-05,77.139758578116,77.699314090413,77.010597619711,77.360386365267,6001698.3984565
2016-05-06,77.226220819027,77.796424390549,76.780812501626,77.719332441757,6166588.5406718
2016-05-09,77.691008604217,78.358109514691,77.580801191234,78.21872641943,9229389.8746538
2016-05-10,78.417312723984,79.33293933678,78.407090587128,79.199945077054,6795182.9031081
2016-05-11,79.14179029684,79.331947344951,77.291984199422,77.302507143952,8429606.0815071
2016-05-12,77.801018354484,78.189516963118,77.067919885606,77.89338642313,7507466.5061314
2016-05-13,77.707693654516,78.277739629374,76.830887902773,76.830887902773,7555512.2882401
2016-05-16,77.018919103504,78.054313069771,76.999148722873,77.801018354484,8563005.1216792
2016-05-17,77.568344358779,77.924848964349,76.518388337962,76.79251635757,7168731.9352081
2016-05-18,76.711627864773,77.883076063339,76.398915715224,77.43027057147,6280830.0011119
2016-05-19,76.870428664034,77.25148680684,76.221088581915,76.879782392505,5529465.6203585
2016-05-20,77.342898244166,78.039963599958,77.179952042514,77.665814461137,6301458.9514399
2016-05-23,77.759670622949,77.990112478905,77.138391726242,77.210989414257,5914751.98091
2016-05-24,77.656885902142,79.497125686351,77.656885902142,79.378715987304,7581257.3160928
2016-05-25,79.497125686351,79.671657756222,78.949826278456,79.059945172723,5846678.4205105
2016-05-26,79.399442999256,79.399442999256,78.867768569601,78.999677399509,4283894.5481707
2016-05-27,78.838644460499,79.6614536888,78.838644460499,79.6614536888,4372548.1372301
2016-05-31,79.859795249323,79.869999316745,78.759669230345,78.940366257617,8638457.3867543
2016-06-01,78.688984804971,79.316322366711,78.572700953303,79.221828450685,4506899.268328
2016-06-02,79.271785864107,79.951100394279,78.930055897825,79.951100394279,5620645.2609357
2016-06-03,79.548039731094,80.199186783487,79.16166696984,79.941746665809,7623432.4980261
2016-06-06,80.291661144502,80.900078664563,80.168043119374,80.540066410816,7620113.3510039
2016-06-07,80.699930133767,80.999887199038,80.540066410816,80.599377552709,5511127.5212208
2016-06-08,80.599377552709,81.710451685692,80.469169400704,81.648908404051,8840609.2458719
2016-06-09,81.229478716042,81.539002094522,80.976184000755,81.260834964892,6660273.044726
2016-06-10,80.751694517462,80.751694517462,79.839918576323,80.178459771535,7852837.4894966
2016-06-13,78.999677399509,80.178459771535,78.379461426491,78.400294730812,10412545.233357
2016-06-14,78.119789169065,78.749252578184,77.961945001125,78.572700953303,7883046.6195659
2016-06-15,78.572700953303,78.838644460499,78.04921103606,78.168577366428,7418344.3980195
2016-06-16,77.89338642313,78.52178690856,77.138391726242,78.348424054748,9586383.3852403
2016-06-17,78.318449606695,78.327590750427,76.830887902773,76.988838363082,14539442.622093
2016-06-20,78.298679226064,78.379461426491,77.323234155904,77.342898244166,9956885.0532026
2016-06-21,77.811541299013,78.008607351108,77.148702086033,77.332694176743,9200461.9838044
2016-06-22,77.57876101094,77.759670622949,76.528804990122,76.528804990122,9621372.7267666
2016-06-23,77.759670622949,78.239261791802,76.870428664034,78.228738847273,13551392.38853
2016-06-24,74.798471515442,76.040497847012,74.451320638342,75.051872523098,18359419.57701
2016-06-27,74.177298911103,74.58014698955,73.251598669627,73.33801436561,16339481.532035
2016-06-28,75.041455870938,75.499469688887,74.488735552224,75.159865569985,14803827.547076
2016-06-29,75.980230073799,76.761372693458,75.709184532891,76.741708605196,12177501.662443
2016-06-30,76.988838363082,77.138391726242,73.800279878319,74.171027661333,24863453.748157
2016-07-01,74.502340975454,75.938669757526,74.099386604638,74.481720255871,13820859.522191
2016-07-05,74.247983336477,74.969602229505,73.831423542431,74.671664719244,11079245.022606
2016-07-06,74.120219908959,74.750639949399,73.831423542431,74.058889212055,11261895.011365
2016-07-07,74.318561469482,75.291668107524,74.26860405606,74.511588411556,8799701.3233034
2016-07-08,75.301128128364,76.549319417336,74.789011494602,76.418579803486,10974155.634658
2016-07-11,76.811223814511,77.192281957316,76.389668279123,76.518388337962,8170458.5974171
2016-07-12,76.681440831982,77.568344358779,76.549319417336,77.480121692523,10245448.571857
2016-07-13,77.676231113297,77.780078757794,77.200679054466,77.459288388202,6559036.2381432
2016-07-14,78.059415103482,78.54272650525,77.686647765458,78.139665842065,6607124.3563109
2016-07-15,78.648593704757,78.749252578184,78.04921103606,78.298679226064,8142347.4542694
2016-07-18,78.348424054748,78.695256054741,78.228738847273,78.308989585855,4843582.8923952
2016-07-19,77.74914767842,78.885306810483,77.628612131993,78.7193844225,9395062.9716066
2016-07-20,78.749252578184,79.750739278746,78.749252578184,79.360008530363,7911975.3190522
2016-07-21,79.437920836828,79.730650021008,78.400294730812,78.787730415756,9189240.1057768
2016-07-22,79.982244058392,80.079820453118,78.327590750427,79.910390416959,12511278.210462
2016-07-25,80.168043119374,80.168043119374,78.729588489923,78.940366257617,7963888.735347
2016-07-26,78.979800726509,79.059945172723,77.942174620494,78.491599875769,9672200.4583495
2016-07-27,78.462582059036,78.787730415756,77.530079105945,78.532309853089,10186317.327911
2016-07-28,78.688984804971,79.999888591643,78.553036865041,79.192704341583,8701637.8395397
2016-07-29,79.240748492364,79.350761094261,77.999253622638,78.04921103606,7768775.0108308
2016-08-01,78.308989585855,78.532309853089,77.72820808173,78.258075541112,8899570.2047812
2016-08-02,78.068981416691,78.470979156186,77.74914767842,78.277739629374,7909967.6490563
2016-08-03,78.277739629374,78.709924401661,78.209393636118,78.709924401661,7272725.2896297
2016-08-04,78.828227808339,79.65093074427,78.749252578184,79.477355305721,5953529.9293124
2016-08-05,79.730650021008,80.239790468438,79.6614536888,80.136899455262,6630629.336244
2016-08-08,80.229480108647,80.342575189245,79.80154703112,79.951100394279,5119689.2609021
2016-08-09,79.961198169333,80.479692345234,79.951100394279,80.060050072487,4450184.9429474
2016-08-10,79.971827406231,80.218957164117,79.507436046143,79.681968116014,5925162.8882083
2016-08-11,79.999888591643,80.281350784711,79.839918576323,80.117235367,6567329.4016922
2016-08-12,79.80154703112,80.079820453118,79.65093074427,80.019446387536,4420301.3301314
2016-08-15,80.126589095471,81.148590223246,80.019446387536,80.909432393033,6289982.1162572
2016-08-16,80.41836164833,80.909432393033,80.218957164117,80.808879811975,6178174.4661533
2016-08-17,80.710051740841,80.864757528262,80.400534057777,80.840140420799,4649417.2790217
2016-08-18,80.007403095915,80.591104424175,79.910950722276,80.268641538049,7449220.1113565
2016-08-19,80.007403095915,80.470034943073,79.739904268694,80.470034943073,8465895.3335442
2016-08-22,80.339203505562,81.079414461015,79.958593313876,81.059890548199,7941915.2022813
2016-08-23,81.367710499713,81.760629245132,80.799713188284,80.799713188284,9993067.2832077
2016-08-24,80.799713188284,80.978929974946,80.192031401891,80.28848377553,5001439.0107736
2016-08-25,80.28848377553,80.52393791976,79.997004490176,80.318406294085,5773648.7282735
2016-08-26,80.621345267395,81.141699987226,80.17218916441,80.570519429141,7926807.0422121
2016-08-29,80.540066369477,80.989328580685,80.540066369477,80.870062939354,4764274.5425812
2016-08-30,80.999727186424,81.190509769265,80.714296069714,81.171728614002,4105264.3471673
2016-08-31,80.951023512606,81.200802266783,80.710051740841,80.900303782574,7380525.1518649
2016-09-01,81.141699987226,81.550216641253,80.969486343204,81.301498969295,6240545.6298317
2016-09-02,81.570907744509,82.144422683473,81.49949691122,81.999054419573,6397554.1981918
2016-09-06,81.999054419573,82.530126069808,81.810712325833,82.530126069808,8124882.1737946
2016-09-07,82.480361313772,83.259195661968,82.360989564218,83.239141208043,9299403.7882025
2016-09-08,83.02151324508,83.626011784818,82.589122241142,82.971854597266,7936274.7345616
2016-09-09,82.398339658301,82.810145667204,81.330466513853,81.330466513853,11508273.147886
2016-09-12,81.339697929152,83.128364224458,81.186265440392,82.971854597266,9863539.1489727
2016-09-13,82.410860428476,82.440676838809,81.619611418326,81.891248466199,8826410.28085
2016-09-14,81.459918544479,82.221032819631,81.449626046962,81.4901593877,10899475.838037
2016-09-15,81.419703528408,82.129991965305,81.190509769265,82.009665241755,10604721.110627
2016-09-16,81.740044250098,82.26050507815,81.419703528408,82.06866141309,11694050.457702
2016-09-19,82.430490449514,83.040188292121,82.23143142537,82.511557130988,8341773.9433874
2016-09-20,82.971854597266,83.228530385861,82.320774548147,82.480361313772,6471589.9313789
2016-09-21,82.921028759011,83.248584839786,82.270691467445,83.218556213009,7535955.1432108
2016-09-22,83.420692375586,83.790797853312,83.198926191971,83.358512957596,6599049.4228997
2016-09-23,83.329333196595,83.451888192803,82.519833572291,82.539251376885,8278806.1555471
2016-09-26,82.149515878121,82.26050507815,81.684019108974,81.810712325833,8486752.3412476
2016-09-27,81.789702897912,82.3808318017,81.49949691122,82.159702267416,7946603.8116223
2016-09-28,82.3808318017,83.011114639341,81.93899716602,82.971854597266,7919377.8346875
2016-09-29,82.719635353987,83.060773287155,81.789702897912,81.919473253204,5807087.2303893
2016-09-30,82.159702267416,83.036156179692,81.678819806105,82.699156467175,9762133.246443
2016-10-03,82.420197951997,83.105444848543,82.299871228447,82.861926479455,8143118.2724372
2016-10-04,83.279462332337,83.530514385175,82.578829743625,82.72907898573,5768559.5844663
2016-10-05,82.962304857301,83.451888192803,82.901080413308,83.348008243636,6142802.0259752
2016-10-06,83.118920592715,83.478733572924,82.881556500492,83.358512957596,7686344.9973193
2016-10-07,83.49008715266,83.699650890764,82.638038131404,82.881556500492,8212467.2811515
2016-10-10,83.128364224458,83.541125207357,82.941613754046,83.118920592715,7365044.7303505
2016-10-11,82.678359255697,82.789242347505,81.570907744509,82.038632786314,6214416.6461176
2016-10-12,81.841589818384,82.539251376885,81.820898715129,82.250106472411,3918269.412574
2016-10-13,81.650701127321,82.129991965305,81.110716386453,81.871830661605,6800829.2626871
2016-10-14,82.038632786314,83.188421478011,82.038632786314,82.451287660992,6697682.6844885
2016-10-17,82.578829743625,82.688757861436,82.038632786314,82.149515878121,8441979.1849522
2016-10-18,81.49949691122,82.371494278179,81.349035452672,81.581518566691,11673693.882473
2016-10-19,81.650701127321,82.871370111197,81.650701127321,82.810145667204,8438274.4767474
2016-10-20,83.050480789638,83.099396679899,82.170206981377,82.500946308806,6938352.0648696
2016-10-21,82.019851631051,82.539251376885,81.581518566691,82.350697066701,8024715.5720253
2016-10-24,83.269594267707,83.590783855172,82.70934285647,83.168685348751,16011092.927369
2016-10-25,82.149515878121,82.992333484078,81.699510909361,82.028340288797,15082207.320725
2016-10-26,81.619611418326,82.26050507815,81.409092706225,81.750442855837,8739410.425031
2016-10-27,81.959794377498,82.270691467445,81.609212812587,81.919473253204,7035340.7790614
2016-10-28,82.519833572291,83.358512957596,82.110043619602,82.221032819631,10905434.848461
2016-10-31,82.440676838809,82.901080413308,82.355896369571,82.511557130988,10023595.549013
2016-11-01,82.638038131404,82.689818943654,81.330466513853,81.619611418326,10881513.987699
2016-11-02,80.889799068613,81.378215213674,80.521815755324,80.58091803488,9170868.979444
2016-11-03,80.749842324026,81.131195273265,80.540066369477,80.648084539295,7562316.9081323
2016-11-04,80.648084539295,81.24016841708,80.323605596954,80.359151851266,7587667.4413307
2016-11-07,81.640620846248,82.530126069808,81.449626046962,82.511557130988,7162355.4417161
2016-11-08,82.390912082773,83.159347825231,82.149515878121,82.881556500492,7114595.7119531
2016-11-09,81.810712325833,83.29941067804,81.219477313824,83.239141208043,12146715.662846
2016-11-10,83.29941067804,83.959934358901,81.414398117316,81.871830661605,17064985.812167
2016-11-11,81.591598847764,82.628700607883,81.519126932258,81.881910942678,7356317.7911551
2016-11-14,82.019851631051,82.221032819631,77.300157924269,78.381612921111,21720592.997952
2016-11-15,78.229347622792,79.541800218547,77.798866566847,78.569318365519,18523148.02937
2016-11-16,78.790166161866,80.189335712069,78.760306481742,80.08154438453,9940902.0916558
2016-11-17,80.32031594013,81.19789405668,80.178853058409,81.070619817287,8080911.784676
2016-11-18,81.15024563095,81.498926221901,80.529439586388,80.819247900215,7908973.9950314
2016-11-21,81.2289184761,81.779310735972,80.898979599269,81.69163763263,8857212.4584878
2016-11-22,81.69163763263,81.69163763263,79.258920785655,79.929387078366,18119147.417346
2016-11-23,79.981165034326,79.991541802596,78.950476643098,79.569376750631,12853799.69267
2016-11-25,79.991541802596,80.36997618828,79.741122854039,80.128133956354,6495825.313435
2016-11-28,79.66245000889,80.012189453745,79.049055941663,79.078915621787,11741812.482418
2016-11-29,79.118199101667,79.579647633511,78.950476643098,79.148164667181,8567521.8802866
2016-11-30,79.450467457088,79.450467457088,77.278652212331,77.317723921429,15322767.306993
2016-12-01,77.572695941778,77.624368012347,75.249782244762,75.429575637849,21050395.991904
2016-12-02,75.399821843115,76.249234445789,75.169838774927,75.721607544876,13603825.731364
2016-12-05,76.629892424674,77.603296819635,76.551325464915,77.308617777845,12118372.457386
2016-12-06,77.939694705287,77.967860219162,76.708565269823,77.109976785248,13882293.798185
2016-12-07,77.26816955867,79.490703905482,77.250592583845,79.310698741614,13899224.368033
2016-12-08,79.68119172301,79.868397093432,78.971336065029,79.279568436804,13297757.067464
2016-12-09,79.148164667181,79.929387078366,78.831461464165,79.138846752816,10722479.225207
2016-12-12,78.991136633054,79.031373081448,77.914070440783,78.49845191101,11940796.496157
2016-12-13,78.811131469187,79.501292444533,78.253221346588,79.19782491533,12840597.682522
2016-12-14,79.279568436804,79.981165034326,79.118199101667,79.128681755327,20021135.963918
2016-12-15,79.371582841158,80.389988527086,79.208307568991,79.501292444533,14059113.281116
2016-12-16,79.217519597965,79.460738339968,78.171583710504,78.348518198047,19119912.485022
2016-12-19,78.03785046229,78.598831261213,78.018579321217,78.10011107191,8697647.4805568
2016-12-20,78.409614068371,78.578183610064,77.68938164212,78.358894966317,6909085.3466568
2016-12-21,78.478968999156,78.548006273768,77.978025216651,78.141512259599,9329154.8082223
2016-12-22,78.018579321217,78.058921655001,77.189602598911,77.899458256893,12066255.730296
2016-12-23,78.07935753537,78.478968999156,77.899458256893,78.151783142479,6192595.568092
2016-12-27,78.272916029223,78.850309063675,78.232679580829,78.348518198047,3790397.3160567
2016-12-28,78.399237300101,78.650609217173,77.967860219162,78.300869772317,7613058.7620707
2016-12-29,78.48807514274,78.841838232435,78.300869772317,78.330729452441,6240679.6330934
2016-12-30,78.429202865616,78.538794244794,77.934506321152,78.018579321217,7127255.1988778
2017-01-03,78.760306481742,79.908739427217,78.48807514274,79.501292444533,13766622.505469
2017-01-04,79.440090688818,80.261443663007,79.361311958278,80.148675722113,8031518.7572263
2017-01-05,80.341387132842,81.529950641321,80.220042475317,81.090314499922,7779177.9964167
2017-01-06,81.300391114694,82.488107540049,80.940380786959,82.210687816911,8893844.5186928
2017-01-09,82.281207486991,82.448824060169,81.650977642674,81.749556941239,7304985.1001351
2017-01-10,81.701802630119,81.898431800297,81.131821573002,81.310767882964,6016304.9588773
2017-01-11,81.24967201264,81.799111303998,80.909144596758,81.799111303998,7458644.6363713
2017-01-12,81.049972166137,81.470125395682,80.50900370602,81.369746045478,6870817.5556002
2017-01-13,81.020959569137,81.848665666757,80.790341188606,81.169940313585,7291109.7204164
2017-01-17,80.760269737701,81.490561276051,80.760269737701,81.26004878091,6320957.9411681
2017-01-18,81.269472580665,81.828970984122,80.981781974649,81.591046511645,8488659.2538208
2017-01-19,81.789687504242,81.848665666757,81.411147233168,81.730815227119,6478286.5388123
2017-01-20,82.090825554854,82.281207486991,81.610635308889,81.839347752392,9005132.7704828
2017-01-23,81.701802630119,82.299949201112,81.498926221901,82.150862571273,7413532.652773
2017-01-24,82.398210843505,83.489677448886,81.848665666757,83.229940585964,8392668.6742799
2017-01-25,83.788697791687,84.271852828586,83.449335115101,83.900300993285,9340685.1996589
2017-01-26,83.921266300606,83.921266300606,83.073759634961,83.240317354234,8414390.2733496
2017-01-27,83.319943167898,83.798862789176,82.919696391769,83.769108994443,5418480.2760301
2017-01-30,83.470088651641,83.740096397443,82.66070072658,83.699754063658,8790770.8090205
2017-01-31,82.130109034733,83.276636043179,82.101096437733,82.710572745511,7473972.5299756
2017-02-01,82.901060563039,83.089430672757,82.051436189584,82.439506145804,7530606.4052544
2017-02-02,82.140591688394,82.699243008726,81.570504745886,82.299949201112,11103521.404922
2017-02-03,85.740059653402,86.820090636607,85.108770955179,86.080481183893,28078537.423062
2017-02-06,86.069998530232,86.101128835042,85.512617834586,85.830062235336,9654094.8196268
2017-02-07,85.959454182539,86.350594815085,85.670810608008,85.778284279376,8593976.8991187
2017-02-08,85.799143701307,85.838427181186,85.080076014351,85.090346897231,7586109.8129641
2017-02-09,85.370625525911,85.770978187431,84.882176219487,85.580702140684,6554482.1306793
2017-02-10,85.799143701307,86.140624085703,85.227892019504,85.897193572919,10394541.633131
2017-02-13,86.199708133607,86.699275406035,85.999584745543,86.440385626237,6040995.8060981
2017-02-14,86.519164356777,86.970342005742,86.259745150027,86.849315004388,5934864.0730437
2017-02-15,87.019969409506,87.542260857147,86.699746203041,87.542260857147,8028997.5869616
2017-02-16,87.55261791135,87.677642351366,86.790634637879,87.410049889725,8671365.9158235
2017-02-17,87.269806921085,87.677642351366,86.978541192696,87.460884002699,5887149.1070512
2017-02-21,87.511506747219,88.041301774946,87.169512590083,87.920399019766,9300744.6052214
2017-02-22,87.610532867503,88.150790633658,87.511506747219,87.798545106546,8384166.0091861
2017-02-23,88.228045803271,88.489402895544,87.869670591019,88.180699269774,6040516.3646653
2017-02-24,87.361646513963,88.429585623314,87.299821241427,88.429585623314,5144851.9586849
2017-02-27,88.319991080375,88.378857194567,87.911098807829,87.999873558136,6126301.1624107
2017-02-28,88.160936319408,88.379914036832,87.753206573354,87.940901759718,8565268.7207607
2017-03-01,88.742516618147,89.140206362678,88.419122884885,88.989923392515,11131341.339513
2017-03-02,88.999329288678,89.130800466514,88.10101336295,88.530619743901,10543603.679656
2017-03-03,88.309634026172,88.909709064559,88.180699269774,88.787855151339,5707635.0904548
2017-03-06,88.530619743901,89.271043435154,88.268417177815,88.938349489955,7347641.4154077
2017-03-07,88.989923392515,89.302220281989,88.847566739344,89.060414771628,5675065.4240801
2017-03-08,89.169797946114,89.302220281989,88.868492216202,88.959274966814,5862580.6346821
2017-03-09,89.020360449763,89.49826452225,88.712396613578,89.109874989656,5951179.4758253
2017-03-10,89.49826452225,89.859810261299,89.099306567001,89.730664136448,12246743.361567
2017-03-13,89.800838462881,90.311293277148,89.609867065494,90.109436404425,8897655.1245284
2017-03-14,89.928927745467,90.030384602961,89.240395009453,89.548781582544,6009800.3334677
2017-03-15,89.750321402587,90.100136192488,89.410546614209,89.918676375491,6350456.6562997
2017-03-16,90.311293277148,90.330422122154,89.468355886135,90.040318920257,9174197.8116667
2017-03-17,90.250207794198,90.628028904137,90.170521887375,90.239745055769,8613285.3469438
2017-03-20,90.291318958328,92.052018172755,88.964559178141,89.180366368769,9437947.6720602
2017-03-21,89.487801783821,89.711006870308,87.999873558136,88.061698830671,11091839.702078
2017-03-22,87.850119009106,89.03579034684,87.850119009106,88.520262689699,7828506.9301206
2017-03-23,88.469534260952,89.38993819003,88.419122884885,88.858135161999,7710047.436136
2017-03-24,89.060414771628,89.604582854166,88.969737705243,89.189772264933,7597621.0089655
2017-03-27,88.309634026172,88.989923392515,88.0721615691,88.948812228384,5217838.2523954
2017-03-28,89.120337728085,89.420797984185,88.489402895544,89.120337728085,7034358.1461927
2017-03-29,88.989923392515,89.38993819003,88.560634064243,89.180366368769,4737955.8550633
2017-03-30,89.08028340622,89.094339408352,88.605021439397,89.009897711334,6220660.5604491
2017-03-31,88.980094759445,89.350835026204,88.868492216202,88.868492216202,6428244.9911145
2017-04-03,89.140206362678,89.459161358425,88.398514460706,89.360769343501,9125773.3668204
2017-04-04,89.009897711334,89.332023233877,88.661773869058,88.779506097441,4859942.8385526
2017-04-05,89.130800466514,90.201804418435,88.948812228384,89.030717503966,7247552.685569
2017-04-06,88.999329288678,89.260686380952,88.779506097441,89.089477933931,8467416.8431724
2017-04-07,88.969737705243,89.240395009453,88.520262689699,88.742516618147,5439511.8243502
2017-04-10,88.620345652248,89.250540695203,88.520262689699,88.858135161999,5998129.717708
2017-04-11,88.599948596522,88.847566739344,88.131027683292,88.847566739344,7058469.5967188
2017-04-12,88.703202085868,89.209006794166,88.560634064243,88.682487977463,5912433.8641723
2017-04-13,88.469534260952,89.776108353867,87.999873558136,88.868492216202,7239627.1887631
2017-04-17,89.089477933931,89.897962267086,88.75160546163,89.810350043271,6119915.1574032
2017-04-18,89.640726859648,89.918676375491,89.240395009453,89.730664136448,6823342.739952
2017-04-19,90.090307559418,90.617566165708,89.599298642838,89.750321402587,7296721.8016171
2017-04-20,90.139767777447,91.501720405077,89.902083951922,91.148629404153,12087713.953417
2017-04-21,92.769825439526,92.800790917906,91.020540121567,91.148629404153,19425142.870374
2017-04-24,92.151149977265,92.499273819542,91.011134225403,91.848787405088,11705004.997521
2017-04-25,91.990087215994,92.349519270511,91.581300627674,92.110989971174,7760875.267072
2017-04-26,92.021264062828,92.479827921855,91.746485073781,91.818773084746,11294430.009995
2017-04-27,91.951089736394,92.000444270196,91.278621002817,91.600957893813,5849228.5948746
2017-04-28,91.391280388326,91.551391991559,90.981225589288,91.217641204094,6888139.5428728
2017-05-01,91.288978057019,91.670075377981,91.13827234995,91.258012578638,9041879.1066369
2017-05-02,91.621460633765,92.749217015347,91.531840409646,92.540702036352,11580115.972639
2017-05-03,92.399085172766,92.545774879226,91.974763003143,92.438294020819,4908951.0980514
2017-05-04,92.700813639584,92.848348819857,92.249330623736,92.621127732761,5256981.2743467
2017-05-05,92.897914722112,92.980559787279,91.756842127984,92.091438389261,8844523.2600774
2017-05-08,92.052018172755,92.159499031163,91.521377671217,91.920018573787,5223493.779426
2017-05-09,91.900466991874,92.140898607289,91.833251823784,92.000444270196,3968940.4338571
2017-05-10,91.699984014097,92.40849106893,91.679269905692,92.249330623736,6747586.8749484
2017-05-11,92.121452709603,92.309253580193,91.621460633765,92.100527232745,7052145.095686
2017-05-12,92.190570193771,92.780288177955,91.979941530244,92.729665433434,5897075.8485734
2017-05-15,92.729665433434,93.417564064089,92.720259537271,93.230502983084,6692367.6602164
2017-05-16,93.350243211772,93.727113163672,92.970414101529,93.151028444714,5495368.7879895
2017-05-17,92.481012363866,92.759313513753,91.709618122785,91.76025669441,8231411.3259452
2017-05-18,91.361372445842,92.481012363866,91.361372445842,91.709618122785,8239822.9376146
2017-05-19,91.980639978001,92.810796061571,91.709618122785,92.481012363866,9356457.2775253
2017-05-22,92.5303849712,93.59917532355,92.431428762484,93.308742015879,9184857.1766293
2017-05-23,93.56214586805,94.070430530731,93.470574451029,93.859014494199,7607523.5860966
2017-05-24,94.020846929349,94.98983709679,94.020846929349,94.808593209183,6907430.8531726
2017-05-25,95.088793305506,95.377433163766,94.890986385098,95.03836572793,7250607.3576136
2017-05-26,94.999120834921,95.11991492765,94.389875520063,94.671236083652,4132566.8020728
2017-05-30,94.661108369327,94.880436682676,94.339342445463,94.718604247526,6286607.6547402
2017-05-31,95.079720561423,95.531142328051,94.460031041168,95.232163761418,9858359.5860746
2017-06-01,95.39705561027,95.448749152137,94.609309330436,95.39705561027,8910787.8347273
2017-06-02,95.407499815668,96.188916274049,95.407499815668,96.14967138104,8537572.568307
2017-06-05,96.318677613837,96.590859936319,96.109477014813,96.54961059985,14509504.048566
2017-06-06,96.269305006503,96.601093147668,95.559943015663,95.790876001676,7023506.1651616
2017-06-07,96.029088282359,96.218666434879,95.760070870604,96.089854568309,6714738.2142027
2017-06-08,95.87253069842,96.119710226162,95.291980574149,96.089854568309,7687625.3715512
2017-06-09,96.089854568309,96.248733086781,93.709419713858,94.559936723102,16881980.446414
2017-06-12,93.689164285208,94.039414405611,92.800562850222,93.500324611858,15604335.87777
2017-06-13,94.000380506651,95.340403708265,93.969364381531,95.079720561423,8695904.9963906
2017-06-14,95.321730734979,96.000287594748,94.949748227587,95.321730734979,6339372.1762162
2017-06-15,94.439248127397,94.531347029539,93.531235239954,94.17044170969,12788567.355365
2017-06-16,94.308642811415,94.439248127397,93.740541336002,94.17044170969,14589199.18748
2017-06-19,94.7489873905,94.828954134858,94.249880968926,94.789920235897,5980192.3767769
2017-06-20,94.789920235897,94.955023078798,94.329109234114,94.38080277598,5626702.7852316
2017-06-21,94.609309330436,94.769137322126,94.070430530731,94.541474743864,5610870.1111596
2017-06-22,94.489675704973,94.510564115768,93.87030267579,93.948897958833,5846458.7468039
2017-06-23,94.159997504292,95.64866601303,93.889081146101,95.580831426458,11632222.890632
2017-06-26,95.801214710049,96.265085125535,95.097971546613,95.221825053045,6970016.5047485
2017-06-27,95.150614561698,95.340403708265,94.630197741231,94.901219596447,6277598.8698285
2017-06-28,95.150614561698,96.400015819509,94.661108369327,96.229005143252,5569938.1509265
2017-06-29,95.790876001676,95.790876001676,94.010824712048,94.418992698747,8865654.8081296
2017-06-30,94.38080277598,94.619859032858,93.780841199254,93.780841199254,9029419.6169296
2017-07-03,94.38080277598,94.409603463592,93.348830885082,93.348830885082,6197655.3826777
2017-07-05,93.750880044376,94.400108731412,93.719863919256,94.010824712048,9338398.0003644
2017-07-06,93.450741010476,93.969364381531,93.190163360658,93.247975729929,8213773.86163
2017-07-07,93.500324611858,94.409603463592,93.500324611858,93.917881833712,6011369.5594926
2017-07-10,94.149658795919,95.368149425635,94.149658795919,95.088793305506,8828525.7987661
2017-07-11,95.079720561423,95.628094093307,94.92907081084,95.407499815668,5554104.5289605
2017-07-12,95.980665148243,96.450759888158,95.628094093307,96.178472068652,5974359.0368835
2017-07-13,96.419638266014,96.651520725244,95.770304081953,95.941525752259,6721436.0334562
2017-07-14,96.139543666715,97.370166454216,96.119710226162,96.929083395961,6192594.5764232
2017-07-17,97.11138225381,97.290938189029,96.590859936319,96.829072217003,5911489.0170969
2017-07-18,96.848378172435,97.750483226521,96.611537353066,97.580738514555,7433888.3567068
2017-07-19,97.638128895729,98.32997838055,97.549405898362,98.250539121314,6383899.4985253
2017-07-20,99.110234371665,99.138191083082,97.929828167692,98.108329132668,8505045.584485
2017-07-21,99.599740564035,100.4917179038,99.091772392427,99.599740564035,17392355.031851
2017-07-24,99.550367956701,100.4233558321,99.140301023567,100.37208427833,9185140.5969459
2017-07-25,100.6524953687,100.86180146475,99.79596502908,99.985437684576,6773570.2053988
2017-07-26,100.00611510132,101.0070708671,99.856625818006,100.86180146475,7204665.7774038
2017-07-27,100.98333403665,101.18747077851,98.549517687947,99.571361864521,10538748.445686
2017-07-28,99.119518109796,99.590562322928,98.510378291962,99.150534234916,6558829.5511674
2017-07-31,99.499940379125,99.995670895925,99.140301023567,99.560812162099,7555555.2956102
2017-08-01,100.36174556996,101.07722638821,99.95579302077,100.88142391126,6016261.6406089
2017-08-02,101.04821470655,101.2906468682,100.24105697426,101.2906468682,5954748.0571868
2017-08-03,100.95242340856,101.1081370163,100.33083494186,100.59373352622,5696103.7949215
2017-08-04,100.97331181935,101.35542204107,100.61219550545,100.90199583098,4617321.7075232
2017-08-07,100.93280096205,101.54310124715,100.59373352622,101.49267366958,7046509.6576107
2017-08-08,101.50195740771,101.72761554251,100.94208470018,101.2906468682,6280811.2827142
2017-08-09,100.76896408344,101.31427820162,100.6524953687,100.98333403665,6901379.4976511
2017-08-10,100.54214548137,100.89155162558,99.430839828263,99.489601670752,8554865.9470873
2017-08-11,99.550367956701,100.30097928401,99.530956504245,100.09072371475,5267112.5476749
2017-08-14,100.99778712897,102.11647757378,100.75873087209,101.88227418001,5657224.9731689
2017-08-15,102.33717734844,102.75642252268,101.97912044824,102.60197487923,5380343.229664
2017-08-16,102.74072088669,103.91516957715,102.61707253564,103.30714408257,13401961.718689
2017-08-17,103.31736034327,103.5221068462,102.1374348945,102.1374348945,7246985.4904187
2017-08-18,102.06549978055,103.08017457957,101.94732818781,102.48341856844,5669511.9718647
2017-08-21,102.59664001425,103.33821415375,102.29583959636,103.20371760835,5389940.53314
2017-08-22,103.43016049998,104.19164054948,103.13167717213,104.05851319366,5475694.4725144
2017-08-23,103.76982483741,103.95561333082,102.97727471673,103.17306882628,5057076.4743048
2017-08-24,103.30714408257,103.49208999778,102.61707253564,103.20371760835,4078681.3548462
2017-08-25,103.64575519726,103.87367260073,103.15221501579,103.33821415375,4467449.0673985
2017-08-28,103.64575519726,103.8216433968,103.25532552319,103.78025174265,3914536.5908679
2017-08-29,102.90544492506,104.05851319366,102.61707253564,103.76982483741,7135311.1083316
2017-08-30,103.69746843437,103.98573550152,103.51262784144,103.72843318327,8712608.0260671
2017-08-31,104.04808628842,104.18121364424,103.01877169315,103.51262784144,13765642.620349
2017-09-01,104.02733780021,104.06778155388,103.43016049998,103.89431576667,4466647.717448
2017-09-05,103.38887416811,103.45059302136,102.23422606538,102.99791788266,6337186.4964055
2017-09-06,103.32789257078,103.7490763492,103.09028551799,103.17306882628,6173991.1991933
2017-09-07,103.70779001733,105.43812967616,103.60436354311,104.54183711443,6508318.3863149
2017-09-08,104.3260317726,104.75669455579,104.04808628842,104.41882069703,5787176.5397786
2017-09-11,105.47815214072,106.15642759284,105.13680264689,106.15642759284,6953543.2917091
2017-09-12,106.64091005864,106.64091005864,105.7667351747,106.21856773519,5214691.7553331
2017-09-13,106.27017565003,106.27017565003,105.23159269454,105.83835432182,6215609.1759487
2017-09-14,105.49816337301,106.83575626771,105.49816337301,106.08691489123,8152885.0244238
2017-09-15,105.74567071966,106.14589536532,104.94311498284,105.29257429187,12620068.241128
2017-09-18,105.34544607401,105.51922782804,104.60302935631,104.81957195406,7216009.1371769
2017-09-19,105.11900318238,105.94157015149,104.81957195406,105.40653299361,9754278.4592144
2017-09-20,105.49816337301,105.7667351747,104.44883754545,104.9636528265,7391187.6544432
2017-09-21,104.9941962863,105.61191143019,104.63431007203,105.30310651939,4769162.071107
2017-09-22,105.19999601199,105.68247735456,105.04559355659,105.55925029261,4955918.3861183
2017-09-25,105.49816337301,105.65298711751,102.73039930372,103.00823946563,9393016.7988739
2017-09-26,103.10071242323,104.00648398973,102.86394794864,102.92587744645,6263206.8943966
2017-09-27,103.05984738047,104.10843595209,102.88469643685,103.88388886142,8337069.2339659
2017-09-28,103.7490763492,104.97418505402,103.73886008851,104.56216431354,5946470.4780492
2017-09-29,104.73689396805,105.42759744864,104.67506979253,105.23159269454,7656112.618835
2017-10-02,105.54029228308,106.00371029384,105.08751182211,105.43812967616,4885365.4096681
2017-10-03,105.65298711751,105.90997346894,105.2830952871,105.59084697516,4406388.8596751
2017-10-04,105.71407403711,105.74567071966,104.89287625759,105.30310651939,4146181.7956436
2017-10-05,105.60137920268,106.25964342251,105.13680264689,106.24911119499,4395623.8054818
2017-10-06,106.30071910983,106.97162200268,105.87943000913,106.73254043804,4586993.5795092
2017-10-09,106.81469181268,107.66042968232,106.70305020099,107.02217669477,4786745.2461472
2017-10-10,107.58775731245,107.60776854473,106.82522404019,107.32023873351,4011474.2992794
2017-10-11,107.70993115165,108.52512556149,107.60776854473,108.46403864189,6468766.4492424
2017-10-12,108.52512556149,108.71997177056,107.91846925649,108.12279447033,6395555.915314
2017-10-13,108.52512556149,109.10018518394,108.42190973182,108.67784286049,5149562.1330504
2017-10-16,108.79159091768,109.04963049186,107.16646821175,108.3176406794,5548034.3454184
2017-10-17,108.26603276457,108.44297418686,107.30970650599,107.54773484788,5979391.3392278
2017-10-18,107.62883299977,108.01009963589,107.47506247801,107.81314698132,4816833.8479627
2017-10-19,107.27810982344,107.79313574904,106.90842863758,107.03165569953,10765644.76159
2017-10-20,107.70993115165,107.70993115165,106.9821542302,107.5582670754,7846566.1574332
2017-10-23,108.06276077348,108.24602153228,107.09379584189,107.53825584312,6316200.4324759
2017-10-24,107.56774608017,108.65783162821,105.04559355659,108.43244195934,10344093.86054
2017-10-25,109.39824722268,110.60313405067,108.01009963589,109.4719728153,13178855.06854
2017-10-26,110.37879760455,110.72636111262,109.64470134659,109.78056708156,7379386.7320082
2017-10-27,110.05756466527,110.11865158487,108.70943954305,109.68683025666,7860091.3115154
2017-10-30,109.64470134659,110.23239964205,108.91587120239,110.02702120547,5147648.0080501
2017-10-31,110.67475319778,110.6852854253,108.67784286049,109.96488106311,8002079.3190415
2017-11-01,110.49991822099,111.39621078272,110.41987329186,111.06655206143,6166785.6959059
2017-11-02,111.01599736935,111.36566732292,110.19027073199,110.97386845928,5506455.2968003
2017-11-03,110.93384599471,111.41727523776,110.49991822099,111.3551350954,3758083.4571613
2017-11-06,111.3551350954,112.14715860471,111.2003113509,111.92071571309,4094622.9018478
2017-11-07,112.25142765713,112.25142765713,111.6542503569,112.09555068987,3697173.2651869
2017-11-08,112.01234609249,112.88862742193,111.82803211093,112.46628509848,4418146.1066388
2017-11-09,111.8069676559,112.21983097458,110.92436698994,112.13662637719,4332587.7574182
2017-11-10,111.7153372765,111.98390907819,111.28246272553,111.87858680302,4198640.7839336
2017-11-13,111.54998130447,111.84909656597,111.32353841285,111.39621078272,7185544.546522
2017-11-14,111.07708428895,112.04288955229,110.79903348249,111.98390907819,5679338.0034263
2017-11-15,111.33407064037,111.8680545755,110.12918381238,110.24293186957,6892538.153058
2017-11-16,110.74311858443,111.44118984779,110.55598502287,111.01751105392,5654284.5396448
2017-11-17,110.6821424801,110.90502065455,109.68444725581,109.80639946447,8811539.0431237
2017-11-20,109.93991610671,110.67162935867,109.67393413437,109.93991610671,6872739.9791412
2017-11-21,110.44244331136,111.49165283069,110.29946485983,111.45170296923,6446166.3846837
2017-11-22,111.50216595212,111.65460621295,110.69160428939,110.8146078102,4067839.4385159
2017-11-24,111.30557058127,112.15818472974,111.13210407757,111.96474329532,3045750.0366927
2017-11-27,111.99628265962,112.53034922858,111.90271587884,112.36319059775,6617150.8074274
2017-11-28,112.59027402077,113.61740598508,112.55032415931,113.36193713418,6669934.3696994
2017-11-29,113.61740598508,113.61740598508,106.89952138736,109.84740063807,14498476.111524
2017-11-30,110.49395760639,112.57976089933,110.02191845391,112.57976089933,18532712.780192
2017-12-01,112.36319059775,112.42626932636,109.74437204799,110.7231436537,13095547.391492
2017-12-04,111.32659682414,111.45170296923,106.97206192527,107.44410107776,18904626.109999
2017-12-05,107.55659147713,109.23133172191,106.60094873858,108.58477475358,12080909.630028
2017-12-06,108.51223421567,110.16805084187,108.28830472908,109.72439711727,7524999.1622608
2017-12-07,109.75488516943,111.40965048349,109.42582446848,111.39913736205,7376609.3610519
2017-12-08,112.12874798972,112.59027402077,111.80914909806,112.59027402077,7593736.1215347
2017-12-11,112.48829674284,113.35142401275,112.14872292045,112.35372878845,7537558.7051902
2017-12-12,112.35372878845,113.73199900874,111.99628265962,113.46286309997,8749237.8508493
2017-12-13,113.75197393947,114.39117172279,113.18741931834,113.31042283915,7998892.6705061
2017-12-14,113.55642988075,114.10100957115,112.90777028814,112.90777028814,9812440.6368014
2017-12-15,113.97800605034,114.21349997051,112.37370371918,113.82451447738,16384737.020843
2017-12-18,114.71602717516,114.77805459164,113.24944673482,113.55642988075,8959360.9825386
2017-12-19,113.27888347484,113.27888347484,112.07723369468,112.13820979901,7898896.6791745
2017-12-20,112.70381573228,113.10331434685,111.98576953819,112.11823486828,6200739.7513414
2017-12-21,112.59027402077,113.09385253756,112.30326580556,112.39472996206,8865955.8025489
2017-12-22,112.37370371918,113.10331434685,112.24123838909,112.67332768011,6189493.8049574
2017-12-26,112.06672057325,113.44288816924,112.06672057325,112.98136213819,3942640.6564044
2017-12-27,112.67332768011,114.07998332828,112.65230143724,114.02741772109,7071982.4222839
2017-12-28,114.31757987273,114.94521322247,113.99798098107,114.37014547991,6936265.3558863
2017-12-29,114.77805459164,114.9241869796,114.02741772109,114.02741772109,5248033.1683535
2018-01-02,114.5940749665,115.08714036186,113.95803111962,114.53204755003,6079613.0234014
2018-01-03,114.9651881532,115.77469850379,114.685539123,115.65274629513,6945789.6442347
2018-01-04,116.24673765627,117.35482065565,116.03437260326,116.0858868983,7804811.3967011
2018-01-05,116.97739959609,118.98014922968,116.41179366282,118.83822209029,8589907.4359798
2018-01-08,118.57959930296,120.49088478006,118.05604585544,119.33128748565,6627837.4527479
2018-01-09,119.96838264468,119.96838264468,118.631113598,119.09263962905,6360936.7023824
2018-01-10,118.66160165016,119.03166352472,117.45890055786,118.96017429895,7490098.9661366
2018-01-11,118.77619467382,119.97784445397,118.65108852873,119.8338146903,5981973.1353595
2018-01-12,120.11977159336,120.35736813782,119.69819542377,120.0892835412,5584783.7729661
2018-01-16,121.19841785271,121.9501060354,119.90635522821,120.39942062356,8228697.8729539
2018-01-17,121.21944409559,122.17508683413,120.73794313381,121.99005589686,7990485.0819001
2018-01-18,122.54514870869,123.19170567701,122.04262150404,123.13072957268,8656506.1149973
2018-01-19,123.06870215621,123.66584745378,121.92907979253,122.71020471524,8234589.5579664
2018-01-22,122.88367121893,124.31135310997,122.42214518788,124.31135310997,9352468.7788375
2018-01-23,124.56892458515,125.48461746224,124.1988627106,124.61938756805,5681246.0849594
2018-01-24,125.03255324049,125.42259004577,123.70579731524,124.52792341155,6505239.2303432
2018-01-25,124.98209025759,125.44361628864,124.59836132517,125.1944553106,7152163.175937
2018-01-26,125.74954812244,126.36771966288,124.73292927956,126.30464093427,5604087.2691953
2018-01-29,126.73673022529,126.88075998897,124.6593374295,124.81493162676,6256909.5581476
2018-01-30,123.81933902675,124.27035193636,122.85318316677,123.56071623942,8151795.8791067
2018-01-31,123.77728654101,124.45853681007,123.05818903477,124.21883764133,7328759.6331615
2018-02-01,124.71190303668,126.24366482994,124.08532099909,125.6980338274,11141872.631366
2018-02-02,123.71525912453,123.71525912453,120.7064037695,120.92192275894,13683710.482495
2018-02-05,118.6721147716,121.14900618196,115.02511294539,116.26776389914,16502737.179743
2018-02-06,115.21014388266,120.30480253064,113.24944673482,119.96838264468,19053338.365393
2018-02-07,120.0892835412,122.48417260436,119.19566821912,119.63721931944,9291058.853734
2018-02-08,119.51421579864,119.68768230233,113.54591675932,113.86551565098,12660403.554547
2018-02-09,114.57304872363,117.20448301911,111.01751105392,116.31822688204,17680103.014918
2018-02-12,117.79847438025,118.81824715956,116.87331969387,118.43451822714,11520972.218886
2018-02-13,117.84998867529,118.77619467382,117.12353198405,118.34515669493,7798970.1248798
2018-02-14,117.6260591887,120.96292393254,117.50095304361,120.83992041174,9206175.4054245
2018-02-15,121.70667476613,122.33216781732,119.97397505553,122.30173275275,6920107.5787371
2018-02-16,121.63530978714,122.98809593309,121.57339017301,121.85989957397,6370754.316786
2018-02-20,122.02571820164,123.05001554721,122.02571820164,122.02571820164,6182792.5995839
2018-02-21,122.06664811606,122.84431649011,120.42315462921,120.43364947906,7673442.7966139
2018-02-22,120.68237742056,121.39812618048,119.61505119059,120.38537316974,4993670.2990519
2018-02-23,121.57339017301,122.96815571837,121.24490137263,122.93667116881,5036807.6479778
2018-02-26,123.58315391971,124.57701620071,123.32603009833,124.56652135086,6256942.3026248
2018-02-27,124.68091521425,125.27597320087,123.3564651629,123.3774548626,7287213.3548324
2018-02-28,123.65661786867,124.95692976536,122.89679073937,122.94716601866,6780865.9487397
2018-03-01,123.26515996918,123.99350254893,119.61505119059,120.40321441449,8819617.3650347
2018-03-02,119.08191281809,120.99827240111,117.85086693043,120.78312797914,7581919.8102419
2018-03-05,120.45463917876,122.33216781732,119.4292923482,121.89138412353,5810234.625429
2018-03-06,122.84431649011,123.24417026948,120.68237742056,121.08223119992,7464417.4145559
2018-03-07,120.03484518467,122.26080283833,119.69796050442,121.85989957397,7254082.8189128
2018-03-08,121.97324395238,122.83382164026,121.18298175851,122.23981313862,6948887.4092496
2018-03-09,123.25466511933,124.77536886292,122.88629588952,124.48466152201,6397722.7826512
2018-03-12,124.73338946351,124.95692976536,123.48030439116,124.22124079072,8635973.0035488
2018-03-13,124.23173564057,124.97686998008,122.91673095409,123.20428984004,9479454.3419821
2018-03-14,124.0239376135,124.0239376135,121.91132433825,122.5892916387,7854962.3063569
2018-03-15,123.13397434603,124.39230684331,122.71103189699,123.41943426201,5861934.2693153
2018-03-16,123.8392282561,125.02934422934,123.33547546319,124.50565122172,9447129.9157371
2018-03-19,123.93053344981,124.29260576972,122.30173275275,123.21478468989,17387750.427086
2018-03-20,123.38794971246,125.14163912276,123.30713936859,124.89501015123,7779656.7983097
2018-03-21,124.88556478637,125.41870315886,123.07100524692,123.22318056978,7359546.9289845
2018-03-22,122.21882343892,122.69109168227,119.69796050442,119.99496475524,10501470.869235
2018-03-23,119.8910657417,120.74219806471,116.75310563589,116.99133872753,10024268.23456
2018-03-26,119.08191281809,120.75269291457,117.7889473163,120.650892871,8735436.0749314
2018-03-27,121.5314107736,121.60487472256,116.73211593618,117.40168735675,9008647.2251981
2018-03-28,116.91997374854,118.06811032237,116.02476305614,116.98084387768,9420430.1530967
2018-03-29,117.67455345291,120.59841862174,117.03016967199,119.61505119059,12918074.284924
2018-04-02,119.25717681062,119.83124509754,116.75310563589,118.36301560322,9877100.8122763
2018-04-03,118.875164276,119.99496475524,117.49299255047,119.1952571965,7084802.6457786
2018-04-04,116.88953868397,120.12719986337,116.70063138663,119.81025539784,8425714.6357709
2018-04-05,121.01926210081,122.02571820164,120.37487831989,121.21446630806,6815998.4189696
2018-04-06,120.19016896249,120.55958767728,117.10993053086,117.69449366763,8383796.9326884
2018-04-09,118.61174354471,120.68237742056,118.61174354471,118.77336423244,7024814.1743983
2018-04-10,120.56903304215,121.18298175851,119.63604089029,120.73170321486,9000062.0618781
2018-04-11,119.99496475524,121.66574485171,119.61505119059,119.77982033327,5874941.6016662
2018-04-12,120.40321441449,121.99423365208,120.39376904962,121.09272604978,5666003.8816532
2018-04-13,121.73815931569,122.4759472603,120.66138772085,120.76318776442,9174256.0737739
2018-04-16,122.12646876022,122.88629588952,121.52196540873,121.89138412353,6903236.4464681
2018-04-17,122.91673095409,124.24223049043,122.52842150956,123.78885297681,5979616.7533329
2018-04-18,124.04387782822,124.85512972179,123.38794971246,124.45317697246,5171044.9186238
2018-04-19,124.29260576972,124.70190491395,123.15496404574,123.95152314952,7294128.1750559
2018-04-20,124.04387782822,124.8047544425,123.31763421845,124.18975624116,7479440.0210934
2018-04-23,124.28211091986,124.94643491551,123.88960353539,124.43218727275,8004328.9025517
2018-04-24,124.85512972179,125.01884937949,120.55958767728,121.28688077204,9434388.4280662
2018-04-25,121.16304154379,121.3676911159,119.35792736921,121.23545600777,8001229.2869823
2018-04-26,125.1101545732,127.61317626296,123.77940761194,127.0915822253,14345789.803583
2018-04-27,126.43460462455,127.0705925256,125.36832787957,125.99277144577,6842673.4075538
2018-04-30,126.74000475525,127.91122999876,126.66024389638,126.88693265318,8449212.8280721
2018-05-01,126.86594295348,127.59323604824,125.49006813785,127.53341540408,6407331.3050617
2018-05-02,127.89024029905,128.107483691,125.98227659592,126.37373449541,8515290.0001866
2018-05-03,125.79861672351,127.4819906398,125.29696290057,127.19233278388,6778649.6235586
2018-05-04,126.32126024615,128.37090442229,126.0546910599,128.16835382014,5798380.2395395
2018-05-07,128.41288382169,129.53058533096,128.25965901385,129.28710481438,5737266.454299
2018-05-08,129.17376043598,129.97136902475,128.31843017302,129.90105353074,5044721.0532356
2018-05-09,130.00180408932,130.98936946041,129.60195030995,130.83509516759,6119399.6011734
2018-05-10,131.26433452654,131.71351410022,130.70915696936,130.98936946041,6585751.1992354
2018-05-11,130.98936946041,132.06614105525,130.21799799628,131.7859285642,5437125.9049479
2018-05-14,132.41352058536,132.48698453432,130.65773220508,131.19087057758,5017015.0827744
2018-05-15,130.54648679665,131.37767890494,129.90105353074,131.07962516914,5532293.5361255
2018-05-16,131.06913031929,131.37767890494,130.52549709694,130.87602508201,5124194.3198135
2018-05-17,130.57279319475,130.78864024005,129.62243751468,129.9158218481,4911727.573044
2018-05-18,129.62243751468,130.3265599149,129.09958472046,129.9158218481,6082685.39477
2018-05-21,130.92904559962,131.47075881528,129.97764211836,130.64509147691,5591803.1505922
2018-05-22,130.98038785797,131.75156953441,130.48896909948,130.69643373526,6645481.0903357
2018-05-23,130.05098820172,131.88464028565,129.79322910878,131.85425405111,6569114.5040965
2018-05-24,131.79243378086,132.19059823337,130.48896909948,131.86368426183,6035242.2343348
2018-05-25,131.85425405111,132.07534010238,130.91018517819,131.26015077592,7509646.9339484
2018-05-29,130.37790217325,131.02229990561,129.09015450974,129.69264019446,10401922.70779
2018-05-30,130.18510675414,131.07468996515,129.86552739095,130.634613465,10631267.742045
2018-05-31,130.64509147691,131.54410489863,129.96716410645,130.70691174717,11085954.188458
2018-06-01,131.81234200348,132.49655618108,130.34646813753,130.83788689602,8323369.0479077
2018-06-04,131.91397871899,133.58207821477,131.40265173787,133.06865563127,7177957.1028562
2018-06-05,133.38928279566,133.63237267193,132.69144720258,133.57160020286,6198150.0469009
2018-06-06,134.0232025161,136.3053135097,133.62189466002,136.27492727517,8065763.8816168
2018-06-07,136.35665576805,136.57355061455,133.04769960745,133.85974553034,8309178.37879
2018-06-08,133.45005526473,134.93374175092,133.23420821942,134.76085455444,5260976.0785882
2018-06-11,134.92326373901,135.2218870784,133.8293592958,133.93099601131,7988702.5070853
2018-06-12,134.06511456374,135.15901900695,133.55273978143,134.88239949257,5743300.4015891
2018-06-13,135.21140906649,135.78455631787,134.32916046382,134.4119367579,4881579.6783127
2018-06-14,134.98508400927,135.71121023451,134.77133256635,135.02699605691,6464067.8588314
2018-06-15,135.12863277241,135.74264427023,134.0232025161,135.12863277241,10044512.348571
2018-06-18,134.38050272217,136.3053135097,134.14474745424,136.20158119181,8713298.9349712
2018-06-19,134.57644154485,135.26065572246,133.58207821477,135.13911078432,6557632.3640632
2018-06-20,135.53832303802,136.67518733006,135.51736701421,135.51736701421,7191976.9380394
2018-06-21,135.30256777009,136.1229961025,134.27991380785,134.54500750913,8689805.9286493
2018-06-22,135.6210993321,135.86523700956,134.27991380785,135.34343201653,6173348.5862538
2018-06-25,134.93374175092,134.93374175092,129.55013923251,130.91018517819,10086236.866908
2018-06-26,132.08581811428,133.80840327199,131.57449113317,132.53637262634,7733865.0414092
2018-06-27,133.00997876458,133.67428471956,130.98038785797,130.99086586988,7282061.7755327
2018-06-28,130.98038785797,133.12104569081,130.64509147691,132.73335925021,6576536.7136418
2018-06-29,133.28659827896,134.2065677245,132.43683151321,132.43683151321,7258960.0648149
2018-07-02,131.93493474281,133.04769960745,131.12498442231,132.48712597037,7554384.4284377
2018-07-03,133.00997876458,133.41966903019,131.39217372596,131.42151215931,3621641.2362007
2018-07-05,132.1067741381,133.3389883385,131.80186399157,133.29707629087,4729296.9729688
2018-07-06,133.5904606243,134.29982203048,132.48712597037,134.1154090209,4839785.4902703
2018-07-09,134.96517578665,135.97944733936,134.81219681279,135.53832303802,8960740.9137287
2018-07-10,135.87571502147,137.30805924931,135.35391002844,136.67518733006,6561865.9916243
2018-07-11,136.61546266218,138.79384133789,136.58402862646,138.14001339482,10648706.164677
2018-07-12,138.9981625701,139.96004406327,138.64086236403,139.90974960611,11816113.69458
2018-07-13,139.79763487869,140.04282035734,137.52495409581,139.41728304643,7866196.4428385
2018-07-16,139.41728304643,139.55140159885,138.15049140673,138.44597134254,4970284.4830167
2018-07-17,138.17039962935,139.91813201564,137.40131355529,139.64570370602,5412607.8970978
2018-07-18,139.91813201564,141.17968464938,139.36698858927,140.92402115882,7008548.0569839
2018-07-19,140.96488540526,141.0057496517,139.93908803945,140.14655267523,7937005.6771191
2018-07-20,140.01243412281,141.48669039829,139.92861002754,141.0057496517,7156679.2114056
2018-07-23,140.68931369208,140.98584142908,139.64570370602,140.04282035734,7723615.9597188
2018-07-24,141.0057496517,141.48669039829,139.51053735241,140.04282035734,8336697.9123167
2018-07-25,140.36030411816,142.76710345346,139.90974960611,142.63193709985,8386661.5890703
2018-07-26,141.62080895071,142.78701167609,139.53149337622,142.49048393909,10520801.175472
2018-07-27,143.0824916119,143.13383387025,139.20457940469,140.73017793852,7015206.7629113
2018-07-30,140.14655267523,140.44203261104,135.33295400462,136.47086609785,12812348.485253
2018-07-31,137.10478581829,138.0058948424,135.65043776544,136.72443398603,7683341.143876
2018-08-01,137.7198451173,138.7236386581,137.39083554339,138.23117209842,7087729.1084345
2018-08-02,137.43274759102,139.18362338087,136.97171506706,138.9070038665,12300021.333209
2018-08-03,139.28526009638,139.86888535967,137.92416634951,139.82802111323,4617813.0378256
2018-08-06,139.65513391674,140.27857562528,139.04007461773,139.716954187,5143226.6418807
2018-08-07,139.99147809899,140.71969992661,139.87936337158,140.29953164909,10034524.766869
2018-08-08,139.99147809899,141.0057496517,139.83849912513,140.7092219147,5389489.9619281
2018-08-09,140.75113396233,141.25198293154,139.90974960611,140.02291213472,5679260.5812605
2018-08-10,139.88879358229,140.76056417305,139.24439584994,139.73686240962,6523758.5716767
2018-08-13,140.55519513965,141.25198293154,139.83849912513,140.22828116812,4817495.0021465
2018-08-14,140.31839207053,141.0057496517,139.88879358229,140.78047239568,5888924.4010056
2018-08-15,140.37078213007,140.71969992661,138.82527537361,139.92861002754,5288740.8876521
2018-08-16,141.08078672876,141.48776965042,140.44781843157,140.67066512132,5931649.2179472
2018-08-17,140.79412009499,141.71375502594,140.57964323396,141.34652879072,7699607.0208446
2018-08-20,141.54008107994,141.60285479536,140.71251426494,140.94791569778,4662167.5652801
2018-08-21,141.00964318461,141.45847524989,139.8127576772,140.05966762453,6854347.1912813
2018-08-22,139.86402287813,141.52961879403,139.86402287813,141.15088404431,4191946.2345716
2018-08-23,141.02010547051,142.43879143909,140.78365780908,142.09248977567,4427092.7429532
2018-08-24,142.30592040811,144.37222187413,142.30592040811,144.1901780994,5714022.7813437
2018-08-27,144.9853118281,145.60991029657,144.71015370883,145.40380326426,7194939.1071131
2018-08-28,145.6392046971,146.18219733551,144.86185685444,145.19978868913,4926042.9769587
2018-08-29,145.46553075109,147.30689307019,145.42472783607,147.04952083695,5192933.9820067
2018-08-30,146.8371364331,147.70445993453,146.37679585333,146.75448437446,7804963.5375868
2018-08-31,146.75448437446,147.64377867629,146.51803671303,146.90827997725,5786570.9803673
2018-09-04,146.95012912086,147.83837719411,146.67287854441,147.79652805049,7638089.8719242
2018-09-05,147.01918020783,147.8174526223,142.54236806953,142.66686927179,11363390.476198
2018-09-06,143.27995922576,144.70073765152,142.53190578363,144.4956768478,9589244.7330552
2018-09-07,143.98197860992,144.43290313238,142.74638264466,143.18789110981,13626619.584771
2018-09-10,144.11694209808,144.43290313238,143.19835339571,144.06463066856,5362692.2945121
2018-09-11,143.450494486,145.52725823793,143.23915631074,145.49587138021,9896017.0798894
2018-09-12,145.85472778672,146.81621186129,145.06901011533,146.59022648577,6964133.9062064
2018-09-13,147.16251352471,148.04239176923,147.10078603788,147.63331639039,5803445.8776527
2018-09-14,147.88964239503,148.34893674622,147.35815827111,147.83837719411,4928284.3609369
2018-09-17,147.8279149082,147.87918010913,145.83380321491,146.19265962142,7708643.2869979
2018-09-18,146.21253796463,148.06227011245,145.95621195999,147.63331639039,5692206.3253516
2018-09-19,148.25686863026,148.80927732599,147.25562786926,147.43034804385,7432333.6901713
2018-09-20,147.97124822509,149.4945570527,147.21377872564,149.23823104805,7172738.4138676
2018-09-21,149.95385140388,150.25935015228,149.35017750722,150.04696574843,15628075.116791
2018-09-24,149.156625218,149.65881494139,147.27655244106,149.10640624566,6706689.2115448
2018-09-25,149.71844997104,149.96431368978,149.09594395976,149.58662516865,4230859.3367118
2018-09-26,149.99465431891,150.42465426956,149.03421647292,149.26857167717,5852462.8902548
2018-09-27,149.90153997436,150.64122358777,149.56570059684,150.01557889071,5868618.0595507
2018-09-28,149.81993414431,150.37338906863,149.55523831094,150.08881489204,6035936.1787528
2018-10-01,150.88499484933,151.55771983295,150.60983673006,150.78141821888,9802690.4389463
2018-10-02,150.83268341981,150.83268341981,149.1670875039,149.67869328461,8047703.9887004
2018-10-03,150.71027467473,150.71027467473,149.18696584712,149.37005585044,7521100.1422189
2018-10-04,149.17754978981,149.27903396308,146.11000756278,146.77540894627,9208886.1731248
2018-10-05,146.6519539726,147.41988575795,144.39210021735,145.36195412064,7085717.2782993
2018-10-08,145.00623639991,145.00623639991,140.20090848423,141.89893748644,11637312.449494
2018-10-09,141.45847524989,143.27995922576,141.13100570109,142.29650435079,10798415.47415
2018-10-10,142.56329264134,142.6877938436,135.22295285114,135.52845159954,15450086.289388
2018-10-11,134.10871940237,137.22648060175,132.24852496866,133.75090922446,15657169.14106
2018-10-12,138.46416902418,140.9887186128,137.41166306225,140.07849973916,12993257.042317
2018-10-15,139.91528807906,140.07849973916,137.20555602994,137.21601831584,7953000.0196923
2018-10-16,138.69852422843,142.13433891928,138.66713737072,141.74409565506,11059518.069231
2018-10-17,142.32684497991,142.85832910383,140.74285489406,142.43879143909,9170645.964085
2018-10-18,142.44925372499,142.44925372499,137.94314718617,139.29068961059,10222550.88248
2018-10-19,139.91528807906,142.18560412021,139.38380395514,140.09942431097,8696872.8283177
2018-10-22,140.9782563269,141.54008107994,139.51667498612,140.66020283542,6099508.327909
2018-10-23,136.87076288101,140.05966762453,135.59959514369,139.11806189318,10736087.794904
2018-10-24,139.70813481816,140.20090848423,134.01560505783,134.27193106248,13849584.242918
2018-10-25,135.45730805539,140.90711278275,132.49229623022,140.53988654752,14985903.791931
2018-10-26,137.97348781529,139.88494744994,136.04947343755,137.72657786795,12034936.834662
2018-10-29,139.61815915939,141.50869422223,132.25898725456,134.34307460662,12768189.593231
2018-10-30,133.08655406956,134.88502101645,129.7825641811,132.75803829218,15107555.982636
2018-10-31,135.01893827602,139.11806189318,135.01893827602,137.83852432713,13205284.320138
2018-11-01,138.9956531481,140.88618821094,137.47234432049,140.84433906733,16023951.318037
2018-11-02,141.12158964378,141.45847524989,137.83852432713,139.79183310539,17063120.969855
2018-11-05,139.8127576772,140.23124911336,138.05404741675,139.8127576772,6280032.930022
2018-11-06,139.8127576772,140.91652884006,139.72905938997,140.80458238089,4732702.8198866
2018-11-07,142.32684497991,144.89324371215,142.30592040811,144.77083496707,20502119.897085
2018-11-08,144.59611479248,145.46553075109,143.63672317509,145.23117554685,5927355.7011754
2018-11-09,144.1901780994,144.56472793476,142.34776955172,143.92234358026,8339827.5292023
2018-11-12,143.40864534238,143.62730711777,139.16828086552,139.72905938997,11335081.175274
2018-11-13,140.37458243024,141.90939977235,139.00506920542,139.72905938997,6286972.1401207
2018-11-14,142.02030000293,142.59363327046,138.39197925144,139.4967966429,6613921.7218287
2018-11-15,141.82738194257,141.90048668717,137.91941116683,141.82738194257,8564990.732212
2018-11-16,140.43943614862,141.82738194257,139.94023517833,140.20654531939,8628026.85969
2018-11-19,140.4801659349,140.58146822385,134.2652182902,134.78739503736,16252966.157843
2018-11-20,130.29771936528,134.55137114764,129.52907519346,133.38900570847,12720170.969175
2018-11-21,134.37800846759,135.77430908949,133.65322714253,134.43858097026,7416668.8215534
2018-11-23,132.59111963881,134.2652182902,132.49190605685,132.87936120324,3676032.129812
2018-11-26,134.62447589225,136.50013476805,134.2652182902,135.92782905316,9144596.2042025
2018-11-27,135.28555165415,136.29439712966,134.13362974992,135.89754280182,7877866.1102299
2018-11-28,137.06199694799,141.54122908513,136.85625930961,141.380398647,11265076.493726
2018-11-29,140.69530275473,140.70470193618,138.70580934805,139.10266367589,8751920.7334634
2018-11-30,139.01076056839,142.25661122873,138.62434977549,141.70414823024,11362791.492101
2018-12-03,145.0022165653,145.72490918337,143.83776241913,145.0022165653,11283569.274289
2018-12-04,143.12342462902,144.34740692436,138.48962817472,138.63479331043,13988900.386185
2018-12-06,135.05161647142,141.12453204089,133.50075153236,141.06187083123,16391896.128192
2018-12-07,140.82793564851,142.12397833496,135.99049026282,137.10272673427,14007709.15171
2018-12-10,136.23591333398,138.25673734549,134.86676590293,137.86719349211,15744293.564808
2018-12-11,139.96007789473,140.07182371862,135.90798633677,136.79673116043,12466320.140465
2018-12-12,139.30735696078,140.88850815118,137.74709284026,137.78573391955,10387195.579853
2018-12-13,138.28702359683,139.13399428072,136.13461104503,137.53195602043,8780913.7900909
2018-12-14,135.69598257742,136.70587240643,134.57225821753,135.10278979265,9351185.2577879
2018-12-17,134.22553285742,134.4490245052,130.6621987348,131.3786252319,11796194.551948
2018-12-18,132.28616841847,134.18375871764,131.78696744818,132.66213567642,12762330.065917
2018-12-19,132.9409780594,135.85681301554,129.50923247707,131.23554880318,13819006.762077
2018-12-20,130.15359858307,132.00105991452,127.17092500329,128.77505197056,18091668.29313
2018-12-21,127.20225560812,130.31756208167,122.9580030072,124.24464651221,25448607.338952
2018-12-24,122.09118960692,125.19396383854,121.62123053447,121.75386342825,8617680.7459854
2018-12-26,123.03110775181,130.22565897417,123.01022068192,130.21521543923,13499510.53612
2018-12-27,128.01162956622,132.00105991452,126.53073631127,132.00105991452,10882978.858998
2018-12-28,133.09345366957,133.64382796108,129.64395407784,130.9201540479,7381743.8653979
2018-12-31,131.66164502886,132.43968838213,130.21521543923,131.9300438769,7976007.2095392
2019-01-02,129.98963508446,133.75452943148,129.59173640312,132.93053452446,8788008.1312698
2019-01-03,131.18333112846,131.25643587307,127.89883938883,128.15366164144,9428280.8010478
2019-01-04,130.41782001713,134.60358882236,130.12226797824,133.67411421242,11065779.032539
2019-01-07,134.46886722159,137.15494440898,134.05217017736,136.04270793753,12928362.928299
2019-01-08,137.95909659961,138.17423341944,135.94871612304,136.78628762549,9243041.7981123
2019-01-09,138.28702359683,139.48907446879,137.6123712395,138.39772506722,9987570.3549939
2019-01-10,136.79673116043,138.81651081845,136.34557045089,138.66507956177,12514916.712675
2019-01-11,137.74709284026,138.59301917066,137.39723441967,138.04160052566,5860049.3351033
2019-01-14,136.98053737543,138.11261656327,136.63590072231,137.09332755282,8666667.9905135
2019-01-15,136.9492067706,137.71576223543,135.25526540282,137.32621838205,7594992.5414557
2019-01-16,138.38728153228,138.86872849316,137.06199694799,137.32621838205,7257981.1732606
2019-01-17,136.95965030555,137.89852409694,136.57323951265,137.26669023288,5864877.2023221
2019-01-18,138.29642277827,138.59301917066,136.62545718736,138.48962817472,10263457.783501
2019-01-22,137.888080562,139.53084860856,136.97009384049,138.03115699072,8102319.8045729
2019-01-23,137.00038009182,138.97942996356,136.13461104503,137.00038009182,5465773.8314165
2019-01-24,137.10272673427,138.30686631322,136.50013476805,137.69591951904,4925199.2050369
2019-01-25,139.00031703345,139.91934810845,137.95909659961,138.66507956177,9759450.2775529
2019-01-28,137.5006254156,137.5006254156,134.83647965159,135.98004672787,9857214.1099672
2019-01-29,136.57323951265,136.6745418016,134.12318621497,135.01088668515,7457709.5230335
2019-01-30,136.08448207731,137.87763702705,135.52261989736,137.59148416961,8078088.5455809
2019-01-31,134.40725036543,135.72418012177,133.31590096386,135.02133022009,20095660.247371
2019-02-01,135.39729747804,140.368420111,135.26466458427,140.17521471456,13248304.405794
2019-02-04,139.80864663805,141.52138636873,139.18621195543,141.50049929885,11882734.215474
2019-02-05,141.99030108768,142.94170712101,141.81798276112,142.53232055123,8455658.0200403
2019-02-06,141.9495713014,142.42161908084,141.06187083123,141.4900557639,6146859.3104893
2019-02-07,139.94023517833,141.07231436618,139.21649820677,140.19610178444,10675712.831568
2019-02-08,138.68596663166,140.41854907873,138.50947089112,140.39766200885,5950895.0118939
2019-02-11,141.25507622768,142.28689748007,140.4603232185,140.80809293211,7600100.9650201
2019-02-12,141.78665215629,142.78714280385,141.24463269274,141.97985755274,6090348.7512572
2019-02-13,142.87904591135,144.69413228448,142.85815884146,143.48268223107,6885549.8058016
2019-02-14,142.97414656955,143.47352032508,142.40388050635,143.1503348048,6314035.227319
2019-02-15,144.54628774561,144.91117462335,143.8008759811,144.91117462335,6536036.6336261
2019-02-19,144.41284340176,144.87989860526,144.015637972,144.43160901261,8406949.3511214
2019-02-20,144.33986602621,144.83923978174,143.51417914859,144.72873118448,5283076.9414635
2019-02-21,144.33986602621,145.03419362784,143.17014294959,143.9958298272,8573401.4865809
2019-02-22,144.41284340176,146.29774475874,144.41284340176,145.88073118418,9681135.2108243
2019-02-25,146.92013751876,147.19328141009,145.81922168194,146.07255742848,9731221.8297608
2019-02-26,145.20725426128,147.38719272226,145.02376828848,147.04107145538,7332555.5487616
2019-02-27,146.51980448719,147.46955290323,145.92868774526,147.21413208882,9731195.9313232
2019-02-28,147.2537483784,148.82276195266,147.22455742818,148.10966874017,6250471.8288652
2019-03-01,149.45453751811,149.93306059491,148.37551489395,149.46496285747,7016916.9028471
2019-03-04,150.07797281206,150.18743887538,146.95975380834,147.9470334461,6979677.8273167
2019-03-05,147.98873480355,149.30128502946,147.81463163618,147.93660810673,9678768.8609973
2019-03-06,147.98873480355,148.51834204323,147.40700086705,147.79378095745,8186389.6245022
2019-03-07,147.2537483784,147.79378095745,146.05170674975,146.83777733778,8761650.5144071
2019-03-08,145.44078186303,147.45912756387,144.4941610488,147.33715109331,5168083.082927
2019-03-11,148.09924340081,150.96412665799,148.00958548228,150.66700448612,9361494.7767142
2019-03-12,150.99331760821,153.13259724567,150.87134113765,151.73664430485,9465365.7359423
2019-03-13,152.31733570742,154.01875109159,152.05357462151,152.49143887479,8308883.4787003
2019-03-14,152.58213932726,154.6807601412,152.31733570742,154.18138638567,9364875.0024095
2019-03-15,153.69348050344,156.83150765196,153.34631670263,155.46474566136,20162039.11109
2019-03-18,155.93492846667,156.4144940774,154.40553118199,154.9559891004,9689378.5875625
2019-03-19,155.96411941688,155.96411941688,154.11987688342,154.57963434937,9236083.0318903
2019-03-20,154.32525606889,154.86528864794,152.72496647654,153.72475652153,6391355.4920959
2019-03-21,153.30565787911,156.68868050267,153.29523253974,155.81190946217,7027219.6849678
2019-03-22,154.98726511849,155.68889045768,152.86779362583,153.07213027736,8120151.9725754
2019-03-25,152.37884520966,154.04898457575,151.54169045875,153.03147145384,7568184.3292042
2019-03-26,153.74560720026,155.60861534458,153.74560720026,155.30211036728,15594356.627276
2019-03-27,155.47517100072,155.87341896442,153.34631670263,154.2022370644,12253757.45975
2019-03-28,154.92471308231,155.0790081049,153.58088683831,154.65990946247,16902228.680564
2019-03-29,155.7410171545,156.3112832177,154.92471308231,156.20911489193,12164687.937158
2019-04-01,157.53209045721,157.72704430331,156.55523615881,157.25894656587,6420180.4530408
2019-04-02,157.666577335,158.15448321723,156.75957281035,157.77812846619,6215111.8288561
2019-04-03,158.56211398635,159.11048683689,157.85110584174,158.46932846601,8211731.7252031
2019-04-04,158.54126330762,158.70494113564,156.53438548009,157.64572665627,5100236.8502706
2019-04-05,158.00123072858,158.64343163339,157.22767054778,157.65615199563,4178704.2588877
2019-04-08,157.55294113593,157.85110584174,156.33109136249,157.7468524481,5604889.0075185
2019-04-09,156.56566149818,157.99080538921,156.47391851178,157.49247416762,6364467.1587556
2019-04-10,157.99080538921,158.79772665597,157.52270765178,158.57149679178,3918580.3525707
2019-04-11,159.11048683689,159.30648321693,157.44139000474,157.8615311811,5771696.047492
2019-04-12,158.72579181436,159.62966873721,157.8615311811,159.62966873721,6745080.1883674
2019-04-15,159.80481443852,160.4574406827,159.1938895518,160.41573932524,8143170.8875119
2019-04-16,161.02874927983,161.09025878208,159.54209588655,160.20097733435,6021579.5197785
2019-04-17,160.85256104459,161.05898276399,160.28333751532,160.41573932524,4609445.1530957
2019-04-18,160.91407054683,161.10068412145,158.99997823963,160.13217009455,7859404.5853555
2019-04-22,159.20431489116,160.4574406827,159.06044520794,160.37403796779,4602805.5610801
2019-04-23,160.98704792238,161.88258457373,159.84547326204,161.65948231135,6522901.3298033
2019-04-24,161.75122529775,162.03583706238,160.63258638401,161.48537914397,7376519.5852313
2019-04-25,160.49809950622,161.60005787697,158.56211398635,161.00789860111,8862479.8460303
2019-04-26,161.25080900828,163.05543525216,160.37403796779,162.95222439246,7525392.4368321
2019-04-29,163.24100629284,164.50038728799,163.12632755984,164.15635108898,10003562.12497
2019-04-30,164.9705700933,165.69304611121,163.93012122479,164.42949498032,6432714.3375926
2019-05-01,165.53041081714,165.73474746867,162.77082348753,162.80939724318,5248091.0299961
2019-05-02,162.10777190399,163.10547688111,160.40531398588,161.11110946081,6054924.237669
2019-05-03,162.31106602159,162.76039814817,161.17157642912,162.04626240175,4317837.3795832
2019-05-06,158.21703525341,162.66865516177,158.20660991405,162.29021534286,10442359.351645
2019-05-07,160.93492122556,161.78041624797,158.69451579627,160.18116918956,6413551.4122405
2019-05-08,159.75477280957,161.7011836688,159.52124520782,160.74205244733,5445897.5404637
2019-05-09,158.87904430301,159.82462258331,157.16616104553,159.78396375979,6813880.826406
2019-05-10,158.87904430301,161.39363615757,157.26937190524,160.69096828445,5192494.7582805
2019-05-13,157.18701172426,158.73621715373,156.42491941677,157.33088140748,9729963.3575382
2019-05-14,158.10339905434,161.51665516206,157.93972122633,160.18116918956,9756653.1361909
2019-05-15,159.32629136172,163.18887959602,159.10006149753,162.80939724318,7547008.9993376
2019-05-16,163.4566516156,165.60201431281,162.88622038898,164.85878822556,9745458.180669
2019-05-17,163.30259354709,165.19396861785,163.20890958652,164.09682534621,4582484.6361867
2019-05-20,163.35464019186,164.72658974786,162.34701714921,163.4774702735,4747351.1715564
2019-05-21,164.57461354515,164.84837889661,163.19850025757,163.86261544476,9095671.8178247
2019-05-22,163.60758688542,165.62283297071,163.4566516156,164.23839221997,5416382.7711402
2019-05-23,163.50765732747,164.24776061602,160.81164112865,161.51322990008,6137977.7974802
2019-05-24,162.77379963628,163.41501429979,161.72558021072,162.66137888359,4105717.1113614
2019-05-28,163.40564590373,165.75399051552,163.33382153395,163.71792577232,10202734.535514
2019-05-29,163.31300287605,163.50765732747,161.48304284612,162.75298097838,6456041.5280971
2019-05-30,162.82480534815,163.50765732747,161.9504217161,162.78420896524,4750611.7083454
2019-05-31,161.3310666434,162.14299430173,160.54516230745,161.3310666434,5079014.2418271
2019-06-03,161.54237602115,162.85499240212,156.75304376989,158.61527271957,8034589.9700032
2019-06-04,160.27243788889,162.38865446502,158.65482816959,162.34701714921,6684794.9867262
2019-06-05,163.50765732747,165.38862306927,162.71238459546,165.37821374032,7769280.8408098
2019-06-06,165.86641126821,167.39033702693,164.93061259534,166.91254882799,13738470.620548
2019-06-07,168.00240556936,171.59050125945,167.79942365478,170.05616617178,10529163.839012
2019-06-10,171.82783395958,171.9995878873,170.51209477992,170.81084252087,7565922.8712842
2019-06-11,171.92984538332,172.16093248607,168.42814712354,170.31327659692,6083066.4768194
2019-06-12,170.38301910091,171.6009105884,169.73347697424,171.57072353444,6772047.4891789
2019-06-13,172.11929517026,172.18175114398,168.73418139475,169.37539605826,6901435.2725879
2019-06-14,169.80321947822,170.64637512342,168.8559705435,169.69288059132,4999904.4352564
2019-06-17,169.76262309531,170.42361548382,169.05062499493,169.58982823469,6410151.9225175
2019-06-18,170.65678445237,170.67760311027,167.54335416254,169.30357168848,6969299.3974697
2019-06-19,169.41286964249,171.18557836318,169.2327882516,170.68801243923,6323862.9788153
2019-06-20,172.49819474415,173.94300960282,171.734149999,173.73690488955,11474070.09036
2019-06-21,173.25911669061,174.81635230198,173.14877780371,173.43503434992,11728246.897718
2019-06-24,174.61545225318,174.74660979799,172.69909479294,173.84932564224,5554875.8485051
2019-06-25,174.81635230198,174.94855077968,170.59432847865,171.26781206191,9899898.4915923
2019-06-26,171.37086441854,172.3764055954,170.81084252087,171.04088869073,7129944.71933
2019-06-27,172.09951744525,172.38681492435,170.32264499298,171.21680635004,5873374.7656763
2019-06-28,171.94025471227,173.54537323682,170.52146317598,173.54537323682,8442696.0082688
2019-07-01,175.34722807858,175.55957838922,172.71991345085,173.94300960282,6121954.6704608
2019-07-02,174.10643606738,175.33681874962,173.28930374457,175.29518143381,5239068.7475044
2019-07-03,176.01654793025,176.98461552288,175.74174164589,176.88260409914,4066631.0183156
2019-07-05,175.88643131834,177.03562123475,174.5238501584,176.67649938587,5840638.7457523
2019-07-08,176.32258220147,176.63694393585,175.41592964967,176.21016144878,6720282.3847774
2019-07-09,175.44715763653,177.86732661809,175.31600009172,177.71535041538,4894248.2488712
2019-07-10,178.55954699346,180.25939041148,178.55954699346,179.29028188596,5110953.8607499
2019-07-11,180.11678260483,180.94952892107,179.44538088736,180.74758793938,6986641.5336261
2019-07-12,181.36798394498,181.36798394498,178.9061776476,180.33017384836,7196716.5547807
2019-07-15,180.56438374981,181.08172739877,179.93253748236,180.57479307876,4490574.7729935
2019-07-16,180.36972929839,180.89019574603,178.71152319618,179.29028188596,6800160.7327244
2019-07-17,179.548433244,180.20838469961,178.99777974238,179.12997822009,3994228.6566067
2019-07-18,178.61159363823,180.62475785773,178.55954699346,180.53315576295,4738509.1030219
2019-07-19,181.85618147287,181.85618147287,179.11956889113,179.22158031487,5327072.4991525
2019-07-22,179.62858507693,180.98908437109,179.11956889113,180.57479307876,4864403.8658756
2019-07-23,180.90060507499,181.28679117914,179.04774452136,180.91101440394,7192987.2077521
2019-07-24,180.79859365125,183.43111294345,179.23198964383,183.3322243184,8169269.1607881
2019-07-25,183.86934569237,183.98072551217,181.31697823311,181.61052130958,6085783.2705847
2019-07-26,182.4245308337,183.8193809134,182.22154891912,183.69655083175,5056543.0526605
2019-07-29,183.88912341738,184.0629592109,182.74201536677,183.22917196177,4621838.7580375
2019-07-30,182.5577702443,183.38114816448,181.28679117914,181.54910626876,5236595.9656261
2019-07-31,181.8062166939,182.06749085061,176.07900390397,177.97974737078,7981220.5354787
2019-08-01,179.1716155359,182.41516243764,178.1525422314,179.15079687799,8417338.9462341
2019-08-02,177.41035707706,178.24414432619,174.70497248218,177.41035707706,8264574.0555111
2019-08-05,171.99021949124,173.49749032363,166.96355453985,168.87574826852,16858343.202798
2019-08-06,171.77578731481,172.93642749307,170.13839987051,172.46800769019,10281291.952971
2019-08-07,171.48016237255,175.75215097485,170.34242271799,175.33681874962,8292804.5016165
2019-08-08,179.89194109944,179.94294681131,176.59738848583,179.89194109944,7602825.3461446
2019-08-09,179.65981306379,180.09700487982,177.82777116807,179.0373351924,5373666.2807681
2019-08-12,177.43013480207,178.63241229613,175.61891156425,176.36317858439,7270855.8200001
2019-08-13,174.39893821096,178.9061776476,174.21573402139,178.59077498032,6786003.239896
2019-08-14,176.26116716065,177.24693061249,173.14877780371,173.50789965259,7293455.7398472
2019-08-15,174.27238935604,177.02272928146,173.51672150805,176.29200782735,6698027.1695607
2019-08-16,177.97692884742,178.73987272696,177.19527517247,178.21184072314,8312220.5552455
2019-08-19,180.42583318011,180.42583318011,178.09958195067,179.73461018298,5285812.1549367
2019-08-20,179.42070139331,180.63995639426,178.47481729197,179.22736684073,3794063.400509
2019-08-21,180.69816464665,181.70537529961,180.24185352523,180.95386518393,3696518.881186
2019-08-22,181.95899697074,182.34462664282,178.59747039522,180.09009629579,6660274.8593679
2019-08-23,179.5412756304,180.5079483933,174.24120636369,175.24633815049,7053552.7033182
2019-08-26,176.42193696215,177.65262572696,175.3658729545,177.57154994685,7755205.3783796
2019-08-27,178.30227140096,179.17643461988,176.94165350134,178.36463738566,4024303.3312707
2019-08-28,176.99154628911,178.9737451696,176.04774105393,178.65879694685,4409264.141465
2019-08-29,180.40504451854,181.41121573842,179.29700885698,181.18773762657,4679395.0482423
2019-08-30,182.00057429387,182.1918299803,179.66392873365,180.83121208068,4061273.4843271
2019-09-03,180.52769762179,181.26673454053,179.08392507591,179.18682895067,4644376.9208066
2019-09-04,180.91332729387,182.21261864186,180.05163727189,181.78541164664,4168909.0813905
2019-09-05,183.726033204,185.66665476135,183.38094142197,184.71141576231,6387277.0051536
2019-09-06,184.7218100931,186.71440330437,184.52847554052,185.72590244682,7990935.8021019
2019-09-09,186.92540821929,187.05741622024,179.50177717342,181.56401240095,7290516.4916762
2019-09-10,179.40095216482,179.69407229292,173.81503880155,176.37308360746,15255201.445535
2019-09-11,177.38860972505,177.91664172887,174.46364504246,174.99167704628,9113602.5944719
2019-09-12,176.85018339045,179.40095216482,176.67763749943,177.95717961893,7748793.2291623
2019-09-13,178.63800828528,178.75858252237,176.03734672314,177.26803548796,6103244.2894957
2019-09-16,176.19222225183,177.19527517247,175.53010338089,176.12985626712,4253606.2127693
2019-09-17,176.82939472888,178.24094484933,175.05300359791,176.4531199545,5940308.3549743
2019-09-18,177.02272928146,177.1744865109,172.81926191245,175.30662526904,9758745.6190121
2019-09-19,176.22132637802,177.39900405584,175.63300725565,175.9770596046,7029107.6471349
2019-09-20,177.38860972505,177.61104840383,173.95536226713,174.06554217344,12935736.104165
2019-09-23,172.88994336178,175.26608737898,172.77768458931,174.92099559695,8837884.988444
2019-09-24,176.12985626712,177.19527517247,173.39822613711,174.49482803481,10428262.507081
2019-09-25,173.80464447076,175.68290004341,172.37022682258,175.29727037133,7828566.5226276
2019-09-26,175.67354514571,176.4531199545,174.61436283883,175.67354514571,10428122.045898
2019-09-27,176.698426161,176.82939472888,172.34112269639,174.00525505489,9307299.528104
2019-09-30,174.17884037898,175.46877682927,171.99499148128,171.99499148128,16609022.12842
2019-10-01,172.98868950423,174.82121002143,172.80886758166,174.30357234839,8224568.9287059
2019-10-02,172.62592735987,172.92840238568,168.60228191342,169.84128614286,10721759.03547
2019-10-03,169.92444078913,173.13317070212,168.64074093732,172.8597998025,7346731.7509504
2019-10-04,174.68608372124,176.52484083691,174.45325071168,175.99680883309,6124334.6323525
2019-10-07,174.66633449275,175.7026492719,173.80464447076,174.91060126617,5295448.1769262
2019-10-08,173.56765372889,174.64554583118,171.86194404725,172.40037038186,5496852.1964367
2019-10-09,174.00525505489,176.00720316387,173.64041404438,174.8898126046,6343616.6667023
2019-10-10,173.89507514858,175.91469361989,173.58844239046,174.8898126046,4850387.2974742
2019-10-11,176.87097205201,179.18682895067,176.85018339045,177.05287284073,8950604.1258621
2019-10-14,177.36782106348,178.4062147088,177.10484449465,177.34703240192,7263801.9291158
2019-10-15,178.18169716386,179.42070139331,177.53205148987,178.73987272696,4445670.525663
2019-10-16,177.90624739809,178.24094484933,176.29200782735,177.85739404341,6521595.4167018
2019-10-17,178.87188072792,179.17643461988,177.48007983595,177.92703605966,4910080.4141259
2019-10-18,177.88753760268,178.18169716386,174.55407572028,175.72343793347,6312053.3071344
2019-10-21,176.01759749466,176.72960915335,174.61436283883,176.43233129293,4927420.6358051
2019-10-22,177.00194061989,177.77423939714,170.76534214955,170.84537849658,10184698.005178
2019-10-23,170.98050479677,172.15922190767,170.18741735796,171.30272905108,7165407.9082536
2019-10-24,173.4179753656,176.87097205201,173.39822613711,176.18182792104,8126873.3655079
2019-10-25,174.93970539236,179.13589672983,173.49697227956,177.83660538184,10130119.214894
2019-10-28,178.91345805105,180.18156640669,178.33345439331,179.83751405774,10086503.131336
2019-10-29,179.79697616768,179.99966561797,177.3574267327,177.61104840383,7572843.4698154
2019-10-30,177.77423939714,179.4113464956,176.40218773366,179.23776117151,5374779.8835212
2019-10-31,179.23776117151,179.69407229292,177.98732317821,178.84069773556,6830809.1666602
2019-11-01,180.12959475277,181.33845542294,179.5506305281,180.94347085315,7000178.4157826
2019-11-04,182.09204440477,182.41634752523,178.78976551472,178.93424671262,7154751.137529
2019-11-05,179.05274208356,179.5506305281,175.19436649657,176.39283283595,7447453.9640265
2019-11-06,176.39283283595,178.17130283308,176.16103925947,176.77118647649,6992475.1781558
2019-11-07,177.33663807113,180.65970562275,176.85018339045,178.41660903958,7227169.4601367
2019-11-08,178.36463738566,179.44149005487,177.78463372792,178.95503537419,3894839.4891074
2019-11-11,178.48521162275,180.36450662848,178.18169716386,179.53192073269,3617678.7887321
2019-11-12,179.93833906634,181.07651828718,178.86148639713,179.73461018298,6119315.550212
2019-11-13,179.39055783403,180.89253863231,177.88753760268,179.40095216482,6159587.5031354
2019-11-14,178.98993392199,179.7692428616,178.04563147852,179.75056435173,9812607.8187027
2019-11-15,180.03281738978,180.69279140521,179.06983643644,179.7692428616,7809544.2842569
2019-11-18,179.56585464301,180.32752276774,178.96918002213,179.65820949737,7175036.066954
2019-11-19,180.39601063726,182.98402194936,180.20611245358,182.77129447584,8551438.5839547
2019-11-20,182.32301023894,183.22684257768,180.35761592253,181.66511161349,6040750.9367942
2019-11-21,181.17843266185,181.81765277743,179.31161936977,179.88961548077,5112247.8538419
2019-11-22,180.13451149907,180.4779885417,178.33929916149,179.4651982287,6865616.6303943
2019-11-25,180.40638758719,181.36106698059,180.11375759922,180.9843836982,5458116.3436028
2019-11-26,181.47106264983,182.9217602498,181.21994046157,182.56686856225,7080263.5175246
2019-11-27,183.00477584922,184.52499901371,182.26489931934,184.35066625491,11452549.238648
2019-11-29,183.91587205292,184.83942059653,183.35759214678,184.49386816392,3139087.1330501
2019-12-02,184.21991668582,184.35066625491,179.8698992759,181.79793657257,6890538.2115708
2019-12-03,179.8989547357,182.15282826011,179.65820949737,181.90793224181,4565432.0708568
2019-12-04,182.67997731647,182.80034993563,180.4779885417,180.61081350078,10652334.333745
2019-12-05,181.26041056629,182.0397195059,180.0732874945,181.89755529188,4639618.6098037
2019-12-06,182.80034993563,183.27665193734,181.35069003066,182.1839591099,14527691.763255
2019-12-09,181.90793224181,183.25693573248,181.31125762093,182.9217602498,10263507.170859
2019-12-10,182.56686856225,183.15627931817,181.90793224181,182.27320087928,8626034.6844807
2019-12-11,183.07430141374,183.08467836367,181.19918656171,182.01896560604,7140158.7665427
2019-12-12,181.66511161349,183.32749899199,180.84533256916,182.65922341661,11194984.152714
2019-12-13,182.51705920259,185.50665847692,182.05009645582,185.12374902456,8558821.2927978
2019-12-16,186.33058830122,186.82764420278,185.76296914014,186.23823344686,8250829.0578824
2019-12-17,186.60246438934,186.78613640307,184.09020481171,185.50665847692,10209378.548877
2019-12-18,185.50665847692,186.44058397046,184.88819226119,184.88819226119,8969075.7538336
2019-12-19,184.48349121399,186.58171048948,184.48349121399,186.54124038476,5854571.9522793
2019-12-20,187.60799083738,188.18494925339,186.30049514643,188.01372957958,11259669.826697
2019-12-23,188.16523304853,188.4288075767,186.9988638766,187.07876639104,5832055.7021657
2019-12-24,187.0995202909,188.03448347943,186.90858441222,187.57789768259,2420922.3494147
2019-12-26,187.90165852035,189.18840031145,187.70864725169,189.16764641159,5237300.9772525
2019-12-27,189.7456425226,189.88884443161,188.49003158128,189.40112778498,5448824.5959634
2019-12-30,189.32122527053,189.48414338441,187.12027419076,187.83939682078,4833586.0100438
2019-12-31,187.06008788117,188.01372957958,186.54124038476,187.91203547028,5273035.9477944
2020-01-02,189.01821833263,191.12473916806,188.7328522096,191.1039852682,8734202.3067362
2020-01-03,188.4288075767,190.95455718924,187.93278937014,189.60555369857,4900887.0960884
2020-01-06,188.01372957958,189.21849346624,187.16074429548,189.19773956639,10110573.022485
2020-01-07,189.59517674864,190.10157190513,188.62181884537,188.71209830975,4414487.90992
2020-01-08,189.49348263934,192.49553425358,188.81275472405,191.90716119265,5713313.6817722
2020-01-09,192.99155246015,193.92444025869,192.51421276345,193.24578773339,6749143.0993125
2020-01-10,193.49794761664,194.58337657914,193.10258582438,193.77189909475,6587581.1748939
2020-01-13,194.45158931505,195.61795848698,194.28970889617,195.34400700887,11292360.550113
2020-01-14,196.7428198592,196.95658502772,195.15099574021,196.0631296389,6239663.9135626
2020-01-15,196.99601743745,200.15061021563,196.32774186207,199.79468083309,10831057.37017
2020-01-16,201.00255780474,201.50791526624,199.77392693323,200.9506730551,9983739.9926346
2020-01-17,201.7735651844,204.73307130393,199.97731515183,204.68118655429,12518922.313255
2020-01-21,204.12394434315,208.40339849355,203.80952276032,207.28891407126,14861651.165966
2020-01-22,207.51201849471,210.13738682655,207.28891407126,207.90634259199,8065002.7781627
2020-01-23,207.90634259199,208.41377544348,205.28097426014,206.5168689966,8520798.5594581
2020-01-24,207.41966364035,207.99765975135,204.19658299264,204.97692962725,7812896.9071606
2020-01-27,199.99806905168,203.34359770854,199.08697284799,201.70092653491,7198864.8414697
2020-01-28,202.41174760499,203.84999286504,201.79431908426,202.8579564519,7215695.4131895
2020-01-29,204.28686245702,205.91085512079,202.53315791915,204.84618005815,7051850.5443447
2020-01-30,203.99319477405,208.51546955277,203.33322075862,208.2228395648,8571872.3338972
2020-01-31,201.49753831631,203.98385551912,198.24436451381,198.95311019391,16699566.943908
2020-02-03,199.93684504711,202.2799603409,199.84552788774,200.80850884108,10887865.970392
2020-02-04,203.51793046734,204.90636636774,202.23845254119,203.57604138694,10205901.611988
2020-02-05,205.48228708875,205.58501889304,199.94722199704,202.81748634718,8672417.2924078
2020-02-06,203.0603069755,204.61062329478,202.49165011944,203.04993002558,7001183.4404619
2020-02-07,201.99355652288,203.83961591511,201.09283726911,202.74484769769,5691148.2091052
2020-02-10,201.98317957295,206.12150720433,201.8752592937,205.9814183803,6239519.362417
2020-02-11,207.50164154478,207.67493660859,203.65905698636,203.9423477194,10231892.871642
2020-02-12,204.97692962725,208.16057786523,204.97692962725,207.43937984522,7355774.1463485
2020-02-13,206.61403025162,208.48643331016,206.0472319821,207.40464648497,9495313.9757295
2020-02-14,208.27401348338,210.76502452529,208.02014588551,210.29044754643,6548803.7818787
2020-02-18,210.00653031453,211.49450529631,209.36823463989,211.19090037314,7652914.2999455
2020-02-19,212.50686710494,214.17824847374,211.69552698604,213.30680908678,5927543.8364351
2020-02-20,212.12243902817,213.69330955211,208.29473736892,211.44373177673,8531862.4086284
2020-02-21,209.90394708111,210.21998633559,207.42329798196,208.82112406164,9233227.0234782
2020-02-24,197.87684010793,203.76760457269,194.01908881465,198.77832912892,13316769.167947
2020-02-25,198.77832912892,199.89120178242,187.73146194179,188.41949494172,18538952.034706
2020-02-26,189.99865501987,193.51238981319,187.03203080481,187.21543719184,14218218.848504
2020-02-27,182.13083187459,186.3429616106,180.00663360673,180.0169955495,17536602.356609
2020-02-28,173.79982988748,182.34428789565,172.97605543726,181.76609148908,22674737.277984
2020-03-02,186.32223772506,192.42956679372,183.10278210642,192.32801975458,17434488.301023
2020-03-03,193.19738675298,194.04913844868,184.49024624332,185.72435362723,15226400.444547
2020-03-04,190.35303346261,194.49470198779,186.17095336062,194.30196985227,10789142.777677
2020-03-05,191.22343665529,191.9125058495,185.63524091941,186.9605333997,10106882.688339
2020-03-06,183.53798370276,185.98961936215,179.98590972119,184.35036001593,15183153.728179
2020-03-09,171.19690986365,179.56832342756,168.32250693924,171.12644865281,20486354.220554
2020-03-10,179.46988497124,182.60644504773,171.86318278376,182.59608310496,16119422.168887
2020-03-11,177.63685729522,178.72071650897,170.19283760923,172.94600580323,14611853.525951
2020-03-12,158.5107833303,171.98545370845,156.98861393738,160.07025571719,27467744.834794
2020-03-13,168.73491226149,176.33021631192,162.22761220191,175.84320500173,19948858.489917
2020-03-16,151.14965918647,165.29371106756,147.97890469884,152.01902618487,23692022.379238
2020-03-17,155.76590469052,163.69486329814,149.25445985383,157.9025372897,22298000.976054
2020-03-18,148.46384362047,150.68129937326,139.80747663039,148.48456750601,22787473.858945
2020-03-19,146.90540742786,157.25491586657,141.46849605642,152.25320609147,19362797.5422
2020-03-20,154.82400409272,158.26624148092,145.67958959817,146.81629472004,18692074.864585
2020-03-23,141.32964602331,143.35333344629,133.93639985689,135.73730551032,30344064.523241
2020-03-24,144.84130842807,155.25920568906,143.5740428273,154.52972491805,24488281.361083
2020-03-25,159.29829098082,168.18780168323,153.56917282327,161.78930202274,20619631.351171
2020-03-26,162.0929069459,169.53796282617,161.79966396551,168.89966715153,17068961.28702
2020-03-27,161.08158133154,167.09358052672,158.15329630473,161.56652025318,14950744.608244
2020-03-30,161.04013356046,165.86154553136,160.686791312,165.55586821964,15714500.997913
2020-03-31,166.42937999516,168.198163626,160.53447075328,161.12199290835,20613131.604791
2020-04-01,156.32337721154,158.0735093454,151.42114208704,153.09252345585,12595195.987517
2020-04-02,152.51432704928,158.3574265773,151.29990735663,157.39687448252,14051134.351087
2020-04-03,155.57213636072,157.72949284544,150.60254860821,151.85634368338,11994683.116708
2020-04-06,160.00808406057,170.71818810767,158.25691573243,169.44677772979,16479115.334803
2020-04-07,177.74669388859,178.79014152553,168.10697852962,168.60435178259,15379002.136633
2020-04-08,171.00417772813,176.00588750322,167.93600647392,174.95207792351,11146504.334499
2020-04-09,176.27840659807,177.17989561907,172.84756734691,173.69828284833,12231773.791161
2020-04-13,172.24968324908,172.31081871143,166.14235418043,169.01053993917,14043742.880037
2020-04-14,173.08900061346,175.43805303942,170.81973514682,174.62774911481,9980478.7861875
2020-04-15,168.71418837595,169.3742441304,164.93933262483,165.95273062773,12118667.588395
2020-04-16,167.10394246949,168.00750387903,159.78530229101,162.43795964014,20308241.868367
2020-04-17,169.65712516802,170.98345384259,164.93933262483,169.54728857466,15375821.265948
2020-04-20,167.32776043332,167.43034366674,163.20888818223,164.22021379659,10505194.094954
2020-04-21,162.01208379229,162.59028019886,159.13871706216,160.52410881051,10562119.713353
2020-04-22,164.65541539293,167.70286276159,162.93326050455,166.57859197104,14512901.03965
2020-04-23,167.88523295435,170.40629363029,166.20348964277,166.37757028131,11411294.447791
2020-04-24,168.45203122387,168.7659980898,164.00675777552,167.31739849055,8393562.0887169
2020-04-27,168.6623786621,172.34086834546,168.56290401151,171.75438238468,9903319.5103891
2020-04-28,175.01424958013,175.02357532862,170.37520780198,171.23732144045,8614403.879758
2020-04-29,176.84624106187,182.26242854777,176.10743454237,181.79614112311,12862799.279829
2020-04-30,181.78681537462,181.83758889419,177.64721923799,178.7103545662,11331575.80638
2020-05-01,174.4567770591,179.63878463839,174.2764792549,175.58104784965,10109562.6877
2020-05-04,172.94600580323,176.92706421548,171.7129346136,176.15820806194,9386209.9182095
2020-05-05,179.08338450592,181.10914431746,178.24303094727,178.42540114002,13512960.176247
2020-05-06,179.72168018055,180.52265835668,177.87103720183,178.76941763999,8540499.7850342
2020-05-07,181.75572954631,184.96689561074,181.71635416379,182.71939022392,9262210.0054021
2020-05-08,185.01870532459,185.74507751277,183.60948110787,185.07776839838,6475194.9985716
2020-05-11,183.85402295724,184.61044477946,181.43347312616,183.55767139402,8683137.1294783
2020-05-12,183.55767139402,183.9731852991,179.36730173782,179.46988497124,8219649.7211238
2020-05-13,178.49127796085,181.08881251103,175.03203640937,177.07613368979,13377120.189865
2020-05-14,175.94443205781,181.04950294794,173.82068118903,180.90571270402,9695146.0685354
2020-05-15,179.98711028246,184.13220026356,178.86471881016,183.48669585921,10785875.159246
2020-05-18,188.01350238711,192.82271709192,187.47868543672,191.36929771996,11806313.618793
2020-05-19,191.12723356833,194.51302830457,189.23727115368,189.36761338918,7446813.5238884
2020-05-20,192.99754120143,195.00853569188,192.40065651985,193.86648943804,9545598.7945736
2020-05-21,193.50235874841,193.61304620236,190.01415225571,190.61207139948,11338066.440361
2020-05-22,190.98344332441,191.35895309809,189.23727115368,190.8541355511,5807558.8249604
2020-05-26,195.80817496201,196.27264848372,192.75237366324,193.21995057151,9662198.513326
2020-05-27,194.32061833789,194.32061833789,188.52866455597,192.81237247005,7650333.7711801
2020-05-28,193.54270277369,198.27122942794,192.70478840266,194.27096415295,8357439.3663212
2020-05-29,194.51302830457,196.73712200544,193.28098384051,195.26094446538,10213511.076966
2020-06-01,194.72612751498,195.87644946631,193.52304799214,194.36096236317,6019385.80411
2020-06-02,195.93748273531,197.50572740997,194.93715780102,196.36264669395,8462063.7802609
2020-06-03,197.98054555355,198.12123241091,195.58369666755,196.86849870312,8879428.4801559
2020-06-04,195.97782676059,196.45367936635,193.11753881505,193.64408006796,7829772.906251
2020-06-05,196.20023613067,199.76809621174,195.49369845733,199.60878903502,8561151.0174192
2020-06-08,199.57775516943,199.9615406406,197.13125209848,199.59844441316,7628049.72803
2020-06-09,198.343641781,201.69116141634,198.22157524299,199.07086869807,6892262.5625148
2020-06-10,199.9005073716,202.18563434147,198.94156092476,200.48704743132,8405337.6855146
2020-06-11,195.16060163329,196.36264669395,188.76038408573,188.88348508592,11974595.265315
2020-06-12,194.22027550581,195.01888031375,187.86247090789,192.24755611625,11706346.697474
2020-06-15,187.00283283095,192.47099994852,186.21457264488,191.75204872894,6758996.2123225
2020-06-16,196.85918854344,198.36433102472,191.7934272164,192.87444020124,11057220.98868
2020-06-17,193.6637348495,195.39128670087,193.05754000824,193.56235755523,5968876.4663261
2020-06-18,192.59306648652,194.26061953108,192.09755909922,193.91614362299,5803209.7051386
2020-06-19,196.88815348466,197.10125269507,191.35895309809,192.18859177162,11483304.228622
2020-06-22,191.98583718308,196.36264669395,191.27929950973,194.97853628848,6674513.6655994
2020-06-23,196.25195924,200.15498506947,195.82679528136,197.95054615014,9866782.1150974
2020-06-24,197.02056464453,197.46434892251,190.68138036597,191.39929712336,9453095.6550161
2020-06-25,191.08585508087,194.25027490922,189.89312017989,193.98752151386,9936585.5365717
2020-06-26,193.0989184957,194.12820837122,189.0831362879,189.27761517896,11835979.275404
2020-06-29,189.90346480176,191.44067561082,187.30593025158,191.36929771996,8020371.4632431
2020-06-30,191.47998517391,193.75580198409,190.15587357525,193.16822746219,9040104.2420902
2020-07-01,193.85614481618,195.37266638151,192.65409975553,193.78476692531,6394132.2231461
2020-07-02,195.99851600432,197.9008919652,195.01888031375,195.68610842401,6299276.1701309
2020-07-06,198.7170826303,199.17224599234,195.69541858369,197.74572263723,7292235.616552
2020-07-07,196.80746543412,198.88983781544,193.81476632872,194.20993088394,7660129.1993096
2020-07-08,195.0985339021,195.5340424826,193.11753881505,195.08818928024,8367951.1086956
2020-07-09,195.01888031375,195.50404307919,189.94173990266,192.1979019313,8548234.160549
2020-07-10,191.64239573718,192.81237247005,189.44830143972,192.54237783939,7674186.7455307
2020-07-13,193.61304620236,195.20922135605,188.71176436297,189.02417194328,8564068.475437
2020-07-14,189.49899008686,193.47132488282,187.18489817577,193.32960356328,8003916.5360133
2020-07-15,195.25059984351,197.75606725909,194.51302830457,196.54471203876,7681062.7822705
2020-07-16,195.35197713778,195.71610782741,192.5113439738,193.50235874841,5063989.8380259
2020-07-17,194.84612512861,195.58369666755,193.11753881505,195.10887852397,6420920.0558605
2020-07-20,194.7550924562,199.47844679953,193.67407947136,198.45639815932,6985252.9117611
2020-07-21,200.00188466587,200.17360538882,195.69541858369,196.4733341479,7219417.1017848
2020-07-22,196.4733341479,198.9922495719,196.25195924,198.84949379017,6823384.2594377
2020-07-23,198.42639875591,200.9618655749,196.42367996295,197.41366027538,6106706.5406079
2020-07-24,195.68610842401,197.46434892251,194.03717569881,195.17094625516,7160335.1935231
2020-07-27,195.18129087702,197.78710112469,194.20993088394,196.90884272839,5604702.6908755
2020-07-28,197.67434474636,199.35431133716,196.70608813985,196.73712200544,6897275.7955435
2020-07-29,193.08857387383,198.88052765576,193.04719538638,198.56708561327,9471294.4835926
2020-07-30,195.21956597792,196.55505666062,192.10790372108,194.06717510221,10499357.194759
2020-07-31,194.43337471622,194.70543827125,189.44830143972,190.39690326469,14186003.308998
2020-08-03,191.7934272164,193.33994818514,190.20759668457,190.68138036597,11407910.462642
2020-08-04,191.11688894646,192.93650793243,190.07621998689,192.27755551966,8203978.9478743
2020-08-05,193.56235755523,198.16157643618,193.0989184957,196.0988588364,8907330.9017021
2020-08-06,195.97782676059,198.91052705917,194.80578110334,198.75742665557,7480316.9234849
2020-08-07,197.57710530084,197.96089077201,195.32094327219,196.36264669395,5653967.9039182
2020-08-10,196.36264669395,198.29191867167,195.35197713778,196.78677619039,5525399.6471543
2020-08-11,197.79744574655,202.90251663668,196.3429919124,197.75606725909,11549610.180544
2020-08-12,198.9922495719,200.23256973345,198.22157524299,198.72639278998,5432754.4047709
2020-08-13,197.1156623939,199.94064568669,197.03612904342,197.56084257642,7014803.3708854
2020-08-14,197.01547103031,198.05456908975,195.7739244424,196.64156099302,5014417.3812015
2020-08-17,197.28918970402,200.46639212034,196.71283113825,199.42626116025,6256201.857926
2020-08-18,199.98092881226,200.10281108961,196.83368051494,199.0027718915,6519887.4297662
2020-08-19,198.91187663381,202.85859003848,198.8912186207,201.00143465989,9467593.9529288
2020-08-20,199.90036256113,204.42446743222,199.59875556972,204.1300907454,8849170.490229
2020-08-21,204.48437567024,205.12890567927,203.33372434001,204.10943273229,9998307.141153
2020-08-24,205.00082599799,206.45101851832,204.6548042784,206.41280119406,6159595.2777398
2020-08-25,207.1988385929,208.20901543398,205.53483563689,208.10779116974,5828348.5134187
2020-08-26,208.10779116974,210.79126707273,207.30935896304,210.25622453318,7035220.6296872
2020-08-27,211.19616412969,212.17432105045,209.05496107083,211.01230781301,8619577.2580658
2020-08-28,211.99356343574,216.16235048134,211.20546023559,215.71820319947,7349836.5593695
2020-08-31,215.54674169066,215.96919805876,211.54735035256,211.98323442918,9326851.4727825
2020-09-01,212.20530807011,213.90133094645,211.105268872,213.35492649969,5648765.8991449
2020-09-02,214.13476649459,217.35328493713,213.77738286779,216.47325357865,9863801.4660331
2020-09-03,214.93009999933,214.93009999933,207.09761432866,208.96509871381,11310191.292628
2020-09-04,208.50029341883,210.48862718067,200.15342322172,204.64447527184,13243603.755253
2020-09-08,200.78969002551,202.26467216157,199.20522041997,200.12243620206,14186878.401087
2020-09-09,204.33253927388,206.28988601606,201.95170326295,204.04022838838,7532626.6457098
2020-09-10,204.84692380032,207.00671907098,200.45606311379,201.5561023119,7242969.5539009
2020-09-11,201.59741833812,202.42477176317,198.90154762726,200.68743286062,7439317.5752908
2020-09-14,203.34302044591,206.41280119406,203.14057191743,204.96983897833,11730451.457715
2020-09-15,206.75572421169,208.21934444053,204.75499564198,205.38196633987,6328573.774433
2020-09-16,206.74539520513,207.75557204621,204.93885195866,205.11857667272,6135541.6576093
2020-09-17,202.85859003848,205.57305296114,202.01161150097,205.26111696318,7474943.4603205
2020-09-18,205.46356549166,205.71456035094,201.72859672136,202.62515449034,9084139.8444523
2020-09-21,199.90965866703,201.26275852573,194.71416836986,197.43689449776,9656040.9240516
2020-09-22,198.07522710286,200.71841988028,196.80372639593,200.56658348393,7543134.9167059
2020-09-23,200.81034803862,201.10162602348,194.58195708595,195.39071829921,6310556.5528339
2020-09-24,195.16761175762,197.6517378341,193.12866586366,195.53119278836,9865263.3684842
2020-09-25,195.03643337437,198.12687213563,193.51290490751,197.23754467124,5496049.3729622
2020-09-28,200.63785362916,201.72859672136,199.83219111786,200.32695053185,5565278.6832731
2020-09-29,200.58724149704,202.39378474351,199.36532002158,199.43659016681,5559812.5235123
2020-09-30,200.8619930714,202.55698304708,198.88088961415,199.97163270636,9157590.2770723
2020-10-01,202.22335613535,205.18984681795,201.63770146368,203.34302044591,7234627.0284566
2020-10-02,200.00158682537,202.83793202537,199.39527414059,201.47656896142,6019733.8116534
2020-10-05,202.72844455589,203.63533133142,201.06030999726,203.52481096128,6090528.6161785
2020-10-06,204.0908405205,205.08758965305,199.71030884051,200.45606311379,5841140.6439393
2020-10-07,202.01161150097,202.79971470112,199.99125781881,202.48571290185,6713431.6965214
2020-10-08,203.98961625626,204.28089424111,202.24401414846,202.98047231583,3955634.0469328
2020-10-09,203.98961625626,207.08831822276,203.66528545043,206.64313804024,5562947.3845299
2020-10-12,206.9457779323,207.97557988584,205.7248893575,206.40247218751,6622714.3564743
2020-10-13,203.37400746558,205.2001758245,203.03108444795,204.30155225422,5621672.296434
2020-10-14,204.69508740396,204.95950997177,201.1429420497,202.21302712879,5321915.4917975
2020-10-15,201.02105977235,204.68475839741,197.58150058953,199.5481434376,8887365.8382422
2020-10-16,199.99125781881,202.66647051656,199.40560314714,200.26497649252,6387995.7524065
2020-10-19,200.8619930714,201.08096801037,196.50005360322,196.97415500409,7449606.0768455
2020-10-20,197.52985555675,199.6596967084,196.71283113825,197.68169195311,7429821.0182427
2020-10-21,197.81287033636,200.42507609412,197.81287033636,198.41711721983,6067206.9154208
2020-10-22,199.33536590257,199.77124997919,195.7646283365,197.97193703731,4911938.0193808
2020-10-23,199.75059196608,199.88073744867,196.02595220234,197.99259505042,5877236.0804185
2020-10-26,196.00632708989,196.41948735209,190.70548092585,193.06669182433,12608685.966686
2020-10-27,192.99748748041,193.70399152878,189.22326848521,190.06198381748,8690348.8270552
2020-10-28,183.97510025461,184.68986750822,179.34254081469,180.86710218221,17809449.439329
2020-10-29,183.00520653909,187.00253207588,179.34254081469,184.86339481834,16820864.530837
2020-10-30,182.67364542868,184.20647000144,179.23098754389,181.71408071972,10256303.879349
2020-11-02,184.4998137876,186.91990002344,183.88317209627,184.73118353444,8057084.6341086
2020-11-03,186.83107056707,189.52694127793,185.15467280319,188.34427002738,6467855.3202756
2020-11-04,192.88696711027,196.88222684575,191.52457114567,193.97771020248,8102655.328395
2020-11-05,198.34687997525,201.00143465989,197.27886069746,197.62178371509,7132141.8577519
2020-11-06,197.33876893548,199.68035472151,195.43100142477,198.45740034539,6180507.2598215
2020-11-09,214.68840124594,217.65489192854,212.27554531469,212.68044237164,17916897.333189
2020-11-10,211.93262229706,214.06349634936,210.53923931279,213.31464337412,7943556.7750881
2020-11-11,212.16399204389,214.28143838767,211.65993652401,212.7000674841,5331383.0044261
2020-11-12,211.42091496273,212.53992612269,207.14804562109,208.26705678104,7303815.5493849
2020-11-13,209.90999206012,211.27033834582,207.30996705161,210.47413870021,6378515.6399153
2020-11-16,214.56549102421,215.08941514334,211.82520286568,212.70391024659,12083212.276067
2020-11-17,210.55458374213,212.08716492525,209.50673550387,210.69484689213,7268824.4059528
2020-11-18,209.72022426894,211.14038866273,207.67300108691,207.83389117074,6977922.2267345
2020-11-19,207.24911759683,208.73219413877,205.52676862252,207.57192911117,5657247.9940824
2020-11-20,207.13876350087,208.11544881743,203.7941061813,203.86320640961,9654711.7326817
2020-11-23,204.69240914934,209.00446966525,204.69240914934,208.1659848053,6107265.4362866
2020-11-24,210.83820408221,213.82189005985,209.40566352813,209.6789704013,10112746.847382
2020-11-25,209.66865693438,211.94587042856,208.87142594209,210.87842660316,6772894.1776758
2020-11-27,211.99640641642,212.02631547047,208.811607834,210.98878069912,3512891.4756892
2020-11-30,209.54798937151,210.53601950168,206.60555726152,210.34418901712,7725514.6770503
2020-12-01,212.1284187929,213.67956421646,211.02900322008,211.1898933039,8049442.6082205
2020-12-02,210.98878069912,211.39306860207,208.49085901303,210.17195411969,9728896.2922025
2020-12-03,209.77901103034,211.11047960868,207.61112028544,208.05666205604,9203327.1459353
2020-12-04,209.74085120277,212.72453718041,208.52076806708,212.68328331276,5720126.9469634
2020-12-07,211.96649736238,214.49329675582,211.79426246495,212.65234291203,10623452.902381
2020-12-08,209.95021458108,213.13501316351,209.8893651263,212.7730104749,8643570.6596583
2020-12-09,213.23814783263,213.50732931903,208.95290233069,209.58821189247,6249192.4926769
2020-12-10,208.52076806708,209.30665424577,207.25943106374,207.61112028544,10492034.436451
2020-12-11,205.35453372509,206.89742837513,204.48820250448,206.24252322621,9227638.0786351
2020-12-14,207.85451810456,211.29096527964,206.97890476373,207.25943106374,11967704.075947
2020-12-15,208.54964577443,209.44588604908,206.16001549092,208.36812875678,9799030.8072178
2020-12-16,208.49085901303,209.12410588143,207.14804562109,208.27737024795,7504355.2919996
2020-12-17,209.00446966525,211.77363553112,208.85183035495,211.16926637008,6517226.5130102
2020-12-18,211.00940763294,211.9757794826,209.86976953917,211.30127874655,13298240.171818
2020-12-21,208.27737024795,209.79963796417,204.7790422714,209.01478313216,7576684.0255249
2020-12-22,208.39906915752,208.40835127774,205.5989628909,205.83926666995,7403828.4750868
2020-12-23,207.34090745234,207.34090745234,205.10288513244,205.294715617,6523083.9032084
2020-12-24,206.64474843578,208.811607834,206.60555726152,208.70228508473,3367894.6465183
2020-12-28,209.85120529873,213.46607545139,208.95290233069,212.6317159782,5816208.1200989
2020-12-29,214.60674489185,215.24308580032,213.54858318668,214.36540976611,6093410.7353195
2020-12-30,216.0073136985,220.38125501589,215.65459313011,218.35672146106,8875065.0756844
2020-12-31,218.39694398202,219.82639049602,216.19811283638,218.72800626989,5922168.6093625
2021-01-04,220.2389291725,220.2389291725,214.24474220324,217.75028960663,10318327.571894
2021-01-05,216.31052962572,218.4577934368,213.64862381573,214.50361022273,6869718.069052
2021-01-06,213.80229447272,216.16717243564,212.06653799143,212.62140251129,7206247.970162
2021-01-07,212.1985503679,215.2224588665,212.1985503679,213.81260793963,10967869.57917
2021-01-08,214.17564197493,216.11663644777,212.75238354107,215.45348052533,6513278.2771408
2021-01-11,213.95905916978,214.85839348451,212.4801080146,212.89264669108,7354526.9158403
2021-01-12,212.33984486459,212.79260606203,207.48323329573,208.86111247517,9331609.9058731
2021-01-13,209.41597699504,210.98878069912,208.63112216304,209.35409619357,6688463.7909369
2021-01-14,210.56489720904,211.20020677082,201.73760087905,201.86858190883,12887478.200491
2021-01-15,201.54577039449,203.24955512835,200.42675923453,201.59733772905,8755047.2377875
2021-01-19,203.04741117687,204.15714021661,200.07713270621,201.66746930405,9772033.0961304
2021-01-20,203.02781558974,207.19858160896,202.24192941105,206.01047022069,12675728.842236
2021-01-21,206.05172408834,207.17795467513,204.73985109713,205.13382553317,6517946.9303115
2021-01-22,203.97356050557,205.32359332435,201.80773245405,202.02844064597,7316200.3275676
2021-01-25,200.34631419262,201.64787371691,195.75166468332,200.99090587462,19282358.851458
2021-01-26,201.7664785864,203.48057678718,200.98059240771,202.01812717906,9605268.6109506
2021-01-27,197.62459027454,199.70069116393,193.96743490754,194.98537409176,13772434.741086
2021-01-28,200.00493843783,202.00781371214,198.15882786058,198.20936384845,11041251.304874
2021-01-29,197.80816998557,203.04741117687,192.80716987994,193.25168030385,21503034.032306
2021-02-01,195.14729552227,199.20770744553,195.03487873293,198.35272103853,12970673.309111
2021-02-02,200.85992484484,204.33659454087,200.00493843783,202.61321421988,11305052.994763
2021-02-03,203.0680381107,203.501203721,200.99090587462,201.36322203014,13458643.07165
2021-02-04,203.22892819452,209.6789704013,203.09794716474,209.2561182579,14534749.689791
2021-02-05,209.98012363513,210.12141813182,208.66103121708,208.77035396635,10283952.128309
2021-02-08,209.99043710204,210.63606013073,205.90939824496,206.89742837513,8637076.2382798
2021-02-09,205.75779028135,207.63174721926,203.69303420557,206.52408087291,7619435.8958476
2021-02-10,207.97621701412,207.97621701412,205.93827595231,206.44466717769,8467601.704167
2021-02-11,207.33049486599,211.58644340742,207.18941938808,210.65143221081,8411071.3330964
2021-02-12,209.36424719343,211.12408654918,207.68472818277,209.95841179745,6911013.0866574
2021-02-16,210.65143221081,211.04479595211,207.35108982627,207.90406450973,9652748.891824
2021-02-17,205.25967161004,208.27683329076,205.06710873144,207.51173051643,8375012.9969802
2021-02-18,205.88163941044,209.6947963059,204.95589594594,209.3539497133,7329287.2607149
2021-02-19,209.34365223316,209.53415561573,203.75006102167,204.72523239083,15011520.091701
2021-02-22,203.53690318279,210.64113473067,203.10337926894,208.31802321132,8337692.2160888
2021-02-23,207.40051773093,213.91264417082,206.55612435954,212.10955539848,10571715.461538
2021-02-24,212.36390315792,220.52259667202,211.28575698737,219.43415302133,12038950.143819
2021-02-25,219.29410729144,220.44124657892,212.58323948488,213.75097373263,11404324.981954
2021-02-26,214.04239242057,215.2080671723,210.7327823039,212.39479559833,11730003.687301
2021-03-01,214.96813588506,217.79479418321,214.78690023461,216.63941691162,6982503.3920588
2021-03-02,216.96996602408,217.92557218097,214.81779267503,215.77236908391,6155182.5441398
2021-03-03,215.14937153551,217.18209411494,212.8664201887,214.84868511545,6484597.1149107
2021-03-04,215.97522944265,217.02145342477,208.67019703207,211.49685533021,10658900.86883
2021-03-05,213.73037877236,216.10600744042,209.63507092109,215.41092753104,7582001.5136079
2021-03-08,216.99056098435,226.11618788351,215.81252925646,220.2620704245,14750386.303268
2021-03-09,222.06309970081,224.99788154042,220.18175007942,220.3506287537,9228557.736216
2021-03-10,220.7141298026,224.19570783759,219.40429032893,223.17934654787,7822899.2834043
2021-03-11,224.52522720204,228.23129030405,223.82396880457,226.13575309577,10053420.701269
2021-03-12,225.28312174026,226.53117633311,223.42957531525,224.36870550392,8172395.4661045
2021-03-15,224.23689775815,227.08415101657,221.73975882445,223.28026185324,9306995.3723269
2021-03-16,223.72305349921,225.57145118416,222.29376325592,224.69822486837,8949319.5185943
2021-03-17,225.0483391931,226.22637092099,221.76035378472,223.02900333784,8675614.6935338
2021-03-18,221.42774517624,222.52442681104,219.57625824725,220.65337466978,9323007.0565229
2021-03-19,219.12522861716,220.16115511914,206.88770322001,206.90829818029,32209682.905322
2021-03-22,206.55612435954,212.29182079694,206.2348429792,208.00497981509,11371582.991151
2021-03-23,209.0501740492,209.95841179745,207.5014330363,208.15738252115,8820745.3449001
2021-03-24,208.74948762914,211.13438402932,207.93392720213,208.07603242805,10101640.265016
2021-03-25,207.67443070263,208.8205402421,205.7827836011,207.97511712269,8390833.3722373
2021-03-26,208.25623833048,213.69948633194,207.70429339503,213.52854816163,7399938.5258964
2021-03-29,212.45349123512,215.2894172654,211.11378906905,214.50474927881,7792259.7487082
2021-03-30,213.01573365071,214.14021848189,211.40623750499,211.89948680365,5497996.5230286
2021-03-31,212.55234704446,214.10314755339,211.5473129829,211.72751888533,13179960.356166
2021-04-01,213.78186617305,217.73403905039,212.30211827708,216.86905071871,6138427.9597491
2021-04-05,218.6021166261,220.50200171174,217.30257463256,219.04284877605,10440483.356036
2021-04-06,217.61458828078,219.40429032893,215.33987491808,218.65257427878,7828102.4981012
2021-04-07,219.12522861716,221.03644093095,218.64330654666,219.27454207918,5614323.0401798
2021-04-08,219.9582947604,222.82614297911,218.10886732745,220.69353484233,11041975.169218
2021-04-09,220.9952510104,222.60474715612,219.51653286244,222.52442681104,5724938.4513899
2021-04-12,220.23117798409,221.91069699475,219.22717367054,221.46790534878,6315207.1305203
2021-04-13,220.9952510104,221.61001057469,220.21161277182,221.01584597068,4764035.4084643
2021-04-14,220.9952510104,223.1072641869,220.06023981378,221.9807198597,4972550.4986634
2021-04-15,223.90325940164,227.62682821989,223.8630992291,226.26756084155,8698106.6038725
2021-04-16,227.16344161364,227.79673664219,225.7454785985,226.40039833534,6829350.3897013
2021-04-19,225.7454785985,227.5753408192,225.07923163351,225.77431154289,6541637.283192
2021-04-20,224.78060470948,225.38506679364,221.82007916953,223.29055933337,5799133.3019446
2021-04-21,223.32145177379,227.86778925515,222.86630315165,227.44456282143,9490558.7270982
2021-04-22,227.2942196114,230.94776556471,226.88232040585,227.56607308707,7302953.6338139
2021-04-23,228.61126732118,231.81069440036,227.70714856498,230.01069487206,5345445.6097177
2021-04-26,230.78506537852,232.93929822359,229.52774305355,230.35463070871,5650038.5739839
2021-04-27,231.03735364192,231.15783415955,228.98403610221,229.92007704684,6642114.2917453
2021-04-28,230.96836052499,236.28083052868,230.68415007315,233.4438747504,10111447.518697
2021-04-29,235.23460654656,237.50726041323,233.1400990863,236.86469765256,7411370.4488923
2021-04-30,235.32419462377,235.93792444005,232.2730512586,233.55405778788,10260247.028803
2021-05-03,234.04833683455,235.74742105748,231.39055721069,232.59742188297,8174438.6844177
2021-05-04,231.60165555354,232.38529379211,230.24341792321,232.01458450711,5884505.6443173
2021-05-05,233.8444467278,233.8444467278,228.66275472187,229.21675915335,3887825.9010669
2021-05-06,229.63792609103,231.58209034127,228.66275472187,231.31847484971,6124285.6649319
2021-05-07,232.32453865929,233.21218144727,230.71504251357,232.10520233233,4529046.8513276
2021-05-10,231.60165555354,231.98575156272,225.16058172661,225.95657694135,9627425.2207433
2021-05-11,223.75394593963,226.41069581548,222.03220726039,225.47465487085,7633288.8181594
2021-05-12,223.64170340611,224.99788154042,220.30223059705,220.62351197738,7721250.1434328
2021-05-13,221.50863562224,224.90496015483,220.88654166456,223.74817386989,6650401.3966402
2021-05-14,225.80776758432,227.50747223233,224.92552524434,226.933706235,4777229.8755009
2021-05-17,226.17176966865,227.15580920171,225.31626194503,226.43088979648,5534163.123584
2021-05-18,228.39279933574,229.18455528188,225.41805913811,225.55995825573,6900034.1540118
2021-05-19,222.76310608235,224.85457568553,221.791405603,224.59442730323,9311862.2170815
2021-05-20,225.42628517391,227.59795862618,225.23502984147,226.43088979648,7478620.5002641
2021-05-21,226.8750957299,229.31514360027,226.54296953431,226.76507250102,5603875.4386846
2021-05-24,227.95064991128,230.12026685459,227.62777800597,229.32542614503,4040076.750417
2021-05-25,229.90947468711,230.19944244921,228.42261871553,229.0241475837,4689088.2703253
2021-05-26,228.04936234093,229.35627377929,226.3712510369,227.06429455339,4295636.0562697
2021-05-27,227.75733806988,228.42261871553,226.36096849215,226.85453064039,5969552.4271707
2021-05-28,227.58767608142,229.43853413733,227.14552665696,227.29668006486,5782052.1491823
2021-06-01,229.44881668209,230.08941922033,226.27151035278,226.6231733834,5091507.136333
2021-06-02,229.22465720643,233.10528959698,228.78353603644,229.66680663089,9081361.8831213
2021-06-03,229.00563900314,230.39995207193,227.76762061464,228.11105760946,6382406.453205
2021-06-04,229.35627377929,230.71151317801,228.73315156714,230.15008623438,5085740.081444
2021-06-07,232.84308470573,234.68160370793,230.08941922033,231.32538109988,5421293.2039632
2021-06-08,232.14078689896,232.84308470573,230.16962306942,232.03796145141,4170602.8051994
2021-06-09,232.49039342063,234.85332220534,232.10993926469,232.30119459714,4658979.9647089
2021-06-10,233.09500705223,234.26104762745,232.12022180945,233.9484582669,4452452.2956747
2021-06-11,234.38957943689,235.44456852876,233.7088749741,234.96334543422,5378340.8015647
2021-06-14,234.70216879744,235.22349381652,231.57730344638,234.07699007634,5805767.0958039
2021-06-15,234.44099216066,234.80293773604,232.61172744874,232.97264476964,7093998.7850941
2021-06-16,233.61633207131,234.17981552389,228.0000061261,229.60716787132,8905397.6599545
2021-06-17,229.21437466167,233.33459034502,229.21437466167,232.14078689896,6876722.8039803
2021-06-18,230.46061908598,232.17163453322,229.22465720643,230.41948890696,8839964.4412302
2021-06-21,231.44465861904,235.01167339457,230.40920636221,234.31965813255,7298413.1640315
2021-06-22,234.29909304304,236.09853837518,233.2348496609,235.938130677,8858422.9069623
2021-06-23,235.45485107351,235.92784813224,233.93920397662,234.68160370793,6814699.2470503
2021-06-24,237.00340231362,238.24861848346,235.41577740344,236.24763527413,4611521.8683305
2021-06-25,236.40907122678,238.47997574045,236.32783912322,237.3231894555,7825156.3126417
2021-06-28,237.99772439144,238.36995251157,231.84773437344,234.08727262109,9301680.8852718
2021-06-29,234.5695239701,236.52115096461,234.14896788962,235.95869576651,11897826.162139
2021-06-30,235.11244233317,236.40907122678,233.81581343956,233.81581343956,7797144.7642496
2021-07-01,234.2003806134,236.25791781888,234.04717069655,235.15254425771,5329569.8006163
2021-07-02,235.83633348392,238.77097175702,235.82605093917,238.63010089387,4384577.0744502
2021-07-06,239.4938346533,240.60949075922,237.21316622663,239.59357533742,8048716.7302971
2021-07-07,240.2578277286,241.04341414788,238.29900295276,239.99665109182,4366111.8010647
2021-07-08,236.97255467936,237.0630410732,234.54895888059,236.61060910398,6388029.5748521
2021-07-09,238.75040666751,239.44447843847,237.4239583941,238.46969319569,5616129.2146712
2021-07-12,237.58539434676,238.50054082996,237.27486149516,237.8650795641,7010658.520557
2021-07-13,238.24861848346,242.47680088674,238.24861848346,242.34621256835,8079185.8415399
2021-07-14,243.22434189043,246.80883699204,242.82023788155,245.99445944744,8693381.0772959
2021-07-15,245.31375498465,248.79850940214,245.31375498465,248.54555880117,10135107.84369
2021-07-16,249.99539761163,250.45708387113,247.52244559804,248.11266366698,8674463.5812253
2021-07-19,243.98319369335,244.4469364618,238.89230578513,240.4089811365,11474571.014345
2021-07-20,240.63828188453,244.20735316901,239.50308894358,242.7009603624,7072287.2335941
2021-07-21,243.29323494029,246.89932338588,242.29582809905,243.66443480594,11241418.613153
2021-07-22,243.78474057958,245.34254610997,243.15236407714,244.13537535573,10293568.617634
2021-07-23,246.75845252274,250.01596270114,246.75845252274,249.02061236885,6766005.0753323
2021-07-26,249.20878293787,250.35528667806,247.70239013125,250.2442351947,4878987.7598501
2021-07-27,249.18821784836,252.67708528375,248.21548911453,250.92905267539,7038317.0434981
2021-07-28,250.05400811673,251.50179041824,245.91528385282,246.93942531043,9036543.2111896
2021-07-29,248.1034093767,250.37585176757,247.10086126308,247.91523880768,7495335.2342229
2021-07-30,247.20985623749,248.45712891627,246.00474199219,246.38725265708,5804737.1951079
2021-08-02,246.23609924918,247.83400670412,238.36995251157,239.77557637958,9989545.6277545
2021-08-03,240.62799933978,241.39302066955,234.02660560704,237.09286045299,9838975.896537
2021-08-04,237.00340231362,237.55660322144,235.05280357359,236.67127611803,8171752.4213773
2021-08-05,236.61060910398,240.24754518384,236.43991886105,240.20641500482,5337490.019
2021-08-06,239.99665109182,242.6001914238,239.85680848315,241.40330321431,4509701.7425794
2021-08-09,241.7518814815,242.17860708884,238.04810886074,239.99665109182,5226947.3442947
2021-08-10,240.50975007509,241.34263620025,235.56590255687,238.06764569577,7186020.7526654
2021-08-11,238.07792824053,238.35966996681,234.57980651486,235.06308611834,7375687.8094552
2021-08-12,233.89181939747,234.11156629398,231.02073377774,231.78368678756,9868850.4115759
2021-08-13,231.99521884681,233.26749176629,231.39245516341,232.64521784441,5445424.0084412
2021-08-16,232.20469719675,235.48549782445,230.2084917444,235.36330212032,7576701.2890411
2021-08-17,235.00492984518,235.66725109866,233.21717588811,234.53360355782,6850521.5953154
2021-08-18,233.92159818251,234.35185028361,231.46330813471,231.62041689717,4996522.1146278
2021-08-19,229.04403856386,232.42444409325,228.90233262126,231.56188618174,5761293.4432522
2021-08-20,231.86583516008,232.15335446392,230.30912350074,231.35240783181,5522543.9781412
2021-08-23,232.69553372258,234.65271869798,231.99521884681,234.14237193367,6342019.2511274
2021-08-24,235.04497717679,236.18992011885,233.95137696755,234.23992312605,5081768.8430143
2021-08-25,235.00492984518,235.00492984518,232.07325980071,232.58566027433,5277075.9380537
2021-08-26,232.12357567888,232.62468075128,230.15714901157,230.51860185068,5889142.1111836
2021-08-27,231.02073377774,233.04774486978,230.2392973841,232.68526517602,6368976.328084
2021-08-30,232.68526517602,233.67001879166,229.9271335685,231.23123898233,6448009.9084273
2021-08-31,230.91188718414,231.83502952039,228.66307548628,229.10564984326,9405084.680994
2021-09-01,229.10564984326,230.78147664276,228.77192207988,230.12634337188,8177610.08958
2021-09-02,230.43850718747,230.54735378106,221.95976828827,224.19009660231,19717015.325098
2021-09-03,224.00628961879,227.29838564772,223.35321005722,225.11118522925,11534321.750755
2021-09-07,226.73566929592,227.99972737814,225.85360114594,226.26536986322,9667638.8782002
2021-09-08,227.37745345627,230.22902883753,227.03756456495,229.09538129669,10652635.14183
2021-09-09,229.31410133854,230.00620137706,227.09814898969,227.48835375918,5853037.6831973
2021-09-10,229.8562805972,230.04624870866,224.8216122161,224.90786800725,6715396.3377009
2021-09-13,225.52090023721,227.19775389137,223.41379448196,224.63985894189,6808081.3144814
2021-09-14,224.99925807168,225.80328526777,222.28014694112,223.03385825903,6575714.4469056
2021-09-15,222.52145778541,224.84112245457,221.35700460487,223.81529465267,6535788.6407185
2021-09-16,223.86458367619,225.19127989246,222.75147322848,224.3369368182,5928459.2625858
2021-09-17,222.44957795945,223.70850176839,219.28994618122,221.74926308368,13832999.547974
2021-09-20,216.96412038412,220.49650040268,216.31104082255,220.04365749913,8822592.3134714
2021-09-21,220.74499922956,222.17130034752,218.97983607494,220.16379949395,7033628.3269246
2021-09-22,221.39807879113,224.10794822979,221.09721037676,222.75147322848,6005861.6481059
2021-09-23,224.99925807168,228.70414967254,224.36568874859,228.31086433908,7952746.7181911
2021-09-24,228.93313826096,231.94387611398,228.62405500933,231.58139642022,6461244.4980678
2021-09-27,231.7118069616,233.32910304568,228.77192207988,229.60675491566,6881067.3008831
2021-09-28,228.87255383622,228.87255383622,224.00628961879,225.55067902225,6951363.5200597
2021-09-29,226.79625372066,229.02350147073,226.08258973435,226.67611172584,6432681.5463271
2021-09-30,227.57974382361,228.78219062644,222.63338494297,222.75147322848,7134204.3912589
2021-10-01,224.17982805575,231.55161763518,223.47437890669,230.46931282717,7925367.9651997
2021-10-04,230.00620137706,230.33992914044,220.8055836543,224.74151755289,10283387.169316
2021-10-05,225.4716112137,227.37745345627,223.92516810092,224.28867464934,5813999.0522246
2021-10-06,222.03986295148,226.61450044645,221.24713115662,226.5046269982,5420940.5045301
2021-10-07,228.91260116782,231.15935915637,228.49159075864,230.54735378106,6561919.8948631
2021-10-08,231.00019668461,232.72633936228,230.18795465127,230.2793447157,3735169.3109684
2021-10-11,230.01646992362,230.31939204731,224.8688475303,225.11118522925,5620196.5518132
2021-10-12,225.55067902225,226.21402713039,222.92295795612,224.05660549696,5448214.0819747
2021-10-13,223.13551687003,225.85360114594,218.63892032896,222.45984650601,9077423.8987682
2021-10-14,224.12848532292,225.64206908669,223.06363704407,225.17074279933,5591943.283627
2021-10-15,227.2182909845,231.08850618507,226.72642760401,230.98992813804,6355055.1758462
2021-10-18,230.18795465127,232.75714500198,228.14246017541,230.64798553741,5580210.3670715
2021-10-19,231.94387611398,233.64024000662,230.6787911771,233.51804430249,4409660.0926742
2021-10-20,233.44719133118,233.79940247838,231.30311880829,231.41299225654,5401813.1627251
2021-10-21,230.69932827024,230.83076566627,226.2941217936,230.24956593066,5982196.1762255
2021-10-22,230.29885495418,232.81670257206,228.7123645098,231.23123898233,3788001.520136
2021-10-25,233.44719133118,234.86322390258,232.28479185996,233.88155085091,4938662.9038616
2021-10-26,235.53581370262,236.96108796593,231.32365590142,231.81449242726,7814502.2265355
2021-10-27,224.76102779136,224.76102779136,215.65796126098,215.77810325579,22958063.100209
2021-10-28,219.23963030305,219.98512678371,209.00599679579,209.83877592226,23199405.921628
2021-10-29,209.20623345382,213.66175580863,208.53364365378,211.77747751384,14329820.589532
2021-11-01,213.48102938907,215.2461925437,211.45504515168,212.46752384305,13210297.010749
2021-11-02,213.16065073623,213.352672557,207.81279168487,209.13640733718,14688722.404552
2021-11-03,209.6888551424,210.15093973786,206.72740631289,208.09414986077,11486714.23426
2021-11-04,209.15694443031,212.36894579602,207.86105385373,208.77598135272,11368186.262241
2021-11-05,211.95512336943,217.62541478294,211.36365508725,216.671466807,14273637.370581
2021-11-08,218.37707239154,221.60961085038,218.15629864038,220.48623185611,13500100.439208
2021-11-09,219.68323151468,220.40511033824,212.91009820003,213.3906661793,11535020.973372
2021-11-10,213.49743856523,216.9518574627,213.32728024565,215.56188950277,10063586.959726
2021-11-11,216.4721340075,216.780674093,210.16090043132,210.4222882114,13546918.103733
2021-11-12,211.50371608583,213.57739247443,211.43401267781,212.09414495376,7660449.8283024
2021-11-15,213.61736942903,216.40038049924,211.81328122145,212.30530527806,9596932.7038742
2021-11-16,212.16282331167,215.65106886303,211.66259885411,215.18057085889,8719576.5782981
2021-11-17,205.95409474728,207.30613585285,199.46450245058,205.06230114467,38379566.336655
2021-11-18,206.49532120956,207.86786331748,201.26859065816,203.33099149547,18292163.155516
2021-11-19,202.03737824662,203.50012476493,199.85607159564,200.85549546063,18038725.791379
2021-11-22,200.00470386274,201.69808665758,194.59551439035,195.57853745346,21191920.88245
2021-11-23,196.96953046351,198.92225093819,194.37615366511,198.49172988866,14749102.249102
2021-11-24,198.17293930198,203.95217186694,197.642988391,203.25001253615,12026814.869048
2021-11-26,193.32342719399,199.19286416933,192.55258950529,197.65323889218,10987552.513626
2021-11-29,200.99695237691,201.24808965581,195.35610157787,196.28992223531,14633523.510145
2021-11-30,195.26692221761,197.66348939336,192.56284000647,193.775474296,16022981.425488
2021-12-01,196.02853445524,196.80859759499,190.09861952294,190.1590974799,13213370.510289
2021-12-02,192.00111254184,199.43477599716,191.85145522462,198.29287016578,13976277.597768
2021-12-03,198.27339421353,198.4712288863,194.03583702596,196.31862363862,10660535.33258
2021-12-06,198.77361867109,204.22176004796,197.74139320232,202.67803457034,10722094.273841
2021-12-07,206.00432220306,207.93859177562,205.89361679032,207.36763885993,11897236.814595
2021-12-08,207.65670299319,209.48026715301,205.7152580698,208.99029319663,11749205.028301
2021-12-09,208.51877014238,212.20382531638,207.16672903681,211.39506077333,10176773.620524
2021-12-10,211.90553573206,214.24675020144,210.86408481223,213.39903375391,8882717.8697069
2021-12-13,212.44676219434,213.31702974447,209.98049161056,211.02296758051,8844297.3092771
2021-12-14,210.73185334702,213.36828225037,208.45009178448,209.98049161056,9832273.3918827
2021-12-15,209.39826314357,212.48673914894,207.8576128163,212.31555577924,10892532.769425
2021-12-16,215.28922617139,216.27019913426,211.61339644845,214.36770611536,8548403.4844868
2021-12-17,212.79630428455,213.2042742315,207.78790940828,211.8850347297,11663036.558629
2021-12-20,209.08972305807,209.7713813865,206.85511380096,208.73813086762,9434414.7966188
2021-12-21,210.6108974331,216.16154382176,210.36181025444,215.37840553165,6993698.0392569
2021-12-22,213.84800570556,218.93532944092,213.84800570556,217.96358192911,6003397.1922732
2021-12-23,218.4433053843,218.51505889256,216.62179132472,216.62179132472,4798216.1202699
2021-12-27,217.68476829703,218.12553984774,214.8781810741,217.63556589137,4819101.928315
2021-12-28,216.01086145443,219.72666813197,215.58034040489,218.05378633949,4283620.7938888
2021-12-29,217.76369715611,218.93532944092,217.33112600634,218.17576730352,3223214.1064763
2021-12-30,217.97383243029,219.14648976521,217.15379233593,217.87235246861,3812842.8372282
2021-12-31,216.81040054642,217.98408293147,215.49013599451,216.71302078522,4723346.6103243
